account_id,user_id,account_type,currency,balance,daily_limit,monthly_limit,status,created_at,updated_at
dc6e95c0-f973-4a2b-acbf-e714af859f5c,f995e54d-a3a3-4003-9717-a21cc9511136,Wallet,SAR,10213.4,5000,50000,active,2024-03-17 11:48:59,2025-01-28 19:28:37
fb1507f9-65a8-4a8f-b462-9ee08594437d,0e37b365-d0cd-4a66-b38b-3265208e7712,Wallet,SAR,7239.2,10000,50000,active,2023-08-13 03:24:19,2025-10-28 23:10:27
d047dfaf-3830-42a5-885a-770b6d79b26f,851ec68a-1b08-467a-93cf-b78224b33293,Wallet,AED,2504.5,25000,250000,active,2023-06-01 06:02:47,2025-09-20 04:13:38
159afaf7-b8c4-46ef-bff8-ec2a82237d90,1337df40-9805-4948-82fd-7fdd69eb4876,Wallet,SAR,14774.93,25000,100000,active,2025-03-09 03:53:58,2025-12-06 15:25:04
68d39748-314f-48cd-910c-917d3054515d,aa4b7346-e7e1-4177-9839-d1b8ab096a4b,Savings,SAR,84310.77,50000,100000,active,2025-03-09 03:53:58,2026-02-06 22:39:47
9d476194-c3b0-45a6-8de9-12e59edffb1d,64f49a6f-a7d3-4a7c-8fa6-e1063e9b8c19,Wallet,EGP,1751.67,5000,100000,active,2025-12-14 16:50:40,2025-12-26 00:40:16
32395ce7-a901-4ca9-89d5-0f94f5296654,b3df77ca-f3ee-4bab-80f6-8aa7bf536c5f,Wallet,SAR,2692.92,25000,50000,active,2025-11-20 18:28:25,2025-12-25 01:47:42
cbf0f054-2e72-447f-b967-f1a69370b0d7,d4892882-f909-481d-833f-2c2c4f14751a,Wallet,EGP,2395.32,50000,50000,active,2025-05-18 17:20:03,2025-10-13 03:10:20
e36763f6-7a5c-4f72-9340-186e9e282b6c,d4892882-f909-481d-833f-2c2c4f14751a,Savings,EGP,26576.34,10000,100000,active,2025-05-18 17:20:03,2025-08-14 03:58:22
9b5439cb-bcb0-479d-a37c-1f572a421f00,f58c7268-410c-4279-b019-3cc5c7b79a3e,Wallet,AED,-24014.29,50000,250000,active,2023-08-02 02:58:54,2024-10-24 22:51:46
5875c30f-4be2-48c6-a719-896ef04c8ddb,f58c7268-410c-4279-b019-3cc5c7b79a3e,Savings,USD,71644.42,50000,500000,active,2023-08-02 02:58:54,2023-09-16 07:48:21
86762348-37ce-4051-aa9d-6ec5b2c89165,7fca45e9-8294-4e4b-8136-fb16651b64a1,Wallet,SAR,9237.85,50000,250000,active,2024-04-10 04:10:51,2024-10-01 16:38:23
a08c5aa2-3160-4f87-93a0-f746a9595847,91c2f2ae-f633-4ec1-ace5-a25edf0bd6bf,Wallet,SAR,20049.06,10000,50000,active,2024-02-17 20:55:00,2024-05-18 11:26:24
4a7aeccc-666f-441f-ab3c-4953baa15978,cbb1d620-c29f-4ab6-a9f6-0b99fdb3dfb2,Wallet,SAR,24837.76,25000,250000,active,2024-12-06 12:23:56,2026-02-21 05:32:02
e13b5afc-84a0-4a92-967c-ba2a97ded50c,12213511-a6f0-40a6-b856-b13bbc0dc3c4,Wallet,SAR,20985.4,5000,100000,active,2025-12-29 03:18:48,2025-12-29 23:49:54
ea5c9a58-0076-4377-9b44-b0cdc049dde3,12213511-a6f0-40a6-b856-b13bbc0dc3c4,Savings,SAR,23091.5,10000,500000,active,2025-12-29 03:18:48,2026-01-07 20:44:59
a3fe5809-0532-4013-bd9f-8c93c52a571c,e44292b0-ad67-470c-8764-d20035f63166,Wallet,QAR,16169.76,25000,100000,active,2024-01-11 01:29:43,2024-09-10 11:20:03
5a78bc36-cfb2-4351-b081-95ee6827eec1,9fd9cb03-b75d-478c-8cd9-3a115b004955,Wallet,SAR,10113.28,25000,100000,active,2026-02-02 23:20:17,2026-03-12 13:38:06
0bfaaa3f-df1e-47d5-a984-e21dff1fa105,9fd9cb03-b75d-478c-8cd9-3a115b004955,Savings,SAR,23155.71,50000,100000,frozen,2026-02-02 23:20:17,2026-02-27 21:51:26
efb5a463-5c48-425d-a79c-98eb2ebaa769,3b663052-f650-458e-a4b5-0a1246939a5e,Wallet,SAR,19017.85,50000,50000,active,2023-04-05 12:53:42,2026-03-10 13:56:38
86879586-4fa0-4a0c-8b69-85ca8d536e13,3b663052-f650-458e-a4b5-0a1246939a5e,Savings,SAR,93318.57,50000,100000,active,2023-04-05 12:53:42,2024-07-19 04:54:09
35ba1757-9ba2-42a2-8703-7358656de6a5,e49c952e-3523-4e87-a030-9b4bf2fd353d,Wallet,EGP,7342.46,5000,100000,active,2026-01-15 14:30:49,2026-03-18 03:52:21
09132df9-7905-4ff8-baa8-d84462e2c8ad,e49c952e-3523-4e87-a030-9b4bf2fd353d,Savings,EGP,44089.72,10000,500000,active,2026-01-15 14:30:49,2026-02-21 08:18:41
abaa9189-7966-4205-9440-1f8f02ddaf5d,fd3d1142-f289-48e3-90bb-6d0980cc0b88,Wallet,EGP,16955.8,5000,100000,active,2024-08-21 05:28:43,2025-11-23 06:27:52
bd0edcda-ba44-4914-9016-9c5f123569a7,6faf8bb5-5be3-4cf5-a2f0-5f4ff4594794,Wallet,SAR,24452.13,5000,250000,active,2023-05-26 01:04:57,2025-02-13 06:21:23
33c09409-7217-4527-bedc-03304bfd00cd,53dd12fa-9ca8-4fa7-92a2-ba4ee0e5819f,Wallet,EGP,19709.47,25000,250000,active,2024-05-09 12:49:39,2025-12-25 13:53:25
cb24f87d-d114-4be8-a5ec-ba9c98207db1,af2e94e6-b4ce-4d9a-811d-23def850097d,Wallet,AED,1635.36,50000,100000,active,2023-07-07 21:46:58,2024-11-25 12:24:46
af1610a3-7afe-4b90-9db2-67eea6378c3b,d5f66354-48f3-4cbe-9ef4-e8a1dad74749,Wallet,EGP,7553.65,50000,50000,active,2024-07-21 08:19:39,2025-04-25 15:13:55
63957ba5-ab8b-4f80-8d1a-054ebb401290,27b3b2f6-8e82-4df5-a8c0-3eea6bc8a8e8,Wallet,EGP,3292.76,10000,250000,active,2026-01-15 14:28:02,2026-01-22 17:51:32
4a3820ad-f7b0-4341-acae-50dba7bc6ab5,27b3b2f6-8e82-4df5-a8c0-3eea6bc8a8e8,Savings,EGP,92649.61,25000,500000,active,2026-01-15 14:28:02,2026-02-17 11:58:37
7f161371-9afa-4521-b69b-c6ac07b269dd,b9d53804-aee1-42f5-ab27-ee9af940170b,Wallet,EGP,11086.75,25000,250000,active,2024-06-09 18:30:30,2025-01-15 08:58:13
426ad52a-087e-40b5-996d-cd7090d8e1cd,8441d0e7-8901-4466-af8f-a699366155b7,Wallet,EGP,6964.87,25000,50000,active,2023-04-29 00:14:03,2025-12-12 19:51:43
4e2c20cc-cf79-4e45-884a-dd157126fe50,8441d0e7-8901-4466-af8f-a699366155b7,Savings,EGP,24188.62,25000,100000,active,2023-04-29 00:14:03,2024-01-01 01:59:19
fffa9a4e-747f-44c2-9d77-c3cc9b047367,ba1d1736-3839-411b-a713-99b3647a488d,Wallet,AED,21604.71,10000,100000,active,2025-08-03 23:11:02,2025-09-16 11:11:28
52d8da54-1059-4603-818f-5d113670ee93,5504febd-d8f6-45f7-a36a-6ec3ca0a1771,Wallet,EGP,5793.72,25000,250000,active,2024-05-21 15:19:28,2025-06-22 13:19:01
7de65a6d-ca96-4e8b-a554-3b67749f5701,5504febd-d8f6-45f7-a36a-6ec3ca0a1771,Savings,EGP,96759.71,25000,100000,active,2024-05-21 15:19:28,2024-07-15 01:27:43
db1f1239-5a35-4236-9687-a8cdddb692a7,cf1691f3-e9a3-42e6-9f5a-cc01486cd8d2,Wallet,AED,1974.28,50000,250000,active,2024-08-17 01:44:31,2025-11-17 06:23:28
e67290c0-dc4c-4477-b04b-d9a4eca1c5ba,44e06cf8-4063-4f0e-bc76-53434882cd6d,Wallet,EGP,20067.03,50000,250000,active,2024-02-25 22:13:16,2024-05-09 10:12:23
372c0de6-8b4e-4c65-86a7-844cd4805be2,f11970a2-529a-4157-974b-5cfb44cc588a,Wallet,EGP,18560.26,50000,50000,active,2023-12-29 08:56:20,2025-02-20 19:19:33
6ee593e5-6440-4ee0-8ddb-4e7241ee75be,f11970a2-529a-4157-974b-5cfb44cc588a,Savings,EGP,69458.47,50000,100000,suspended,2023-12-29 08:56:20,2025-05-02 08:57:52
7dfc9dcf-2596-4cbf-9f27-5dc0625484b0,565b056f-f905-4211-b659-fe1b0a8df25b,Wallet,AED,345.66,10000,250000,active,2024-01-25 18:17:40,2024-07-11 02:16:12
6362296f-0d36-4f98-965c-89b67a460c7c,565b056f-f905-4211-b659-fe1b0a8df25b,Savings,AED,19607.53,10000,100000,active,2024-01-25 18:17:40,2025-04-19 19:21:26
eeb39fc3-1433-4f6f-b376-64ebb868e61e,012407b5-1627-4c3a-83b5-d658b529445b,Wallet,SAR,-9784.4,5000,250000,active,2024-11-27 05:56:20,2024-12-24 10:26:53
023c294e-0ba5-4514-918f-129c778a69a0,5230b8a5-cbf2-4cd4-9c0e-6811e5129991,Wallet,EGP,10070.7,25000,250000,active,2025-04-21 13:38:02,2025-09-02 09:04:57
9e7fd8e2-fa6c-454d-98b3-304d9bbec3d7,5230b8a5-cbf2-4cd4-9c0e-6811e5129991,Savings,EGP,62300.34,10000,250000,active,2025-04-21 13:38:02,2025-09-18 10:17:07
aa7bb6d0-d442-4685-8d4f-e550684e1da5,5b121adb-8cc2-4548-9b69-74947829c420,Wallet,AED,23427.21,25000,50000,active,2024-04-03 21:28:39,2024-06-17 07:33:36
e808709d-5369-4de5-b075-6693501818be,5b121adb-8cc2-4548-9b69-74947829c420,Savings,AED,21353.42,10000,100000,active,2024-04-03 21:28:39,2025-04-09 14:38:22
30077a6c-f52c-4135-93b7-08c9f322b75f,6e526ed2-6df6-4d68-9701-0b5aa535ad6b,Wallet,SAR,4336.0,5000,50000,active,2024-12-12 10:19:42,2025-12-17 05:35:46
07e7e86e-59d6-40d8-9721-4ab248897312,16b509de-633b-4ab7-8fa9-db166f0f6dda,Wallet,SAR,17450.01,25000,100000,active,2025-07-24 01:33:33,2025-10-06 01:53:59
3cf5b12c-efff-4f3d-8ede-02c6db9c1ee8,4f51651d-b976-41f3-9a87-4dd89d74a6f7,Wallet,SAR,6206.9,25000,50000,active,2023-08-25 05:28:28,2024-06-13 04:44:14
d17e673e-cf6b-4ba0-9b95-1db9c69bc47a,8e7ac6a4-b51a-41d1-81cd-9792868cb9f4,Wallet,AED,19327.3,10000,250000,active,2025-04-03 17:20:56,2025-05-24 05:26:02
527a4d7b-53e8-470b-907c-4ee7bba228ef,7da30654-717d-42a9-9f53-1923c3312283,Wallet,EGP,12004.44,25000,100000,active,2024-04-10 14:49:09,2024-10-28 06:45:13
8c38f03b-8dd4-45cc-83bc-999b4cc122a7,83807d9b-93b8-4cb5-a3d9-e539fb0d8b3e,Wallet,EGP,12188.91,25000,100000,active,2023-11-21 01:06:09,2024-12-10 05:53:39
4b1e155d-ba53-4b8b-8349-989d0dff7501,3d2c73ee-47dc-4de8-88bd-afcaecb07b7b,Wallet,EGP,21949.2,50000,100000,active,2023-09-16 08:45:37,2023-12-01 19:14:45
cf81b146-cb54-4fac-b81a-6d00ecca9d60,2d862193-9c9b-4b5b-b334-a5c590545ea9,Wallet,QAR,2805.06,25000,250000,active,2024-05-17 23:39:48,2024-06-20 17:32:00
bd0cc9cb-7217-4d9d-93a4-b2a0f69157cc,2d862193-9c9b-4b5b-b334-a5c590545ea9,Savings,QAR,83846.06,25000,500000,active,2024-05-17 23:39:48,2025-10-23 06:39:18
cd466d46-14ac-4202-b50d-1a376a1c19ef,a61a7367-37ca-4a75-a41f-f373333530f5,Wallet,EGP,8623.22,25000,50000,active,2025-06-05 05:57:50,2026-02-24 06:43:43
baa746b2-2222-4f26-b2ae-93488687d2e6,16c3e650-41ee-477c-a58f-e02d55faa463,Wallet,EGP,7653.71,25000,250000,active,2023-08-05 20:41:48,2025-06-13 17:33:53
5a00aa6c-ef86-47eb-855f-796fd16e8517,912598be-2b1b-499d-ae28-4d276aa6d502,Wallet,SAR,10927.19,5000,50000,active,2025-01-30 15:44:29,2025-03-01 01:00:33
9a0c593d-63ec-4d38-98ff-dbce0169b709,8b658d3d-cd79-43e7-a779-cabad2723f36,Wallet,EGP,7542.95,10000,250000,active,2024-06-17 10:58:38,2026-01-12 03:34:08
72777db3-9e7b-4026-a7d3-f8133310aca2,02448ff1-9dc7-49ae-9f94-258ea897e09d,Savings,EGP,67909.88,50000,500000,active,2024-06-17 10:58:38,2025-12-23 17:04:19
99eda6fe-5712-49f2-840c-5e4abf60233a,c53385c4-4120-44f6-8f99-534e71189224,Wallet,AED,23132.88,50000,100000,active,2024-06-03 10:35:28,2025-11-25 01:03:27
c941b35e-fb43-453c-8db1-9ccdca749772,505f167a-5eab-4984-a32a-cadc3a0d9f52,Wallet,EGP,14320.74,5000,100000,active,2024-07-28 08:03:46,2026-02-20 19:35:46
fd47af09-2cd8-48a9-83b9-da841e0f7116,505f167a-5eab-4984-a32a-cadc3a0d9f52,Savings,EGP,23021.7,50000,250000,active,2024-07-28 08:03:46,2025-12-17 21:10:47
aae03f7a-5ee0-473f-8cdd-b57b41eb2276,62197a98-8b22-4357-8719-81a301a28f4f,Wallet,QAR,233.86,25000,50000,active,2024-12-17 22:42:01,2025-08-30 05:13:59
4d8884be-25f3-40d5-8708-019e2e8bb0d6,62197a98-8b22-4357-8719-81a301a28f4f,Savings,QAR,67362.19,10000,500000,active,2024-12-17 22:42:01,2025-09-30 22:56:32
5a4508ba-7deb-4c0f-9649-30272f0462b2,55dd8993-921b-4590-969c-0ef93cdc96d6,Wallet,SAR,9576.01,10000,100000,active,2025-01-24 05:13:07,2026-01-24 23:01:25
7e750308-5935-4022-82ee-c4866afa9a7e,d9f768de-2d88-4a85-8dd4-ca80a2153198,Wallet,AED,22253.79,5000,100000,active,2025-11-08 18:04:00,2026-03-11 04:40:51
042e7975-e2b8-4d02-a869-f951a13862c2,d9f768de-2d88-4a85-8dd4-ca80a2153198,Savings,AED,79986.02,10000,100000,active,2025-11-08 18:04:00,2026-02-04 20:08:02
a466d1f2-7aa6-4597-b7a0-f28959c73f79,8b3177a3-cb6d-4758-91ad-cf7b20dbc13e,Wallet,QAR,-17822.76,25000,250000,active,2025-02-28 17:39:47,2025-10-15 20:36:56
f9bce707-923b-4d4f-95f7-34b3cfc95ab2,49198777-87ae-4913-9a78-503179dcc136,Wallet,EGP,23600.36,25000,100000,active,2024-06-08 15:40:51,2026-02-21 13:20:32
c62b4e43-3d39-4fe2-b4ef-6f0fb1e4447e,49198777-87ae-4913-9a78-503179dcc136,Savings,EGP,88488.03,50000,250000,active,2024-06-08 15:40:51,2025-08-02 11:52:44
c244e202-0e14-4103-823c-3ff9820e990d,58e00ca5-c901-4271-b0e7-32236dec01c4,Wallet,SAR,255.89,5000,250000,active,2023-10-13 08:51:50,2024-06-03 07:08:57
2cd1c8be-152b-494c-99a6-7af2cb3c23a8,4027dae4-9363-4ccf-8d2a-04bbe7a9543b,Wallet,SAR,2246.95,10000,250000,active,2025-07-02 14:27:19,2025-10-01 04:36:35
444adbc1-220d-48c7-9f94-4bbf55e14424,8de72bba-97f8-44b9-919f-e8652f75e614,Wallet,QAR,13792.77,5000,100000,active,2023-05-18 20:57:30,2025-06-07 21:18:30
af922ff3-e78e-44d1-8946-022f51be4e00,fa015c13-f57a-49b7-9f2d-1f95b71710b0,Wallet,AED,20685.65,10000,50000,active,2024-02-22 13:59:26,2025-02-10 10:28:38
fa6de4bc-713e-4d50-8f8d-df85fcad7724,ad1c605b-3cfb-4cfa-b295-00edf39108f6,Wallet,EGP,2816.92,10000,50000,active,2024-08-21 03:42:44,2026-03-16 07:21:28
c0d1ed5a-61c5-4350-902c-a52bf4c5bdde,ad1c605b-3cfb-4cfa-b295-00edf39108f6,Savings,EGP,88738.31,25000,100000,active,2024-08-21 03:42:44,2026-02-03 05:50:07
f0053400-fe94-46ee-81e2-afd5309df1ae,3c1bd760-5ef6-4b00-83f4-857af7b432f5,Wallet,AED,23222.52,25000,50000,active,2023-09-08 19:56:27,2025-02-27 04:18:07
0ae961eb-1589-47cb-aeb6-a52a1553c632,87a20011-03f0-44eb-b883-7ea186d14417,Wallet,AED,9541.16,5000,100000,active,2024-10-04 11:22:51,2026-01-26 03:09:22
ada5a098-ef5f-4924-97c0-937565c223b9,87a20011-03f0-44eb-b883-7ea186d14417,Savings,AED,2380.7,50000,250000,active,2024-10-04 11:22:51,2024-11-07 08:34:33
cd5bb1db-8eb3-45d4-bef5-31e509d65e38,699e4ce1-6c99-468f-a798-33a16490a95e,Wallet,SAR,343.45,10000,50000,active,2025-10-22 00:33:41,2025-12-14 23:59:36
0cb87db9-1aea-4509-a65a-3b994ba505c2,699e4ce1-6c99-468f-a798-33a16490a95e,Savings,SAR,57308.45,25000,250000,active,2025-10-22 00:33:41,2025-11-21 13:29:21
85f534d1-6796-4cac-9aa4-d38ec6407d44,f392b023-f47e-4630-85a1-50b0b7c8fb95,Wallet,EGP,8236.55,5000,100000,active,2024-11-30 11:19:42,2024-12-07 16:30:17
5a438938-c184-4aa4-aba6-4a6e017e1438,5db83185-bd04-4feb-b2b4-d93f74acfd7c,Wallet,AED,15848.83,25000,250000,active,2025-09-18 02:35:33,2025-10-31 10:31:50
a29fd705-c99f-4c25-97a2-2ae383b1c0fa,56f0c5d9-5091-4aa3-b627-709b9ca4dace,Wallet,SAR,21036.55,50000,100000,active,2025-08-02 04:40:11,2025-08-07 20:38:37
9415e87c-30eb-42cd-886a-a2ad81591b63,2c293cf4-e1a0-4a4b-92bb-e2f1daf8db59,Wallet,AED,16454.96,25000,100000,active,2023-10-28 11:03:36,2026-03-10 04:10:12
9d67881c-9e7b-418e-a8de-9dcb450d67b6,2c293cf4-e1a0-4a4b-92bb-e2f1daf8db59,Savings,AED,76831.02,50000,500000,active,2023-10-28 11:03:36,2026-02-18 07:05:12
0ae022b9-ef90-4828-a1ce-4a1bf4b0cf45,1d425b50-61e2-4f40-929d-8e53b0d652dd,Wallet,AED,5319.3,5000,250000,active,2024-05-17 18:19:08,2024-12-22 14:17:41
6881f1f1-dae1-4072-be77-1c4f5ff188f3,1d425b50-61e2-4f40-929d-8e53b0d652dd,Savings,AED,19573.63,25000,100000,active,2024-05-17 18:19:08,2025-02-18 19:16:40
4f90b625-3cdb-4737-9d3d-76392ac96267,de799796-08ff-4e3d-8560-eb7215964fad,Wallet,EGP,21957.28,10000,100000,active,2024-02-27 15:06:46,2025-05-10 07:06:37
45c60b5e-55f5-4e19-9250-d53be8d7ef13,de799796-08ff-4e3d-8560-eb7215964fad,Savings,EGP,1746.25,50000,100000,active,2024-02-27 15:06:46,2024-07-31 05:37:00
0a0ebdfa-69ac-4443-884c-ccb62851e325,71a3a11c-2892-4400-9cc1-cabd66c5dcb7,Wallet,SAR,11792.59,10000,250000,active,2024-11-27 21:28:33,2025-10-08 02:28:59
997550ff-4648-4209-a2c5-6629517f3dd7,052bbdc5-b7ae-4c9b-9fae-b1f83f152e8e,Wallet,KWD,17657.58,10000,100000,active,2023-08-05 23:18:35,2024-01-26 05:02:46
096d905e-98f0-4c4a-94ab-3843202cc59a,bf6b5019-98b8-4791-ac92-025e5538edb3,Wallet,AED,7520.86,25000,50000,active,2024-03-23 02:19:51,2024-12-28 10:47:52
49de1e29-78cf-4d09-abce-c9e2743ca144,f574eabf-d8e0-4a0c-8de0-e1618c967370,Wallet,EGP,9895.48,50000,100000,active,2024-04-22 16:46:36,2025-01-11 21:16:06
c12ba1fd-981b-40b7-9fbf-aff8a2ecf523,51410289-4f85-4537-80a3-5a6afabca230,Wallet,EGP,9311.42,5000,50000,active,2024-05-21 18:09:58,2024-08-17 00:20:55
98781886-75b8-4c0c-9af9-5ed0b1ce2bef,55f96305-ea3e-49c6-ad14-d5630bf8b5c8,Wallet,SAR,24676.82,25000,250000,active,2025-08-26 02:29:44,2025-11-21 00:24:59
676e587f-c6be-4d25-9817-c3f2a262de2a,55f96305-ea3e-49c6-ad14-d5630bf8b5c8,Savings,SAR,40671.2,50000,500000,active,2025-08-26 02:29:44,2025-09-18 02:57:19
2af404f6-c3e8-4881-b939-2a6d2bc1cc59,8ec2e62d-54b1-4b80-87fb-dfefdde609a2,Wallet,EGP,12472.85,10000,50000,active,2024-10-21 06:31:08,2025-09-22 18:35:26
917fc8d0-a797-4440-b38f-1516a7f9a0d0,b2812965-68b9-4036-b8fa-b002b36abf51,Wallet,AED,6472.69,50000,50000,active,2025-10-01 10:20:04,2026-02-26 03:31:07
075ba7d7-5ff7-412e-9331-2048b9e38bb8,e9b00e5d-3abe-4590-b70f-35e86dea07bf,Wallet,SAR,13652.65,5000,100000,active,2024-01-14 08:03:49,2024-03-28 20:56:57
b3ac53d2-46fe-4f39-8544-4bcd32b1aa1b,44095ab0-0e15-4191-b050-6c2e4538e3b5,Wallet,EGP,16032.24,25000,50000,active,2024-12-19 07:30:32,2025-12-22 10:29:24
abb68be0-b648-4500-89bf-d259516273ec,44095ab0-0e15-4191-b050-6c2e4538e3b5,Savings,EGP,64706.82,25000,500000,frozen,2024-12-19 07:30:32,2025-03-24 10:52:48
5632e7c8-f6d0-48e3-9043-7ca9e50de7c8,bce4aa7b-3a2c-4c5a-85c8-ae3a94a123db,Wallet,AED,23792.93,25000,50000,active,2023-11-28 19:33:22,2024-07-07 11:08:35
1cf5ea58-d714-4474-9dfd-59bebc19e37a,bce4aa7b-3a2c-4c5a-85c8-ae3a94a123db,Savings,AED,18613.06,25000,250000,active,2023-11-28 19:33:22,2024-09-02 13:34:19
5f218114-e08a-447a-9d4f-6bb19e604355,3902f9d4-4073-4f40-802a-70bc1bb0d71c,Wallet,SAR,13160.03,25000,50000,active,2024-09-15 03:03:57,2026-01-27 03:10:28
b393bf3d-c52e-439c-b8f1-9cd9920f5cef,512eee78-70c1-49d4-954d-b96ca45db83c,Wallet,KWD,18858.48,5000,250000,active,2025-02-15 22:39:53,2025-02-20 03:16:08
c697418f-6285-4d7c-8d2b-15c267e6af11,b1a82e77-a6ff-41f8-9764-0ab4a3bdc5d7,Wallet,SAR,11203.53,10000,50000,active,2025-01-02 05:49:13,2025-08-18 08:45:28
63f1643f-6e54-443a-aa11-d6e25154f26b,2b4e940d-2581-4cfb-87ee-5345c40dab97,Wallet,SAR,19861.44,50000,50000,active,2025-06-12 06:30:30,2026-02-17 21:17:23
edf198db-5edf-43d5-b2d1-d4a0f64787d5,2b4e940d-2581-4cfb-87ee-5345c40dab97,Savings,SAR,72946.25,25000,250000,active,2025-06-12 06:30:30,2025-07-06 18:16:19
b7eb183a-bf31-4d4d-837a-6fc672f6254d,9a7353b5-6e31-4e4d-9681-f9b931f748f7,Wallet,AED,1231.66,10000,250000,suspended,2024-09-19 08:15:00,2025-04-18 15:36:45
944986eb-549b-4de9-83af-cf93c38c16a5,3a67e05d-6a80-4ccf-a1d3-70b7a8f17868,Wallet,QAR,7123.04,50000,50000,active,2025-05-30 16:28:57,2025-06-28 14:15:18
a4936cdd-c24f-4bde-968c-8eb454c2a4d9,c444f0e5-1932-47a6-acc4-5cf19bfeb7b1,Wallet,EGP,20799.06,50000,250000,active,2024-10-12 17:16:32,2024-10-17 22:54:15
75e7cfed-3512-4f6b-b0b6-6ffaf701492c,c444f0e5-1932-47a6-acc4-5cf19bfeb7b1,Savings,EGP,92846.16,25000,100000,active,2024-10-12 17:16:32,2025-09-15 18:55:05
b00efdd8-af30-4562-ad5b-9096964a4623,f0d962ee-1c4a-4536-8fec-3ffabf459341,Wallet,EGP,24282.32,10000,250000,active,2026-02-25 13:53:08,2026-03-04 05:27:03
e9f6715a-6e82-41e4-863f-549c7448232f,f0d962ee-1c4a-4536-8fec-3ffabf459341,Savings,EGP,69763.92,10000,100000,active,2026-02-25 13:53:08,2026-03-01 21:48:31
b0f482b7-89f9-4c23-b8e5-20d9bd298d54,6fa65765-a556-4c56-99da-d89e3cc1e5c9,Wallet,AED,6367.11,5000,100000,active,2025-12-18 07:00:18,2026-02-23 02:42:38
0f0914d6-81e5-449b-ada0-f2ba8d97ead9,00175308-8019-4590-99d4-5eb29a9ceac9,Wallet,SAR,1416.35,10000,250000,active,2025-05-05 07:17:49,2025-11-24 16:32:23
fac43e17-c338-48c3-b8ad-332cbce4b3a6,53de9c7d-d313-447c-b1c0-72812ecd1481,Wallet,EGP,24848.63,10000,100000,active,2023-08-05 10:39:56,2024-05-30 16:23:12
c913c8b5-9f11-4476-94aa-d7bda864b503,1b7bb8fc-dfb3-4e25-89c2-0dee3b85a15a,Wallet,EGP,890.47,5000,100000,active,2024-10-02 16:47:14,2024-11-18 21:52:01
e708201d-b0ad-4a45-b0e8-4918ba31c5a4,d4279134-6423-4a43-87d9-946ec6b6b39c,Wallet,EGP,20599.7,10000,100000,active,2025-07-25 11:40:18,2025-11-10 23:37:29
96eb347d-f503-45ee-aca3-348f1d614ae9,3aa4092c-582d-431a-823a-f25f077e56dc,Wallet,KWD,21332.44,5000,100000,active,2024-04-14 08:49:58,2025-04-24 15:18:28
67aa2f92-fdfd-4931-ae0a-50125f644c09,3aa4092c-582d-431a-823a-f25f077e56dc,Savings,KWD,40798.92,25000,500000,active,2024-04-14 08:49:58,2024-11-04 07:23:01
586e887c-c836-4bf9-8385-06a504c8a969,851a268c-7b4c-47a1-9aba-1709807a218b,Wallet,SAR,8824.43,50000,250000,active,2023-05-05 03:25:48,2023-08-13 22:11:39
03786187-ed98-4afd-ab51-1a52bf2432d8,073e4e6b-f3c1-42d8-84df-ff07e32fd843,Wallet,QAR,7190.24,50000,50000,active,2025-03-12 13:14:54,2025-09-27 11:37:12
1801e7f5-e4b1-4a68-8f51-5ed2f195ac4e,a6c356af-d554-4781-b754-acae5aeea7fa,Wallet,QAR,4228.66,10000,100000,active,2023-06-08 16:17:30,2025-12-26 06:33:39
65fe18c7-991e-4d5b-aacb-58cc15e97dbc,87553a8a-7e9b-4a4c-b96e-bcc15c19c8f5,Wallet,SAR,18205.32,10000,50000,active,2023-08-08 22:51:47,2025-01-02 10:33:28
0922e12c-9fa5-49a8-90fe-5989296d8774,acd9411b-53c0-4ddb-aaf8-e404c621ab0b,Wallet,SAR,17739.13,5000,250000,active,2024-05-05 21:51:14,2025-07-04 06:25:12
26116b60-d032-47c1-96dd-7dc3c6ff73f1,0c0bd0e6-e1db-43b7-bbbd-66ff85038e96,Wallet,EGP,7306.8,50000,100000,active,2025-11-14 05:43:11,2026-02-16 22:20:18
001cf077-a5b8-405a-9161-ac9a2c39a247,8a982f08-fd3f-452b-b88b-3111efb1b334,Wallet,SAR,9777.73,5000,100000,active,2023-11-08 10:30:00,2024-02-18 01:19:21
,8774d0b3-9da0-4644-aec1-5fa3879d9a21,Wallet,EGP,16745.2,10000,50000,active,2026-01-31 18:54:46,2026-02-28 09:00:13
8d8fea83-6e0e-4c2b-b08e-fbb886a32e10,e4a64eda-8201-47d1-a9e6-4250f1a982dd,Wallet,KWD,18532.52,10000,50000,active,2024-01-12 10:32:42,2026-02-13 09:29:04
ce567e5e-3106-4103-ac65-a92499f31dbe,47fa2cd4-0003-444e-9565-ba68bc650773,Wallet,SAR,15147.4,5000,100000,active,2025-06-27 06:00:26,2025-10-21 17:05:06
32f5e452-b6f6-4419-8646-fb503de47211,47fa2cd4-0003-444e-9565-ba68bc650773,Savings,SAR,42840.2,50000,100000,active,2025-06-27 06:00:26,2025-11-30 01:06:25
dd4eff51-bf57-4c49-b9fe-2eda7002dd75,4b980c31-8f1d-4630-a359-4c41888b5cee,Wallet,QAR,16120.16,25000,50000,active,2023-09-27 09:23:08,2025-06-14 13:32:11
af762bc9-623e-4695-95cc-03c2d5334492,4b980c31-8f1d-4630-a359-4c41888b5cee,Savings,QAR,29514.98,25000,500000,frozen,2023-09-27 09:23:08,2025-01-08 18:12:00
2df915fe-4f5b-4ebd-a905-d3e72a9a6ed6,ac65cde9-a601-4603-be95-f9acb1911ecd,Wallet,QAR,3964.32,25000,100000,active,2023-10-21 07:29:47,2026-02-17 05:03:01
b24d71bd-81f3-449e-89d3-d619fba25ff8,5f4d34e9-715c-4b20-a8ae-d7a2f110b2e8,Wallet,SAR,24421.79,10000,50000,active,2025-12-30 07:11:50,2026-02-11 23:16:08
ec2921da-3d17-4089-9b53-d186beb9d725,482a5ff2-2456-473e-8c08-03a57e591ab9,Wallet,SAR,13104.42,50000,50000,active,2023-05-19 06:25:48,2023-09-09 07:36:50
e039de18-b6df-4f10-a32a-e47dff16d201,d080a8c0-52a1-4180-a64e-85559a8751a3,Wallet,SAR,18050.12,10000,250000,active,2023-04-12 22:41:11,2024-08-18 00:06:10
1aa0a9d1-0e83-4c13-a2c2-942d6a2ce67c,d080a8c0-52a1-4180-a64e-85559a8751a3,Savings,SAR,72008.61,10000,250000,active,2023-04-12 22:41:11,2024-05-08 15:25:35
35f7d6ea-90aa-4222-a185-1df882fe2508,cec98d02-f827-4b8b-8ff4-cc51aa71232f,Wallet,EGP,14536.07,25000,50000,active,2024-08-15 02:54:42,2024-11-25 10:10:20
2705d21b-2c3c-4ce8-a2ba-1a86bbdf3647,cec98d02-f827-4b8b-8ff4-cc51aa71232f,Savings,EGP,17840.18,50000,100000,active,2024-08-15 02:54:42,2024-11-25 21:40:02
0d10d14c-7000-415c-9c43-e86ca0dd7430,4e71a9ac-1f04-40d7-a611-a0a0061be13d,Wallet,SAR,18520.19,50000,50000,active,2025-10-31 20:29:14,2026-03-08 11:44:22
0dc117cb-d839-43fe-87d3-e08f2c1ffa7f,1f0faf8f-bd50-46c6-a868-013272934426,Wallet,SAR,22723.03,25000,50000,active,2025-07-19 19:26:00,2025-09-09 05:35:56
46ccffd9-3fd4-49c0-aba5-dc02776672fe,1f0faf8f-bd50-46c6-a868-013272934426,Savings,SAR,25083.34,50000,100000,active,2025-07-19 19:26:00,2025-08-17 16:31:11
ffa21636-1dec-4cee-a7d3-e7ced8d6bf24,8bcb0c49-f9bc-4537-9008-84e467e97a08,Wallet,EGP,14571.27,5000,100000,active,2025-08-27 17:27:20,2026-02-15 05:42:06
39a3fc36-c208-4850-87fb-b404be67ac19,3035a7ec-b9ae-4479-8850-a53587438e2f,Wallet,SAR,10875.91,50000,100000,active,2026-01-30 04:11:16,2026-03-09 14:48:48
18d3bf0c-1c32-4cf1-b1c2-06e7ade0f1ff,87378624-2d24-46f4-b9a5-4a62ff034234,Wallet,AED,15339.91,50000,100000,active,2023-12-26 15:46:47,2025-06-14 21:46:40
626c1e5c-8b7d-4e43-ac46-c132bc50e69e,7b9f9e17-0a69-43b9-833b-a328e338bc11,Wallet,AED,14309.18,50000,50000,active,2023-03-27 11:05:00,2025-02-13 08:50:44
8c784fbd-8e45-4185-8bc8-2afc7b1de815,d6dfd9a3-8bd8-488a-b755-f97147d26b40,Wallet,SAR,1431.31,50000,100000,active,2024-02-05 04:52:10,2024-04-10 14:58:42
eb5fdf1a-8da1-4c29-8e79-f1dd73dbabd2,50c4d5d0-bbee-4e81-8352-a68ec35ca2eb,Wallet,SAR,18718.44,50000,100000,active,2024-03-24 02:00:44,2024-10-22 22:33:12
43359b7b-aef3-466f-bc80-ee40084d39eb,ca8dcb1c-c1ce-4697-ad03-1e64e8681ff5,Wallet,SAR,5940.25,50000,250000,active,2024-12-15 06:35:42,2026-03-07 18:50:33
1e5cb59e-f4c3-46b1-84fa-56dd6e526c10,ce4cfd06-d9fb-4ee9-8f8e-9f08429a416a,Wallet,AED,22147.11,50000,50000,active,2025-12-20 16:31:53,2026-03-05 12:22:56
459a7afa-f3fd-4288-9060-4cb39cb1292d,5d322703-257a-4df8-b434-b252d476a27f,Wallet,EGP,19916.13,10000,50000,active,2024-02-09 13:32:21,2024-05-23 05:52:24
88e65214-967f-4fe9-bb6a-426bf7be397f,6d21ace5-0864-45e6-9db4-555b79a50b00,Wallet,EGP,11286.94,5000,100000,active,2024-07-13 04:24:21,2025-02-14 13:47:13
57eed731-638d-40f9-8fac-27b20202de88,3975f1cd-4ee6-412f-9eb4-deb7dc037ca0,Wallet,KWD,15566.24,25000,250000,active,2023-11-13 19:53:56,2026-02-19 11:00:35
153a7e9d-1c16-421c-93af-cf2ea1310ad4,a87b3ac9-e38c-491c-b2c3-1f4d21d798f2,Wallet,SAR,9702.82,5000,100000,active,2023-07-15 12:49:41,2025-09-04 03:58:48
9a2fa1ea-44bd-4433-ba1d-67e9c971340a,fdacafc7-4165-4aec-8195-38442def0fa3,Wallet,QAR,2004.4,5000,250000,active,2025-06-25 19:54:33,2025-11-13 10:00:27
2d519fff-2197-4fd9-83c4-45eff1cfb8bf,cae7c90d-1d08-45f3-b197-e16ff5a11573,Wallet,AED,15184.95,50000,50000,active,2024-05-10 08:10:41,2024-11-15 04:29:32
f7196c3c-69a9-4ded-b761-10e16db78b6c,594e6a70-b34d-4d01-b766-e24777e753a8,Wallet,EGP,8585.22,10000,100000,active,2025-12-17 21:28:27,2025-12-21 06:14:51
fcd3a49c-7737-418a-ba3c-950cd49a50a5,bd135986-d656-41e6-bddb-e92d8d6c6b42,Wallet,EGP,581.93,5000,50000,active,2025-09-18 23:52:55,2026-02-02 04:22:18
3bfbc7cd-768b-4a6c-8666-316ee9686ceb,ca95a85f-6ca3-47fd-b73e-22f5a981ff74,Wallet,KWD,20284.76,50000,250000,active,2024-11-29 19:08:29,2025-05-30 17:28:38
28dfe022-92c3-4ece-8db6-9e2491f434f9,288b8bcf-59b4-4aa3-a013-0e6d76b83066,Wallet,EGP,9424.03,25000,50000,active,2023-05-07 02:06:51,2025-09-23 02:31:42
0a6c3587-83e1-4e83-963d-e84b1a5e51f8,4f4593f7-f5e7-4d4d-b9ea-40af964d5cdc,Wallet,SAR,2759.33,25000,100000,active,2024-10-02 09:28:08,2025-10-16 05:17:09
27a9fd80-59f8-4521-89d0-69989627da38,d5486fba-e642-44d7-917f-abce2e3cabaf,Wallet,QAR,9045.47,5000,100000,active,2023-05-01 20:42:16,2023-08-23 06:43:08
e9a27671-0cf2-46c0-b113-d9484c853caf,01083a64-a9fa-4ce6-868b-8ef9ed09f88a,Wallet,SAR,14974.83,10000,100000,active,2025-04-26 02:34:58,2025-11-07 23:45:03
eaa26b0d-2272-4e5a-87c7-1e029427567f,53fc30b3-1d00-46ac-962d-ae3e72d1aa12,Wallet,AED,18175.54,10000,250000,active,2024-08-19 03:32:42,2025-03-18 04:48:37
b5483a33-45e6-439a-9eba-ee3ebfa2043b,db8f6275-57cf-4fc8-ad5f-f8012201be7d,Wallet,SAR,7835.36,5000,100000,active,2024-05-30 11:56:11,2025-04-15 20:24:01
056179c4-0354-4b5b-9473-13426b462bfa,db8f6275-57cf-4fc8-ad5f-f8012201be7d,Savings,SAR,42014.23,10000,250000,active,2024-05-30 11:56:11,2025-11-18 22:38:45
9617c292-d3b4-4343-bb19-d03b60e98e8f,b4ea98c7-b6be-45d4-b985-53cb7e5d5912,Wallet,AED,18642.14,10000,100000,active,2023-07-14 23:12:35,2024-02-16 18:24:15
98108b64-11a2-4778-b366-3952c9e7eea7,dec155fe-3ab3-411e-90f2-c9f1dc4b435d,Wallet,SAR,7841.07,10000,100000,active,2025-08-12 23:57:50,2026-02-04 18:47:08
7cdb2122-2a67-4258-8604-066cc5f0f128,9727e5b0-cf99-44e5-876d-a5574c8a9b95,Wallet,EGP,17185.63,10000,100000,active,2023-04-29 05:21:06,2024-05-21 17:04:53
302566ee-da9d-495a-a438-9f7fdea25429,3c4b5350-eadb-402f-9879-4ff0ce4a5724,Wallet,EGP,1543.19,25000,50000,active,2024-06-30 12:14:46,2024-10-10 18:59:34
f55a6ed1-1825-4ba8-b197-af32e7c9f656,7ad2d4a9-79c6-49ba-b433-72ad9367ca9f,Wallet,SAR,19081.05,5000,50000,active,2024-11-25 13:58:11,2025-05-24 14:04:45
d3e654a6-1ebc-442d-b7b0-e24cf50e40ab,22634ca5-c313-4e8b-bb0d-a478f451bc74,Wallet,AED,19258.98,25000,100000,active,2024-05-02 14:49:59,2025-08-09 11:01:13
c22967a5-70ac-4c74-ba98-effcbfe44533,2c13df50-f1d5-4d84-867f-866cf268ef3a,Wallet,AED,12947.22,5000,50000,active,2024-07-20 14:00:02,2025-04-30 16:19:34
0b3e5de8-16c2-4c3e-b9e0-247a9936c05a,2c13df50-f1d5-4d84-867f-866cf268ef3a,Savings,AED,28058.31,10000,100000,active,2024-07-20 14:00:02,2025-09-03 08:39:18
f9a51143-6f34-49f8-806a-da4a34ea8b62,2172ec07-76d7-4946-9b2a-ae34103d928d,Wallet,EGP,6736.77,10000,250000,active,2023-10-26 00:13:25,2024-04-18 07:54:09
71803110-12ae-4ce7-a079-a36f9b1ec682,2a88d7a7-bd1c-4fe8-aee3-b41633cb271f,Wallet,EGP,4572.27,5000,250000,active,2023-12-06 21:15:06,2025-04-15 14:21:08
26bcda19-9bc8-43bc-8ecd-7d42a4a69d1b,1332ab29-06c0-40c7-bdb3-02541ef3f1d9,Wallet,AED,14127.46,5000,50000,active,2025-07-12 18:03:20,2025-11-16 03:17:22
d3aa138b-b1c3-4904-bb86-23f83a39ef95,45c40c59-0e16-4fa6-b24d-db4fe3731c9d,Wallet,EGP,3766.51,50000,250000,active,2023-12-04 21:49:58,2026-01-14 05:57:58
fb9dc5ac-c2fb-4cde-9be4-9eb4c5163a8f,a58855e7-00c1-443c-bd02-8cb7763ca819,Wallet,EGP,3164.67,25000,250000,active,2024-05-25 20:57:37,2024-09-15 20:49:47
bf71c259-fb59-452c-8701-3420c3c43836,903e19f2-5e99-46ae-9424-4a811ad3f007,Wallet,SAR,4840.65,25000,50000,active,2025-04-18 05:12:24,2025-04-20 01:50:52
3bbabf88-abb7-4ee7-a018-1f3bcf982ccb,9df01caf-1985-44fd-9f9f-f8c2e50505b9,Wallet,SAR,8224.8,25000,50000,active,2025-08-17 12:53:50,2025-09-17 04:57:43
5c65e98a-8e35-41f2-9844-edec76a77981,f79bfbf9-126f-465e-b3ec-09da59ac60cc,Wallet,QAR,13370.98,25000,50000,active,2023-08-14 01:33:23,2025-05-05 07:59:00
a69ff374-b761-465d-be11-3481954eda69,6ad1cde3-3964-4afe-a9f7-3d17fa10074b,Wallet,EGP,24514.46,25000,50000,active,2023-04-03 14:11:02,2025-12-14 22:06:42
6602e074-18e5-41ff-9b12-7038a74625c5,a2b15456-0f64-44c1-82b1-07a8e475179b,Wallet,EGP,3507.63,50000,250000,active,2025-12-12 17:16:55,2026-02-28 21:01:13
23a06aa2-f1a8-4375-906f-043ae706e390,a2b15456-0f64-44c1-82b1-07a8e475179b,Savings,EGP,48893.09,10000,250000,active,2025-12-12 17:16:55,2026-02-24 21:57:33
3c46b7af-363c-40ae-88b6-b1b00319fa74,0346c280-e0cc-40d8-8d5e-47eb9842a417,Wallet,AED,19683.91,5000,250000,active,2025-01-17 02:21:44,2026-02-15 09:03:19
23faaeb6-b031-4556-a9b3-8593879026e4,0346c280-e0cc-40d8-8d5e-47eb9842a417,Savings,AED,29773.78,25000,250000,active,2025-01-17 02:21:44,2025-12-31 20:05:12
295994be-e2d6-47bd-a86c-355d5345ffa2,d16ec8c0-b18c-4745-8346-7edccbf1f355,Wallet,AED,9890.26,25000,50000,active,2025-05-06 03:22:36,2025-07-30 11:16:48
c6706baf-cb31-4234-9150-3a00a1febd15,d16ec8c0-b18c-4745-8346-7edccbf1f355,Savings,AED,78610.96,25000,100000,active,2025-05-06 03:22:36,2025-07-30 20:15:34
543173d1-8d8a-4c06-af76-27602d05b889,486be9b1-d72b-4887-ad8b-e5ddcb530524,Wallet,EGP,10028.49,5000,250000,active,2023-04-12 11:50:45,2023-12-11 09:44:13
a084af46-e272-4cd0-a702-372f8fe6bcdc,5c34df2b-2956-4542-981d-90de5007ce62,Wallet,AED,8087.87,10000,250000,active,2023-11-18 10:28:08,2024-07-04 17:07:33
ea0f20a4-1a0e-4f79-961b-d3fde047fd00,cdf9d24f-5ce8-4355-a76a-876077ed0a61,Wallet,EGP,10057.0,10000,100000,suspended,2023-09-23 14:44:52,2023-10-01 12:56:39
c99d8920-0e2c-435c-9d72-ca187f75c89f,cfde96da-12b1-4c69-9099-f29572d21d99,Wallet,USD,2534.15,5000,250000,active,2025-02-26 04:35:34,2025-11-12 10:15:58
0cdcb522-969e-49a6-8af0-bafb2e26e3f5,cfde96da-12b1-4c69-9099-f29572d21d99,Savings,SAR,21145.76,10000,250000,active,2025-02-26 04:35:34,2025-10-25 22:28:19
2fc99625-b834-44a7-a3b6-b0e11170720d,f4e57fe9-abac-4f56-9629-48dc1325dadb,Wallet,EGP,14376.39,50000,250000,active,2023-11-10 05:09:06,2023-12-01 16:37:59
44187b57-0fe3-4dae-90e2-8f4ffeede017,f4e57fe9-abac-4f56-9629-48dc1325dadb,Savings,EGP,21259.21,25000,100000,active,2023-11-10 05:09:06,2026-02-19 09:09:40
28dc4bfe-71ff-4808-945f-8d0b329a4638,616d4a40-50ed-4607-8972-086863313965,Wallet,QAR,14027.11,50000,100000,active,2024-06-02 14:45:09,2025-11-26 03:33:56
dfb0e513-db0d-48da-b182-91c7438db24e,aca0ebf5-3976-448a-bbc8-8f69092109c1,Wallet,KWD,2284.94,10000,250000,active,2023-04-28 05:01:43,2024-03-22 08:05:11
71072813-c33e-44e8-aec5-9f4e8147170e,ebe15fe4-7c97-4160-bd41-6a907f97e661,Wallet,EGP,964.49,5000,50000,active,2026-03-14 19:03:22,2026-03-16 08:44:03
4123e7c2-e5d3-49b3-af69-ecb5b915c8dc,aa38b676-ba74-471a-bd28-eaec954699e9,Wallet,AED,16962.46,10000,50000,active,2026-03-14 14:32:01,2026-03-16 15:02:44
40c6d1e6-41db-451d-9fc4-05eb4364303f,7295dbbf-1982-42ad-90ca-0ccbcd182b75,Wallet,EGP,14841.55,50000,250000,active,2025-07-01 14:18:18,2025-09-12 14:10:17
a3f90843-9e22-44c6-99b3-b3d0ec4e8f50,7295dbbf-1982-42ad-90ca-0ccbcd182b75,Savings,EGP,35862.92,50000,500000,active,2025-07-01 14:18:18,2026-01-28 17:16:35
8b4a9301-be5b-4251-9a9f-c03717219cf9,44b18f52-f06e-403d-803f-c215134179ee,Wallet,SAR,9108.6,5000,50000,active,2024-11-26 14:39:14,2024-12-08 18:19:59
c98890c1-44fe-429f-a459-07822c1861c1,921610a3-6932-44f0-866f-38538de4ae0f,Wallet,KWD,6866.88,25000,250000,active,2024-12-03 08:21:43,2025-02-01 07:41:48
c6531eb7-9c81-4be3-8e78-a6ab54be5c87,921610a3-6932-44f0-866f-38538de4ae0f,Savings,KWD,90960.69,25000,500000,active,2024-12-03 08:21:43,2025-03-07 01:01:19
392cf14b-3fbc-4190-a882-764cd925ee8f,d5c69423-8263-4289-b34d-e092546124b4,Wallet,EGP,19373.14,25000,50000,active,2024-11-24 16:12:29,2025-02-06 11:24:20
043bee85-42a4-4fe3-a198-0ff73bc93b00,ceaab0fc-84d4-4eb4-a3be-c607a0a1490b,Wallet,SAR,2442.2,50000,250000,active,2025-05-05 01:37:01,2025-10-04 01:30:26
2c4c03bd-b29a-48c1-b34c-6f28d1f520fa,1baac1d6-4673-4c9e-a57b-479d626dd03a,Wallet,SAR,17610.12,25000,50000,active,2024-09-06 12:06:40,2025-10-25 22:09:58
dc08d8ab-dcca-4c02-a6e2-51eedb9ebffe,82df2cc8-2331-490a-a459-0831b3626fe8,Wallet,EGP,962.4,10000,100000,active,2025-06-28 02:58:43,2026-01-08 20:40:30
77363e24-a4d2-438e-ab77-e51313684ccb,b5bcba3e-0218-49a6-ae2e-eba78b60f28c,Wallet,EGP,17010.41,25000,50000,active,2025-04-24 17:07:55,2025-05-14 13:56:46
d56eab05-14b0-420b-9329-cfc6325d029f,93af304e-d5af-4ecc-93c8-ec1501b0f29f,Wallet,AED,1129.33,50000,250000,active,2024-09-01 10:00:27,2026-01-10 04:03:09
13af3596-cfc3-4929-9b3b-0b0e5617b36b,ca393def-fc08-490c-9a3e-e0b52c1bf5a1,Wallet,AED,16949.9,5000,50000,active,2025-08-11 01:37:20,2025-12-08 17:35:28
2dc619fd-e9c1-4f66-8be7-56502848512c,c7fbe8aa-7bb9-4481-a74c-66a558962d75,Wallet,EGP,17237.82,10000,250000,active,2024-03-02 20:28:34,2025-01-09 17:44:14
e7a69562-1312-48e6-94fe-7c35c45572bf,c7fbe8aa-7bb9-4481-a74c-66a558962d75,Savings,EGP,88998.61,25000,100000,active,2024-03-02 20:28:34,2024-06-10 10:30:46
092a3ae6-5e12-4def-a3b8-2d4512af20f9,7abe0303-9b5c-4064-9f6b-a063cdc53ce7,Wallet,EGP,7136.97,10000,100000,active,2025-04-30 20:42:34,2025-08-17 23:05:46
2ef969e6-a9dc-4b1d-969b-316d13e82d8a,7abe0303-9b5c-4064-9f6b-a063cdc53ce7,Savings,EGP,10371.69,10000,100000,active,2025-04-30 20:42:34,2026-03-12 10:57:38
e1e5b9cb-9a46-4fc6-a809-abf9ba7b8e40,134f6fee-d5d8-4705-818b-89e6aa50519d,Wallet,SAR,18252.04,25000,250000,active,2025-01-30 19:37:14,2025-06-05 09:41:01
8067a8ec-7f46-4f62-b76c-622ddf3606ee,0cbff96f-185c-4d13-864a-817472588d64,Wallet,AED,16893.67,50000,100000,active,2024-04-30 17:08:10,2025-10-10 00:07:18
626c1e5c-8b7d-4e43-ac46-c132bc50e69e,0cbff96f-185c-4d13-864a-817472588d64,Savings,AED,8456.97,10000,100000,active,2024-04-30 17:08:10,2025-08-24 15:46:26
3de443df-fc6b-4e4e-b4c9-935b075d5b73,5c1d114e-2667-4ebf-8902-6b84ae0ed54b,Wallet,SAR,18299.43,50000,100000,active,2023-06-13 06:17:33,2023-09-24 16:24:39
5a469c31-5c62-4b9e-b1a1-84ac4d5179f1,e694e576-c494-42b5-b0a9-d2b84e626d51,Wallet,SAR,13832.58,5000,50000,active,2026-01-13 11:29:33,2026-02-13 17:24:44
82d3b59f-96c8-47e1-ab7b-b1e82bb4d74f,e694e576-c494-42b5-b0a9-d2b84e626d51,Savings,SAR,41840.4,50000,500000,active,2026-01-13 11:29:33,2026-03-07 02:12:44
c5943590-2c8c-4ade-b34f-150f91a75377,3198ddaf-c555-4d05-b5b0-e338ebf914e1,Wallet,QAR,5328.8,5000,250000,active,2025-12-13 04:06:10,2026-02-13 01:45:21
1f744be1-5154-4254-88f5-375290659db4,69ebac74-719a-4c75-a9e8-f18c00b3ec66,Wallet,KWD,17065.32,10000,100000,active,2025-07-10 04:16:18,2026-03-20 17:35:47
2d21fd0e-2643-406c-9688-743419e5594f,98ba3fcd-dc4b-4f2c-89f0-61a641d8dd91,Wallet,AED,22583.52,5000,100000,active,2025-02-16 15:00:16,2025-09-28 21:03:05
e0b05bf8-b82e-439c-866e-270fa837f251,71e40f66-2671-48c0-a104-3e334a64abf9,Wallet,SAR,4769.1,10000,250000,active,2024-02-14 05:25:38,2024-02-26 21:24:54
00ccffec-60a1-4d26-a1c9-9b080045c87c,8aa5b023-defc-4a32-aa8f-8ef71e45a7cf,Wallet,EGP,19999.36,25000,250000,active,2026-03-14 02:50:46,2026-03-14 12:48:14
85c8afac-b050-42c4-897a-5a21496036cd,e40a7ec2-9229-4459-9d85-78e94735d9f8,Wallet,AED,15603.12,5000,100000,active,2024-05-05 09:19:01,2026-01-13 09:53:08
7d4dbf50-bff6-4438-b27c-74e0064bbc42,50cb56dd-027e-4d2c-a353-3c9c6e959dec,Wallet,EGP,22259.64,10000,50000,active,2024-07-04 20:17:50,2024-12-11 12:46:26
607d6878-4ca6-4b66-9c06-b3058cf8b2f2,50cb56dd-027e-4d2c-a353-3c9c6e959dec,Savings,EGP,63500.23,25000,250000,active,2024-07-04 20:17:50,2024-10-03 20:10:17
5e954307-93ee-44bc-bc6b-b432269ba288,abc8f943-fde3-4a5c-81e2-d39d2f3ffd80,Wallet,SAR,10853.33,10000,100000,active,2025-05-30 12:14:11,2025-08-14 04:07:50
3920d274-759d-4ba4-b7dd-f8e1eebef59a,08a6ae39-42f3-48c4-b684-387b29dd0965,Wallet,AED,15507.03,5000,50000,active,2026-03-20 16:14:50,2026-03-20 16:50:00
b69c684f-942e-4215-bfbf-561ca524a007,2eee46b1-3f0a-4557-94bd-3a1a64fdd76b,Wallet,AED,21383.41,50000,50000,active,2024-06-06 21:44:47,2024-10-13 16:45:58
aa465682-d1d5-4c59-b8a9-2e3e52c04967,220d1bd6-87eb-4661-9c5a-3e1dd5b1e9f5,Wallet,AED,17888.04,5000,50000,active,2025-01-08 10:15:08,2025-03-07 21:23:26
d1929e07-daff-4fdc-8a84-d4a07abf60eb,e4b2f298-98a8-46da-a811-8ca880840567,Wallet,EGP,15155.74,25000,100000,active,2023-06-29 05:36:27,2024-03-24 15:54:56
88056a97-6fe7-4e33-8bb4-86047d7b3104,e4b2f298-98a8-46da-a811-8ca880840567,Savings,EGP,30887.07,50000,250000,active,2023-06-29 05:36:27,2025-11-18 21:06:14
c1833636-2df5-493c-ab6c-4bebde2acd25,7bd3b36e-2ea7-4c7c-8dfc-c4b4e2274b6f,Wallet,EGP,17393.85,25000,50000,active,2024-06-23 06:31:45,2024-09-21 03:10:53
b5c8514a-738a-48e5-81c0-b1934e117e92,7bd3b36e-2ea7-4c7c-8dfc-c4b4e2274b6f,Savings,EGP,4071.71,10000,100000,active,2024-06-23 06:31:45,2026-02-24 05:14:23
9b3784f6-c186-4d20-b205-bf578ddb065f,a3a3723c-bc16-4152-837f-1a884bae505c,Wallet,AED,5048.83,10000,50000,active,2025-08-06 11:48:01,2025-10-06 17:32:50
a0279855-3e15-48df-b111-3f0d10084355,6d93ab2e-4551-4f8f-b546-5621cf9b96a6,Wallet,SAR,3377.13,25000,50000,active,2024-01-18 06:42:30,2025-11-14 16:42:50
a4890e53-7c92-4cce-a1a0-c93c1cfe2b91,ffa43232-8db7-4d5a-9b77-81fbb865c562,Wallet,EGP,15699.48,5000,50000,active,2025-04-17 11:55:16,2026-01-13 13:45:26
192d36ba-f09e-4cc8-bb4b-643a62b48e9c,6da75045-2b89-485b-9fff-834b86c77462,Wallet,EGP,18662.82,5000,100000,active,2024-11-06 12:39:42,2025-06-06 14:22:31
8105e204-217a-4323-a778-296e666af8fd,012e63bb-6f40-49ef-9801-1efae784614d,Wallet,EGP,605.85,25000,50000,active,2023-07-01 11:39:58,2025-02-07 11:08:50
da9f73ce-6f77-4227-8d4e-f243996c533c,5d844c0d-6b2b-40e0-b906-29f7fe327476,Wallet,SAR,12021.9,25000,100000,active,2024-10-11 13:06:34,2025-07-29 12:52:02
7fa0730a-cd87-405a-ae85-2deeb4fadca3,f49c81b6-721a-4122-9dc2-ed688249fc83,Wallet,AED,6693.95,10000,250000,active,2025-01-03 20:48:53,2025-07-15 17:00:51
edd9e070-0137-4122-a016-1da49326a8a8,f49c81b6-721a-4122-9dc2-ed688249fc83,Savings,AED,35811.85,25000,250000,active,2025-01-03 20:48:53,2025-08-05 04:48:22
e2e9212e-1357-4724-93a0-4222e27efff0,85270437-9cd2-49c3-9bf3-9728000e3d14,Wallet,SAR,1076.92,50000,50000,active,2025-06-11 17:53:24,2025-08-08 15:01:30
86c1950f-d3a9-4806-be8c-e237e77a5dd3,39f36bc6-2818-46c1-b8f7-549daea8a2df,Wallet,EGP,19713.42,10000,100000,active,2023-08-09 00:06:54,2024-11-16 08:50:16
8543e932-600c-463b-b7fe-c19f9e56f838,0ed24eb2-5226-42d8-b0bd-656a8e33e69c,Wallet,EGP,13122.72,50000,100000,active,2023-10-23 01:18:30,2024-12-05 04:21:27
51b0509d-86dc-47dd-b1c4-6613219d6137,9e81ed15-db79-4842-b169-9240cbdb6084,Wallet,EGP,12822.13,25000,50000,active,2026-03-07 12:41:01,2026-03-17 08:22:32
a1f9ac08-7cf4-4f01-ab40-e00497a17803,9e81ed15-db79-4842-b169-9240cbdb6084,Savings,EGP,10593.64,50000,500000,active,2026-03-07 12:41:01,2026-03-11 11:51:35
b153c784-b478-4d1b-adab-9f5fadc37f1a,0d4fc2b7-8d8a-4867-8bc9-d429d17d87d6,Wallet,QAR,14987.08,50000,250000,active,2026-01-02 12:46:27,2026-03-07 14:36:31
7622a81d-dc33-46aa-b304-8b48d792cad2,064b370f-e41a-41f1-bff8-a9c291db31b3,Wallet,EGP,672.63,10000,50000,active,2025-05-15 10:30:53,2025-07-21 05:32:33
272f9b90-19c4-4334-9a5e-dac7fd4f9f2c,158a9fdf-15fd-4e4f-8183-a76a2cbd0733,Wallet,SAR,17947.62,50000,250000,active,2025-02-13 13:29:50,2026-02-21 12:39:28
bde7b75a-ba76-470d-b77b-7e9ffb3b677c,42002c75-5c57-4eb5-aa3e-482de20338fb,Wallet,AED,1550.98,5000,250000,active,2024-09-01 13:33:19,2025-01-18 09:07:30
b870adcb-1329-4ac6-91f8-740741d42aa7,0bad2272-368a-4e37-8d36-93934d7bb327,Wallet,EGP,23282.12,5000,100000,active,2023-12-02 01:44:43,2025-02-15 20:10:38
c3775441-f32a-4087-b87b-f59f0e9e81d2,a65e761d-8b26-49cf-a6a3-e7f2311cda95,Wallet,SAR,10690.82,50000,50000,active,2025-03-01 14:14:44,2025-08-23 13:52:03
67837ef4-0bf9-4fde-9409-c1ef84d20dca,a65e761d-8b26-49cf-a6a3-e7f2311cda95,Savings,SAR,63206.74,25000,500000,active,2025-03-01 14:14:44,2026-02-19 10:01:52
fb87f591-b895-4701-b448-468bcdd2022e,917cb1ff-d4aa-4270-bead-2d19640f3ac5,Wallet,EGP,23172.08,25000,50000,active,2024-12-31 10:32:33,2026-01-14 03:15:09
5648c5db-6301-48c0-b9f7-2936dd3908e8,5b89c6f9-3471-4459-9c64-5c7ec67add14,Wallet,EGP,7157.09,50000,50000,active,2024-02-10 20:14:44,2025-02-11 17:39:33
b599a378-326e-4489-98e2-9fc2cdc01b46,4a0f9fb8-918f-4dca-acd6-715ff25ac8e9,Wallet,SAR,5796.06,10000,250000,active,2023-04-10 21:42:32,2024-06-23 08:57:50
4e292407-09da-494e-9aeb-9c08d3f09b9e,4a0f9fb8-918f-4dca-acd6-715ff25ac8e9,Savings,SAR,35787.11,50000,250000,active,2023-04-10 21:42:32,2024-07-15 03:58:58
cb6ef8d2-71cc-4a25-a7a1-1c4178f582b1,b6d971f6-4b47-4334-8c90-44c787f8d7f7,Wallet,SAR,9640.26,5000,250000,active,2025-02-22 03:32:09,2026-02-02 18:38:42
14ba66a9-f4f7-4a97-a8b2-4b57a5786780,3b4ca5a1-20e6-4135-b538-345c5442bd5e,Wallet,SAR,20620.58,25000,50000,active,2025-11-30 14:56:14,2026-03-06 23:59:27
b5a6590b-6f8d-4863-9e4a-ffb99c4bc3b7,3b4ca5a1-20e6-4135-b538-345c5442bd5e,Savings,SAR,44325.1,25000,250000,active,2025-11-30 14:56:14,2026-02-12 00:10:52
c323fcb1-c114-4c3e-b337-d2defa6fad18,29616e61-3588-4901-b834-bd760cffa85b,Wallet,EGP,9747.62,25000,100000,active,2025-09-21 02:11:06,2025-12-23 09:29:58
0cc6a46d-17a4-4915-aa71-239bd35e2ca4,ce47198c-ccea-4125-a417-2a4045d9fecc,Wallet,SAR,20072.69,25000,100000,active,2023-10-10 02:49:17,2025-09-19 23:43:37
bf30477e-dc44-44a8-9fee-b29636aa56bc,ce47198c-ccea-4125-a417-2a4045d9fecc,Savings,SAR,40116.5,25000,500000,frozen,2023-10-10 02:49:17,2024-04-01 10:01:57
9d96b483-4b6d-481c-a10c-d4ecedb57511,169c1b1e-afe7-4c0c-b2c3-f9adc595ec19,Wallet,KWD,2178.96,25000,250000,active,2024-07-27 20:13:56,2026-01-14 22:54:02
bab6bab1-386b-48e2-84d9-eb59dd02a709,94601717-9499-40a0-8597-25f458afeccb,Wallet,SAR,-7149.05,5000,100000,active,2023-09-16 06:44:02,2024-11-22 02:08:23
6380ce25-263a-43b3-abc5-d39f5dfb57ac,152de86f-7123-439d-9896-22feca8ca50c,Wallet,SAR,7823.33,10000,50000,active,2025-12-28 04:19:17,2026-02-22 20:40:24
61636533-afcc-4a12-94f4-4b688f291cc3,152de86f-7123-439d-9896-22feca8ca50c,Savings,SAR,82279.04,10000,250000,active,2025-12-28 04:19:17,2026-01-15 22:43:56
647a18d3-3e0b-4573-8d6a-a6ffa650fd67,7bb74e5b-7924-4524-849a-37139b9f74f0,Wallet,SAR,5876.86,25000,250000,active,2023-04-27 23:09:49,2024-05-23 01:49:07
f6e24a3e-557b-4fc8-8064-1d14cc37aa28,82a18841-465c-4a95-a3c0-18ebfa3fe193,Wallet,EGP,10557.23,50000,250000,active,2026-01-30 23:59:09,2026-02-21 20:18:18
59f0a626-d6bf-4d55-a44d-8c1d5c1bf731,82a18841-465c-4a95-a3c0-18ebfa3fe193,Savings,EGP,27636.96,50000,250000,active,2026-01-30 23:59:09,2026-03-18 15:14:28
cbdb5422-25e4-4d4d-a8a8-6b5211ac5855,ab635490-7594-46c0-913c-5d47d40ed614,Wallet,SAR,4446.01,10000,100000,active,2024-11-18 10:50:56,2025-04-02 17:20:48
070201c6-8448-4820-8289-59c010b6c86b,57677470-220d-4dc5-aa42-1a761ec05f06,Wallet,EGP,23345.97,50000,50000,active,2024-02-11 08:55:44,2024-11-05 06:52:08
d0c6bfa6-86e7-4151-acb0-aa6ffeeb2a85,4a322861-a901-4ffb-a2cb-0cf32544035f,Wallet,EGP,14208.57,10000,250000,active,2024-06-15 13:54:23,2024-07-17 17:48:04
729604ca-900e-4a0f-9c01-664f5e8513d4,7e5cf147-0220-4ca8-a729-a1c7f45f5b61,Wallet,SAR,23711.77,50000,100000,active,2025-08-16 14:53:48,2026-01-04 20:31:37
b24b7afb-21be-45e9-a0c2-dcdf088d8097,55234872-c953-47f1-8a4f-168f8b527e36,Wallet,SAR,7986.08,10000,250000,active,2024-07-08 14:24:13,2024-12-30 09:15:40
7e987016-8128-4c1d-9572-bd3c08291a7e,0093c46b-cdf4-432e-ba61-f873602a1f94,Wallet,EGP,1336.17,25000,250000,active,2023-05-18 00:14:09,2025-03-07 13:42:29
671c6d77-6ba5-4694-8648-7a1216a86284,f4a94682-5749-40e0-ae77-e08c46d700bd,Wallet,EGP,19401.05,25000,250000,active,2026-01-14 12:02:04,2026-02-25 04:35:06
3ae398d0-749e-4b70-b20c-157bd4e24e87,f4a94682-5749-40e0-ae77-e08c46d700bd,Savings,EGP,8151.24,50000,100000,active,2026-01-14 12:02:04,2026-02-13 05:24:43
98e8ae84-4df7-4069-81a4-199e0489e738,39264613-d969-4790-86e3-1fbf69be57ed,Wallet,SAR,13151.34,25000,250000,active,2024-05-05 17:32:14,2024-05-31 08:44:57
b1eb4625-d92f-49e2-b81a-675294200a95,758490d1-823f-43cc-8398-cadd385a2087,Wallet,EGP,4960.97,50000,100000,active,2024-10-09 12:50:26,2025-05-09 13:43:17
1c06d912-92cd-4b89-b27c-29e08d2165ed,f732a71b-40c1-43a3-9031-d451c4f9362e,Wallet,EGP,11179.24,5000,250000,active,2023-11-10 10:57:29,2026-02-24 15:20:08
2bcf3fc5-560e-4cc3-a062-9ad77e2cae3c,f732a71b-40c1-43a3-9031-d451c4f9362e,Savings,EGP,75390.99,50000,500000,active,2023-11-10 10:57:29,2025-09-19 10:46:20
540a60eb-26dd-411b-aed8-c1acdb555579,e47a6ee2-f58e-4031-936e-871c82b1a110,Wallet,SAR,1687.82,50000,100000,active,2025-11-24 00:33:28,2025-12-12 22:10:35
fb563072-2c0b-43b7-bb63-a90ecb959dbc,f3518ab7-e6ed-4247-a117-09934accdd96,Wallet,SAR,24336.14,50000,100000,active,2025-04-08 07:29:21,2025-04-10 01:51:35
796a888f-d14e-4427-877d-92ceea2beeaa,7495813b-2b9d-4631-bef4-9641b00c0529,Wallet,SAR,7436.14,50000,100000,active,2023-04-16 19:05:21,2024-04-08 16:30:12
98915b25-ef9a-4b86-8302-3e71e4f4652e,47fbb02c-58b4-4ad2-b867-0e76355fcc9d,Wallet,SAR,8151.91,5000,100000,active,2024-10-17 10:15:42,2025-12-08 15:07:27
113c4b0e-6595-49a2-adee-47c7cfb87c3f,47fbb02c-58b4-4ad2-b867-0e76355fcc9d,Savings,SAR,86002.37,25000,100000,active,2024-10-17 10:15:42,2025-06-08 18:41:40
b1f27b5e-8eb7-4099-8050-60e4406a0b29,4b5095fe-1d43-45ba-a4e4-45bed63fba71,Wallet,SAR,19717.4,5000,250000,active,2024-04-25 13:15:21,2024-05-10 15:41:34
6ba36620-4034-4c0c-80c0-956dd962e056,9fdf8131-299c-4d8b-ac4f-e734e2697946,Wallet,EGP,22164.69,10000,100000,active,2026-02-11 08:24:34,2026-02-19 17:44:30
7ea5f4ff-cd41-4436-84e3-28c2223315b3,9fdf8131-299c-4d8b-ac4f-e734e2697946,Savings,EGP,58862.71,10000,500000,active,2026-02-11 08:24:34,2026-03-20 21:32:51
57657449-1641-483f-838d-883972301fbc,438b54a9-4509-4536-a1e7-bcfbc40727d8,Wallet,AED,16131.83,5000,100000,active,2025-02-12 19:51:12,2025-07-26 15:55:32
426f4041-d178-4e17-b844-6337027edec5,d1d8ad5b-daa7-4eb9-9d29-1021513bd481,Wallet,EGP,11668.15,50000,50000,active,2023-06-29 14:40:56,2024-11-14 07:25:36
ea1d6847-93ac-4226-9fc6-4dd3f6180617,4570f247-dede-4782-8d0b-5511c312cb5c,Wallet,EGP,21660.47,10000,100000,active,2025-10-08 09:07:32,2026-02-13 05:34:23
91818639-22df-458c-8e81-9b80991f8087,69dd140c-b770-4e71-ad34-3896e7d49702,Wallet,EGP,22231.57,50000,50000,active,2025-07-22 19:53:20,2025-12-01 17:48:52
bef2719f-c0cf-4495-992b-ecf589ad1af8,fe9580d8-1934-438d-bc5a-79a205de3f88,Wallet,KWD,23304.59,10000,50000,active,2024-08-31 04:26:12,2025-08-10 18:36:17
668707a1-0b9b-4175-a653-73d4a68d9396,96a79c85-910c-43d1-806f-72d5aee529c9,Wallet,KWD,4422.06,10000,100000,active,2024-09-20 13:58:21,2025-10-11 16:17:29
0095372f-d956-405f-a699-2da3e6c99b2e,fcd97628-655d-48f7-825b-e61431deca73,Wallet,EGP,4604.48,25000,50000,active,2024-03-20 21:51:22,2024-03-25 03:40:33
d2a27d35-d6ea-4fe5-9069-ad598d917404,c16c5929-b0fb-44f9-8ee8-dcb9a527082d,Wallet,AED,8774.42,10000,50000,active,2025-04-24 21:22:09,2025-12-03 08:31:35
f0a43bb8-6cd2-4956-b301-c41188b4e50f,c16c5929-b0fb-44f9-8ee8-dcb9a527082d,Savings,AED,90264.67,50000,500000,active,2025-04-24 21:22:09,2025-12-10 13:48:29
bd01dc11-e507-4d51-9db1-43ac9d0b99dc,51949374-970c-42f9-9eb7-f208a3cf1b15,Wallet,EGP,13704.99,50000,250000,active,2026-02-20 06:08:56,2026-02-22 13:39:32
95a1d2a8-0a33-4e03-9d24-875c3aed5073,a2e2f376-a685-4a5c-82d9-bbee7a3dd51e,Wallet,SAR,23824.35,5000,50000,active,2024-03-24 10:46:41,2024-11-06 11:38:36
cf66cc5e-8a4c-4d6f-b103-a5965b0a1831,38111f02-d454-41ce-a378-684e158c24cf,Wallet,SAR,4823.05,25000,100000,active,2025-07-31 18:10:02,2025-10-05 01:05:03
771582b5-ba47-4b74-9bc9-1b40cf840d4f,b4f09571-d866-4531-b0e4-8a76de63cd0b,Checking,EGP,16231.03,5000,250000,active,2024-11-29 23:05:21,2025-05-21 17:41:49
973b2f44-03fd-439d-97ef-1073233464d7,b4f09571-d866-4531-b0e4-8a76de63cd0b,Savings,EGP,88982.26,10000,250000,active,2024-11-29 23:05:21,2026-02-11 18:19:33
8fe52100-bc16-4449-9a86-72f1e6c898ba,2a5fb326-46ca-48d0-9419-2971f20a9495,Wallet,SAR,3695.89,50000,100000,active,2025-09-03 04:15:23,2026-01-13 10:13:43
79f68432-0a1c-48e1-8065-35dc75c990e5,e9303c61-73ec-4dc3-a00e-82461c2347c3,Wallet,QAR,19987.57,10000,50000,active,2023-11-28 17:22:06,2023-12-13 06:07:30
55485662-0574-43a8-a795-9d3baf9fe213,e9303c61-73ec-4dc3-a00e-82461c2347c3,Savings,QAR,92189.29,10000,100000,active,2023-11-28 17:22:06,2025-05-22 03:05:58
15801275-0b84-46d7-81cf-b31410e2a5e5,e0762e98-7fd2-418b-b65c-9ea54d276e5a,Wallet,EGP,10322.01,50000,250000,active,2024-02-12 04:15:50,2024-06-22 11:07:27
3d5b5911-cf76-4e0d-97d0-ed7e0d7cbda3,8c8ed2e1-a577-4142-833b-095c55485904,Wallet,EGP,21293.86,10000,50000,active,2024-03-12 08:35:58,2024-04-27 17:09:12
9eac1a99-0720-452f-bfa7-07f6873ea9b5,a0a217db-46e8-43e5-b9f0-3044e07d35a5,Wallet,EGP,8239.1,5000,250000,active,2026-03-09 18:51:20,2026-03-19 11:09:30
d4f1fba7-3964-4a33-aabc-d858e7073796,791322f5-120a-49c5-9531-ca3f0b40cfeb,Wallet,EGP,12596.39,50000,250000,active,2025-06-12 00:13:59,2026-02-27 08:06:58
843c3324-2c4f-4a14-bbb8-6f3281b84a68,b13f5077-9182-4d54-904a-0d4be56abae7,Wallet,AED,23427.95,25000,100000,active,2024-04-13 06:23:32,2025-04-18 23:01:47
0ee55692-e707-4e58-8dc6-3309546947b9,4611c007-e320-4718-b9f6-e5dd6beb7c7a,Wallet,USD,12632.65,10000,50000,active,2023-07-06 10:06:39,2023-09-19 19:37:08
045ad990-ca93-4471-b342-7141f7f0e289,a489c008-4591-4963-a010-3b65979c9161,Wallet,SAR,23599.37,50000,100000,active,2023-10-02 07:23:20,2024-01-23 17:17:57
61530de0-97c0-4985-939c-9d2985853a7c,22c5a6fa-81d3-44a1-b02b-9000eee8f92b,Wallet,SAR,10440.72,10000,50000,active,2023-06-17 02:51:02,2024-10-10 09:14:36
52a04da3-a5a3-4b36-bea6-e783a97309cb,c90bdeb2-df87-4b20-b0ec-7a17e5314f57,Wallet,SAR,14289.05,50000,50000,active,2026-02-12 15:36:02,2026-03-03 05:52:29
1022cc9d-f4b9-4d0d-87e8-33ae62090e3d,51891721-6adf-4208-8cb8-f8c22c971250,Wallet,EGP,11922.58,25000,250000,active,2023-11-23 11:03:09,2024-05-29 09:34:10
705e8a9f-b303-4f59-bf0a-b47b02e2971e,be99be04-bdbf-44c7-8282-ba6d5de68f77,Wallet,SAR,17032.12,25000,100000,active,2024-04-02 16:37:01,2024-08-06 14:41:37
5472492b-e8d4-4512-9163-c0db3b1c2c6f,be99be04-bdbf-44c7-8282-ba6d5de68f77,Savings,SAR,25910.48,50000,100000,active,2024-04-02 16:37:01,2025-03-10 19:34:36
cc7bdebf-59b7-47d3-a3fd-dc8e4b278247,ca00e9a2-74ae-4f29-92b6-e1b6a8b46878,Wallet,QAR,16351.04,25000,50000,active,2023-10-03 12:46:38,2024-11-08 20:56:34
dd7920a3-e07c-42ab-8733-bdbf405f24d6,960a90c1-6f55-4e96-a446-a7ea2cb7c535,Wallet,EGP,9778.52,25000,50000,active,2025-07-13 13:13:57,2025-08-06 14:44:26
713e6e8a-514a-42fa-8bd6-b3d7487e9382,960a90c1-6f55-4e96-a446-a7ea2cb7c535,Savings,EGP,42140.33,50000,500000,active,2025-07-13 13:13:57,2025-10-11 04:48:28
557a112e-4d07-46a2-8d0b-d1f24332a31c,ed7039d9-15fd-4681-a7d7-c35e371f49dc,Wallet,SAR,12443.77,5000,250000,active,2023-04-20 03:30:59,2025-07-22 17:32:30
f28d9394-29bb-4cdc-88a7-672f4d16b5ff,2fd5fa0e-4b90-4fb0-905c-028e75883f68,Wallet,SAR,2687.03,5000,50000,active,2023-08-18 14:17:04,2023-09-29 03:55:34
4d9faab0-7e65-4025-9779-5582bb3c7584,e45ca8b9-6768-49e3-b514-94781593825c,Wallet,AED,18828.2,5000,100000,active,2024-10-11 04:15:27,2025-07-16 03:13:43
ef54b4c3-f99d-4c0b-af32-b2cba5c6b6b6,e45ca8b9-6768-49e3-b514-94781593825c,Savings,AED,66489.36,50000,100000,active,2024-10-11 04:15:27,2024-12-10 03:24:23
d35c2404-2aaa-4726-a4a3-84120687a27a,5e788538-b141-47db-bfd7-68449430ca4b,Wallet,SAR,12538.51,50000,100000,active,2024-02-20 10:55:38,2026-03-09 06:39:31
91a97a31-3d1b-4cc1-b5a9-f121f5a6edd4,5db73cdd-3374-467b-b35b-1c122494d773,Wallet,SAR,14262.12,5000,100000,active,2026-03-17 10:34:03,2026-03-17 18:12:58
8f4d03bc-608a-4624-8bd9-2e974f8addda,a2c3c15f-475b-4ee4-a4d4-7c6193ca64ed,Wallet,EGP,18688.37,25000,250000,active,2024-10-24 16:57:16,2024-12-06 02:41:27
879ce1c1-7d05-4090-a894-5f870ab10bbe,2c4a1ac0-2dc2-47ec-bda3-488a2da5a7e5,Wallet,EGP,18189.76,10000,250000,active,2025-07-29 03:38:53,2025-08-05 07:11:38
5419dd1e-0f81-41d1-a8c6-6168ee2e0d22,e094e635-1a3e-40b1-8f36-15da724aa5a5,Wallet,AED,19564.21,5000,250000,active,2023-07-19 23:52:21,2025-11-23 09:53:32
f80d6c61-81e7-4657-8be2-97bfc9346d79,6dce394f-0841-4119-aa7e-2d57d68bd09b,Wallet,EGP,2108.8,25000,50000,active,2024-07-07 12:44:17,2026-02-23 22:54:46
fdf41f1e-17b3-40e5-9aa3-beeee03cac7e,15d4c209-3889-4b26-9153-1d33d3e53950,Wallet,SAR,20872.54,10000,50000,active,2024-11-23 14:59:40,2026-01-30 21:26:53
7112d858-321e-4a77-bbec-34f5f2e639d6,15d4c209-3889-4b26-9153-1d33d3e53950,Savings,SAR,32954.63,50000,250000,active,2024-11-23 14:59:40,2025-08-14 08:50:38
627dc3d7-a482-4ccc-92c0-8ad665ba7c32,38cc5e55-9abd-418d-91f7-b73f14dcc16f,Wallet,SAR,21347.87,5000,250000,suspended,2024-04-01 11:45:04,2026-01-08 07:33:57
1e49335e-18c2-43fb-8306-8d57b455804d,a2c523b5-d80a-4abf-b787-c74eac8885fe,Wallet,AED,13370.85,5000,250000,active,2023-05-30 18:44:45,2026-03-12 08:17:50
beb096b5-8cbf-4302-b669-297371f413d7,71bc57e1-340f-4a03-99cc-1beaefc6a190,Wallet,SAR,1089.67,10000,100000,active,2024-08-18 14:51:02,2025-09-08 01:25:52
20f120d8-c210-4b12-b001-b1f8065be345,3c45632b-5a33-453d-a355-db97788283fc,Wallet,KWD,12322.24,25000,100000,active,2023-06-23 10:39:17,2023-12-14 04:53:51
a72f7fa8-f4f2-4b8c-96be-0155148e65be,d4084c5e-bd01-4e59-adec-3cdf8e4bd539,Wallet,QAR,11793.15,5000,50000,active,2024-07-24 02:38:26,2025-09-16 07:17:28
b984c80d-cb07-4fe6-8a40-5f32e0e45b23,cb339ca3-87a6-47de-8d9e-833e73cd69ca,Wallet,SAR,2280.45,5000,250000,active,2024-09-24 03:02:48,2025-06-08 22:11:23
487e60a7-0cb1-47bb-8340-ebe36d0b56ae,72ef8cc0-8f5c-4dca-85a5-16eac7c6eaed,Wallet,SAR,3398.97,50000,250000,active,2024-03-29 10:53:24,2025-03-13 05:03:19
fccab3c0-2d1d-4e19-8f15-5ff34ad99db7,72ef8cc0-8f5c-4dca-85a5-16eac7c6eaed,Savings,SAR,80856.91,10000,500000,frozen,2024-03-29 10:53:24,2024-09-23 06:30:03
334c1da5-0ba3-48fa-a64c-91c14329ca74,bcc6c51c-6315-4c1c-a29a-e5abd248b6d9,Wallet,SAR,10618.51,5000,100000,active,2026-01-04 11:40:57,2026-03-13 19:58:16
557de20c-02b0-47f0-8d5a-4735581f58b9,bcc6c51c-6315-4c1c-a29a-e5abd248b6d9,Savings,SAR,89558.75,50000,100000,active,2026-01-04 11:40:57,2026-02-25 06:21:05
8f5f9bea-936b-47a4-970d-4f6110bbe946,e93fce16-bef3-4ed8-b5ec-65a691dd0b6c,Wallet,AED,22652.72,50000,50000,active,2025-10-17 20:09:44,2026-01-20 11:00:22
2842d574-785d-42ac-9dd2-a2043cde87c7,a758e7c1-873a-4e06-9dd7-72a13ba01d8a,Wallet,SAR,3469.35,50000,50000,active,2023-10-21 16:26:08,2023-12-07 08:58:50
d51fa450-fdbb-46a5-a190-a45537fe8644,a758e7c1-873a-4e06-9dd7-72a13ba01d8a,Savings,SAR,89878.18,50000,100000,active,2023-10-21 16:26:08,2023-12-29 18:19:16
8cecac6e-0150-4432-8716-232888d1e165,7c5f75fc-1892-4a14-98c4-1e57d34ec036,Wallet,EGP,561.43,25000,100000,active,2024-07-20 03:15:13,2024-07-28 02:03:30
9f41808b-2341-4128-879b-637961595eb1,e161664e-574c-4c30-8dc7-8cea5c0767bf,Wallet,EGP,20301.71,25000,250000,active,2024-01-10 23:43:24,2025-09-08 23:44:45
e28e4e64-87ae-41e7-93da-176bad980231,a29270ba-6e9e-4d1a-8831-a3647d1aa190,Wallet,SAR,11166.63,5000,50000,active,2024-11-29 09:35:32,2024-12-11 15:31:19
ccfb176c-5d71-43c2-955c-976772cfd395,44bcf1cc-3de4-4c9b-84a3-2d8790be8e7e,Wallet,EGP,17919.5,5000,100000,active,2024-08-05 13:05:14,2026-02-23 04:15:41
4f06f8cc-636e-4029-992f-923647da049e,9291a28b-954f-4f38-aef2-7a6761d89281,Wallet,EGP,18320.06,25000,50000,active,2025-07-23 23:58:17,2026-02-25 17:22:59
1c5fe692-cd5c-44d7-8ff0-d23aae3d4ac3,15eb9529-2778-4206-a1eb-32a4477a4f07,Wallet,QAR,6704.66,25000,100000,active,2023-03-27 13:18:20,2025-12-13 16:40:33
59454d9f-265b-4751-8c52-98dd1f09eacf,037265d8-5a6d-496d-be2e-c4e7d2918a96,Wallet,SAR,233.81,50000,250000,active,2025-07-19 07:57:50,2025-08-23 05:41:21
81f236c9-e3e4-43da-acdd-7e4582ce4646,e35f758a-bdb8-4e3b-89b2-b623f6ae5863,Wallet,AED,16557.81,10000,250000,active,2023-09-07 05:12:55,2024-02-29 19:11:24
5dccc378-5922-41a2-a701-b27bf1a485b1,e35f758a-bdb8-4e3b-89b2-b623f6ae5863,Savings,AED,85155.85,50000,500000,active,2023-09-07 05:12:55,2024-08-13 03:54:32
7a6e24a7-eae1-4c60-b127-85dfabb10c2e,473dc7b5-f0c0-4c60-9492-60f3f3ce7d45,Wallet,SAR,5791.87,5000,50000,active,2025-03-22 10:54:50,2025-11-22 12:14:00
222ffbdf-f75f-48c1-b9bd-5fc91ca729b2,eb4527e0-a26c-4f7b-86ca-ac8278208d07,Wallet,EGP,4590.38,50000,50000,active,2025-10-22 20:57:42,2026-02-18 03:22:38
0f9a2384-586e-4019-b4ff-fc0f054408dc,2ede3ee7-0b49-4bbf-8700-7ead1b97fd61,Wallet,SAR,9979.83,50000,250000,active,2024-12-24 06:09:44,2026-03-18 03:51:19
a76c2492-848a-4640-a040-14b05a9ed8ad,f4589032-5d25-491b-957b-9379286d1f6d,Wallet,SAR,398.31,5000,250000,active,2024-01-17 11:00:53,2025-11-21 18:34:52
d50fea5c-e43e-4fe2-8742-120094a04f2e,2f985969-c941-4635-a19c-55245be99a27,Wallet,SAR,5094.33,5000,100000,active,2024-02-08 14:10:38,2025-04-17 09:58:48
7bee3c1d-d5e8-4d5d-a318-8cf217ceb06a,2f985969-c941-4635-a19c-55245be99a27,Savings,SAR,99695.54,50000,100000,active,2024-02-08 14:10:38,2025-07-30 10:50:45
29bcbb02-a990-432b-8959-4e26e8402d14,1a644a25-6f3b-4944-8f0f-04df4d0a91b1,Wallet,EGP,4661.11,50000,100000,active,2026-03-21 15:49:07,2026-03-21 16:03:46
d6368ca6-b1bb-4f7b-bd90-80eab1f2305d,6cedd8f4-6268-46d9-9dc9-b2254ffcfc6b,Wallet,QAR,23195.53,10000,50000,active,2024-05-16 19:44:49,2025-03-14 18:52:36
29aac2b6-2432-42f7-8583-d23e54bdf96e,af2d62ab-0ee7-4a16-9cbb-03c4dbd72f39,Wallet,SAR,11537.3,10000,100000,active,2025-04-09 20:34:39,2025-10-14 10:20:58
db1b3089-86b0-46d8-8fa2-26b59f5249c4,38aeb60d-2632-4acb-8181-90d7a39e585c,Wallet,SAR,22071.28,5000,50000,active,2024-08-20 19:31:56,2025-11-22 16:16:52
81a49106-3191-4486-9ddb-2f42b71562ea,9684bc22-5e18-4268-98e2-77c4a3670f6e,Wallet,EGP,15567.38,25000,100000,active,2023-09-15 20:58:57,2025-12-03 03:07:24
e4c5c43d-ffa8-48dc-a766-045b79b45b76,c4d228e7-fd2c-4035-ad49-b2ff591472dc,Wallet,QAR,12523.66,50000,50000,active,2023-05-06 02:30:55,2026-03-16 10:14:34
61b4c13f-25eb-489b-ad57-c51eeac2bc9f,c4d228e7-fd2c-4035-ad49-b2ff591472dc,Savings,QAR,14959.07,10000,500000,active,2023-05-06 02:30:55,2024-04-02 23:01:54
6293c851-c3d3-4b65-8707-3997b0fb9adb,f4c7ed0b-c59a-4780-8e64-d535960115df,Wallet,AED,19259.13,5000,100000,active,2026-03-11 07:15:48,2026-03-12 05:35:51
c26ec504-9b8a-4857-a636-fcc1fb0064b5,3fb87b24-bf7f-4880-addb-5f3792d83def,Wallet,AED,14565.33,10000,100000,active,2023-05-08 01:55:06,2025-08-12 21:46:51
47f17439-bc51-4a27-be6e-db79ab0bbb0b,74927e35-5c02-4247-8120-92034ead35a7,Wallet,EGP,12906.36,50000,100000,active,2025-09-24 10:21:57,2025-12-07 00:28:47
d842c073-77be-4c79-aeb6-930f954ec16c,648aa049-feba-4924-89d8-5f3c9c5128ec,Wallet,EGP,6940.98,10000,250000,active,2026-01-14 09:33:54,2026-01-25 08:07:15
ee424230-f778-4fce-be53-222b3266afbd,c710518c-4601-4823-92c0-023c9cddf356,Wallet,SAR,4606.14,50000,100000,active,2025-04-27 22:14:54,2026-01-04 04:29:10
03f0bc42-22b1-47b6-9850-33f3c4aa7378,c710518c-4601-4823-92c0-023c9cddf356,Savings,SAR,3127.46,25000,500000,active,2025-04-27 22:14:54,2025-11-17 20:36:26
80385a49-facd-486e-a3c6-d5cee215396a,f397a27b-e0c0-486c-b3d0-6cbaa2097826,Wallet,EGP,19330.69,10000,250000,active,2024-09-06 20:42:18,2024-12-19 15:46:50
37eaddd7-fb9e-4672-8e5d-1c04d41cf3cc,f397a27b-e0c0-486c-b3d0-6cbaa2097826,Savings,EGP,7856.45,10000,500000,active,2024-09-06 20:42:18,2025-02-15 05:11:03
a9e1b5ec-0833-4992-a7c0-d8c9563d8f43,26f0434f-6408-4835-aa27-5393da009369,Wallet,EGP,8611.71,50000,100000,active,2025-01-20 17:06:36,2025-04-05 00:40:20
08758edf-3da0-42a1-be11-3a9a4906e822,cae55843-fe50-4912-8d9a-5fd28647ceec,Wallet,EGP,3507.37,25000,50000,active,2023-07-11 12:28:27,2024-08-11 06:39:57
9b4b8fef-ada1-4559-a99e-8ab6997a8d02,cae55843-fe50-4912-8d9a-5fd28647ceec,Savings,EGP,71735.82,50000,250000,frozen,2023-07-11 12:28:27,2024-09-10 22:08:06
6d67ead8-8476-49b3-a6e2-a4b5a8e7a613,18665970-011e-4628-9d3d-ab6152c12585,Wallet,EGP,14683.5,50000,50000,active,2024-11-08 16:47:38,2025-06-13 13:49:46
9a10555e-f415-4f21-bc6e-0eb7b7005e7d,18665970-011e-4628-9d3d-ab6152c12585,Savings,EGP,62745.52,25000,500000,active,2024-11-08 16:47:38,2025-05-08 03:54:23
d80eea99-5e8c-4b4f-ac36-b83b4ce99407,484b4216-6e64-44f2-8ccc-79ea0376b928,Wallet,AED,3868.61,50000,100000,active,2026-02-26 17:11:37,2026-03-18 07:13:45
3159761e-8929-49e1-b2b2-cf8c0dc649f2,e59f6465-e077-4e97-a2eb-f5103f28c6e3,Wallet,EGP,6353.87,10000,250000,active,2025-05-26 11:03:20,2025-12-20 12:05:55
1738d9de-fb58-44fb-b723-812bc899fc69,e59f6465-e077-4e97-a2eb-f5103f28c6e3,Savings,EGP,18188.62,50000,500000,active,2025-05-26 11:03:20,2025-10-06 21:29:51
6531b2ed-4b0c-4a73-9d1d-9caf9199e3fb,d4d99242-03aa-49f7-8537-d89103c3ac6e,Wallet,EGP,12424.94,50000,100000,active,2026-01-04 14:58:06,2026-01-12 22:02:49
b1c38308-8279-47de-90b6-52713858616c,2a6d8444-b734-4e0e-864f-968207ccb088,Wallet,EGP,896.95,5000,50000,active,2023-09-11 08:27:10,2025-11-13 13:22:31
28ad4224-12e2-4f0d-84cf-b4f87234a542,2a6d8444-b734-4e0e-864f-968207ccb088,Savings,EGP,35835.21,25000,100000,active,2023-09-11 08:27:10,2025-04-26 05:15:41
065af20d-5169-4010-a055-df692895504e,ae60344f-dcd2-405b-b59d-eee5e53386f6,Wallet,EGP,5010.51,5000,50000,active,2024-03-25 16:54:47,2025-09-17 08:30:08
c6d5c8d7-c577-490b-a138-a6204ea4a363,ae60344f-dcd2-405b-b59d-eee5e53386f6,Savings,EGP,25147.8,25000,500000,active,2024-03-25 16:54:47,2025-05-25 20:15:49
1dd8161d-011d-4f93-aad7-c8ef441bb973,c4c9eb8d-8636-4d69-a1b5-1317c201e867,Wallet,EGP,20416.91,50000,100000,active,2024-05-03 00:57:54,2024-05-23 15:54:45
787899e0-a7f9-4d5b-b558-7adec9f0c6a0,131a5493-203d-40d4-99d9-fc07c954a0d6,Wallet,EGP,21005.09,50000,50000,active,2025-03-07 08:57:50,2025-07-14 07:47:45
fc9c41b2-9bbc-427a-af4d-7d2f174a101d,c9aee01d-73c4-4d82-ae21-e316fb17ab32,Wallet,KWD,11603.94,50000,250000,active,2023-05-13 22:45:31,2024-03-13 19:00:14
530ed0fa-636b-4eee-8c76-c22f01a6a9ff,b7009bb3-3582-48dd-8edf-ed1b70dd5bec,Wallet,KWD,2055.18,25000,250000,active,2026-01-11 01:59:18,2026-02-21 00:22:22
db60c7f9-b618-433f-9f8a-75920fe682a8,b7009bb3-3582-48dd-8edf-ed1b70dd5bec,Savings,KWD,37715.44,50000,100000,active,2026-01-11 01:59:18,2026-01-12 10:29:09
3b006258-3083-441e-a517-14d96c0d03ec,f1d899e8-1a73-4535-a741-7cb3fd35fa8a,Wallet,SAR,22010.15,5000,250000,active,2025-02-03 11:24:36,2026-01-18 02:27:48
e5759c74-7946-4f22-81e5-9b598a0309d8,aa120597-35e0-4d4a-b844-6cde512ca418,Wallet,SAR,12060.9,50000,250000,active,2023-07-09 10:45:05,2025-03-21 23:42:11
9d4e9a07-2535-4f48-81d8-a2b6ddab8db2,dacd6a5f-99a6-4eb8-ba63-47b16003b09e,Wallet,EGP,2936.47,25000,100000,active,2025-01-27 10:59:52,2025-05-13 22:07:58
de74e4e8-a4b7-473f-8f5b-17ed54b7d890,196ba7b9-e40b-42d4-8fb0-162eb3028ff4,Wallet,EGP,5573.6,25000,50000,active,2023-07-25 01:14:09,2023-08-15 09:25:51
c13f9501-9846-4435-95d0-3e43eb7ed4d3,196ba7b9-e40b-42d4-8fb0-162eb3028ff4,Savings,EGP,19109.23,10000,500000,active,2023-07-25 01:14:09,2025-03-30 02:49:24
f9074866-ac54-4793-a4d2-0fb21cd6bfe1,c84bcee4-1de4-4f4b-adc8-d0695f1c2695,Wallet,SAR,10254.34,25000,250000,active,2024-11-14 23:53:38,2025-05-25 20:09:32
cc0ea384-02b5-4820-a9ca-ef891c677f75,a1c7be3a-d549-4579-bc3b-7fb7de8da950,Wallet,SAR,14699.86,10000,100000,active,2025-09-07 01:09:48,2025-11-22 10:34:10
f73f6e57-ae19-4f67-96e7-91f5d93402ed,00a8c734-0adb-4d26-9f72-28780a60c1fd,Wallet,AED,14589.8,10000,50000,active,2023-09-15 10:31:00,2024-07-10 11:27:50
9ed60ecb-ad3c-4665-bdad-066ba17434e9,3ff51374-8dec-43be-92b7-93680294fc35,Wallet,AED,9372.99,5000,250000,active,2023-06-28 02:30:18,2025-11-27 15:52:08
9fdd3bb9-a3aa-40dd-affd-5c4ffa649dfc,3ff51374-8dec-43be-92b7-93680294fc35,Savings,AED,97635.29,10000,250000,active,2023-06-28 02:30:18,2024-11-04 18:29:51
a87366bb-8077-416d-91c1-af5f02c64672,01f3a085-8873-4a8a-aee5-fc07f0fbd3ec,Wallet,AED,14096.71,10000,100000,active,2024-04-03 13:19:08,2025-03-01 00:54:23
151b3b36-7f51-4757-97fd-adccd103d4c6,1a00532d-c969-4456-82ef-e12f4113b719,Wallet,AED,18748.02,25000,100000,active,2024-12-21 03:13:51,2025-09-07 12:13:57
f410ca24-a0b2-4c23-8e50-aa9778265507,341ffd04-15dc-4c12-9fbf-a4c87557b2db,Checking,QAR,23906.48,5000,50000,active,2025-11-19 05:52:10,2026-02-08 23:24:08
4aea4672-5ed8-4fbd-88d1-e42c5784bad2,341ffd04-15dc-4c12-9fbf-a4c87557b2db,Savings,QAR,49794.33,10000,500000,active,2025-11-19 05:52:10,2026-01-22 05:16:25
bacf407d-a227-4fe0-bf5a-3bd4e72f8b17,d7bd82e7-8154-441c-8b12-f644642c5346,Wallet,EGP,16762.32,25000,100000,active,2023-08-31 06:41:25,2023-10-31 01:31:44
7f1c72ce-7601-4da9-82af-9a5aeae61b4c,d7bd82e7-8154-441c-8b12-f644642c5346,Savings,EGP,79479.6,25000,100000,frozen,2023-08-31 06:41:25,2025-04-29 03:41:44
9f369a19-4750-4c87-a828-6a71d3d5b1ad,0072c93e-12f6-4cd6-9189-5fc61c5827ba,Wallet,AED,11578.71,50000,250000,active,2023-09-09 03:38:26,2025-01-28 03:28:56
9126e754-ed8a-4f79-9fc0-14cb8ac48268,0072c93e-12f6-4cd6-9189-5fc61c5827ba,Savings,AED,27645.04,25000,500000,active,2023-09-09 03:38:26,2025-09-05 16:23:25
3493ecea-eb0d-4ee7-87d1-6bec6a30ba00,7fe6b8da-c6e1-42c6-8248-6bcde6fe38bc,Wallet,AED,2755.38,5000,250000,active,2024-11-12 18:18:36,2026-03-20 04:03:15
2b545a98-894b-40e3-9b59-42017d100e00,7fe6b8da-c6e1-42c6-8248-6bcde6fe38bc,Savings,AED,13119.45,50000,500000,active,2024-11-12 18:18:36,2026-01-16 17:21:20
ebbd0fd4-2eea-4527-98d4-ee69cbc91fd1,40485e51-b8ea-47e4-ba7e-6d6ccbe0d275,Wallet,EGP,20244.63,10000,50000,active,2025-12-07 03:55:27,2026-03-21 13:02:08
2fc230db-ae1d-47b5-b110-5f20263489f0,37f532d7-b8dd-4811-b118-f22f5a91aa44,Wallet,SAR,5872.02,10000,250000,active,2025-08-29 06:42:18,2025-12-08 09:07:46
cd6646f7-3c19-4f86-9bf8-5474a0dad8f2,bac7537a-f24d-4a31-892f-de77b25b792e,Wallet,AED,7636.34,5000,250000,active,2024-03-27 10:28:54,2025-06-27 01:57:14
3e614874-050b-41e2-8b28-1236bb4ff9a9,dc4271b1-e899-4014-b091-ac9801cc293f,Wallet,EGP,8043.89,5000,250000,active,2025-11-20 13:12:58,2026-01-30 18:37:43
b5d74e0f-13d9-49c6-a07c-1624568cfd0b,dc4271b1-e899-4014-b091-ac9801cc293f,Savings,EGP,57505.75,50000,500000,active,2025-11-20 13:12:58,2025-12-21 10:55:43
01f9df52-7b10-4365-a062-5d585f9030a1,dd907165-f961-4749-922c-63e8ec116272,Wallet,EGP,1804.73,25000,250000,active,2025-03-13 23:12:08,2026-02-03 18:11:51
0bc5262b-31f7-49d8-a378-2347cf21a155,d46e0f57-9760-4b06-9c5d-46a1468646c8,Wallet,EGP,18097.67,50000,250000,active,2024-05-10 09:24:46,2024-06-12 00:55:16
0d4bf329-a2c9-42c1-8f9c-3f75ca013a9c,074b5e32-555a-45d4-a124-6915a809f31e,Wallet,SAR,18567.09,25000,50000,active,2024-01-08 15:55:12,2026-01-27 02:20:33
74d1b07b-7a65-4bfa-9ab8-f2a46a5c6690,83b2330c-d3eb-431a-aecf-a22499f787e4,Wallet,AED,15063.87,25000,100000,active,2024-12-28 03:12:06,2026-01-11 10:43:52
5b045494-ed9e-4c80-b7d7-9462597fa5ae,11e22469-4fb0-4fec-8284-e7cddb71e9a7,Wallet,EGP,-15767.36,5000,100000,active,2025-03-02 13:19:54,2025-12-04 16:09:26
0ff3f00d-b863-4320-b9ef-39d3f9a7d07c,90dff709-a4be-4cfa-b3b1-dbfd4d302409,Wallet,QAR,711.15,25000,250000,active,2026-03-02 09:15:19,2026-03-16 21:44:19
ef0783a8-fd22-4753-b607-95ff1bca7068,6b00d863-e5c8-4753-a29a-b613e1ecf04b,Wallet,SAR,24138.09,10000,250000,active,2025-06-28 01:14:28,2026-03-10 16:05:43
0bf0c600-b284-4528-bb31-7cf7372dff34,43739e86-43cc-434e-b2bc-b25f3b0f8697,Wallet,SAR,17839.81,5000,250000,active,2023-05-23 07:54:52,2023-11-05 06:02:39
ecd9b37c-c288-403c-a443-099f31dee16f,76206117-eadb-4c1c-a309-2e9d8ae033e4,Wallet,EGP,8956.59,50000,100000,active,2025-07-05 11:03:17,2025-10-21 11:03:57
f807617b-a075-4ee6-bd26-ffdc26cfb3b1,dede489d-707d-463e-be68-9b09eec971b3,Wallet,AED,20843.77,5000,50000,active,2024-09-17 21:03:17,2025-05-13 21:50:16
7021bf9d-95e1-4000-b570-d16bfb23f4f9,80b26f04-d2f2-4363-b41e-07cbc5d8e3d7,Wallet,SAR,13573.81,50000,50000,active,2023-07-02 18:33:52,2024-07-12 13:29:11
99ee7303-c89c-4022-b30a-790b3c2b55b4,5ee65cdb-15f7-411f-8128-8b926a2c4fbd,Wallet,KWD,20211.16,5000,250000,active,2024-07-03 04:42:03,2026-01-22 15:05:49
5f37b067-63b9-4f85-98f9-1ca1d93da2b5,1a02fbdd-a82d-4f64-93bf-b0cf98dbb535,Wallet,AED,8253.05,50000,250000,active,2023-09-23 11:27:14,2024-12-14 10:49:33
b546a7af-523a-46f2-b9ff-51d0a981b003,f81b587f-a9e8-45c2-b962-e78b462e947b,Wallet,SAR,965.45,5000,100000,active,2024-09-27 05:53:08,2025-12-11 23:04:30
9cfb0d4f-ae3c-48b0-86c5-755506d8a816,17d30a50-569c-4575-b5b8-1305b0708c05,Wallet,SAR,20905.01,50000,50000,active,2026-02-18 20:47:01,2026-03-19 22:41:22
93a01281-bde2-4867-be61-edcddfd847c0,26fc3baf-02eb-46fa-a781-e51df50b77e0,Wallet,SAR,2023.09,10000,100000,active,2025-05-12 01:03:51,2025-12-04 08:35:39
6331781e-d010-4c9a-af30-599c66aa163e,3c4a5843-9049-4bd2-92fd-e5663f80599c,Wallet,EGP,593.71,10000,50000,active,2024-07-07 09:02:32,2024-12-19 15:23:49
2fe3f791-0375-4afb-88a6-373cde3b0d6d,4915d028-9038-4262-915d-1bd5ba94a40b,Wallet,SAR,24418.58,50000,100000,active,2026-01-10 00:18:02,2026-02-23 05:30:11
24f9a90d-0e96-49cd-8c76-41d021b90606,7463fc82-ce68-42c9-a7e6-eab9a35d425f,Wallet,SAR,17639.12,50000,50000,active,2023-05-06 12:26:55,2023-05-25 16:12:03
1e0bbc44-24bd-4445-a2a0-b4dc061a36d1,7463fc82-ce68-42c9-a7e6-eab9a35d425f,Savings,SAR,14853.12,10000,250000,active,2023-05-06 12:26:55,2025-12-16 16:39:12
f0bbe29e-b157-425c-a3a4-f1438cce9b82,9b990e71-1431-4a55-b5ef-6d45c1fd879a,Wallet,SAR,2970.29,25000,250000,active,2024-02-17 12:39:41,2024-04-21 21:05:01
3f434e3b-5173-4a2b-a155-19ce64263a6e,9248a41c-d7c5-4443-9089-8a6ce820fd50,Wallet,SAR,-18133.32,50000,50000,active,2025-03-14 19:39:50,2025-05-26 16:20:17
b29d05c3-241c-4138-8c45-e1a9abdf40ed,a8933434-5984-48ea-b47a-3ec41bf274d9,Wallet,SAR,22676.79,5000,100000,active,2025-07-29 13:04:15,2026-02-04 19:25:37
c1f2e5a2-4b38-4c4a-9a50-7dd3adce2844,a8933434-5984-48ea-b47a-3ec41bf274d9,Savings,SAR,65942.81,25000,250000,active,2025-07-29 13:04:15,2025-11-26 16:06:20
c9a40bb3-410f-4611-aa81-b495bc8c91f6,43924e6b-1b16-437d-95b4-cb0563871560,Wallet,EGP,3640.11,10000,100000,active,2024-12-03 09:56:44,2025-06-07 02:51:14
7613e442-9222-4a30-ad6b-5df97c8e18ec,51de8f65-de38-47fd-827b-eda0f0f0c790,Wallet,SAR,9234.14,25000,250000,active,2025-04-12 18:17:02,2025-11-03 19:28:11
ece44f5d-5295-4494-9cd9-20f35130fc0c,6ff7b485-f45d-46f0-a616-8214dcde4b29,Wallet,EGP,4161.54,5000,100000,active,2024-07-04 09:01:30,2025-12-10 02:49:41
22f718f9-4bcb-4d51-9b01-6db15e6239ce,bba7038e-5194-4391-af78-346177305dea,Wallet,EGP,7139.21,5000,50000,active,2025-01-18 16:18:12,2025-07-13 19:08:34
e4dded84-582e-4941-a520-4b276a575c80,bba7038e-5194-4391-af78-346177305dea,Savings,EGP,73012.48,10000,250000,active,2025-01-18 16:18:12,2025-09-28 17:04:10
d5b3b7fb-926c-4a7f-9a17-b0f96a39a35b,cedc55ea-4343-4ca0-b2a3-6bdc8f9ca8a3,Wallet,EGP,15073.18,50000,250000,active,2025-04-17 07:13:35,2025-06-17 11:52:29
4ad7e45b-5349-4607-bfab-ddcfc4b87d10,cedc55ea-4343-4ca0-b2a3-6bdc8f9ca8a3,Savings,EGP,80218.83,25000,250000,active,2025-04-17 07:13:35,2025-08-02 00:53:22
87d63541-9ce1-4b04-b43d-37b6fc437e58,2b1d73e0-5034-4a4f-ac34-6a8134e0936b,Wallet,SAR,14391.18,5000,50000,active,2023-05-04 18:59:07,2023-05-16 12:01:00
0bbfd08c-ed08-4d15-ba6e-829bd748d13f,4fc9b68a-9d74-4298-b264-224bc923224a,Wallet,EGP,10202.13,50000,50000,active,2023-10-07 05:09:35,2023-11-10 17:19:23
bd60c56e-bc08-4b44-9f63-ab535bc64046,163653ba-4d4f-43f7-a052-1c32faf9a2e1,Wallet,EGP,10523.91,50000,250000,suspended,2023-12-10 19:25:07,2024-04-22 19:05:37
2fff9349-7b27-4e3d-99c5-d1f5dd215644,db16f5bb-60c1-41c2-a2f0-1ef411ef8f9b,Wallet,EGP,11440.82,10000,100000,active,2026-02-27 06:51:54,2026-03-09 08:06:42
d75bfc57-cc21-4305-8702-fe072ff17f60,00049f54-5ab0-4741-8d84-fe7950023442,Wallet,USD,23480.93,50000,250000,active,2024-03-06 23:13:45,2025-03-08 08:25:12
dd1b4185-e06c-4979-868a-b7e9da4ab4c9,00049f54-5ab0-4741-8d84-fe7950023442,Savings,SAR,86430.93,10000,500000,active,2024-03-06 23:13:45,2025-05-15 01:05:27
1ef3d88f-e7fb-418c-8e89-0f7bbec10462,0a7e7415-cf23-4175-9fd3-cd106ff373f2,Wallet,SAR,-23160.06,50000,100000,active,2026-01-15 17:02:53,2026-03-15 21:36:00
605fcd4f-cf0c-4de0-b61b-99242d8ca3d3,81d2a78c-9261-4956-8926-7260eb18c178,Wallet,EGP,18493.9,25000,250000,active,2025-06-10 09:12:40,2025-09-11 18:01:41
2089abe6-d278-4cf9-83bb-716fb6a95d04,4c5556a0-18c9-4553-9a3a-0985c4a4924b,Wallet,SAR,7178.33,10000,50000,active,2024-01-14 04:44:14,2025-01-10 16:03:14
47a7fd76-fd51-4ec2-9262-b589be22bc7c,a04a111f-8264-4667-8eae-03d05c9a39ae,Wallet,SAR,15730.81,25000,50000,active,2023-07-30 10:42:35,2025-11-04 15:15:17
d8450e37-85a4-4b79-902d-47f2dedc2cf4,583c71fb-cf9a-43d7-ba45-e04f9193915f,Wallet,KWD,24398.81,5000,250000,active,2024-07-20 22:22:25,2024-12-24 21:57:28
1bf38657-b690-46f2-8b54-50d1289d7a44,f3a6731d-d0ef-4579-badd-504ccff26986,Wallet,SAR,10804.3,25000,250000,active,2026-03-12 21:13:44,2026-03-18 18:32:52
3d744b75-4fb5-4baa-bec2-a73102399bf5,2c872226-df60-4e12-9a6b-1636c98b8270,Wallet,AED,19161.07,50000,100000,active,2025-07-27 16:46:46,2025-11-21 12:45:36
69fa584b-c5a8-40a0-843a-94fd02d147fb,673624fa-4dde-4fe9-b35e-a786007f6dfa,Wallet,SAR,837.63,10000,100000,active,2025-12-08 15:20:13,2026-02-09 16:27:13
d4cf98ff-36fe-41b5-917e-4627a8c658e2,41f584a5-6e67-40b5-9fda-6e4890df79a7,Wallet,EGP,24953.07,25000,250000,active,2025-12-17 03:39:46,2025-12-31 03:39:50
308b8658-4b65-4389-93c5-ed82780b4eed,1c28d186-eafb-499f-931b-dc1d69119f63,Wallet,EGP,11461.26,5000,50000,active,2026-03-06 00:54:03,2026-03-15 15:28:56
d2708ffd-fc5d-421e-8587-89f26c34befc,07cd1690-874e-4b63-b3a6-9d2ebc9c3883,Wallet,AED,8333.85,25000,100000,active,2025-04-03 04:20:50,2025-07-29 04:29:04
065a22a2-5cda-4496-b76a-89cf81c864e7,d03b15c3-712e-4cf2-8d6d-5252abd2dade,Wallet,EGP,9590.28,10000,250000,active,2026-03-15 10:30:01,2026-03-20 07:01:23
700f6f43-2447-4161-89c5-1609e21e846d,d03b15c3-712e-4cf2-8d6d-5252abd2dade,Savings,EGP,32914.53,25000,500000,active,2026-03-15 10:30:01,2026-03-19 22:19:28
8d027c76-6c7a-431d-8bbb-4a53f332aaff,420f8bd5-9be0-48aa-b11a-170a94f7ad9a,Wallet,EGP,23488.14,10000,50000,active,2024-06-11 09:35:24,2025-07-20 01:18:24
25ec7afc-740c-4e4c-9f3a-b7bc5ceb2dd8,420f8bd5-9be0-48aa-b11a-170a94f7ad9a,Savings,EGP,34019.03,50000,500000,frozen,2024-06-11 09:35:24,2024-07-13 10:11:39
c0cb7069-3d2f-42d2-a2de-bdc350c80a2f,de51f01b-ad49-4a3f-9342-21b9912eab26,Wallet,SAR,23937.43,25000,250000,active,2023-08-02 06:09:33,2025-03-02 20:21:32
809c1821-b367-4a02-b420-cb1b246dafd5,de930355-e171-45a4-b780-b5aac7f13a1c,Wallet,EGP,5790.79,5000,100000,active,2023-03-30 09:27:42,2024-05-27 17:08:59
df679578-05f8-4622-bd29-f58ebc7b705e,bdf109ec-e828-4dc2-be8b-2cb787ebaaee,Wallet,AED,3012.77,5000,250000,active,2023-10-12 23:54:23,2024-02-11 03:37:45
da8258bd-4fbd-4392-b7c8-1cfc0e685031,fc6bd98e-7a78-4344-add3-6f27591f7e1b,Wallet,EGP,12096.09,5000,50000,active,2025-04-23 05:38:27,2025-05-11 00:29:11
207482b5-09d0-4074-8c70-5ebf4e6493f2,7b678eef-eb72-49e5-a5e3-c44140d6a84d,Wallet,SAR,3409.57,50000,250000,active,2023-05-24 10:24:53,2023-10-02 16:19:15
fb5500b3-5167-4543-b72b-03053067b560,0e5c92e8-43ea-423c-8d56-05531128985d,Wallet,SAR,5703.91,50000,250000,active,2025-06-16 04:51:55,2026-01-15 09:26:05
d5d3fac5-c6d5-4772-953a-0a4155fae916,0e5c92e8-43ea-423c-8d56-05531128985d,Savings,SAR,91806.77,25000,500000,frozen,2025-06-16 04:51:55,2025-10-29 12:53:59
a31dabb9-789b-4b8e-8566-3f39deead07c,4cdc3f44-d98a-4583-8c4b-27cfe7e3f609,Wallet,AED,4830.01,10000,100000,active,2025-09-30 03:07:48,2026-01-09 08:30:56
9f088489-4966-40d3-bcd4-cc749a82afa4,24fe5bfa-7060-4a3d-afbd-9e08cd8f9612,Wallet,AED,1222.5,50000,50000,active,2024-04-21 10:47:22,2024-05-09 00:19:55
f226f1e7-b4bf-4d60-a313-8fc715618b70,b18cc0ce-1fda-4204-8977-afe8e8bb44c9,Wallet,AED,19492.31,50000,50000,active,2025-04-20 16:03:34,2026-02-07 06:51:53
7d224d4c-0eae-4e58-be57-89087117c7be,f10ecb14-5877-4175-bdef-f3ce1c9d2236,Wallet,EGP,16843.67,5000,250000,active,2024-06-15 15:47:02,2025-04-22 21:43:54
ce5b4680-d869-4b36-956e-3df23f68fd43,639ce08b-4184-45d2-9c23-122ac60fade3,Wallet,QAR,1286.57,50000,250000,active,2023-08-15 20:13:19,2025-12-18 00:39:45
c92d353a-f5b1-47d8-80c1-6b8c998c2e5d,639ce08b-4184-45d2-9c23-122ac60fade3,Savings,QAR,50551.75,10000,250000,active,2023-08-15 20:13:19,2025-09-28 21:05:09
6d663782-5117-40a1-86a6-7a8578c508bf,bb076d47-0ca5-4322-bb4f-0c26ee7d379b,Wallet,QAR,22566.84,50000,250000,active,2025-09-19 06:18:18,2025-11-26 07:49:59
2bc20607-37be-4235-94c0-ab9bbb5581ce,bb076d47-0ca5-4322-bb4f-0c26ee7d379b,Savings,QAR,76007.25,25000,100000,active,2025-09-19 06:18:18,2026-01-29 04:47:38
2aabf6d6-df9b-4c82-bf9e-f1cd5f94a226,46745171-b610-4ee4-a59d-5421ae0513e1,Wallet,QAR,13757.19,5000,50000,active,2023-09-19 07:40:14,2024-05-24 22:39:57
39c6040a-cc3e-4cfc-a92a-423c893faf36,8268cbd9-fdf5-4774-b634-2a7d3c045524,Wallet,EGP,2175.62,25000,100000,active,2024-02-10 02:13:48,2024-02-19 04:37:19
d3863cb6-633a-4324-8755-be2aa3500672,70a677b3-98ce-488d-8dea-fb4d74e5f4a6,Wallet,SAR,14228.16,10000,250000,active,2024-01-28 20:01:48,2024-09-30 19:42:33
f48176bd-cc22-4736-971d-9f2569fe8097,70a677b3-98ce-488d-8dea-fb4d74e5f4a6,Savings,SAR,52580.64,10000,500000,active,2024-01-28 20:01:48,2025-03-06 00:47:51
361e5767-863f-4f7d-aeed-79924bb749ec,8125d73c-bab0-4751-b92b-5e5e68a063ed,Wallet,EGP,16662.52,25000,50000,active,2025-06-19 18:22:11,2025-12-27 05:55:29
1f7646ef-18f4-40bc-a106-1ad8eb66bd9d,6aeb94c8-0185-4b64-be27-1aa5af00a1ee,Wallet,EGP,21451.89,5000,250000,active,2025-05-18 15:37:46,2026-02-26 02:30:19
701c66d4-05a3-4388-ae28-1c197b0c15f8,79f56e44-cb86-4b84-b843-b0114ccd1596,Wallet,EGP,21747.55,50000,100000,active,2024-12-27 06:36:38,2025-11-16 14:59:15
d64c3939-94cd-4163-b8ed-295604c5050f,b786d70e-433a-4688-8261-82766b60137a,Wallet,AED,11915.91,25000,50000,active,2025-04-15 14:36:08,2025-04-28 23:55:17
d4902584-8147-4ed6-8596-dd8ca389477f,038df9ee-0580-4ced-a3f0-22c045d3b90c,Wallet,EGP,11260.18,50000,100000,active,2025-11-24 14:56:15,2026-01-14 22:24:21
e6672946-2c40-4335-9694-3ba77dea3342,038df9ee-0580-4ced-a3f0-22c045d3b90c,Savings,EGP,12127.0,25000,100000,active,2025-11-24 14:56:15,2026-03-10 15:58:30
bb280341-2473-46f8-a1d5-d6121dad0046,f09e3e69-b9d5-4365-9a7c-1fa0e5fb8910,Wallet,QAR,5917.29,5000,50000,active,2025-05-14 14:12:06,2025-06-10 02:51:43
6983939a-2c41-47be-bab2-9392e4ab93c6,6bb973ef-c932-434c-bedd-01bcca43b74e,Wallet,SAR,16664.7,25000,100000,active,2025-02-06 14:07:09,2025-02-06 15:00:32
3b13e32f-1f83-4b8f-a2f2-203866fc1a37,fe911f75-e651-4dfa-89c5-7afa771e2650,Wallet,SAR,4984.88,50000,100000,active,2024-09-06 16:42:22,2025-05-08 03:31:35
a0945989-9861-42f2-b1e8-9806fed6780b,fe911f75-e651-4dfa-89c5-7afa771e2650,Savings,SAR,84716.72,10000,500000,active,2024-09-06 16:42:22,2025-07-06 18:30:45
7252bec0-d16e-4a44-b10f-33ae217f4ec0,71bba6a2-9a91-49d6-ab85-b6a4ee76f569,Wallet,EGP,6325.89,10000,250000,active,2024-11-16 21:36:09,2025-06-05 07:12:27
6d3935e4-7560-49e9-bb30-dbfc2a335542,843cbae5-468d-4052-8728-23659f53ead5,Wallet,AED,3941.03,5000,250000,active,2024-07-06 05:22:19,2024-07-15 06:46:58
f026979b-7ba2-4695-ac6e-34c0f644cdc4,0acd5afc-73ce-48fe-bad0-11b6be32db07,Wallet,EGP,11712.66,5000,100000,active,2024-06-28 20:38:03,2024-11-20 05:47:53
cda7737c-1a1b-474a-a184-3468e53e6f5c,85294439-cfcd-4250-bf56-a96b0f937320,Wallet,AED,4306.23,5000,250000,active,2023-07-27 08:48:05,2024-01-02 12:27:41
baeac0cd-1fb1-4c4e-ac83-addb6a51d870,85294439-cfcd-4250-bf56-a96b0f937320,Savings,AED,51820.38,50000,100000,active,2023-07-27 08:48:05,2025-07-11 01:13:46
252301ed-c992-4ebe-a0f2-634d270bfa76,dc976839-bf4d-47c2-92f7-9e3215f59a07,Wallet,EGP,13264.74,10000,250000,active,2025-02-02 16:57:34,2025-08-20 16:00:55
b364bcef-67bc-4582-85fd-b6b5ac663e97,2e29ad14-c4d6-4d0d-aa73-c12bffefdf4a,Wallet,USD,898.33,50000,250000,active,2023-09-09 11:13:12,2024-06-30 23:01:34
8f517388-a256-4584-943c-41cc41dff3d2,db138304-11dd-480a-a626-d06ef5c0e559,Wallet,SAR,9119.84,10000,100000,active,2023-06-05 15:25:55,2024-09-25 07:48:40
ee52f711-f4ac-40f6-ba29-11ce17363d81,6aeb56e0-3129-4ab6-b924-8071b50e3ba5,Wallet,EGP,1637.92,5000,250000,active,2024-10-28 04:33:47,2024-11-20 12:55:36
261af132-0a57-4753-b397-19064b16a8f1,9b4584f4-5a0b-475e-8f25-ac111bbfbc40,Wallet,QAR,9551.47,5000,250000,active,2025-12-19 11:06:12,2025-12-22 15:06:41
22532d36-4fe3-4a15-92c2-6d7da42709dc,1b5ec7f0-e2fd-49a9-bc6d-a4fe623b62a5,Wallet,EGP,4387.56,25000,250000,active,2026-01-07 15:05:34,2026-01-24 21:39:09
8fe1e593-62db-4009-8dbe-3841f0ca5a04,ebfc0a24-12bc-45be-b803-924033155753,Wallet,EGP,20476.76,50000,100000,active,2023-12-27 11:24:57,2025-06-24 14:37:59
4996e105-a8fa-4212-8591-cb8cb74e9708,3fe0f8f9-5435-4875-9ae4-d14a71274598,Wallet,EGP,18299.58,10000,50000,active,2024-12-13 17:57:20,2025-11-14 19:26:39
7f99d44f-5a84-41fd-b822-24c9d6ffd80d,cf30f2dc-8db6-4e83-891c-93a78b234543,Wallet,SAR,8272.54,25000,50000,active,2025-05-20 04:21:54,2025-10-31 19:11:40
9b95ae03-d740-4620-9112-8e15a8ed8301,1bab4778-21fa-4e03-a78a-016ec15c1a86,Wallet,SAR,2336.48,10000,250000,active,2023-09-16 20:08:03,2024-12-02 07:02:57
1fa9ebe1-4bda-4e42-ae8a-364611632cba,1bab4778-21fa-4e03-a78a-016ec15c1a86,Savings,SAR,97963.12,50000,100000,active,2023-09-16 20:08:03,2025-07-19 07:04:44
c4ac2e62-246d-4d81-a368-5b332b91ee8e,499afa15-6ba2-4693-b962-4fa4f701df82,Wallet,QAR,11156.48,50000,100000,active,2025-08-20 19:19:21,2026-03-13 05:44:07
6d042e8f-eb75-4708-9d00-2773460e6781,499afa15-6ba2-4693-b962-4fa4f701df82,Savings,QAR,53279.6,50000,500000,active,2025-08-20 19:19:21,2025-09-23 04:01:04
5b801ff0-73d2-481f-af75-a9d88dfdbfb8,110f860c-6e4e-455b-b3f1-5433bc2e980f,Wallet,AED,18570.4,5000,250000,active,2025-12-30 13:23:17,2026-03-21 13:29:44
c12745ad-ca82-4c34-a5e9-30bb44adeaa9,a39f6c07-7419-40a2-9c7b-35dfb2c0614a,Wallet,SAR,6966.22,25000,100000,active,2023-10-25 00:07:44,2025-02-01 03:52:18
78250fd7-3ba7-477b-8e65-ab49dd0e9973,a39f6c07-7419-40a2-9c7b-35dfb2c0614a,Savings,SAR,65594.48,25000,100000,active,2023-10-25 00:07:44,2023-11-18 04:01:01
35691cd0-398c-485e-8b40-4a7fab3a8615,165338cd-70a2-4a3e-8b1f-fd80015c88cd,Wallet,KWD,22738.63,50000,100000,active,2023-03-28 17:07:53,2024-12-24 21:15:43
8bb37533-d3da-47e5-ab5b-1b306cd6bb97,78e23c36-ab2d-4863-9154-010a4e072ad6,Wallet,QAR,13730.85,10000,100000,active,2024-10-17 14:06:32,2025-03-20 17:56:09
17d9a743-3584-4c16-90a6-861feffefb14,78e23c36-ab2d-4863-9154-010a4e072ad6,Savings,QAR,64026.75,25000,100000,active,2024-10-17 14:06:32,2025-01-15 11:38:25
bf8b268e-6b27-4924-a06d-eec7751d5b68,c6253eb0-39d9-448c-ae43-ea38985a7eef,Wallet,AED,16016.76,25000,100000,active,2026-03-19 18:23:25,2026-03-21 16:32:43
a1a51227-fd44-4798-9a86-aef624006f10,9057ca1a-2fd2-448b-839d-4eebb6c4552b,Wallet,SAR,21164.65,25000,100000,active,2025-09-20 17:57:17,2025-12-20 15:04:44
a80041f9-c4e7-4a04-99d0-f04927724556,0dd6d704-aa9b-4e59-8e7b-6517177e23f1,Wallet,AED,18259.92,5000,100000,active,2024-05-20 18:22:38,2025-03-11 11:20:53
8b2ff67b-9c14-4e9e-8b9d-54748024ee13,661ab405-08d0-4f7f-b6d0-7c1e1b703157,Wallet,SAR,5588.32,50000,50000,active,2026-02-25 05:50:18,2026-03-18 23:57:39
768e6092-73fc-4db9-a6ce-fe81b23011a5,1c77aa76-b4cf-45bc-b2d6-53ab6420664f,Wallet,SAR,5806.77,10000,250000,active,2025-03-26 17:48:08,2026-01-21 16:02:18
d4f1fba7-3964-4a33-aabc-d858e7073796,cafacf20-e721-4232-bfb2-0f3b9eb22819,Wallet,EGP,18077.5,10000,50000,active,2025-02-05 13:30:07,2026-03-08 06:32:24
46324995-269c-4f20-8ca5-2062d52c5a63,dca07fc8-dd8b-47b0-91c2-e819248aa250,Wallet,SAR,5068.83,25000,250000,active,2024-11-07 11:09:56,2025-05-14 23:31:01
8a68f48d-2301-4ac4-8c47-85c43fa1677e,dca07fc8-dd8b-47b0-91c2-e819248aa250,Savings,SAR,1378.55,50000,250000,frozen,2024-11-07 11:09:56,2025-04-05 04:25:47
d5bf05b3-6e5a-435d-82d3-2b34f2074724,3b4d166a-ec14-4bbc-80ec-cba9c812d428,Wallet,EGP,10353.12,10000,100000,active,2025-01-04 01:52:06,2025-09-07 10:55:50
e9baf9bf-1ad6-42db-bfcd-5d10ab9de23d,4f0922bd-9f29-4b9e-b9e0-ddf4a9d42ab6,Wallet,QAR,1094.85,25000,100000,active,2025-03-20 10:42:15,2025-12-19 12:33:19
c8720a50-ecf3-46d8-b4bd-938879f28548,2e50e73a-d3cc-4237-8830-e4a65f7ca89d,Wallet,SAR,10519.47,10000,100000,active,2025-12-11 03:12:11,2026-02-20 20:53:33
edbf5da6-0ecc-4b8f-bc35-d02a654e2faf,780b5700-5bb3-4627-8ca3-91b07110e671,Wallet,EGP,4108.38,5000,50000,active,2025-04-30 11:13:31,2025-09-28 11:58:58
7c4402d4-2f8e-44f1-a031-5ed5334709e0,31f05f01-501d-4a77-901d-f0618a12a2b6,Wallet,AED,4255.75,25000,250000,active,2024-09-28 00:34:18,2024-10-14 01:14:04
356cfd24-77b8-48a0-aebd-4ef2fefa0d1c,152b4f3c-becb-4108-819a-e27b7f26ceb0,Wallet,EGP,2504.66,10000,50000,active,2024-01-20 12:32:08,2024-09-13 12:01:06
e26b870b-1098-47aa-b8df-b424f094dc2f,11c98f90-279e-430b-920d-ad73991b3067,Wallet,AED,5672.96,25000,250000,active,2023-11-01 10:24:50,2025-03-01 21:54:58
a0279855-3e15-48df-b111-3f0d10084355,11c98f90-279e-430b-920d-ad73991b3067,Savings,AED,2934.29,10000,100000,active,2023-11-01 10:24:50,2026-01-13 06:46:53
83625c82-cf11-478c-b6b3-64d9bb19740f,9e33810d-763f-4942-8b73-42b449adb85f,Wallet,SAR,11989.64,5000,250000,active,2023-10-04 12:18:19,2025-10-21 09:27:20
a0096889-824c-45a9-bd6f-75332d2e036f,9e33810d-763f-4942-8b73-42b449adb85f,Savings,SAR,32224.31,50000,250000,frozen,2023-10-04 12:18:19,2025-01-02 21:41:19
b97c0345-1360-46ed-bfa8-1c49f622da92,c0188c86-acf3-4aae-9ea8-f6618cb37a0b,Wallet,AED,17394.8,5000,50000,active,2025-12-07 07:53:26,2026-03-18 18:14:21
b7715374-b578-4519-8184-e132cb8314e8,16cc7453-abbb-480b-8565-6c8e40b2f33b,Wallet,QAR,10325.25,10000,100000,active,2025-06-05 00:37:41,2025-11-03 07:23:57
c7326fa1-c07a-496a-aaf0-39b3ff589ba5,16cc7453-abbb-480b-8565-6c8e40b2f33b,Savings,QAR,70187.43,10000,500000,active,2025-06-05 00:37:41,2025-06-24 03:49:26
2bfc00f8-fac9-4736-8b20-a1d874d90a04,8cecf1ab-8467-49c9-80e3-8cd0cfc46bc7,Wallet,AED,8970.95,10000,100000,active,2024-09-29 21:32:40,2025-12-21 21:41:47
c0819564-01ea-4651-a8ca-3e048aac8e2e,2de14a25-790d-43dd-b315-8be092b2f259,Wallet,EGP,15388.25,5000,250000,active,2024-07-04 07:38:40,2026-03-14 07:59:54
c1e3634e-78fe-430f-b4ae-f84d040661e1,2de14a25-790d-43dd-b315-8be092b2f259,Savings,EGP,28367.24,10000,100000,active,2024-07-04 07:38:40,2025-01-05 13:20:31
a98622d0-21bc-4f8c-a32e-6e050b2bb554,646a58f1-ea38-40bf-a087-5295285fc213,Wallet,EGP,23078.18,50000,250000,active,2025-05-31 08:57:09,2026-01-17 17:00:34
fa712ef6-2c26-4652-8c63-54c238b7465e,42d0d619-a437-4d16-9f1b-d6094b37a2a6,Wallet,EGP,2599.33,5000,250000,active,2024-07-08 18:08:13,2025-06-04 09:41:52
62f1b789-c078-414c-8e66-b580283184a4,d8be76b3-a07c-49a7-8cf7-38e1da449935,Wallet,EGP,15243.01,25000,250000,active,2024-02-02 06:53:22,2025-04-19 21:31:47
26be63c8-a084-4056-b705-6fa4d25b7182,d2217f91-9630-4baf-9c76-9e8a8c7c9c8a,Wallet,SAR,4928.41,5000,100000,active,2024-11-10 12:45:54,2024-11-23 16:44:22
7d861b1f-1449-4343-822e-71a677a3f328,d2217f91-9630-4baf-9c76-9e8a8c7c9c8a,Savings,SAR,17311.02,50000,250000,active,2024-11-10 12:45:54,2025-12-14 02:03:16
e731de2d-0317-484b-a314-176f4e85be52,57a9b28b-14bc-4daa-9323-7d19abf786ef,Wallet,KWD,3347.5,25000,50000,active,2025-07-02 10:00:28,2025-12-16 13:47:35
d196f041-d692-470c-be47-748d96eb5937,89186441-6f55-4251-88cc-2015c6495bb8,Wallet,AED,3194.66,10000,50000,active,2025-02-11 11:40:03,2025-04-29 18:09:48
6e3f2164-9521-480e-a529-a9505a0a3a29,4895a3ba-9747-4d0e-8bd8-c276a2285c49,Wallet,EGP,10318.21,10000,50000,active,2023-12-26 00:44:48,2025-06-07 15:21:08
4b07895a-d048-436f-a321-2a479b8df348,44c7e989-b2fd-453a-ab51-3a5bc961a7a9,Wallet,EGP,14690.67,50000,250000,active,2023-07-18 22:58:13,2024-04-16 19:55:38
ab57dd0c-f310-4469-9301-20a60c577f5d,4f2232dd-e61f-40c3-984b-25a0a1db9ad3,Wallet,SAR,18935.25,5000,100000,active,2024-11-27 06:40:50,2025-11-14 09:02:09
4acd8f30-244f-42aa-b65c-175cb95ed56f,4f2232dd-e61f-40c3-984b-25a0a1db9ad3,Savings,SAR,86730.35,10000,250000,active,2024-11-27 06:40:50,2025-02-27 01:12:34
6bc56801-bb75-452c-8628-7a925a7e98e2,2e529420-fe0e-49e8-845b-b82adb7fcd92,Wallet,EGP,20224.56,50000,250000,active,2024-06-21 00:05:50,2025-11-25 17:18:57
cd125e3d-dd87-4fe1-96a2-04c6c030af96,b75d3350-8c41-4935-9386-373b2325bdef,Wallet,EGP,16954.55,25000,250000,active,2024-11-17 20:53:55,2025-07-16 22:02:30
17dc4258-af3e-4079-b547-cd0f73c08f7a,b75d3350-8c41-4935-9386-373b2325bdef,Savings,EGP,71452.19,25000,500000,active,2024-11-17 20:53:55,2025-02-19 21:08:21
0073540e-3c85-411a-a58b-e21f40dc16d2,1894435d-f130-4a21-b5f1-2bbbf8309c45,Wallet,EGP,2743.15,5000,100000,active,2026-01-16 17:21:31,2026-03-07 16:07:47
c7058e6a-5965-4a39-844b-819db1913bc1,b5e2368a-4b14-44fb-a668-0649d092cdfa,Wallet,EGP,8001.78,50000,100000,active,2024-12-05 18:26:11,2025-01-14 13:56:19
f06b34ec-60b4-4a8e-aa95-81b7114622da,b5e2368a-4b14-44fb-a668-0649d092cdfa,Savings,EGP,19534.81,25000,100000,frozen,2024-12-05 18:26:11,2025-03-29 14:51:16
92d3c7e2-d0f3-4dd1-b84f-83e8ae347b2d,6aacde98-a6c1-445c-a395-29f8b96446ed,Wallet,SAR,19728.25,50000,50000,active,2025-07-01 23:53:09,2026-02-24 04:26:02
8b5245f1-7d2c-406f-a7af-250c97ed9053,793b6dfa-fd50-470c-9f0b-62d2d335c4f2,Wallet,SAR,4721.54,10000,250000,active,2023-04-24 00:28:54,2023-08-23 12:01:12
9b4348a9-8e14-492d-9be9-aeb1746385cb,e39b5148-7c2d-49f3-9a85-18ba1fcc8169,Wallet,SAR,21420.15,25000,250000,active,2025-10-06 03:26:55,2025-10-15 10:27:07
7d38ecf8-ce84-41e6-bf24-47692aca7c84,e39b5148-7c2d-49f3-9a85-18ba1fcc8169,Savings,SAR,19469.98,10000,500000,active,2025-10-06 03:26:55,2026-02-18 00:26:58
,994e51a0-2bf0-4a72-9b1c-06eb50886aff,Wallet,EGP,11204.29,50000,100000,active,2024-01-01 04:39:39,2024-05-21 10:17:17
51e96905-7f81-440f-b567-c2e3c3981352,aca7e0df-a514-4845-9428-83d4539475a7,Wallet,EGP,11838.93,10000,50000,active,2023-12-02 01:52:25,2024-02-10 20:16:29
d3cbdf9a-fcd4-4240-a079-c5f06e2a2b3e,8be84ab4-0129-4d22-b402-bd301fefc17b,Wallet,SAR,13926.2,10000,100000,active,2025-02-04 17:16:56,2025-06-25 19:57:16
af8bb8bc-aa32-4e3b-ba08-b842e2680be7,489e1f37-bf65-43a3-afd3-447a9906c78d,Wallet,KWD,18705.35,25000,50000,active,2024-10-24 20:04:45,2025-01-30 23:40:39
a34e3de3-7809-45a7-bf05-cdfe5faec57d,8dc5905a-049b-4aa6-a07a-c1c6afcd4fac,Wallet,SAR,13246.1,25000,250000,active,2024-10-21 17:26:23,2025-01-30 03:54:04
e0d62424-df37-46ec-8fbb-96cbfd3dff52,831f2a07-8ee4-4ce0-ac31-c4c52139a25d,Wallet,EGP,10173.74,5000,250000,active,2025-04-02 04:29:22,2025-07-10 02:19:06
08d6e9aa-5b93-4f15-9259-97f0fb720990,84d437ce-f060-4470-bbd3-0d3bb33db88d,Wallet,EGP,18987.49,10000,250000,active,2023-12-04 15:56:30,2023-12-21 08:03:34
a002dbe6-c912-409b-8bce-b3805a340f69,41bc615e-8fec-4b6a-976b-50d10d87f9e9,Wallet,SAR,7217.18,10000,100000,active,2023-08-19 13:11:23,2025-03-28 16:18:38
e02ab374-7a15-4335-9294-ffdaa2a22400,d377a89e-6c78-45d4-b8d2-9cb5ffa659cb,Wallet,SAR,12993.11,5000,100000,active,2024-01-04 10:40:39,2025-06-20 10:13:43
2cbb1db4-051b-4271-bb91-4b183cd24c0f,d377a89e-6c78-45d4-b8d2-9cb5ffa659cb,Savings,SAR,20794.27,25000,250000,active,2024-01-04 10:40:39,2024-04-01 10:53:16
4633310b-ff7f-4c8d-87c9-8f60d5550c26,00690dc4-03a1-4633-b0bc-eb925ee0f9b0,Wallet,EGP,17195.38,10000,250000,active,2025-04-13 18:56:46,2026-01-15 22:23:00
d53ffed7-29b6-4dfd-af51-cac441b6418a,7829eaaf-3b35-4418-a410-c739e212abef,Wallet,QAR,16855.53,50000,50000,active,2024-10-18 01:27:39,2025-03-21 00:19:45
8421c1b7-cbea-4634-a157-ef03fd349923,7829eaaf-3b35-4418-a410-c739e212abef,Savings,QAR,95267.92,50000,250000,active,2024-10-18 01:27:39,2025-11-18 09:59:30
90b66b66-135c-4025-ab09-8a87f4472090,0c8d34e2-0816-4437-af92-9aaa31a9b43b,Wallet,SAR,16626.21,25000,50000,active,2024-10-14 09:39:06,2026-02-10 11:51:16
2680ba87-6982-4172-ac05-c34e47ebead6,0c8d34e2-0816-4437-af92-9aaa31a9b43b,Savings,SAR,37006.3,10000,500000,active,2024-10-14 09:39:06,2024-11-07 13:22:17
b0fa0816-b35c-4e5b-9b29-55daa89acb00,47c9a781-1f1d-4519-a883-b2af6feffdf1,Wallet,EGP,6209.1,25000,250000,suspended,2025-10-28 16:41:15,2026-02-13 02:11:57
27c29ba0-4c93-4fa6-b243-339a2e715449,47c9a781-1f1d-4519-a883-b2af6feffdf1,Savings,EGP,35283.73,10000,100000,active,2025-10-28 16:41:15,2025-12-13 22:42:39
dfbc197a-3381-42bd-a405-4221b8446856,60190911-4e64-4217-8e00-295a1a348b8f,Wallet,EGP,1169.15,10000,100000,active,2025-02-12 08:21:49,2026-01-12 17:51:05
7a4fb9e6-f233-45a7-acb5-314f4abb4580,60190911-4e64-4217-8e00-295a1a348b8f,Savings,EGP,45381.36,10000,100000,active,2025-02-12 08:21:49,2025-02-25 15:57:03
a593fb2f-96fc-478c-a6cb-9ac99c83ba07,ec4eedaf-b097-4313-823e-11a7467d5423,Wallet,EGP,22457.91,5000,100000,active,2026-02-28 17:11:13,2026-03-01 13:56:11
5a8ad1a0-25a6-4784-9ee0-fad86c9b8acb,52e5eff2-ad26-4515-af08-59392f9c4db8,Wallet,QAR,129.63,50000,50000,active,2025-08-27 22:34:33,2025-11-02 13:43:19
27f64a4a-c372-406a-ade4-324eb238cdd6,19a94f4c-5df1-4e86-864f-9a83544c03e9,Wallet,AED,22333.87,10000,100000,active,2024-11-25 03:54:13,2025-02-27 11:47:29
a504c104-ad2f-47a3-bcf4-0edf112e4c6b,19a94f4c-5df1-4e86-864f-9a83544c03e9,Savings,AED,39822.06,50000,500000,frozen,2024-11-25 03:54:13,2025-11-14 01:01:57
d8eadb2c-38ce-444f-bc53-9fd6440ebbf8,61d8f3b3-e833-494e-b901-2ae24ebe7dc8,Wallet,AED,16438.72,5000,250000,active,2025-04-29 01:28:44,2025-09-20 06:05:42
f9cb39b6-02a9-4001-a38c-3683802dd0d6,767631a7-323f-4d47-a74a-ab0bb6a95c2d,Wallet,SAR,21896.22,5000,50000,active,2024-11-19 00:38:57,2025-11-16 13:34:02
6c226f3f-8083-42c4-85bd-3fab843c9b3c,24c11489-87e8-4c36-a288-bde03e64d5ca,Wallet,SAR,24782.16,25000,250000,active,2026-03-07 04:41:32,2026-03-20 05:39:13
689048d9-ff06-409e-b767-3fb7aa74909f,c77a009a-a4a7-4edc-ab32-77f27e56249b,Wallet,AED,1199.93,5000,100000,active,2025-05-30 18:24:21,2026-03-10 15:13:09
c7ae9a0a-4adb-4759-99f7-54cc6272bb9a,60ed49ca-e8cd-4a33-b72c-45c8afd0d6b0,Wallet,SAR,24053.19,50000,250000,active,2025-12-26 06:56:19,2026-03-07 19:27:49
a4a9801e-8853-4852-8a5f-bb1388648a84,60ed49ca-e8cd-4a33-b72c-45c8afd0d6b0,Savings,SAR,93222.28,50000,250000,frozen,2025-12-26 06:56:19,2026-01-15 07:36:26
1121344a-cab9-4048-bd8b-5e776197d366,447dcdfe-3260-4e0b-8058-5be400e0717a,Wallet,EGP,20330.22,10000,50000,active,2026-03-03 17:33:50,2026-03-12 12:07:40
91fe215b-00d6-41f3-a017-a55b57d0c13a,447dcdfe-3260-4e0b-8058-5be400e0717a,Savings,EGP,4872.03,25000,100000,active,2026-03-03 17:33:50,2026-03-12 18:25:25
a7150ca1-6fb4-4875-97a9-aeb82e5b23b8,65ce43e6-7fed-4335-aff3-c7f11b9e423e,Wallet,SAR,1678.21,5000,250000,active,2023-06-29 09:08:05,2024-01-17 13:55:43
9e3d0881-2279-46f8-854f-a4dc1ceb889e,65ce43e6-7fed-4335-aff3-c7f11b9e423e,Savings,SAR,5419.39,50000,500000,active,2023-06-29 09:08:05,2023-11-02 15:56:07
9d6ec57c-e4dc-45fb-a4ed-e84853b47e0c,b4937327-7855-4a99-a515-947c7796c72f,Wallet,SAR,4729.52,25000,250000,active,2023-05-15 10:40:52,2025-06-21 23:20:29
a09f645b-574d-4565-a7fd-dcf74bc87a8f,ca161d84-648c-43fc-b5d5-d230216af858,Wallet,SAR,22247.15,10000,50000,active,2026-02-22 17:29:26,2026-02-24 13:54:36
0b388da3-e480-4ec2-9ed2-107cbd3bc305,f63f4916-e870-4a2b-9c0f-6377e6770157,Wallet,AED,2064.82,50000,50000,active,2025-07-23 05:25:54,2025-08-10 20:55:15
c91fcc02-42e2-43be-a047-af0f894c420c,f63f4916-e870-4a2b-9c0f-6377e6770157,Savings,AED,10617.53,10000,500000,active,2025-07-23 05:25:54,2025-12-26 08:25:47
4168bf31-94ae-43fb-90da-82b9804a941b,f424d31e-728b-4df6-b365-fe9b734a7316,Wallet,AED,13323.31,10000,50000,active,2023-11-15 12:09:51,2024-11-23 08:47:32
440545fe-4e5c-487f-aa41-9c3421a5fb4f,f424d31e-728b-4df6-b365-fe9b734a7316,Savings,AED,25632.95,50000,100000,active,2023-11-15 12:09:51,2025-01-07 08:26:15
0450aade-bde3-41db-8899-c613197458a2,e48255e8-8dde-412f-beb8-0175bb0f59bc,Wallet,EGP,21573.91,50000,100000,active,2023-11-04 09:09:13,2025-05-27 11:48:54
bdfab76e-138a-42a3-ab69-92efad05832f,e48255e8-8dde-412f-beb8-0175bb0f59bc,Savings,EGP,18776.27,25000,500000,active,2023-11-04 09:09:13,2025-08-10 11:36:55
e264f807-5c74-4eaa-ae07-eac82fac52d4,5c9f4ed3-9867-45ba-bff8-e3d1ec37c4e0,Wallet,SAR,3191.56,10000,50000,active,2025-07-25 20:34:28,2025-12-09 22:33:30
bf38fc8d-a1df-4dca-aab0-02200f32ebbc,955cb332-2a57-4720-89d9-4eac879d820f,Wallet,EGP,4021.0,5000,50000,active,2026-02-20 18:04:06,2026-03-14 07:32:06
d3d32e80-51b1-4015-b45b-6c62323e9eff,e2efc9a5-7658-4263-9aff-918d3270ab3d,Wallet,KWD,10688.1,5000,50000,active,2024-05-23 13:00:55,2025-12-16 23:49:13
9c5a24e9-d167-49c5-8579-094d27948194,03780570-0680-4110-98d6-b593dbeb633e,Wallet,SAR,17427.59,50000,250000,active,2026-02-05 19:12:42,2026-03-18 07:13:37
,3584a27b-dcbb-4dba-a85f-a9398ae2dc5f,Wallet,AED,5679.46,5000,50000,active,2023-12-08 20:55:50,2025-02-27 15:47:22
34d70b00-2d6d-4466-a37d-747f2f67b91e,0384afdd-1273-4a7b-99bc-57a1bacfe13b,Wallet,EGP,1718.2,25000,100000,active,2024-06-20 01:44:31,2024-07-09 15:23:57
91c075f2-653f-4078-b5e0-2cff62f57b02,c4551962-8b9f-47ad-9a1a-d1ff4094a691,Wallet,SAR,16422.23,50000,100000,active,2024-09-21 19:40:03,2025-09-18 00:35:57
6a07010e-a1b5-459f-b624-ab9748bde175,24c2b4e1-17fd-489a-999a-652ce7aa2027,Wallet,EGP,10284.23,50000,250000,active,2023-04-01 19:13:48,2023-11-24 03:49:10
1a7b82f4-effc-42c0-8c87-50255b6e141f,24c2b4e1-17fd-489a-999a-652ce7aa2027,Savings,EGP,34214.08,50000,500000,active,2023-04-01 19:13:48,2024-10-20 14:10:05
a63b5bbc-a8b2-4ddb-83cd-79664cfb7544,c9ad898e-d82c-4cd1-b13c-4e168d07f795,Wallet,SAR,22859.44,5000,50000,active,2024-01-24 08:53:13,2024-10-13 03:07:41
aa627511-4d9e-4f6e-b149-5f777049cd80,d6a5bdf0-eee9-4c77-88bd-da2b87102741,Wallet,SAR,8032.46,10000,250000,active,2025-05-09 16:14:01,2025-09-08 05:13:38
4f3f68f5-f8c7-451f-8ae9-3f45c028021e,d6a5bdf0-eee9-4c77-88bd-da2b87102741,Savings,SAR,56134.6,25000,500000,active,2025-05-09 16:14:01,2025-07-04 17:17:30
54e74edc-47ef-4391-b41e-5262b15f5015,23769bda-986c-4bcf-840a-57faa4359986,Wallet,EGP,8556.56,5000,250000,active,2023-07-28 09:41:46,2025-01-02 16:47:38
8a2863e5-94dc-4ce8-b4e5-8b5e4d861ce0,23769bda-986c-4bcf-840a-57faa4359986,Savings,EGP,85031.57,50000,250000,active,2023-07-28 09:41:46,2024-09-14 20:20:24
a41b3ea1-bae9-4358-90bd-141801e5e02c,9634ba30-0f50-4277-82ce-85afe5e7b8d1,Wallet,KWD,9891.9,50000,250000,active,2023-09-25 04:42:30,2023-11-13 04:12:55
9eb127dd-8c63-4859-a732-7bf8f1396bce,9634ba30-0f50-4277-82ce-85afe5e7b8d1,Savings,KWD,12827.49,10000,500000,active,2023-09-25 04:42:30,2024-08-15 20:59:46
d8cec93b-7d93-4d1f-abb5-71653ef1480c,7f05ec58-d01b-4aeb-8d5b-6e13c0c51310,Wallet,AED,16986.78,10000,50000,active,2024-08-25 07:12:30,2024-11-06 16:05:59
eac166c9-a609-4d74-b643-72c24c263192,3ed64d0a-d156-4cdb-bb09-a97425235fc8,Wallet,EGP,7386.89,25000,250000,active,2023-03-22 21:34:14,2025-08-02 03:56:04
d3b80c9b-a551-4791-a7d6-51d6414aec42,50fe3c74-add6-4734-9798-ada68c7347d6,Wallet,SAR,22134.2,5000,250000,active,2024-10-02 04:33:55,2026-03-07 12:12:10
0bd4f682-fd0f-4fe8-b030-bad2abdd8a8f,50fe3c74-add6-4734-9798-ada68c7347d6,Savings,SAR,31671.98,25000,100000,active,2024-10-02 04:33:55,2026-03-03 07:54:10
7a011204-8392-4668-aed1-80b750ed699e,40507ce7-8595-4869-8928-2ba14214e756,Wallet,EGP,18693.4,5000,250000,active,2026-03-20 17:13:14,2026-03-20 18:10:21
66993e54-a501-4d5c-b0c0-28af708a5553,40507ce7-8595-4869-8928-2ba14214e756,Savings,EGP,30445.86,10000,100000,active,2026-03-20 17:13:14,2026-03-21 17:11:07
34584177-1791-4c4d-bc06-0e7517bc567a,2c05e302-5bc1-4e5b-b859-d2f2678fb98e,Wallet,EGP,7514.5,25000,50000,active,2025-02-15 18:13:07,2026-01-17 13:01:56
2b63c695-f8d4-4fac-bec1-9bef6506a29c,6a286d13-c18c-4fad-9812-0e8b457619e5,Wallet,AED,6624.32,50000,50000,active,2025-01-30 01:54:14,2025-09-14 02:14:49
3599b3b0-c97c-4a81-ac04-5a88e6a64333,59445896-5fe4-49cc-abaf-54da125be749,Wallet,SAR,6504.73,10000,250000,active,2024-02-27 08:19:24,2025-05-30 07:47:48
0c3e7d1b-ed4d-42b9-9f26-f04ad9ff688b,abe298d8-71f9-4dfe-84c5-f139712b94d7,Wallet,SAR,5576.9,5000,50000,active,2025-06-29 12:43:59,2025-12-04 07:26:53
885d45e3-4fcd-4e73-937a-209edd274830,072b39ff-cc92-452c-a03f-5333ea4db0bc,Wallet,EGP,20180.94,5000,50000,active,2024-04-22 17:29:04,2025-12-30 18:48:40
aab2a3a4-df74-414f-b940-c34aab9c304e,072b39ff-cc92-452c-a03f-5333ea4db0bc,Savings,EGP,3483.73,25000,100000,active,2024-04-22 17:29:04,2025-03-26 01:23:55
dcea8630-c76b-49f6-9900-18faba91ae62,db6603a8-445e-4e7b-8d84-b7cefbb4edf6,Wallet,EGP,21626.47,5000,50000,active,2023-08-14 14:38:44,2023-10-13 08:04:05
942a256f-be3d-48e0-8ce9-ccc49ef9db9b,a8f5a9d9-f31d-4509-a144-c01789c1ee05,Wallet,SAR,6811.0,5000,250000,active,2025-02-25 22:07:11,2025-12-26 16:55:18
85e029e7-b7fc-403b-a92d-2a07808c1297,a8f5a9d9-f31d-4509-a144-c01789c1ee05,Savings,SAR,94237.11,25000,100000,frozen,2025-02-25 22:07:11,2025-06-05 04:20:10
b1c2deb1-0aff-4940-8e86-a60eb1afa301,43271d87-0b49-443c-ab81-63e8d306e5fe,Wallet,SAR,13409.38,50000,100000,active,2025-07-11 14:36:54,2025-08-16 17:28:38
dd0ed978-6998-4459-99c9-dc6ff1a484e0,ca3669ff-b79c-4bca-baf2-331209e63695,Wallet,KWD,10715.65,10000,50000,active,2025-05-24 17:16:23,2025-11-12 23:50:55
59845740-bf60-4388-a513-92bc152c10ba,dd2c8c0d-2a39-4dfd-8ce4-509586a07efb,Wallet,EGP,16092.44,25000,250000,active,2025-11-02 12:25:44,2026-03-12 13:57:35
cfb6a8c4-2e1d-40fc-b570-302db7fea037,dd2c8c0d-2a39-4dfd-8ce4-509586a07efb,Savings,EGP,84733.39,25000,100000,active,2025-11-02 12:25:44,2026-03-08 20:24:43
489ff7be-a572-4c0c-9a2c-a656656ea81d,2ec2b153-585d-4f69-ac01-488236ae1de3,Wallet,QAR,15082.5,5000,250000,active,2023-07-18 16:51:02,2024-07-08 14:10:44
0e2ba4a4-518a-4f71-9d6d-79b3a1a7feb0,0af3a362-499c-411d-b0c4-20effb8da49f,Wallet,EGP,7091.39,25000,100000,active,2024-07-30 02:32:41,2024-09-01 12:06:16
3cc5abd3-190a-4696-bbd9-095a2e9a0c36,6433b31c-efdf-4b43-bbe7-82170c9cba7c,Wallet,EGP,1525.43,10000,50000,active,2025-04-07 17:19:38,2025-11-11 08:09:01
1f2704cb-1e9e-44a9-98cc-48f1fabe53d4,1f181ff5-64d1-43d7-aa4f-706d53a26809,Wallet,EGP,14827.39,25000,250000,active,2024-03-21 10:13:22,2025-10-18 05:04:18
81ca1081-851e-4a57-b9a4-eee72027301a,7937c5be-63dd-4cb8-8c84-2325d77b7e49,Wallet,EGP,10935.05,5000,100000,active,2024-02-12 10:26:53,2024-04-19 17:28:34
9e5780c3-df80-44d7-8e4b-bc07cf518841,7937c5be-63dd-4cb8-8c84-2325d77b7e49,Savings,EGP,64231.23,50000,250000,active,2024-02-12 10:26:53,2025-09-13 01:53:16
bb39df32-cffe-49ad-9d9d-9862db814c60,a2298023-a901-4e79-93cf-a765150892de,Wallet,AED,17756.1,50000,100000,active,2023-07-22 18:40:23,2024-03-24 19:45:49
99818937-dade-47d5-bf50-9657498429e7,a2298023-a901-4e79-93cf-a765150892de,Savings,AED,57928.17,50000,100000,active,2023-07-22 18:40:23,2024-06-08 18:05:32
c86a2118-94a0-4c35-93a8-17d5b2a44a66,ced45dcd-803e-4569-b35f-34c40a1bb68b,Wallet,AED,15940.03,10000,50000,active,2025-05-11 21:48:11,2025-10-03 14:51:04
1a67a16f-c114-46b8-8df6-6d0b3d81e86f,ced45dcd-803e-4569-b35f-34c40a1bb68b,Savings,AED,40822.41,10000,500000,active,2025-05-11 21:48:11,2025-06-08 16:40:37
4ec7b250-0481-4da3-871e-f9cd3ca71c3d,e86b9e7a-6830-4b36-9343-b6f45eb5d0eb,Wallet,AED,381.43,5000,50000,active,2024-01-01 10:11:23,2024-01-27 13:15:16
7718a079-36cf-44ee-a3ec-32c1e59af879,e86b9e7a-6830-4b36-9343-b6f45eb5d0eb,Savings,AED,72439.9,25000,500000,active,2024-01-01 10:11:23,2025-02-14 23:47:06
52f32409-17df-4abb-b054-5ffb9bc01f23,4f5a5663-b9a8-4544-89c4-f33a06bfa2b0,Wallet,SAR,9245.75,5000,100000,active,2023-05-04 15:19:37,2023-07-15 20:06:57
02510583-404a-4c9c-a05e-c76e4353fb41,36b35a1c-fdb8-4787-8549-efdfe7a352e1,Wallet,EGP,23893.35,5000,250000,active,2023-11-29 21:44:14,2025-09-16 10:27:43
5b9336b8-9b48-4e93-9769-58582c604d59,36b35a1c-fdb8-4787-8549-efdfe7a352e1,Savings,USD,88274.08,10000,500000,active,2023-11-29 21:44:14,2024-06-08 02:29:24
891688dc-9411-4752-afbc-62fd0b8239fd,116cc2c3-8ee9-448c-b72a-929b41237ad7,Wallet,QAR,12983.45,10000,50000,active,2023-06-04 16:58:57,2025-12-27 19:50:11
e0d62424-df37-46ec-8fbb-96cbfd3dff52,f30bd06e-d3d5-4479-afec-943aeaa5fae9,Wallet,SAR,9698.35,5000,100000,active,2025-09-17 22:36:28,2026-01-30 21:36:47
b0547480-fcb0-42e5-ad42-86f1ca0d3bc3,6581b2a4-329d-450d-80dc-3c5c5d369486,Wallet,KWD,19959.67,5000,100000,active,2024-10-01 19:09:25,2026-02-14 15:13:19
d70628b7-c4db-40dd-9b40-eaeade315a00,7c6cb4cc-b222-4de2-bdb4-fbd39d3f3842,Wallet,AED,2036.45,50000,100000,active,2025-02-25 14:03:20,2025-11-19 20:54:20
bc8c60ab-bd68-4275-aba6-13e9f40cc7a1,870b4a1d-d833-4709-897e-55bff9e386b0,Wallet,SAR,19983.77,10000,100000,active,2024-06-23 06:39:41,2025-11-08 17:26:53
0b861a30-dcc2-441f-88c2-394ed38950c1,1200bbac-29c8-4f49-b33c-f12a2579ac6a,Wallet,SAR,24086.62,50000,250000,active,2024-10-06 16:48:43,2025-05-06 09:27:11
3363ba4a-8065-4156-874b-ed9a54783a3a,51829dc9-f8a3-485d-bb0b-2b8fa1041bf8,Wallet,SAR,4593.27,25000,100000,active,2023-09-01 15:23:02,2024-08-29 23:11:52
28736958-8ada-49bb-a58c-1b2004966207,2b9179a3-cfe3-4181-baef-f91c99dff04b,Wallet,AED,17902.12,5000,250000,active,2024-12-04 19:21:28,2025-03-26 12:09:40
4e85a74c-8c47-4ece-b600-3f00ec75036f,cf91132a-710e-4e67-94c3-1853d77b894b,Wallet,SAR,19239.15,5000,250000,active,2025-10-10 19:22:47,2025-11-08 12:06:15
4644595e-b4c7-4371-b942-b9811f3a2fab,1560d273-8d0a-4fa7-b5e5-743dc9190399,Wallet,EGP,11964.07,50000,250000,active,2023-07-26 23:55:34,2024-10-16 10:28:05
9698b268-7eb6-4070-83ae-9f1bbffaa6bf,d68d8944-7681-496b-b43b-6a1b5f120eaf,Wallet,QAR,1228.36,10000,50000,active,2025-06-30 22:42:40,2025-12-09 04:36:11
dba6ec67-d515-4c64-9d54-ef50df55cfbf,90e06cc8-54c1-4987-b0d4-f1567dc0ceef,Wallet,AED,11229.78,25000,50000,active,2024-07-25 14:07:44,2025-11-21 07:57:06
f27c20cc-24e7-4130-bdb6-e9bf20361733,70aa4b30-357c-4fa9-b664-b58e4eb35cd6,Wallet,SAR,19628.36,50000,100000,active,2024-02-20 19:46:18,2026-02-21 06:35:45
d14a6776-cc48-4fd5-8465-3624e203da86,8bf9c467-e072-45e3-86ce-97bbc3653da3,Wallet,SAR,2634.26,5000,250000,active,2023-12-20 04:24:12,2024-04-06 04:51:54
d71e2e4d-a4f3-4169-a1f3-76e78316e0df,2f65eacb-d0f3-449a-85cb-6a311357272a,Savings,SAR,84210.75,25000,500000,active,2023-12-20 04:24:12,2024-08-22 12:25:34
4d18b114-6d01-442c-be18-67eeced28d43,5d8637a3-7326-4230-9584-3db0293b8800,Wallet,EGP,2915.51,25000,250000,active,2025-05-12 00:16:02,2025-06-25 02:29:38
00c07452-7ebb-4128-a93a-ed37b04b1936,a19fe874-07d3-470d-b575-851adb97d1ea,Wallet,EGP,3203.44,10000,250000,active,2024-05-10 18:46:53,2025-11-28 15:24:51
f42faffe-7e11-4d8a-9ccd-0a2e5ffe7fcc,8dd2fea1-448f-4391-b3fe-047089623173,Wallet,SAR,13221.08,5000,50000,active,2024-03-31 17:42:25,2026-01-10 01:08:55
e6097957-f98c-43e8-bd45-6160b4dc3497,b16175eb-1bec-46ae-a3c3-42afbda5823d,Wallet,EGP,20890.35,25000,250000,active,2025-07-27 23:24:04,2025-11-06 04:53:48
bc169fa3-58c7-45e3-86c8-0fc49992c43c,897d38ed-b385-4424-a5a7-b3a168ca495a,Wallet,SAR,14514.03,5000,250000,active,2025-02-23 20:59:06,2025-10-23 12:33:24
76e2bd6e-db27-465f-b98a-121f969029b7,a74f8316-2569-4415-b409-427070fc101f,Wallet,EGP,5104.96,5000,100000,active,2025-03-04 07:06:42,2026-02-27 20:09:59
9e9772f1-bb45-405f-aa54-8c9c8fce5eb6,a9bf0ad6-b667-4542-90c2-b8d7feb94a20,Savings,EGP,79107.64,25000,500000,frozen,2025-03-04 07:06:42,2025-12-13 12:15:38
854bcebd-f451-44c3-b8fa-80b3243cbf2a,6b57baa0-4be2-4433-852d-bf0fd3968aa6,Wallet,KWD,5565.27,5000,100000,active,2025-04-15 20:16:08,2025-05-19 01:59:07
175c6802-3209-4d8f-ad56-3c4593997fc4,bedbd399-4d07-4493-8f89-d31575fc1cce,Wallet,SAR,13404.69,50000,250000,active,2025-04-11 19:05:56,2026-02-20 13:51:31
89fd5a51-7018-455b-ae7d-5b40ca08c020,a085b23d-6588-4d01-819c-2e70cdd20d87,Wallet,SAR,8818.1,50000,250000,active,2023-09-16 09:12:48,2024-09-06 23:46:09
24639087-3d95-4584-9f71-46013c5056af,ee35db9c-55ed-4c85-be98-8162cba6aff6,Wallet,KWD,9719.12,50000,50000,active,2024-04-13 13:44:17,2024-07-30 00:04:06
9bb9aac7-0dfe-4e60-b3f0-ce9dbffd5608,ee35db9c-55ed-4c85-be98-8162cba6aff6,Savings,KWD,49167.0,25000,250000,active,2024-04-13 13:44:17,2024-07-02 21:53:42
e5014321-f628-4a86-9549-26ce9c5af3da,841075c6-9b3a-4281-8f08-365cbc709bf4,Wallet,SAR,7694.36,25000,250000,active,2025-01-16 23:32:15,2026-02-28 02:54:01
9a9391b3-967d-46cf-9761-e800a2ed6d37,841075c6-9b3a-4281-8f08-365cbc709bf4,Savings,SAR,9148.98,25000,250000,active,2025-01-16 23:32:15,2025-12-06 10:59:44
159e9326-367b-42b7-ac2f-16697033b84f,60190d38-eb00-4ae0-bb43-baf3aacb204e,Wallet,EGP,-15003.28,10000,50000,active,2024-04-06 03:42:47,2026-02-05 05:12:24
90cc40b5-6ab4-4ecc-80cc-c75323403d84,bf6c79b7-cecf-4de1-ac23-86727259bd47,Wallet,AED,12549.95,5000,50000,active,2024-11-10 01:27:35,2024-12-05 05:08:58
ac0070e7-92b8-456e-a23b-76a1b13d69d0,bf6c79b7-cecf-4de1-ac23-86727259bd47,Savings,AED,89316.71,25000,250000,active,2024-11-10 01:27:35,2025-09-10 12:18:21
e203341f-13d3-4cf6-a073-d2bbd0559a18,48daa741-0871-4521-8897-2a2664545359,Wallet,EGP,20987.44,5000,50000,active,2024-05-21 08:32:21,2024-08-10 03:47:25
ce00c253-7edc-4d60-91f7-a70cc1f48849,54607b5a-0deb-4ad6-bfc1-1240168d35db,Wallet,SAR,-23174.73,10000,50000,active,2023-05-18 13:21:18,2024-08-02 12:49:28
9118e655-65b1-46cf-acc8-9b85d584eb8c,54607b5a-0deb-4ad6-bfc1-1240168d35db,Savings,SAR,55327.97,25000,100000,active,2023-05-18 13:21:18,2024-06-06 22:58:46
7f4e6639-3a33-4d76-8f2e-fc9d8343deb8,d9f05354-0201-4dcc-b588-008fa4ac6d8e,Wallet,SAR,24478.98,5000,100000,active,2025-10-28 06:33:29,2026-02-25 19:54:21
3049b3df-00a9-46a8-afc5-b8102bb31402,d9f05354-0201-4dcc-b588-008fa4ac6d8e,Savings,SAR,74589.18,25000,250000,active,2025-10-28 06:33:29,2025-11-04 09:10:06
bf73d71d-5c54-4ec1-92b9-aa1966150453,44daebb0-e367-47d0-aead-596b9606e301,Wallet,SAR,11666.84,25000,50000,active,2024-10-15 02:24:55,2026-02-19 10:49:21
4bce4d9c-d7de-41cb-b6b6-1bbe0d4dc719,82673e77-b739-42c9-a57d-dc21301f19a1,Wallet,SAR,2640.23,25000,50000,active,2025-09-14 11:32:44,2026-01-31 18:12:47
7e7cf039-6a52-466a-bb9b-7ce5b6f2af62,020ab191-a294-4e5a-8799-f01d1d21ad74,Wallet,EGP,23662.18,10000,100000,active,2024-09-20 10:44:42,2025-03-29 17:16:32
1e6c8864-7c04-4692-9541-52a73fb50381,d7c8dc49-840f-487d-bda2-8673fd3ee402,Wallet,SAR,10249.45,5000,250000,active,2025-09-24 09:53:11,2025-10-05 16:00:03
6c1c37d1-a44d-412e-98c9-5cb50d3f2271,7190f104-e926-4eb3-8821-93c419495803,Wallet,QAR,24377.22,50000,50000,active,2023-07-06 16:38:55,2024-09-26 05:09:35
698e615f-fba4-4660-9bfe-1fef647b8ef5,7190f104-e926-4eb3-8821-93c419495803,Savings,QAR,77880.72,50000,250000,active,2023-07-06 16:38:55,2025-03-16 12:59:52
4ce0ebdf-4222-46ea-aaff-25dd8c65f12c,f0bc0b41-3e4f-4bed-9331-47ec177d8b28,Wallet,EGP,5114.79,5000,100000,active,2024-05-07 15:04:56,2025-10-31 23:34:10
cc0971f4-b09b-4be2-97ec-2a62fbe1a551,01869bcc-1786-418f-ac53-7789c4a6fbca,Wallet,EGP,5205.65,10000,50000,active,2024-01-10 08:47:02,2025-07-18 21:45:45
466289ec-1c7b-4fd4-a696-7857d8594b9f,8f6f8a99-908c-4d32-87fa-1c29dcb59c84,Wallet,SAR,5913.04,5000,100000,active,2024-03-07 20:49:02,2025-11-11 16:31:07
9d0e425c-8304-4edc-8469-8a8fbf47c483,8f6f8a99-908c-4d32-87fa-1c29dcb59c84,Savings,SAR,46227.72,50000,500000,active,2024-03-07 20:49:02,2024-07-31 14:44:20
9d5ca0c1-3f71-420c-8971-68ba0e817167,5795aa12-13c6-4903-b4ae-48f3a4fe75d5,Wallet,KWD,10493.67,50000,250000,active,2026-02-22 17:41:59,2026-03-06 05:41:40
9c7af975-f7e5-4311-92f5-369d5d497c0a,83812353-db87-4218-88f4-f3e8630cec97,Wallet,EGP,4985.42,50000,250000,active,2025-09-12 23:19:40,2026-02-11 11:25:11
1f3a69e3-f59c-4df6-8b7c-694431fe7f9e,5ea5b8d3-9f92-48e5-a04f-3e74c30b8f8d,Wallet,EGP,10144.49,5000,50000,active,2025-02-22 04:21:01,2025-07-04 07:17:48
a10581aa-d232-4073-bb56-b59ee912f7ee,5ea5b8d3-9f92-48e5-a04f-3e74c30b8f8d,Savings,EGP,79863.82,50000,500000,frozen,2025-02-22 04:21:01,2025-10-25 09:34:59
123d47bf-66fa-42f6-9442-2fbc080b0d29,dc242e60-886a-4692-a0d3-5eb4bd4dc08d,Wallet,EGP,14398.55,25000,250000,active,2024-02-27 05:18:49,2025-06-22 23:51:30
066acbbb-eec0-4341-a8f7-e8754dc36642,dc242e60-886a-4692-a0d3-5eb4bd4dc08d,Savings,EGP,91317.48,25000,100000,active,2024-02-27 05:18:49,2025-10-18 18:17:29
c3889ef9-ce3f-4932-ba82-73004d40142d,9781961a-b513-4626-a095-a3e0f387c247,Wallet,SAR,15737.87,5000,50000,active,2024-11-18 12:06:14,2025-01-03 07:45:17
d98afc89-68e4-40a8-9b3d-34ebd15a3756,9781961a-b513-4626-a095-a3e0f387c247,Savings,SAR,34736.5,25000,100000,active,2024-11-18 12:06:14,2025-06-04 00:55:02
04f60ba7-ccc9-4ac8-8047-d7510a184a9c,4b2d76ef-9c25-4574-a760-8700124da0da,Wallet,EGP,14138.13,25000,100000,active,2026-02-11 20:14:30,2026-03-19 19:20:42
d79f457d-2ad2-4518-89d7-cf2e1d1ed455,361fa3a3-5ebd-498f-9a2d-dad6937e8262,Wallet,EGP,14462.05,5000,100000,active,2024-07-09 03:26:30,2024-11-30 16:03:41
bd5de17f-a095-4bce-9638-4e3fc1c21594,746d6e55-9e2e-48de-a570-5764ce2658a7,Wallet,SAR,16775.37,5000,50000,active,2023-05-10 23:43:56,2025-02-12 18:42:38
3e28f7b9-2fa8-4860-ab8c-4de6b867c082,746d6e55-9e2e-48de-a570-5764ce2658a7,Savings,SAR,76317.09,50000,100000,active,2023-05-10 23:43:56,2024-04-15 22:32:44
4866d4b7-b7ab-4566-83e4-be26e964bfe0,0ae85c5e-a62e-40bf-b2d8-fc13d765e67d,Wallet,SAR,10602.8,50000,50000,active,2025-07-30 02:47:11,2026-01-29 09:19:11
586944eb-3b5b-4695-a9ee-d8aae28498f6,0ae85c5e-a62e-40bf-b2d8-fc13d765e67d,Savings,SAR,30364.14,50000,100000,active,2025-07-30 02:47:11,2025-08-19 21:09:40
0d0f3c03-d4f0-4ab9-955e-a4195ee0811b,1309de6c-3d17-4c80-baf5-42748bf8885e,Wallet,EGP,19701.95,25000,250000,active,2025-03-07 15:30:11,2025-11-01 21:13:05
e64650b2-02b3-48e1-b161-69144ce2d12c,13538728-ec79-412d-b687-6fd16dd52510,Wallet,AED,6066.84,50000,50000,active,2024-12-07 00:21:39,2025-08-18 11:03:17
3c1a1eab-c60c-4270-9a5a-f677d0cc1f7d,c1335fe6-d8bb-4106-91dc-2c19e9ccf1d4,Wallet,AED,5431.08,5000,100000,active,2023-09-26 17:18:03,2024-05-09 05:39:37
28011bac-b279-4ff2-b698-9934858a2bd6,c1335fe6-d8bb-4106-91dc-2c19e9ccf1d4,Savings,AED,83001.01,50000,250000,active,2023-09-26 17:18:03,2024-02-06 02:00:38
b599a378-326e-4489-98e2-9fc2cdc01b46,1b11916d-d5dc-4584-a133-2875cc279c7a,Wallet,USD,24262.33,25000,250000,active,2023-03-22 02:55:16,2024-04-03 00:32:16
3c902997-a68e-4edf-ace3-c8b6dc0a6ef1,aeb6ede1-47a3-4a85-bcae-549e14e0128f,Wallet,EGP,21776.1,50000,50000,active,2024-01-01 23:14:42,2024-02-25 14:44:14
0e790156-099d-4d33-b975-b576d43ee357,f3e52bd9-07e0-42b0-90d8-c0968bce222b,Wallet,SAR,18803.03,25000,250000,active,2024-10-12 16:59:43,2025-11-08 12:51:47
09593109-b6c2-4484-91f1-f78b599b4f10,f3e52bd9-07e0-42b0-90d8-c0968bce222b,Savings,SAR,87817.81,10000,500000,active,2024-10-12 16:59:43,2024-10-21 03:22:10
718624b7-be08-4d86-ad27-04d0f8a4ebba,f83d2fab-cb2c-4999-979c-22eea70a0f3d,Wallet,SAR,13093.04,50000,250000,active,2023-10-24 11:12:05,2025-01-29 17:19:46
f94bda50-e83f-4f1b-8758-f0c8cbdd7eea,d8f5a7df-7398-4bbf-b4a0-893e9234735f,Wallet,EGP,1132.58,25000,100000,active,2024-11-23 00:19:02,2026-02-18 17:26:49
772645c2-8810-4331-b3c5-f068a8966be0,9a5669a6-dee5-445d-b25f-29eed99aa119,Wallet,EGP,14684.02,5000,50000,active,2023-08-19 00:52:41,2025-03-20 20:17:42
b84a23d8-1777-46fa-94d1-dc2b0211ee53,9a5669a6-dee5-445d-b25f-29eed99aa119,Checking,EGP,83799.78,50000,100000,suspended,2023-08-19 00:52:41,2023-08-24 22:12:48
d0c28418-73ad-44b1-a738-c090f9a767b5,e40e5771-d1cc-4d67-b7db-391407056666,Wallet,USD,1557.08,10000,250000,active,2025-02-04 22:57:48,2025-12-27 12:52:04
2de17c1f-c4c9-4352-9c99-e9939df2931b,b79461e3-339c-47fb-a715-14c73c8c0864,Wallet,SAR,18201.08,10000,100000,active,2023-11-28 20:43:38,2025-10-04 16:03:36
bd3f6135-92a8-41a0-b450-4be0350214ee,b79461e3-339c-47fb-a715-14c73c8c0864,Savings,SAR,3308.92,25000,250000,active,2023-11-28 20:43:38,2025-09-20 16:06:51
5188c2b8-ed7a-41e6-9269-3a55ce1860a2,72b2218a-efc5-40a7-9b07-2991dccd890c,Wallet,EGP,14998.01,50000,250000,active,2024-01-11 10:24:25,2025-11-13 16:38:13
af922ff3-e78e-44d1-8946-022f51be4e00,afc4dfdd-0bab-4627-99b5-be3549ce7f86,Wallet,EGP,14174.72,10000,50000,active,2025-05-08 02:38:30,2025-10-16 14:20:15
8f06853a-3fbf-4ae9-981a-fc00d7fd1d2f,e9d8e1aa-a9b9-4cd3-a852-ebd8d5690192,Wallet,SAR,10826.47,25000,250000,active,2024-03-04 01:42:22,2025-04-29 21:34:07
8133a3ac-8196-43c0-a28a-8f9be9453a4d,e9d8e1aa-a9b9-4cd3-a852-ebd8d5690192,Savings,SAR,18298.83,10000,250000,active,2024-03-04 01:42:22,2026-01-31 19:01:53
26ef9e87-3c0c-4d1c-a92c-6690f0521bf9,0e703640-00b3-437a-be65-04e26b359b0a,Wallet,KWD,-15370.2,5000,250000,active,2024-05-03 16:55:08,2025-08-23 07:10:58
ecf119c8-3e50-4b2a-8f1d-02d4ea709342,74815f4b-ac16-45b1-ba28-8d9ce28a8744,Wallet,SAR,8701.42,25000,100000,active,2025-10-06 06:08:58,2026-02-03 05:23:33
7bef0d97-1dfa-4917-91f8-69d4fa5adb82,9a03b963-b3de-49d0-87f2-55daa9422126,Wallet,SAR,8625.61,5000,250000,active,2025-07-25 16:12:47,2025-12-24 00:06:27
0514c68e-a069-4805-975c-0c81f026763f,06636dec-e0dd-4cc7-bfbf-1421c874f230,Wallet,SAR,17307.8,5000,50000,active,2023-06-11 01:31:31,2024-12-26 02:27:56
e6fe1daf-a967-439f-bb01-cede23fd0de3,b1d06f0c-5f06-4ae9-9652-63d3d2508cd7,Wallet,QAR,17712.07,10000,100000,active,2024-12-22 17:47:13,2026-03-12 07:29:13
c45fe84d-5697-4720-abb6-fd737001950d,ff1db5a6-c958-49cb-8614-0441d8d4b12d,Wallet,AED,6460.66,25000,100000,active,2023-10-09 13:45:42,2025-12-18 18:32:41
be8557fc-d3ca-48fc-b5d4-facd07403f63,e40f8183-c5a4-4a64-b6a4-8c970d96d880,Wallet,EGP,3230.92,25000,50000,active,2025-06-17 11:45:52,2025-11-23 12:37:22
28122182-4e5d-4a54-b72f-c3c899644b86,93ab0442-232c-42bd-81ce-3472f9682e22,Wallet,AED,5407.52,25000,100000,active,2024-03-21 06:56:54,2024-04-17 07:01:59
71dee0f7-a850-4dc3-8b39-ccd0d9e0e2c6,d19d2301-5780-4f9d-83b3-d57a417a411b,Wallet,AED,4083.08,25000,250000,active,2023-04-20 08:18:42,2025-02-12 10:16:45
733e91cb-5f6f-4d3e-9329-11a8850b4051,d19d2301-5780-4f9d-83b3-d57a417a411b,Savings,AED,58978.23,25000,100000,active,2023-04-20 08:18:42,2023-07-18 06:50:09
5ae4566e-52a3-4908-be73-8e39f164f61f,ff9f8ead-b95f-4aa6-ad47-a151569e8972,Wallet,EGP,11530.2,5000,50000,active,2025-09-25 02:07:27,2026-03-06 19:04:57
53657130-8589-4be4-80bf-529e06294c7d,ff9f8ead-b95f-4aa6-ad47-a151569e8972,Savings,EGP,99402.76,50000,500000,active,2025-09-25 02:07:27,2026-03-14 03:27:02
6c409c5c-9c30-41a2-9f66-73bdf10c13d3,a37176de-02c6-40db-b14d-f07979a2248c,Wallet,SAR,20624.23,50000,250000,active,2024-11-03 09:08:59,2025-09-10 17:50:52
d3eb574c-c8b8-42e8-b7b5-0b11f83b1d30,7af9e318-35aa-4546-9e64-4d660b19903b,Wallet,EGP,19820.91,25000,100000,active,2026-01-09 03:27:48,2026-02-21 23:54:25
b45ad46c-6a60-431f-96d9-59f6b4c2e601,6e46193d-ebe1-4918-8819-ade602b5ac54,Wallet,AED,9955.9,50000,250000,active,2023-06-21 01:47:26,2026-02-28 20:10:53
1876c4c3-dc6a-46ec-a56c-bf7ae964d664,2dc64376-4065-4a6a-bc12-cdd2465aac84,Wallet,SAR,7272.49,10000,250000,active,2026-02-17 07:24:50,2026-03-12 23:07:33
0e849d70-ffe1-4ff3-b481-f26acf4eb7bb,289ea55c-778f-4524-9bbf-e10c788a2ef9,Wallet,SAR,19866.52,50000,100000,active,2025-05-23 22:22:29,2026-03-10 17:06:55
deb8b2cc-ee95-4eef-b362-419c125cbf23,3326c136-4b4a-40c1-b0f0-dbabd842ce86,Wallet,EGP,1513.94,25000,50000,active,2024-10-14 04:52:49,2025-09-07 04:52:25
27e107be-e178-4635-810a-7ce2234bfde3,71d777e4-c3b3-4e0d-9b23-62c1f3f922f4,Wallet,KWD,7921.49,5000,100000,active,2025-06-18 21:46:27,2025-11-26 11:32:06
28357df6-b999-43ea-aa28-d588db75ac4f,71d777e4-c3b3-4e0d-9b23-62c1f3f922f4,Savings,KWD,-91032.31,50000,250000,active,2025-06-18 21:46:27,2025-12-04 23:17:02
43af4360-a6f9-4b23-a535-6d2ed50b5a7f,a646a15d-6ecd-4cd9-86bb-4304c08516b6,Wallet,KWD,19023.88,50000,50000,active,2024-12-17 20:43:54,2025-10-31 11:44:23
8c9abe54-10cf-45a0-adf5-6467f151d888,df67c8ee-73bf-47a9-ab43-0c29cea3acd6,Wallet,EGP,18550.38,50000,250000,suspended,2024-09-02 16:18:34,2025-03-06 05:40:44
987fb656-e1c9-489c-9137-91d2f4451320,1386456c-8ed7-42d2-9b5d-c4fce1bd7b06,Wallet,EGP,17998.13,5000,100000,active,2023-08-25 22:58:12,2025-06-01 05:20:51
fa757daa-e000-4118-a5d2-2d63c0dc05f5,d29239ed-fe0f-4905-9a6a-e2428212179e,Wallet,AED,13903.15,50000,50000,active,2023-07-14 15:17:01,2024-03-17 16:47:25
b6adef14-9ca6-4f49-9ca3-a28221c837d7,893e8435-6664-4bf6-8eeb-6e25d3bce724,Wallet,EGP,17454.65,5000,100000,active,2025-01-31 09:17:59,2026-02-17 01:24:13
ba658ead-9cfc-4357-b803-b73672deb606,24598eca-b64a-4510-821a-a5d6df45a902,Wallet,EGP,-13594.08,5000,100000,active,2023-05-26 05:01:06,2023-11-18 21:44:53
1cbec054-be1c-41b3-9416-902b2b4a4959,bba8719b-720b-4552-81c2-d4e4b2019792,Wallet,EGP,16799.05,25000,50000,active,2023-10-27 02:34:02,2024-09-13 00:58:59
0e849d70-ffe1-4ff3-b481-f26acf4eb7bb,989d60da-0c47-40c8-8183-3b1247acd020,Wallet,EGP,4254.72,25000,50000,active,2025-06-08 05:55:18,2025-07-26 20:56:31
19c25f33-87e5-4dae-88ad-11f442ab02cd,989d60da-0c47-40c8-8183-3b1247acd020,Savings,EGP,26121.14,25000,500000,active,2025-06-08 05:55:18,2025-08-14 11:39:07
617a1d57-87be-4aef-9076-89749e4c67dd,d92fa21d-46ad-4a1f-8b10-18d9a3c664fb,Wallet,QAR,13839.05,25000,50000,active,2025-02-23 11:57:18,2025-06-14 15:49:15
8c1ae4bb-1029-4ab8-9a2c-74a0b1e8b788,f899af28-3163-47f4-a7f2-e0a51e7c3e30,Wallet,EGP,23175.05,25000,50000,active,2025-05-01 16:53:32,2025-11-22 05:30:37
81049e1d-932b-47b6-a19e-883d42df5374,9a77ce6e-8039-4360-a348-5b5ff49439e1,Wallet,SAR,-18042.44,10000,50000,active,2025-06-23 02:36:51,2026-01-09 01:30:57
b31d8a4c-fb37-4d0a-96f9-a92226321e5b,a6bfefc5-adf9-4a30-b8bd-14ba441329c4,Wallet,SAR,561.79,10000,50000,active,2026-01-14 02:19:47,2026-02-26 22:20:55
ebf3df1b-2f14-4d18-a624-b2674eabf088,7b1fb336-3ead-444d-882a-0a009c36251d,Wallet,AED,4312.76,25000,50000,active,2023-06-24 12:29:58,2026-03-09 23:18:03
a9fab2ec-8e9d-4d14-ac11-e4bdc2ca3f7e,4e6d6b3a-225c-4f45-9a1e-6fdb477bf3ca,Wallet,AED,6939.24,5000,100000,active,2025-11-17 09:57:37,2025-12-01 10:35:05
931b9807-0f3c-4f6e-ab6f-356681e5125b,4e6d6b3a-225c-4f45-9a1e-6fdb477bf3ca,Savings,AED,23097.35,25000,100000,active,2025-11-17 09:57:37,2026-02-21 12:14:19
956bf596-fdf8-4fb4-8c53-a03f39a1690e,92d09e12-d155-45f9-afbf-1cd3b4894af0,Wallet,SAR,2668.94,5000,250000,active,2024-06-14 20:33:47,2024-07-16 21:26:19
3f580551-d8a4-4d2b-9648-105723e6c201,c8f64296-a836-4b1b-9838-ae35c887ac39,Wallet,SAR,6899.68,5000,100000,active,2023-04-28 17:29:06,2025-12-20 23:32:23
6f6a019a-1821-40c6-9127-02ef7ebd7a37,1aa77f99-ff45-46b8-a430-9207be380fb0,Wallet,EGP,14341.94,50000,250000,active,2025-09-20 19:07:05,2025-12-29 05:55:39
5b9fc780-0955-4c55-8d89-a32dd89fec84,ee75df81-3151-4504-a2be-e5e5379e2612,Wallet,SAR,17651.0,5000,50000,active,2024-12-12 06:41:48,2026-01-13 03:03:29
,dbf1b276-649a-44a0-aa97-309a0819e237,Wallet,EGP,10603.36,50000,50000,active,2025-03-31 18:13:03,2026-02-21 10:29:44
0a7964c1-6fb2-4670-b544-fd1575c4e16c,fb01ee94-f52a-49e4-ad67-c01d8a97f1be,Wallet,EGP,12277.39,25000,50000,active,2025-06-12 03:34:02,2025-09-20 00:20:50
75061794-a560-4998-9d48-e8b8a203755c,fb01ee94-f52a-49e4-ad67-c01d8a97f1be,Savings,EGP,53537.19,50000,100000,active,2025-06-12 03:34:02,2026-01-17 02:47:24
b8646284-001d-4ff4-9313-c42aa5d89bb7,107e0bf0-ff0f-47b4-b3b9-4dcc1cca607c,Wallet,EGP,19583.55,5000,50000,active,2025-12-28 22:13:59,2026-02-13 06:51:31
17658cdf-b4d3-45fa-a7ad-f43f8ac3c942,31da6cd2-98ef-4d81-83bd-6dd1f5cbc140,Wallet,AED,24792.94,25000,100000,active,2025-11-18 18:42:34,2026-02-02 03:26:43
e2309dbb-b65e-4d9d-9961-8a070f49e9c2,10815d76-ac69-4c71-bbbf-97aeadae07fb,Wallet,AED,22937.37,5000,100000,suspended,2023-10-25 08:08:57,2023-10-27 11:33:49
e167c5e1-9555-470f-b616-72bd5b103662,981cfec2-9f40-4e54-a1a3-db2d10ab2ed3,Wallet,EGP,2286.14,5000,250000,active,2025-03-24 11:07:39,2026-03-11 20:59:21
98b078c6-02bb-4137-b4aa-51e0f32ddb57,981cfec2-9f40-4e54-a1a3-db2d10ab2ed3,Savings,EGP,32651.0,50000,250000,active,2025-03-24 11:07:39,2025-08-11 04:40:33
22602d86-93ea-41a2-a63d-0d427aa4093b,5c17fa0d-34ee-4326-b681-5a03e84c3347,Wallet,EGP,957.34,25000,50000,active,2026-03-04 05:28:09,2026-03-16 13:30:37
27c8e943-5c74-4044-a540-470663e7508c,ae69ba49-3230-44b1-b393-09add7e8b5de,Wallet,AED,4593.47,5000,50000,active,2025-03-03 11:11:51,2025-05-27 00:34:17
c79fa788-8428-41c1-ae37-f4db785b39d6,57dbcb99-231d-472d-b057-9e8954fbaba3,Wallet,EGP,16835.55,5000,50000,active,2025-08-09 17:22:20,2025-09-09 20:40:05
a4e83a51-fc65-4b46-a0e5-ab46fb64bc33,57dbcb99-231d-472d-b057-9e8954fbaba3,Savings,EGP,32867.95,50000,500000,active,2025-08-09 17:22:20,2025-09-02 13:08:58
80d0337a-0dad-4ed5-bd60-9f52fc2908a9,196dac34-edb0-4ba5-92fd-9e943705c146,Wallet,EGP,7650.13,50000,100000,active,2024-02-10 05:06:34,2025-08-15 06:51:08
e559f699-76cf-4e88-9ede-1a3cf59e9b83,4e44b9ce-e979-4cce-be5b-f312512c3252,Wallet,SAR,-344.35,10000,250000,active,2024-08-11 04:21:54,2026-02-11 10:21:09
9bccdb32-cbfd-4277-9196-a7ec27663036,96bd60d1-6908-44f0-abb8-b58f014a6f24,Wallet,AED,20332.13,25000,50000,active,2025-08-08 18:01:02,2025-10-19 14:26:24
cce078c6-9c7e-447b-8318-b1171e198d1e,1063c7ac-7982-43b5-8ece-39e5945be466,Wallet,KWD,14579.93,50000,100000,active,2023-12-25 03:24:07,2025-07-20 14:06:23
3196b778-85a3-4fdc-8fdf-ab66c8ce2491,1063c7ac-7982-43b5-8ece-39e5945be466,Savings,KWD,31679.8,50000,100000,active,2023-12-25 03:24:07,2025-08-24 23:33:02
b4eaeb8c-52f2-46c7-857f-5b5789ae9b67,3b4d523c-3778-457c-9c0c-0d0e46647b26,Wallet,SAR,5089.24,10000,250000,active,2025-12-21 11:37:48,2026-01-07 11:41:14
e2388d68-656e-4376-b87c-ee92f9cbdd86,06ce7422-0f34-4fad-bf49-9c0d887c3f4c,Wallet,AED,12021.77,5000,50000,active,2025-10-29 04:55:18,2026-01-03 21:19:21
f56389bd-37aa-446c-96f0-24f521d69613,06ce7422-0f34-4fad-bf49-9c0d887c3f4c,Savings,AED,12332.99,50000,100000,active,2025-10-29 04:55:18,2025-12-03 14:43:49
ee393fe5-5b78-4bb2-98df-4af70f563fdb,ed5f9e35-b0ce-4f8e-af9f-0b50c7d1cc04,Wallet,SAR,13736.42,5000,100000,active,2026-01-28 23:13:37,2026-03-16 14:51:27
060ede7f-dc95-4fee-99e6-342a1d09e9cb,9b744a33-8f79-483a-8ede-dd4048a00348,Wallet,AED,15676.57,10000,50000,active,2025-12-02 23:16:46,2026-02-08 20:06:16
9b0da2e7-5cd7-4756-a293-7d5d010be7cd,9b744a33-8f79-483a-8ede-dd4048a00348,Savings,AED,27190.12,50000,100000,frozen,2025-12-02 23:16:46,2025-12-20 15:03:38
ac1105d3-3a33-4d63-b3d1-64e611f4b697,a59c2425-fdda-4c1f-82cb-58cbfd25fe8c,Wallet,KWD,15219.32,25000,250000,active,2025-09-25 09:12:15,2025-09-29 21:41:04
b140af22-b364-424d-99f3-3ebd589873c5,3876496f-cba2-445e-9b92-3a0a5a3935b8,Wallet,AED,22775.97,5000,50000,active,2023-10-26 05:03:11,2024-02-26 03:17:54
fbec97b7-9db6-47a2-bbc7-364ccecadee4,006ceaf1-4096-46c3-9a92-cca8129027dd,Wallet,EGP,2494.89,10000,250000,active,2025-12-13 02:35:38,2026-01-14 23:12:40
4af2a146-edce-46f5-a73b-d7d4b60786a1,006ceaf1-4096-46c3-9a92-cca8129027dd,Savings,EGP,53898.37,50000,500000,active,2025-12-13 02:35:38,2026-02-05 18:24:14
40eafe73-a842-4449-808e-9ddb25751553,7b22c714-49c6-443b-913e-7253d31919f2,Wallet,EGP,8614.67,5000,50000,active,2025-05-27 09:46:25,2025-10-21 21:51:00
76aad248-1224-4207-9ce0-00fbafaf6b9a,6ec772d0-23fa-4198-b6e8-9de24bdcf7ea,Wallet,EGP,14455.67,5000,100000,active,2023-11-23 16:14:14,2025-07-01 06:21:56
,d752c19a-5c2a-4d7d-a6c1-aa46418048ea,Wallet,SAR,7182.19,25000,50000,active,2024-04-17 10:15:34,2026-03-20 15:56:00
bec28c82-0bb2-4a33-87b7-15c4e2624d5b,868485fd-e5de-4b13-9f11-71ae15a696c0,Wallet,EGP,10888.24,5000,50000,active,2025-05-25 17:57:07,2026-02-11 23:30:11
36139aeb-9c29-45e9-add7-9d3b0f9353f9,868485fd-e5de-4b13-9f11-71ae15a696c0,Savings,EGP,36476.4,10000,250000,active,2025-05-25 17:57:07,2025-09-17 00:23:19
f05d9fa4-0414-436a-bb81-a6d7d30f26d3,93f4486d-fa8b-4ec8-8bf0-43c059a3b599,Wallet,AED,10613.54,10000,50000,active,2024-07-11 19:01:05,2024-12-10 01:39:19
ca0b76d8-171c-4ad8-bf9e-a75d6794eb3c,93f4486d-fa8b-4ec8-8bf0-43c059a3b599,Savings,AED,60912.91,25000,250000,active,2024-07-11 19:01:05,2026-01-24 00:06:25
dd541446-c6ff-4d37-9535-fee303397a73,e579b53a-cd11-40ef-98df-c3b00bee19cf,Wallet,EGP,21759.7,50000,100000,active,2025-03-24 18:25:54,2025-06-21 00:08:39
b397929c-4a25-4e48-81ca-e8cb15f47ba0,62bf54f9-cbcf-433d-8349-48900d951b6d,Wallet,AED,16618.24,5000,100000,active,2024-03-21 08:53:59,2024-06-15 02:24:24
4a175315-3124-423d-af7c-8aef27df0732,b2d12df0-0292-4d7f-a5f3-cb63fbefa119,Wallet,QAR,20627.0,10000,100000,active,2024-06-06 17:49:20,2025-03-14 05:44:36
cc2cf3e1-0468-4965-9321-58dfea0fbf7a,b2d12df0-0292-4d7f-a5f3-cb63fbefa119,Savings,QAR,-15774.28,50000,100000,active,2024-06-06 17:49:20,2025-02-24 22:15:52
b9a5b235-8526-45c9-95e5-862f07ca0972,5407b106-82f1-4d27-9950-328442bf5acf,Wallet,QAR,11204.94,25000,250000,active,2026-02-03 01:35:21,2026-03-12 01:03:22
,9f4587d9-38c0-422d-b7e1-7a3da7a148cb,Wallet,SAR,-12169.97,10000,50000,active,2023-04-09 01:38:46,2024-12-14 06:41:56
ec09b201-7b08-4c2f-836b-97ceb8f8bad8,937028ef-b7a3-4c79-ad32-88349a406794,Wallet,USD,22391.13,10000,50000,active,2026-01-26 04:16:03,2026-03-07 20:43:06
5643484f-1081-4b34-b930-d5cb415a5ff3,e7fccc3b-98ef-401d-aee3-ae2003065499,Wallet,EGP,22866.85,25000,100000,active,2023-11-10 16:25:54,2025-05-25 18:00:52
1c03749a-607c-4cd1-8914-46d6f920e24d,5a1d77e6-1abe-45d6-8f5b-c1ad5d91d3b3,Wallet,AED,15159.59,50000,100000,active,2023-04-27 14:51:52,2023-10-06 03:54:58
fb13ae43-9ca4-49ef-8220-a2dd7fb05179,d87aa65c-b7ca-4a1e-bcf4-cb34d864d5c0,Wallet,EGP,22627.83,5000,100000,active,2023-10-03 21:14:48,2025-09-18 01:13:06
69ecccec-8ff7-4d5b-b0d2-349cd953ad70,87c7b13e-1512-4f38-a716-1ed64b9448bf,Checking,AED,24614.05,25000,100000,active,2025-12-05 05:01:02,2026-03-07 03:33:32
44168835-bc3f-4205-b11a-f6530680cc8e,87c7b13e-1512-4f38-a716-1ed64b9448bf,Savings,AED,84849.9,25000,250000,active,2025-12-05 05:01:02,2025-12-31 11:01:12
e1774475-30a7-418c-a2e5-3ed3837d32a2,346f7a32-4aab-4754-a3b8-c2d892756f00,Wallet,EGP,4605.17,5000,50000,active,2024-05-21 22:22:56,2025-05-14 14:50:54
be6d7f5a-1ecb-4b11-a5ff-907bbbb16a50,ee4ba4a2-7cb2-4d93-8559-e9b7100edabb,Wallet,KWD,8736.75,25000,250000,active,2025-03-09 10:38:53,2025-09-22 00:45:56
d2a62dad-0eda-47e0-94b6-8a4cbf3cd707,e85ebd5d-5d18-410b-bfce-c4586bd41580,Wallet,EGP,4177.97,10000,250000,active,2025-07-10 04:36:15,2025-09-10 18:32:12
25d088e7-f684-4d67-9284-8101985f8aab,e85ebd5d-5d18-410b-bfce-c4586bd41580,Savings,EGP,53666.37,10000,500000,active,2025-07-10 04:36:15,2025-09-22 21:21:57
e9d9b100-e6c0-4789-b1c8-66a98a8d2b1a,2fb88aa3-979d-4036-968d-6df183ceed7f,Wallet,KWD,11029.82,10000,50000,suspended,2025-08-10 01:19:47,2026-03-12 22:04:26
3d112ebf-1b87-4010-abcb-445e149b5b14,6eaaaab9-cc81-470f-b3c3-a15bc3b910cb,Wallet,EGP,17004.05,5000,50000,active,2025-08-02 11:09:26,2026-02-21 05:31:49
f1d6b10a-34fe-4400-b446-0b2d1de593ed,2be0c873-9158-4aea-bcd5-0523d5ba0f6e,Wallet,SAR,8023.23,50000,250000,active,2024-07-30 05:48:54,2025-03-30 16:16:53
b567c987-2d82-4af8-b574-38353ac5978e,07dbe902-0339-4624-8538-da3089b556bf,Wallet,EGP,21608.82,5000,50000,active,2026-01-04 10:08:56,2026-03-06 21:20:32
369fc8fa-796d-416b-bdbc-52b22f29cf6b,31624460-aaf1-4d31-b508-58c389902239,Wallet,EGP,14634.51,25000,100000,active,2024-08-07 23:13:30,2024-09-29 07:25:39
05f120e5-8756-47b6-9744-5de88e8b4ca3,0abeec04-830c-4003-b635-996cd6ef3d5b,Wallet,SAR,21046.93,5000,50000,active,2024-06-19 04:44:50,2025-06-23 09:53:04
91c14936-7de7-4d93-a443-deecaaf41146,0abeec04-830c-4003-b635-996cd6ef3d5b,Savings,SAR,12784.0,25000,100000,active,2024-06-19 04:44:50,2024-07-06 11:39:36
c5948bfc-8bf9-4c67-b9d0-692088cbb430,c43f2dd1-073a-403f-a193-939e30054e96,Wallet,EGP,9539.62,10000,50000,active,2023-04-01 18:13:05,2024-03-18 00:17:33
f36eff8d-aa00-4d1e-bfda-b98774979c42,f2c07e59-fe29-4e42-8ed2-bc3bfbfece28,Wallet,SAR,17099.01,5000,100000,active,2025-01-15 20:31:42,2025-12-03 15:21:45
8dae20e3-a6af-4e59-9195-4bf115b74449,e4ba8e57-412b-4cf4-af95-eff629532fa7,Wallet,AED,8756.09,10000,250000,active,2026-02-24 16:36:31,2026-03-11 09:24:07
3402ad87-e901-4d41-b0ab-45cb8d89b62e,d6fb998d-4729-44ab-8b3e-b5fddae325dd,Wallet,EGP,14292.79,50000,50000,active,2025-08-19 20:44:24,2025-09-06 20:37:51
fab099e8-35df-48a1-a9fb-242726df30a1,4f327e07-19b7-4ebe-8b6e-d2eca66a1d5f,Wallet,EGP,4486.93,25000,250000,active,2025-09-14 15:26:27,2025-12-10 09:12:35
1f352278-276b-4b9a-ac14-a06170968184,4f327e07-19b7-4ebe-8b6e-d2eca66a1d5f,Savings,EGP,24880.02,25000,100000,active,2025-09-14 15:26:27,2026-01-16 13:33:52
728813f7-9307-49fa-80b1-acfa06f821a9,a2c8ac02-d241-4368-8a32-ecd8f9a2ebb0,Wallet,SAR,15852.63,25000,100000,active,2025-04-11 22:21:31,2025-11-27 07:24:27
003b3349-7f8a-4a39-8467-51aff408e94f,2bdce05c-4aaf-4ff7-ac18-00e6b12f711c,Wallet,QAR,21051.09,50000,250000,active,2025-06-13 06:08:14,2025-12-24 11:48:29
6b6f5d4b-f008-4653-88d8-6674bc6edb9b,7a7796b3-0a62-4c59-bb16-a53a6c51ba3a,Wallet,EGP,22362.64,10000,250000,active,2024-03-10 18:43:09,2026-02-16 00:01:58
9c1061d6-ec34-4650-a69a-dfae0f00e193,b2e0e79a-ebb2-4b86-b5e4-1ad019b26c11,Wallet,EGP,22136.96,50000,50000,active,2025-03-12 06:52:41,2025-11-10 14:31:03
48a0f8a7-8996-4cbd-a134-478911faf0c5,7b3990d3-1d42-4b43-9e9d-2652c3803135,Wallet,EGP,9009.62,10000,100000,active,2025-08-22 11:43:24,2025-11-09 03:33:05
6ce48e22-4128-4825-9127-1fb18856764e,bd8868b3-af85-4814-8a2c-b3d466d3680d,Wallet,AED,8832.36,25000,250000,active,2024-09-02 00:17:45,2025-05-04 16:58:49
5831b48d-e4aa-48ad-b606-5be19f28e40d,a2e2600f-78d8-4daf-8b3d-86bd21d048d4,Wallet,AED,23691.67,5000,50000,active,2025-12-06 23:35:26,2026-03-07 16:01:20
f754317a-69fe-4162-9d24-749510e7e11d,a2e2600f-78d8-4daf-8b3d-86bd21d048d4,Savings,AED,-64046.7,10000,500000,active,2025-12-06 23:35:26,2026-02-05 21:16:16
f1464012-45e2-4105-9f17-a9c60b03d382,5a336552-505c-4360-8d83-bf497293d484,Wallet,EGP,13048.2,50000,100000,active,2024-11-26 14:29:13,2025-04-05 16:26:47
8cd2957d-567b-47ac-a3e5-cf4f6e8deb22,92c713e0-84f8-4850-a370-fcfab7d07f06,Wallet,SAR,17878.16,10000,100000,active,2024-07-12 13:17:29,2025-12-24 04:28:53
82010e14-4193-4994-8444-0cb64dcf0c51,533b1191-b2c6-4a01-ad01-40e8f367c323,Wallet,EGP,14460.79,25000,250000,active,2025-08-04 23:52:44,2025-10-26 13:10:31
34ba0e82-a130-4819-b93f-08490b18d901,d13ce8c2-f6f3-4b66-9b9a-85a0428714c5,Wallet,SAR,7959.22,50000,250000,active,2024-05-30 06:03:47,2025-04-12 19:50:32
8de1d463-145f-4aad-8594-cac6213665a6,ecb3c783-bbd4-43d0-ba7b-8ff8fa452f47,Wallet,EGP,12135.46,10000,100000,active,2025-08-29 21:08:46,2026-01-05 16:56:46
d6999662-e642-4a30-a625-1544f387fc94,ecb3c783-bbd4-43d0-ba7b-8ff8fa452f47,Savings,EGP,92998.31,10000,500000,active,2025-08-29 21:08:46,2025-11-20 02:14:14
1de2914d-a3c9-4946-aa8a-233d5f73e47c,02e58eda-9d78-469e-812d-1a240d22ed48,Wallet,SAR,23407.7,25000,100000,active,2024-01-25 04:17:41,2024-09-22 22:52:03
d7bbaa88-3950-42c6-b0cc-97cb6094b022,02e58eda-9d78-469e-812d-1a240d22ed48,Savings,SAR,84602.02,50000,100000,active,2024-01-25 04:17:41,2025-12-25 16:06:33
46d9445d-00d9-4979-88c8-2aa892cd1525,e494d615-3ac0-4748-9cfc-b8fc87730c12,Wallet,SAR,3404.98,50000,50000,active,2025-08-31 00:15:49,2026-01-26 13:20:27
18b49a76-1ff9-4c24-8d5b-19619fbaa932,9250f048-4541-4841-a293-916d32eea43f,Wallet,SAR,23250.15,50000,50000,active,2025-02-24 09:41:30,2025-04-13 08:22:27
c9280db4-c98a-4ab6-94d7-efc93e947a26,c83b6e9d-c1fb-4068-8c06-5051e52ea12c,Savings,SAR,46186.56,25000,100000,suspended,2025-02-24 09:41:30,2025-10-09 06:54:24
f508d574-8716-4e33-81e0-efd06e7fc9e8,fbde72f1-d9cc-447e-9a2d-577113e56d38,Wallet,SAR,2105.93,50000,100000,active,2025-12-31 10:02:14,2026-01-24 17:26:30
bf2d377b-2648-40d8-ae2f-25e28636011f,fbde72f1-d9cc-447e-9a2d-577113e56d38,Savings,SAR,26346.83,25000,250000,active,2025-12-31 10:02:14,2026-01-15 21:02:39
6e2da9f2-1abd-4d60-9943-2e0579c42e1a,12721308-5d32-40e9-a7df-ceb6b3391cad,Wallet,EGP,7221.03,10000,50000,active,2024-08-11 18:13:20,2025-06-28 10:32:02
6c655321-b947-4b21-82a7-d3b8e99a95c8,de7b8de7-4665-47c5-8cdd-0f265aa48e03,Wallet,EGP,12910.67,10000,250000,active,2025-01-31 07:48:05,2026-01-03 07:39:05
97836d5b-79e1-47b1-ae59-5319973a1652,ed7394eb-46ba-4d35-9da9-987f0da07ae2,Wallet,QAR,1062.84,25000,250000,active,2025-04-02 13:56:12,2025-10-29 03:24:32
347db7ec-e7f0-485c-bd29-84fdeeb8fcdf,99f6b627-fa5e-45bb-a570-7fa068dc64e4,Wallet,EGP,12774.68,10000,250000,active,2023-05-31 13:05:13,2023-07-01 04:16:24
8c69b46d-6f34-440c-94a7-2ad5ac6abf9f,71e72ae7-d457-47d9-8dc6-d3c564bc426b,Wallet,QAR,12534.96,5000,250000,active,2025-01-01 07:57:29,2025-03-07 13:24:54
b4540db4-dc01-41e2-9d92-80d98ee5b6d3,47171609-0b76-4dd7-9760-585c9d52d920,Wallet,SAR,1057.26,25000,50000,active,2023-05-01 04:36:11,2025-04-23 20:13:16
ded22304-664c-4395-a475-7074d1cad0a7,220998c8-29e2-4d92-a614-9e7685cfac9b,Wallet,EGP,23259.07,5000,250000,active,2025-01-02 07:57:28,2025-02-28 09:24:16
5cf1a6eb-2ba6-49cc-aa4c-ea349743b7ac,a2feaa31-a430-44c6-be35-b45eba58c6d8,Wallet,AED,3714.12,25000,50000,active,2025-08-25 10:56:35,2026-01-02 10:56:33
8ab464e3-1406-4253-8bfe-df2948218676,e9e3ae54-f703-43f6-b249-c9829c7a0e66,Wallet,AED,5004.34,10000,100000,active,2024-08-12 12:13:43,2025-05-06 09:56:13
63ffd04e-4797-446a-9104-b0d219d09eeb,aa0832bf-2e88-4d9f-980e-d314b5b1f546,Wallet,AED,21866.98,10000,50000,active,2025-04-11 16:38:00,2025-12-14 10:26:27
773d7d8c-f8d9-412a-828a-7d15fc3fa0a7,4b812866-8cc2-4259-9632-e1cda1b2e398,Wallet,KWD,17182.69,25000,100000,active,2026-01-15 09:16:12,2026-03-06 16:02:17
cb3694c8-fa4b-46b6-a881-4d46097fbb88,705c9b33-5aa1-42e8-b073-6e2d9cc67dfd,Wallet,EGP,12222.93,25000,50000,active,2025-07-28 14:03:15,2026-02-21 18:45:14
b103c60d-7908-4448-9953-10a3b638cd19,6bf5248b-01ea-477c-9f5e-245071738bd1,Wallet,SAR,21302.13,25000,50000,active,2024-10-23 18:55:20,2024-10-28 00:13:01
e1868389-7cb2-4726-9ec4-54cf5429f36d,ce57ac96-ffed-46d6-8dcd-551c3f0f7c50,Wallet,EGP,267.47,5000,100000,active,2024-04-15 11:49:22,2024-08-28 01:15:04
a755b437-be91-4c81-9121-86c933ce504c,81375932-2700-4c32-a5fd-e0425727448e,Wallet,SAR,621.26,5000,250000,active,2024-09-16 09:43:19,2025-03-20 15:10:04
a68cc732-1c89-43f6-9096-bb316fcc65a5,81375932-2700-4c32-a5fd-e0425727448e,Savings,SAR,51044.33,50000,250000,active,2024-09-16 09:43:19,2025-04-16 16:42:19
d64e918d-355a-4c4f-8f9e-884eb524a5cb,0579794c-74ff-4a9e-a192-e4c9ad39ee79,Wallet,QAR,13468.07,10000,50000,active,2024-03-16 17:55:52,2024-09-16 05:21:06
b9e12d38-2f81-4494-bf17-17af74cbcdd5,0579794c-74ff-4a9e-a192-e4c9ad39ee79,Savings,QAR,89375.78,10000,500000,active,2024-03-16 17:55:52,2024-07-30 08:10:31
4ea6c15c-08ba-47e4-9bf1-c68e75382aec,8634f6bc-3b66-4e3d-a60b-37ce39c82da7,Wallet,EGP,13968.28,50000,100000,active,2025-10-14 06:50:34,2025-10-28 22:02:03
0c13afe6-193b-4695-b8a6-2a3c7af12622,c5b73a99-edb1-4d65-ac7f-0538082bba75,Wallet,EGP,1118.44,10000,50000,active,2025-09-17 01:12:16,2026-02-10 22:51:07
5e00fc20-372d-4fc7-8339-ca17e013b9d4,b9ddf817-64f1-46dc-a8bf-e280bafc39c8,Wallet,AED,12575.66,25000,250000,active,2025-09-01 06:27:53,2025-12-14 22:06:55
68b5b40e-4f10-4bc6-a68c-19e5513bdda1,c65e1c9c-7c9f-47d9-af30-f113c8530bdf,Wallet,EGP,7434.15,50000,100000,active,2023-08-22 13:16:38,2024-08-17 21:25:06
10bb27c2-4898-4fac-b60d-464ade861fe1,604470bd-fddd-438d-8fd0-ab9dc95794bd,Wallet,QAR,16173.65,5000,50000,active,2024-09-13 12:04:14,2025-11-15 08:17:21
2af6c671-b004-4308-b4eb-d98e62370bfb,03e4bfb1-c94d-461e-9c88-08d5d761960d,Wallet,EGP,10441.2,25000,50000,active,2024-10-03 13:54:54,2025-08-30 04:36:07
ef8d651a-4118-4223-a5de-6e772b290ec2,06640c57-32d0-427d-a4c7-ac108ea3d0eb,Wallet,AED,24264.24,10000,50000,active,2024-08-31 11:49:15,2025-01-20 13:09:00
6191acf4-abc6-4a3f-b96d-80f1a6a7bcb4,ed6de9a9-90ff-47de-8fbc-0c844005d3e7,Wallet,EGP,8360.77,25000,100000,active,2026-03-05 20:01:00,2026-03-14 01:34:17
46e168b5-abe8-49ff-bd9b-8dd749e53fd0,cb52e2b9-b75c-431d-b9c2-e69fe5861b6f,Wallet,SAR,10522.55,50000,50000,active,2024-05-01 06:43:42,2024-05-02 22:29:11
6568c370-9d61-4e0a-a51d-76e36a8b83ea,bc90c14d-9869-4ca2-ac1e-5159b6fb4039,Wallet,AED,8939.76,25000,50000,active,2025-10-15 11:45:23,2026-02-26 17:07:43
a26e2dfc-660b-4fe1-bf15-64495af84959,39b7a2a9-4d04-45bc-8e04-db8699a91202,Wallet,AED,21944.29,5000,250000,active,2025-03-31 11:30:41,2025-12-05 11:37:56
a8e2c43b-ee8c-4127-943e-97bebb829840,8ee4c15d-d4be-43fe-bba6-714fef47f09f,Wallet,AED,21721.45,5000,250000,active,2023-11-01 02:59:17,2024-01-06 20:24:28
e74f3323-3e91-46a4-bd90-22e3bb6f2d22,c2afef03-b566-4452-bf39-95cfc1fcb952,Wallet,AED,5792.89,10000,250000,active,2023-08-07 11:41:31,2023-09-30 07:25:55
1292809b-937b-40db-9036-6c04a5fb8575,e343914d-bc40-40e9-8137-ea7db83f690e,Wallet,EGP,7298.45,25000,250000,active,2024-01-02 18:43:23,2024-11-12 11:31:33
875e8ec4-c3b1-4b85-9c0b-05e2b3329dbe,87f7c16a-7a51-4de8-9ff4-e5b92365389c,Wallet,KWD,2158.09,5000,100000,active,2023-03-29 07:21:55,2025-04-08 15:56:56
a3551ccb-7f3b-492e-b5ec-231e2814656f,87f7c16a-7a51-4de8-9ff4-e5b92365389c,Savings,KWD,61272.48,10000,500000,active,2023-03-29 07:21:55,2025-08-17 09:43:08
c596a703-d94e-4683-8134-1582a5f5da55,e9db732b-23c7-442b-ac96-555592291b65,Wallet,EGP,14184.9,25000,250000,active,2025-02-03 15:59:11,2025-05-31 16:30:01
197da2f6-5d26-478d-bddb-81195db1ffbc,77400422-46ea-40a3-987c-8c11c8535f7f,Wallet,USD,11417.51,10000,50000,active,2026-01-07 23:48:06,2026-03-08 02:25:23
2fbc7e2b-b9cd-48ca-8205-d56893af7473,9627a37c-d9a5-481c-bfac-c2b24414c703,Wallet,EGP,8762.09,25000,50000,active,2025-06-18 06:09:22,2025-12-19 01:25:32
44dae7f6-e19e-4337-930a-37a3c370da4b,7bf12a55-5689-498f-888d-62470e372dce,Wallet,AED,23335.51,25000,100000,active,2025-10-24 03:28:57,2026-02-09 20:17:57
c0644475-cc43-41a4-bb42-32aa25d94613,7bf12a55-5689-498f-888d-62470e372dce,Savings,AED,80637.71,25000,250000,active,2025-10-24 03:28:57,2026-01-02 20:39:13
f019272a-906e-4490-a8c9-16f4b75e04dd,88efb5c5-67bd-473a-8fab-2b17df9e268e,Wallet,QAR,24016.39,25000,50000,active,2024-07-04 16:13:56,2024-10-10 23:58:49
5ea329f7-7804-4746-8d7e-5e815a2e4d61,87db3ddc-57d5-43b2-ba20-b7d1055a6b6c,Wallet,EGP,2886.58,50000,50000,active,2024-02-01 08:39:17,2025-08-19 01:59:21
563bca31-7840-4c41-a43c-9e45e3528a0b,0332b1c8-b547-47e8-8410-6a3bf0d22faf,Wallet,SAR,950.8,25000,100000,active,2025-10-07 04:40:07,2026-02-01 23:51:33
e8a224d6-67dd-4f67-bf66-c87e1e49cf0a,404b7075-d313-4102-88ad-3c4350a6f3f5,Wallet,AED,14384.73,5000,250000,active,2026-03-07 06:24:58,2026-03-21 10:13:22
4f37823a-0e66-47db-b110-e55fe0de8237,925ee848-648e-4180-aa84-b3bba839dcb6,Wallet,AED,10365.09,25000,250000,active,2024-06-06 08:09:17,2024-11-03 17:36:17
30905fcc-f071-436b-818e-a4d348761195,0dbe92e3-e7ad-40dc-96be-a9fb0b2a7c5c,Wallet,EGP,20124.26,50000,250000,active,2023-05-20 03:29:51,2023-06-30 15:59:49
0b3cf798-a245-483f-8811-d0ff5c37d0b0,fc5b2eaf-d564-4342-bcfb-b67f932207a2,Wallet,SAR,21368.86,10000,50000,active,2024-04-14 16:10:19,2025-09-06 05:54:15
f1754b93-b22c-4634-8b19-80b7e23507b1,6db640d2-097f-47e9-9574-e4b9de63df76,Wallet,EGP,4179.47,10000,250000,active,2023-07-07 20:22:15,2024-12-27 10:49:07
190be2d9-7b8b-46c5-8a36-7139dcfa315f,7a44c59b-60fa-498c-b8b5-36f7eb5de4d9,Wallet,EGP,5939.49,5000,250000,active,2023-05-20 18:21:53,2023-06-10 17:16:25
48cf0eac-e787-4cad-813d-8807b8f48b34,7a44c59b-60fa-498c-b8b5-36f7eb5de4d9,Savings,EGP,54240.63,10000,500000,active,2023-05-20 18:21:53,2026-03-08 09:17:04
cee0a601-016e-4e15-9711-978d70b3b85e,04de3961-0fb7-4d6d-bb76-3e9012b84e54,Wallet,AED,10689.77,10000,250000,active,2024-03-25 06:32:02,2026-03-12 10:50:07
96ee3179-6851-4b9e-9d1c-2af5121147cd,9d759f13-1f1b-46b2-8810-7b1ed0e66088,Wallet,AED,23868.63,25000,250000,active,2024-10-13 20:32:08,2025-06-26 09:23:24
bda30a6f-e4dd-4d98-97fd-119e634b8a66,8c433c8a-c319-4feb-962d-11bc7f7cab18,Wallet,SAR,7737.17,10000,100000,active,2025-03-11 02:45:42,2025-05-03 00:42:28
5f872a5c-7616-43dc-9a78-d976ccb1a9b8,8c433c8a-c319-4feb-962d-11bc7f7cab18,Savings,SAR,86788.27,50000,250000,active,2025-03-11 02:45:42,2026-02-24 15:17:52
bf8248dd-72dd-456a-a63f-67c99262fc81,6777b4d7-891d-49cf-a869-dfa30a7ff7d0,Wallet,EGP,565.62,50000,250000,active,2025-12-16 11:39:06,2026-02-27 03:31:35
1913e41e-93c9-43b3-b429-91c1a1d7ec3e,e95567e5-2923-4dc6-8612-88fc4c601b1b,Wallet,EGP,14014.11,5000,100000,active,2024-11-21 07:20:14,2025-07-10 02:24:58
d17bae9f-ab47-40b1-8cf2-b659d62bbdaa,e95567e5-2923-4dc6-8612-88fc4c601b1b,Savings,EGP,34654.42,50000,100000,active,2024-11-21 07:20:14,2025-01-12 01:31:28
d670792f-bbf6-4d9f-98a6-306e19fd485d,9e5db54d-262c-4817-970a-81b7b8aeb24f,Wallet,SAR,-6274.05,25000,250000,active,2026-03-04 02:39:07,2026-03-21 13:47:36
d5e07e8e-09eb-46dc-a653-4823536bfbfc,91df1b91-5075-4308-a98b-82eb73772d8e,Wallet,SAR,20229.06,50000,250000,active,2026-02-04 11:45:29,2026-03-14 12:00:49
ee459a77-be93-4d8a-b952-dc1dc0542411,91df1b91-5075-4308-a98b-82eb73772d8e,Savings,SAR,75681.01,50000,500000,active,2026-02-04 11:45:29,2026-03-02 10:53:28
15c99bac-26cc-47b7-812e-b6d9afc47290,996d8667-60d4-410e-94ff-4ba59de45c6b,Wallet,KWD,2953.05,5000,100000,active,2026-03-19 01:49:08,2026-03-20 15:45:10
f49cbb8b-772b-43d1-923b-56d0a193256b,2ce32c40-ebb3-47e0-8ffe-ecd8ed353b35,Wallet,EGP,12637.18,10000,250000,active,2023-10-18 17:04:37,2024-11-23 18:53:15
e943db2f-64b0-492f-8388-81a75edee999,44d3301c-9bff-43cf-82a2-3a9cee5b51a6,Wallet,QAR,20721.53,5000,250000,active,2023-10-17 16:38:39,2023-11-06 10:00:46
cfcfa779-55bb-4243-8360-019cb7b6e4de,44d3301c-9bff-43cf-82a2-3a9cee5b51a6,Savings,QAR,88514.03,25000,100000,active,2023-10-17 16:38:39,2024-04-15 08:41:51
e3321d1a-da34-4eb6-ba25-3dccb49c441a,b0643f1c-d1b3-48b2-b1b2-f6eed14f1de0,Wallet,SAR,2240.46,5000,250000,active,2025-04-20 15:32:17,2025-09-30 18:15:32
7dfc4942-1d68-4f14-ae85-6235179e5594,ccda79ae-cf26-4e90-801e-b076d3768a4e,Wallet,SAR,4017.08,5000,50000,active,2024-01-26 04:47:51,2025-06-28 16:38:18
c01684cb-2a9c-4478-ad99-7a08461d1eda,ccda79ae-cf26-4e90-801e-b076d3768a4e,Savings,SAR,4795.69,50000,500000,active,2024-01-26 04:47:51,2024-03-07 20:20:48
ea88c80f-e7ab-45ad-8538-15d69a74f63c,5ff8ceff-c42b-4d87-9c13-145e92978795,Wallet,AED,20225.64,10000,50000,active,2025-02-17 22:06:58,2025-09-11 16:59:00
18254f13-dd68-425c-8e28-134064f10128,ab383458-d977-4447-8b77-3f304485f528,Wallet,EGP,19483.89,50000,50000,active,2023-07-17 05:08:09,2024-02-20 04:05:40
bfae9127-38b5-4346-bdd1-3834843da333,cb91d584-e0b3-4071-a928-48e4ed8a3eed,Wallet,AED,5438.57,50000,100000,active,2023-07-23 10:16:55,2025-05-16 17:47:41
297a73c4-cc12-4684-876a-32f16a4f0bda,e78ec8f8-9c17-4801-95e8-00b987019428,Wallet,EGP,7378.48,25000,50000,active,2024-01-23 05:08:39,2024-02-19 06:24:48
296b0dcd-f909-4c6f-8152-1b55158d4f7d,e78ec8f8-9c17-4801-95e8-00b987019428,Savings,EGP,55556.0,50000,500000,active,2024-01-23 05:08:39,2026-02-14 18:14:45
c0c550c6-11d8-4f17-b225-e67b73459cf7,f4a4d397-9bdb-492c-91e3-717992f1ed9f,Wallet,SAR,1251.77,5000,100000,active,2025-01-12 15:31:52,2026-01-23 09:37:50
2035d9c9-54d0-4794-823d-f104007f99a1,5fb87185-5328-489b-8a0b-08ca92120176,Wallet,EGP,3898.81,10000,100000,active,2026-03-10 11:44:54,2026-03-16 18:38:24
b465455d-6c58-4722-969a-d8682ce33fcd,aaa0a901-12e7-49ca-ae80-74a477f771c8,Wallet,EGP,14091.61,5000,250000,active,2025-03-13 07:59:19,2025-05-04 05:00:37
ddef67f7-933b-48bf-b529-994debbfa969,80d8130e-44b6-43db-a77a-4906cf4dd2a2,Wallet,KWD,13307.57,50000,250000,active,2025-01-24 20:29:49,2025-11-05 14:37:20
756464ab-20dc-48e2-90ea-16f97dec3baf,6ef79e27-4247-4266-8a1f-f09fc2a6926d,Wallet,EGP,4459.35,25000,50000,active,2025-04-15 20:55:14,2025-08-19 03:38:56
8d811097-a374-4110-954d-f09938cab94a,64a396ad-5b76-4884-9960-a2025df9b249,Wallet,SAR,22142.08,5000,250000,active,2023-04-11 05:03:23,2024-02-18 00:56:46
76937832-c000-4d99-89a6-69643a91b10f,2b1202c2-064d-4e54-9e7f-e49f9d72fa83,Wallet,AED,4436.41,25000,250000,active,2024-12-28 20:29:53,2025-12-17 18:02:45
ac8674fb-6648-4bc6-851e-63dccf182ec0,2b1202c2-064d-4e54-9e7f-e49f9d72fa83,Savings,AED,73746.02,10000,100000,active,2024-12-28 20:29:53,2026-03-20 06:56:13
8cc336fd-7fe6-43e8-b2e4-5cf5d7b01dea,0874a34f-f87a-4061-9758-1426271b7f4f,Wallet,SAR,4375.17,5000,50000,active,2025-04-19 01:28:03,2026-01-13 09:04:17
913e7467-0a9b-45f1-bf94-610517044860,124cea43-8272-4ab3-8ac2-9fc2ffa35324,Wallet,EGP,22999.96,10000,100000,active,2024-10-07 04:22:57,2024-12-07 20:51:09
5d77366f-ccfa-4a15-8c4c-4ebd952720dc,bc202406-2ec8-48db-a523-acaf18c29993,Wallet,SAR,21777.14,10000,50000,active,2023-06-24 03:32:24,2025-09-29 19:48:19
09dccab8-6b15-4d7d-9e50-3a126516acca,7b49cd27-8d39-470c-a315-60f76bca5d0b,Wallet,EGP,23410.07,50000,50000,active,2025-02-12 23:13:01,2025-08-24 15:03:15
eaa3da9f-277a-4859-bd28-07e8e386b20d,a10be102-a415-4c55-bf08-52fc15d249f4,Wallet,EGP,1453.39,50000,50000,active,2024-08-10 07:48:36,2025-11-16 03:01:34
370f1ef5-124a-447e-8289-a595129efbce,c58ff175-f679-47f0-80d1-b9f2ad781bbe,Wallet,KWD,14887.91,25000,100000,active,2025-05-01 15:02:09,2025-08-22 12:02:10
dbc18bbb-00bf-4ff4-a39b-b445afb1025c,8aea8186-d766-4153-90c4-6ed01db77cf3,Wallet,AED,8987.81,25000,50000,active,2025-12-13 02:19:31,2026-02-09 13:18:19
7d38ecf8-ce84-41e6-bf24-47692aca7c84,5028c85e-0cf4-4ba1-bdef-3e712a491085,Wallet,EGP,7904.23,50000,50000,active,2023-05-26 14:01:13,2025-06-26 10:58:36
8cfb86dc-7b98-4ca7-82f5-505b730c149f,5028c85e-0cf4-4ba1-bdef-3e712a491085,Savings,EGP,67678.26,50000,500000,frozen,2023-05-26 14:01:13,2024-02-25 07:23:19
eace7eb8-fe0c-4bc2-82c5-7daadda17d8a,161773c4-3cab-47d3-976f-abd7aea7d5df,Wallet,SAR,12848.63,10000,50000,active,2024-03-12 14:11:35,2026-01-24 16:01:14
090b0914-8ed7-4467-ad93-cfa64430e61a,5a507601-e739-4779-a36e-211f039f25ad,Wallet,SAR,23372.33,10000,250000,active,2023-11-25 09:43:34,2025-07-31 23:08:43
b399fc2b-8625-4889-8a5e-b9d4708dd02f,5a507601-e739-4779-a36e-211f039f25ad,Savings,SAR,21659.94,50000,100000,active,2023-11-25 09:43:34,2025-08-04 02:45:06
b15bd400-d447-4130-b349-cef2b64d9593,09e43a81-1eaa-44b1-8e42-0df5140b9850,Wallet,EGP,18396.3,50000,100000,active,2023-05-25 18:47:25,2024-07-31 07:22:47
f1056d42-3311-4a55-a21f-4a4c42a71348,09e43a81-1eaa-44b1-8e42-0df5140b9850,Savings,EGP,26074.4,10000,500000,active,2023-05-25 18:47:25,2024-02-22 01:22:36
f999cc0d-2a43-412e-bfc6-37c970ee346d,3db6beb3-519f-4f4a-a036-7caef588fcdf,Wallet,EGP,15502.82,25000,250000,active,2024-02-05 14:58:33,2024-07-28 13:23:22
750601af-0fba-4722-947a-d389c6af5d50,3db6beb3-519f-4f4a-a036-7caef588fcdf,Savings,EGP,58864.2,50000,500000,active,2024-02-05 14:58:33,2024-09-09 04:11:15
dd534a0c-1422-459c-9eeb-ae2b9d6e9577,75da7097-368f-4a13-8fa9-3739cdfd65a5,Wallet,EGP,1854.47,10000,50000,active,2023-03-22 01:56:35,2023-05-06 04:33:41
7c89c344-6ecb-4003-bc24-acc91862fe6e,970771ac-0119-4f78-99e1-b75b2dda0483,Wallet,SAR,20460.4,25000,250000,active,2024-07-03 06:50:03,2025-07-21 23:49:25
ec96b1f2-39cc-4966-a33e-6ec3be4dadf8,ebb2e331-4ca6-4ad5-ba86-f015fcf46519,Wallet,EGP,16506.97,5000,250000,active,2026-03-17 22:44:00,2026-03-17 23:43:54
47b90cc1-e69e-4bb7-9ed2-7fd9be5d3467,ebb2e331-4ca6-4ad5-ba86-f015fcf46519,Savings,EGP,9675.7,10000,100000,active,2026-03-17 22:44:00,2026-03-20 17:31:27
0b119aef-4556-4ff0-92b0-c5998c1856cf,29284800-3351-44cf-a05f-9a38317d50a8,Wallet,SAR,10707.48,25000,250000,active,2024-01-30 22:44:32,2025-10-15 02:18:21
9bfb7b44-404b-461e-9b4c-5232633ff7c9,9777a450-a720-4ffb-91b8-d84971372688,Wallet,EGP,11071.08,10000,250000,active,2025-07-15 01:24:15,2025-08-16 14:41:05
d5e08841-3e6f-4abe-9a44-6626f8cb84f8,a7f511df-120d-41ed-838e-34ee32d36e55,Wallet,EGP,19013.04,5000,100000,active,2023-10-21 21:14:11,2025-03-13 11:58:21
907a5986-842d-489f-be36-5a70298429c2,c86729bd-5fab-4d01-98ce-79408e62915e,Wallet,EGP,-3756.01,10000,250000,active,2025-09-01 00:27:53,2026-01-04 15:50:25
e1f5997f-fa47-449c-be4a-d3fd8d2fdeb6,c86729bd-5fab-4d01-98ce-79408e62915e,Savings,EGP,79366.31,50000,500000,active,2025-09-01 00:27:53,2025-11-01 12:05:14
edc6f285-383c-48e0-89bc-e015cbaf2621,8dd25bb2-f3f0-4426-a480-a52dca4e439a,Wallet,EGP,23232.64,50000,250000,active,2026-02-22 12:40:02,2026-03-18 23:02:13
9f9fe17d-997f-4cfb-ac58-6ca9290de84a,8dd25bb2-f3f0-4426-a480-a52dca4e439a,Savings,EGP,28983.25,10000,250000,active,2026-02-22 12:40:02,2026-03-14 01:21:26
df3569b9-366f-467e-9068-8e93b8cb19d9,dc68ff59-fa3f-4eff-aee6-50d2c5230b0d,Wallet,EGP,17729.36,50000,50000,active,2024-06-23 13:13:09,2025-02-07 07:19:19
fa6d863d-bcc8-43a5-b073-7047b2617653,e268ce81-9f58-418d-9e38-a905655cea58,Wallet,SAR,13085.6,25000,100000,active,2024-07-05 23:34:31,2026-02-24 01:54:56
49a9ae3e-0d5f-4784-aa13-762b5ba84652,c2d54c8d-0c8c-418e-ae33-77ec10c3156c,Wallet,SAR,3582.15,10000,50000,active,2024-11-01 07:47:50,2025-03-15 06:23:03
ebe1d2f0-9d32-4bed-9f52-7eab37efa03c,a310872c-b8da-468b-a64f-6c43e0ebb256,Wallet,SAR,2158.03,10000,250000,active,2025-07-27 12:58:17,2025-11-18 09:18:02
4919a211-7aa8-4d1c-aa49-d46aa138e9ed,7888b4e4-40d2-4dd9-a72b-0babe2012085,Wallet,AED,14318.64,25000,250000,active,2024-04-18 09:43:49,2025-04-30 04:58:21
5c0281dc-9ce9-4b1e-95ce-210e78d305ff,8b40577d-9106-4a91-8ae9-7f0cf6fb409d,Wallet,EGP,4889.2,50000,250000,active,2025-04-15 10:12:31,2026-01-29 23:06:04
e95cf449-3cbc-4617-ad21-912d862c9714,7f88bb4a-36b1-42d7-888b-ad21cefe8b09,Wallet,SAR,-2914.58,25000,250000,active,2023-10-13 02:52:09,2024-03-18 14:04:03
9f6a71a6-545f-4f8b-8476-bec2180bb19d,0dba749d-4324-4f86-bd35-a79b2f0674b7,Wallet,EGP,16102.37,25000,50000,active,2023-07-04 01:14:23,2024-12-15 19:24:06
07734062-31ca-4ecd-95c8-379d5d67012d,0dba749d-4324-4f86-bd35-a79b2f0674b7,Savings,EGP,2443.79,50000,100000,active,2023-07-04 01:14:23,2023-07-15 08:00:16
cc52f4ba-b0c5-4b8c-9099-3837e6c5c8fe,cc26c256-69b0-4fae-8e40-5d842799a13d,Wallet,EGP,5783.32,25000,50000,active,2025-08-03 21:47:33,2025-08-30 17:54:03
2d7cf5b7-f1ee-4e34-802b-63bac2661f31,10c845e1-360f-44e2-a831-e42dbcffe56d,Wallet,EGP,6750.32,25000,100000,active,2025-06-13 22:43:13,2025-08-31 23:24:29
5c48e54f-7f21-404e-a963-e7c7b39f1473,26482508-bd93-4b9c-9c11-b16ee6d13dcd,Wallet,EGP,10992.05,50000,250000,active,2026-01-21 08:13:20,2026-02-08 08:44:05
327b6f1f-a413-422b-a749-2ee0860583f8,9fbc28a8-be9f-4f8c-b347-caca705915f1,Wallet,SAR,22577.05,50000,100000,active,2023-11-02 22:35:31,2025-06-04 04:10:48
e555a719-d4a0-482b-9412-40fa9cd9a37c,bc60aa23-3c0e-4041-8a0a-02bc1424f73e,Wallet,EGP,2499.01,5000,50000,active,2025-10-19 03:10:53,2025-10-20 22:16:33
79f3005e-28a5-41f1-ba8a-5c95ca9e397d,849d7ff1-d210-4a98-a07b-3b6040fdd7ad,Wallet,AED,3632.27,10000,50000,active,2025-08-10 14:47:12,2026-02-21 13:15:41
5193cbc8-71e5-4223-b80a-c0ceb2986d5b,8a03791f-6152-4f35-a376-f01dfddff011,Wallet,EGP,507.56,10000,100000,active,2024-08-26 16:39:58,2025-07-11 01:21:27
a07fd694-42c2-4dac-8af5-e1fadacf3b7c,8a03791f-6152-4f35-a376-f01dfddff011,Savings,EGP,65104.62,25000,250000,active,2024-08-26 16:39:58,2025-11-30 21:23:46
13d699c6-edf7-48d8-ae7c-398aeb2cab0e,e780245e-3c0e-43dc-b79c-62366a15ddf1,Wallet,AED,11919.24,10000,50000,active,2024-01-14 02:08:49,2024-08-21 09:02:08
80c6e51d-2ccd-4e71-9f98-5eeebec0ded7,7834c7ca-bebf-4ab7-8394-2f140118920c,Wallet,EGP,5859.6,50000,250000,active,2025-10-06 05:32:19,2025-10-08 04:54:56
e7e65128-5603-4bf8-a8a0-684df7c8cd8e,096ba2af-d5cb-4ed8-b3d1-2bbf819834da,Wallet,EGP,1559.74,5000,50000,active,2024-08-27 03:43:55,2025-02-02 02:28:10
c872457d-23de-4b8f-a4cd-6bf82f966da4,096ba2af-d5cb-4ed8-b3d1-2bbf819834da,Savings,EGP,32429.83,10000,100000,active,2024-08-27 03:43:55,2025-08-02 02:44:55
bf86af25-7bec-4cce-9e47-15acc146bd59,471d6cb9-6062-4e02-92f5-d7dc023eb557,Wallet,AED,17655.71,5000,100000,active,2023-03-27 03:23:42,2023-09-11 23:25:57
a9eb9a9b-cac1-4a36-93da-be728c4d8427,471d6cb9-6062-4e02-92f5-d7dc023eb557,Savings,AED,81308.26,10000,250000,active,2023-03-27 03:23:42,2023-07-28 19:43:08
04a9c2d1-18e0-4bd7-bb1e-d6ad54736233,363dec14-e817-4344-9575-3623b91ab19d,Wallet,KWD,13744.88,25000,50000,active,2024-11-12 01:41:47,2026-01-21 21:03:56
846d5885-1c3d-4e9d-9767-0cbe9d58bcd8,2c31781c-9faf-4f3d-8708-29e2eb2c5d1f,Wallet,AED,7263.89,10000,250000,active,2023-05-23 02:33:47,2025-11-01 02:14:33
11971ca1-63b6-4c1b-bd91-8b475e05722c,3b2eb296-df12-4436-bfc3-c7a4f92b3d6d,Wallet,AED,14904.25,5000,50000,active,2024-02-26 15:01:24,2025-02-24 21:17:10
0d8a72aa-568d-4a1a-824e-f73ddc962110,2efb20f8-d708-4252-872f-6da940032665,Wallet,EGP,12437.25,25000,250000,active,2025-10-24 01:23:37,2025-12-21 15:39:26
18412103-f3c9-44ff-929d-d2593e14de89,2efb20f8-d708-4252-872f-6da940032665,Savings,EGP,66594.33,50000,100000,active,2025-10-24 01:23:37,2026-02-26 08:12:48
cd2e071f-8f40-4509-b199-c86ba26e2065,faf69cd9-aad3-4786-a52a-5ef2f610b242,Wallet,EGP,173.46,10000,50000,active,2024-02-27 08:31:14,2024-04-15 22:59:03
acb479ec-7e1f-4b79-b00c-10939626d680,184f7219-8db2-4b57-bbe1-cea3de24bcc3,Wallet,EGP,22509.34,10000,100000,active,2024-02-03 17:20:39,2024-06-24 16:53:58
4ad55e35-2a6c-4976-90c0-db3c507d1ff1,184f7219-8db2-4b57-bbe1-cea3de24bcc3,Savings,EGP,57599.33,10000,500000,active,2024-02-03 17:20:39,2024-10-23 07:12:47
6f6d8731-6bb7-42ea-be77-fcc9fdca1ed6,6d8c9432-bf39-437a-893f-c136a619ec9c,Wallet,QAR,3751.89,10000,100000,active,2024-02-23 14:32:52,2025-06-01 14:15:36
875c4b57-0fbe-4b93-a300-2d0082ff195d,6d8c9432-bf39-437a-893f-c136a619ec9c,Savings,QAR,37714.07,25000,500000,active,2024-02-23 14:32:52,2024-10-31 12:46:47
3a3dff54-eb50-4c6a-8f54-08e7e43a932d,18396476-5d26-46bb-b31d-70f3a293349b,Wallet,SAR,4394.44,5000,100000,active,2025-04-22 17:48:39,2025-12-06 04:54:11
be2f040c-aabf-4aca-95cf-8f5ae491d420,f3aa5c60-8497-4975-921e-1949a460ad4d,Wallet,SAR,3080.32,25000,100000,active,2024-11-03 14:51:21,2024-12-03 14:01:54
973a086c-9708-40af-b1f6-98bb6177dd80,262969ce-94d3-408b-a828-f9206be7513a,Wallet,EGP,5426.31,5000,100000,active,2023-12-05 21:57:41,2023-12-13 21:33:50
a5657ddd-830f-4f2c-9058-51b6cb607999,0886e273-f800-411b-b76a-4a52937a8341,Wallet,SAR,6739.04,25000,100000,active,2024-05-13 00:16:54,2024-11-17 23:06:40
500a0353-a23a-40e7-b785-bd269ff324c3,953ab3f4-e933-49dc-a23d-f2ee5cf975dc,Wallet,SAR,869.81,25000,250000,active,2023-10-17 16:51:25,2025-10-07 18:15:59
e7541ce3-51b7-4c63-b0ce-abe8f75c3eb3,fcfb1176-534e-450e-84a6-e0b12c878173,Wallet,SAR,208.31,10000,250000,active,2024-10-28 09:01:02,2024-12-31 19:55:16
a90ca8e2-88a6-4a78-ad32-1ac277854ecf,fcfb1176-534e-450e-84a6-e0b12c878173,Savings,SAR,50491.06,10000,500000,active,2024-10-28 09:01:02,2025-02-04 03:04:23
08e6048d-8de5-4a09-81d8-dd6797445211,e0764d98-aab2-4ce7-a7b6-047eea132057,Wallet,EGP,16347.48,25000,50000,active,2024-06-10 05:16:29,2024-10-03 13:45:52
6d6048fa-5a6b-48ed-a3bf-abd5ad07cb0d,e0764d98-aab2-4ce7-a7b6-047eea132057,Savings,EGP,94897.25,25000,500000,active,2024-06-10 05:16:29,2024-12-13 23:22:50
895bbad2-4634-45e5-8c4f-758589d1d103,8a9d618a-c158-4a34-a0c4-4541bbba6d62,Wallet,EGP,4452.13,5000,250000,active,2023-07-14 02:46:35,2024-04-16 19:18:43
ca5db9a4-1d78-41f5-adb9-71feec5e3f9a,b7c9979d-38ef-40f9-925a-74e7e9e84418,Wallet,EGP,20288.79,10000,100000,active,2024-04-04 20:54:14,2025-07-09 23:34:08
8fa5b879-090e-4c63-b9a1-23c08c6c3096,89b08723-4731-4ecf-acc7-cce1b0372942,Wallet,AED,7803.47,5000,50000,active,2024-09-16 15:13:53,2025-04-06 03:41:06
a95e395e-a906-452e-b2ae-d5d41b3979f5,89b08723-4731-4ecf-acc7-cce1b0372942,Savings,AED,79379.34,10000,250000,active,2024-09-16 15:13:53,2025-09-19 12:04:55
1fa9b7ae-fb1e-497a-b462-c9a7f1e429a3,3877ecd2-0270-4073-b342-686d2c3509af,Wallet,EGP,20107.93,10000,250000,active,2023-06-23 02:20:15,2024-01-20 16:04:54
330418cf-b5fc-408e-8a80-bc04011f8ba3,ad8a8bc7-619b-4fca-8f4a-dacec627244d,Wallet,EGP,24047.54,5000,250000,active,2025-01-23 08:13:03,2025-10-23 20:46:59
f14b1276-915c-4fd5-8c9a-c52a42e250db,4ef96274-c1b1-4e16-b824-a0e4f0832f2a,Wallet,EGP,13477.15,5000,50000,active,2023-10-14 14:01:39,2025-06-06 01:27:12
e74f71dd-c393-436f-8577-3d399d6009bb,4ef96274-c1b1-4e16-b824-a0e4f0832f2a,Savings,EGP,91521.8,10000,250000,active,2023-10-14 14:01:39,2025-05-02 13:45:35
ea98d4ae-2fac-47b5-a1df-4884354a09e7,47f87bdc-1809-4973-9078-194a8e241c92,Wallet,AED,-14031.84,10000,50000,active,2024-02-25 10:01:22,2024-03-02 20:10:25
1b9589fc-4aba-4d9f-aa8d-601f88782960,ce423257-ca14-4fb8-8fff-5d1c4cd0e5be,Wallet,QAR,5584.35,25000,250000,active,2024-03-07 10:53:44,2024-05-29 17:28:24
2137dd22-90a2-46ed-8d33-b670038e2b30,7fb6fc4b-5c5b-412f-a6be-431d03fbbaa2,Wallet,EGP,15391.97,25000,50000,active,2026-03-09 09:51:53,2026-03-16 01:52:28
83bb9379-51c9-4209-a55c-e67c528fb601,327496f3-ad8a-45ea-b73d-f27baa955772,Wallet,EGP,873.66,25000,100000,active,2023-05-08 14:16:23,2025-04-23 01:45:28
fa1cd8a9-482b-47a8-abe3-47b59b0e1ffd,f68ada9f-69c0-4eef-b700-1315a6a84b2c,Wallet,SAR,5380.23,50000,50000,suspended,2023-07-28 19:31:10,2024-12-12 12:15:27
1f1ca61a-1c2e-4c07-92c2-c3d0cfa795e6,a244d8ab-00a9-4657-a040-669fa984819f,Wallet,SAR,2865.65,5000,50000,active,2026-01-19 18:02:25,2026-03-13 17:08:41
d532b97d-5175-4710-9bdc-9d66f92a3ec0,79c47d12-85a2-4f69-8ad1-7ca97b10901c,Wallet,AED,22686.55,5000,100000,active,2024-05-10 08:23:07,2024-06-18 07:21:21
7e04fdf0-b2ad-490c-bdd2-4a01b29593eb,bf83a2f1-d4df-4b94-902e-46c99427257d,Wallet,EGP,6933.14,10000,50000,active,2023-05-10 19:53:38,2024-10-29 15:46:21
7083659c-b265-4ae1-8ee1-46747d481e9c,9e563fa3-eb4b-4550-927d-9e912960cff1,Wallet,SAR,19229.39,10000,100000,active,2025-09-20 00:00:12,2025-12-29 19:26:34
5587750f-f42a-47a8-8fd8-bd1cba8a1b5e,9e563fa3-eb4b-4550-927d-9e912960cff1,Savings,SAR,41146.4,50000,250000,active,2025-09-20 00:00:12,2026-03-06 16:26:20
e4dc7970-f5f5-4d1a-8185-e76881c0be06,ca9696b3-c8c3-49e8-8e2e-608a18956958,Wallet,KWD,19516.93,50000,100000,active,2024-10-07 20:17:52,2025-02-28 12:15:50
e03a30bc-934d-49d3-8844-f0784e670d56,ca9696b3-c8c3-49e8-8e2e-608a18956958,Savings,KWD,4923.26,50000,100000,active,2024-10-07 20:17:52,2025-11-08 02:49:32
e4902119-547b-438c-bd21-c5d04a895115,74ace018-cbd5-47c7-8f6a-8965324c9d4e,Wallet,EGP,10143.55,25000,250000,active,2023-12-02 02:37:51,2025-01-29 02:55:31
e77f91d7-34e3-4af4-9875-7686d3675f2f,8ff2a5dc-b388-421e-8a38-b36dafcd328d,Wallet,SAR,15948.45,25000,250000,active,2025-11-27 03:01:53,2025-12-17 20:35:12
c6412416-dd70-4bc1-b74f-fdf9438149a1,8740cf3e-f82e-4c28-85a8-7da7108b6988,Wallet,AED,18766.96,10000,100000,active,2023-05-22 07:28:08,2026-02-02 02:40:57
0ce9d858-abf2-4752-bf0b-cbb46fa70fb1,8740cf3e-f82e-4c28-85a8-7da7108b6988,Savings,AED,72074.82,50000,500000,active,2023-05-22 07:28:08,2023-10-21 01:32:23
eecf62b2-c39a-4f95-aa24-fd5370d84ca6,2f4c71e9-a74f-459c-a200-b62d331fe951,Wallet,SAR,19122.41,5000,250000,active,2024-06-30 12:55:58,2024-12-14 12:33:24
61b2a559-4353-4a26-87de-55faae411eea,72bcaf56-6366-4583-a1db-d6fde6a3824e,Wallet,EGP,5353.42,50000,250000,active,2025-05-09 12:15:14,2025-12-20 14:31:26
e2cc5a88-1b1d-4a6b-9a81-e035bfad48f9,c75be3aa-1eda-4683-8a64-32c35ef06344,Wallet,AED,19053.63,10000,50000,active,2025-04-05 12:14:08,2025-11-21 01:14:13
e2f8b9e7-9f45-4fb0-88a6-3926d07a4bd9,b96b5031-bc4d-4801-b7ef-cd1b6a537585,Wallet,KWD,7262.8,5000,250000,active,2024-03-28 04:42:50,2025-04-19 00:12:36
16e96639-1c06-4660-aed7-325118740940,8fdd31d3-9fa2-4164-acf2-1792e984c828,Wallet,SAR,15430.04,50000,250000,active,2024-05-14 13:49:28,2025-06-20 08:09:14
82d8347f-1a4f-4dac-941d-eec0b8cf31d3,9613ba67-c7df-4b1b-b8b2-f4e731a88b6b,Wallet,EGP,215.48,5000,50000,active,2023-04-19 09:09:42,2025-04-09 05:11:47
23f8d8a0-0118-4f40-8a76-31254d3b1bed,7a9ea6c2-4cf8-4f13-bf60-6b0823c13cfe,Wallet,EGP,15044.28,5000,250000,active,2025-09-17 22:28:08,2026-03-09 13:00:00
9b429a20-9ff9-4958-873a-4e54a168f452,c37e24fd-4171-433c-b3a7-aea457a2a6d3,Wallet,AED,17361.68,5000,250000,active,2024-07-23 15:59:07,2026-01-21 19:02:35
31cc61bc-c153-4571-be1d-b89ca677b663,c37e24fd-4171-433c-b3a7-aea457a2a6d3,Savings,AED,38930.05,10000,100000,active,2024-07-23 15:59:07,2025-06-11 06:57:06
5e808a75-2dd0-4244-b44a-4b85dc56ecc3,f7c11f3c-72c1-4d75-9f32-b33a7783dfa9,Wallet,SAR,4571.54,5000,100000,active,2023-09-03 14:57:56,2024-11-29 19:03:24
bd61d324-5977-4626-ad0b-754005eb8cdd,2705a911-bca9-4dae-ae07-d0e471c2b021,Wallet,SAR,9595.72,5000,250000,active,2024-08-12 05:08:19,2024-10-30 06:13:02
86c99fc2-1c41-4798-9c55-b684f95f95d5,7b487a27-bf37-45e8-8c66-2a2919926a6f,Wallet,SAR,23051.75,10000,100000,active,2023-06-06 07:22:35,2024-08-03 09:21:05
c0d14230-3e9f-4aa4-9f31-9572ab451a56,e4ef6345-46b7-4eb9-80a9-969be7e36e14,Wallet,EGP,11138.45,10000,250000,active,2023-05-27 03:01:51,2023-09-11 13:59:00
e7cb2f52-e75c-4965-930d-db9cb1fcc050,4754b77d-83a9-435a-8ae6-1adebf66ba58,Wallet,SAR,12673.94,25000,100000,active,2026-02-14 05:05:59,2026-02-16 01:57:02
ec6261ce-76d9-4f62-9f50-70840f75a5b7,2b35005b-c29b-43eb-83f9-c68d72fd4c97,Wallet,AED,16969.17,10000,250000,active,2025-09-05 11:21:29,2026-02-06 05:48:19
74cdb765-2cb1-4008-a93d-3706a92ddd6b,d795da0b-92ca-4456-82c9-63a77287b6aa,Wallet,QAR,15804.39,25000,50000,active,2023-10-13 19:37:49,2024-09-15 02:45:58
ebb5327e-2a9e-439b-b641-f501fa5f850a,d795da0b-92ca-4456-82c9-63a77287b6aa,Savings,QAR,55843.73,50000,100000,active,2023-10-13 19:37:49,2025-07-22 17:21:01
609e1f36-9ce8-4e9e-9240-d2ecdc0ee8a9,c3aad0d4-fd43-4b8d-b15b-c491c787bc8a,Wallet,EGP,19215.16,50000,100000,active,2024-02-05 14:15:29,2026-01-26 20:42:06
63506bc4-90e3-4bf2-a7f6-3d6dc6dea838,31a10d00-4056-470f-82c8-01394e016c6c,Wallet,AED,19246.84,50000,250000,active,2023-06-06 01:57:36,2023-09-09 11:59:50
02adc011-1432-4b4e-819e-1683068bdaac,3e55a145-578b-496f-a14a-4a4da4df34bf,Wallet,EGP,2623.64,5000,100000,active,2025-06-21 18:13:26,2026-03-13 00:09:57
9e734c97-0d97-47b8-ae73-f705c10a44f2,bebdea26-4157-415f-b841-5eabb3cc3594,Wallet,AED,19434.69,50000,50000,active,2024-03-20 05:26:12,2024-05-20 19:56:45
8f5d4525-bda6-44ce-a373-a7ba21c50be3,29acdcee-1ec1-4ba3-9de9-473afe3e9b76,Wallet,SAR,18205.38,25000,250000,active,2024-06-03 09:38:06,2025-03-05 02:13:48
e3653729-a32d-4066-ae95-87118053e7ac,8da6b705-5451-43d3-a590-b6200fc0c722,Wallet,EGP,18840.97,10000,50000,active,2024-01-07 03:19:09,2024-11-17 19:31:29
d35630a0-3eb5-42c1-9d02-25851179e7b3,443cd351-24a4-445c-a455-7a9238c1beae,Wallet,SAR,15148.37,10000,250000,active,2024-03-30 16:57:07,2024-12-09 22:53:03
df9a149e-fbb0-4647-9ef5-4ba49c105bb1,073fadbb-b9f7-4f46-8fc0-82d4bf59e9df,Wallet,EGP,2953.87,10000,100000,active,2026-02-11 21:38:47,2026-03-19 21:39:05
e9b857b2-c9c0-423d-a4f3-03b33425c0d9,3114bf1e-b693-406b-92ec-50ef7b4abf47,Wallet,SAR,12342.58,25000,50000,active,2023-08-14 06:53:13,2023-10-23 11:04:23
3b2e4af8-449c-4ea6-80ed-995ef322b540,0150677d-c6d9-4743-a65f-fa29b09d1b11,Wallet,EGP,905.08,10000,50000,active,2025-10-27 10:10:44,2025-12-24 17:51:45
03def5fa-1a54-459c-8917-2b57ffeb5d86,fd129425-bb26-4efb-b27c-aa160646e51f,Wallet,EGP,24694.12,5000,50000,active,2023-03-22 05:03:13,2025-03-11 12:31:49
428e5b81-f921-46cd-9997-0cc62ad2d70f,6da91c78-99d3-4951-b600-31f3259fc9b2,Wallet,EGP,3969.83,10000,100000,active,2024-06-22 07:59:08,2025-11-02 15:24:02
33623768-cbbb-40b6-a10a-deec404adf9d,8c9be9e3-354e-4cbc-b594-0760eef4665c,Wallet,EGP,2947.51,10000,50000,active,2023-12-13 06:55:06,2026-03-08 17:59:00
a8d88cf8-e7d3-4a29-b743-68bebdbdbb0e,8c9be9e3-354e-4cbc-b594-0760eef4665c,Savings,EGP,17586.51,50000,250000,active,2023-12-13 06:55:06,2024-02-14 13:53:26
6263f4b1-d3dc-487e-b2f4-4fb6af62cf35,166bc70f-d52e-48ae-a1de-1cd5cb666551,Wallet,AED,249.16,10000,100000,active,2023-11-21 13:46:51,2024-01-07 22:39:34
6ae0aeeb-c421-4ae8-a74e-9f8473764261,e5611170-5067-4aa9-97c1-1b24dcadb002,Wallet,EGP,4114.59,25000,100000,active,2025-09-10 05:50:48,2026-03-10 03:26:31
92ba1242-57b5-44f2-880e-d28f094bbcb0,cc00b8b1-3b71-4246-ba07-39029c71390d,Wallet,SAR,13824.52,50000,50000,active,2024-03-29 15:26:32,2024-10-10 09:40:56
6115c3ff-17f6-4015-bcb5-68214bc41c7d,cc00b8b1-3b71-4246-ba07-39029c71390d,Savings,SAR,66039.08,25000,100000,active,2024-03-29 15:26:32,2025-09-16 04:53:42
33dfeb5f-1a77-40d5-945c-5233fb3f63b3,19c3466f-72f1-48ab-8089-bf228717b5b6,Wallet,EGP,18368.96,10000,50000,active,2025-06-03 16:21:15,2025-08-05 02:24:20
4c57f3cd-be2d-4a82-a719-14796050838d,5156e5e1-8fb4-44f8-8115-3299ab417f4a,Wallet,AED,16830.44,5000,250000,active,2023-07-28 10:21:23,2026-03-04 19:42:52
815c1265-668d-40ee-aa57-ceb1bb39899d,ae3255e9-d5fd-4275-afe8-caf7fcf4520e,Wallet,AED,22022.72,50000,50000,active,2025-10-09 16:11:46,2025-10-18 04:46:52
d08b3ce1-aa18-4c44-b0b8-2bd4b33b7137,ce1f22d1-7f33-4a15-a140-62d592f5c357,Wallet,EGP,15810.76,25000,100000,active,2023-05-29 15:29:14,2024-10-03 19:35:56
48e82035-1fe7-4cff-a847-b7962035aa08,182349cb-ac14-47aa-b382-1e03c6ee2d50,Wallet,AED,8227.94,50000,50000,active,2024-05-13 13:53:44,2024-06-24 20:32:24
95bb9b6c-97b3-4a16-a8d0-54a451bd886b,74d88118-8e4f-4e52-9293-7cda6a7af00d,Wallet,EGP,24295.65,50000,50000,active,2024-12-18 06:20:15,2025-07-16 13:45:25
c9b20dbe-95bd-4f7a-ac5d-81c11f30b27c,74d88118-8e4f-4e52-9293-7cda6a7af00d,Savings,EGP,76412.52,10000,100000,active,2024-12-18 06:20:15,2025-01-31 18:40:01
ca73e5d2-16af-4480-bcef-f3bb56697c5f,bba4c855-687f-4d33-8b25-8909bd269944,Wallet,AED,21042.7,10000,100000,active,2024-05-01 11:02:10,2025-06-02 12:39:06
7c3f62f4-55d5-4533-8879-38d3e6d1f3af,bba4c855-687f-4d33-8b25-8909bd269944,Savings,AED,14210.82,50000,500000,active,2024-05-01 11:02:10,2024-11-12 16:03:08
cfadb71e-e1ee-4928-a440-aac5c3213192,3a7b7044-aa63-4ba7-b92a-0aef87cecd63,Wallet,EGP,-757.3,25000,50000,active,2025-06-09 12:51:02,2025-09-28 09:42:14
a2a775fe-8486-4a5c-9aa9-7872584e0376,8e4eef1a-080b-444e-a2cf-04fa92a8c10b,Wallet,EGP,20864.51,10000,250000,active,2023-07-27 17:02:42,2024-12-31 22:13:50
da962eba-ec17-44d8-9027-3487e2736b3d,8e4eef1a-080b-444e-a2cf-04fa92a8c10b,Savings,EGP,67909.68,10000,250000,active,2023-07-27 17:02:42,2024-04-21 01:16:19
221cce95-498f-4792-87e0-d8137c06d03b,c2656e73-f5d3-47e9-9e4a-525a8ca0490e,Wallet,SAR,24816.73,5000,250000,active,2024-10-28 03:16:37,2025-09-27 10:02:32
c86fe020-b58f-4da0-8438-02e620ffec70,daff6dee-6995-48be-b300-1b4ac973832b,Wallet,AED,11284.03,5000,250000,active,2024-05-29 16:49:44,2024-11-11 18:12:44
5b6c1fdf-f21f-49f0-a12c-d8b5439e06fd,daff6dee-6995-48be-b300-1b4ac973832b,Savings,AED,56596.29,50000,100000,active,2024-05-29 16:49:44,2025-11-04 04:08:30
e160d667-5d47-4bf9-a86b-25948158402b,d2651c1c-4f6d-4ec7-a0ce-620240f7ae7e,Wallet,SAR,2860.5,50000,100000,active,2023-05-19 09:13:08,2023-10-13 10:31:54
a755b437-be91-4c81-9121-86c933ce504c,6b5dd59b-3334-480c-b1a0-a4f5d1f79c7b,Wallet,AED,5959.39,50000,100000,active,2023-08-27 18:58:28,2024-02-13 22:13:52
4938ed76-de31-4991-8c1a-e8c1e06b56ec,45793a23-7c38-4488-8cf9-f08e6b7571fb,Wallet,EGP,1112.37,50000,100000,active,2024-12-10 04:52:45,2024-12-29 03:04:40
08f46aa8-308c-415f-96cd-55ff2ee7f4ac,45793a23-7c38-4488-8cf9-f08e6b7571fb,Savings,EGP,73007.75,25000,100000,active,2024-12-10 04:52:45,2025-09-25 15:23:20
afd5110e-6319-40a1-b703-e96a2451c55b,e9adccc9-ffa0-476a-8a2d-487716c2497f,Wallet,EGP,20636.6,5000,250000,active,2023-04-07 15:28:06,2025-05-21 18:24:59
1a1d0be4-410e-40e2-b6de-23653e629205,e9adccc9-ffa0-476a-8a2d-487716c2497f,Savings,EGP,-13615.95,10000,100000,frozen,2023-04-07 15:28:06,2023-08-15 12:28:22
7d62f4d9-4710-41ca-a170-601367ac1568,0a9f4efb-a03c-4b98-a571-866416e50c63,Wallet,EGP,408.29,5000,250000,active,2024-05-05 00:00:56,2026-02-11 05:03:39
48fab5b4-916a-489a-ab87-5446412bd50f,03209f8c-f5a7-4536-94f1-f7f9eb4f7524,Wallet,AED,14310.5,5000,100000,active,2025-07-06 17:30:58,2025-10-23 19:42:22
4bfbdcde-78cf-406b-896c-160be0c803e8,b17efa98-5942-43fb-9ccd-db8c2a8e403c,Wallet,EGP,21575.24,5000,100000,active,2024-03-15 10:55:28,2026-01-13 04:52:25
2f11f105-dc68-42b2-ab33-004dc07fa83a,3f141f0a-52e8-4292-a6af-b6105352c487,Wallet,EGP,4680.14,5000,50000,active,2024-05-22 07:03:57,2025-08-14 07:27:46
703ef1ad-8460-4998-a65d-996de58c8c15,3f141f0a-52e8-4292-a6af-b6105352c487,Savings,EGP,26901.45,25000,100000,active,2024-05-22 07:03:57,2025-03-24 16:17:04
35282e97-85e1-4ee7-98e1-c1fb0b2ba528,ee7e1a77-0d7b-4d76-b694-bf8fded984f4,Wallet,AED,9771.66,5000,50000,active,2025-01-26 09:24:22,2025-02-02 07:08:07
f9a2050e-0eb3-4aa5-9928-74f25cd21e69,00be48ac-e03e-4688-9700-f90fc5e3afc8,Wallet,EGP,13559.9,10000,100000,active,2024-11-11 03:18:20,2026-01-28 18:12:35
89f5f5da-e74a-4e56-bd96-c82f11dd5dd7,ba988778-fb4d-4841-846c-9b8c35d1d3c5,Wallet,EGP,-11545.19,25000,100000,active,2025-08-10 03:00:44,2026-01-31 02:09:26
282b302f-e086-4035-9acc-67e3a48623be,ba988778-fb4d-4841-846c-9b8c35d1d3c5,Savings,EGP,75695.15,50000,500000,active,2025-08-10 03:00:44,2026-01-14 22:04:48
d5f2d865-24e4-428c-9a87-304f4ce75d45,adc13327-8b4b-44eb-9bdb-e3c9a1b98eab,Wallet,SAR,20909.5,5000,50000,active,2024-12-14 00:41:49,2025-04-22 22:09:11
520503e4-310b-4296-9d94-df2f9f4f906c,adc13327-8b4b-44eb-9bdb-e3c9a1b98eab,Savings,SAR,53329.18,10000,500000,active,2024-12-14 00:41:49,2025-02-10 12:49:07
f84dc485-899c-4742-bfc1-71e9bca210c6,19f0ce21-8cf2-4efb-8eee-b998e839404a,Checking,EGP,12245.53,25000,100000,active,2025-02-22 22:40:40,2025-10-07 04:52:30
6d136510-a7f0-41be-8bcd-39eccd3c0560,14c97c5c-803f-4131-a41c-024e40cb375b,Wallet,EGP,2429.98,10000,100000,active,2024-08-16 06:04:20,2024-12-27 20:42:08
a5bd11ec-e5ce-49dd-86f2-ccd656a66763,14c97c5c-803f-4131-a41c-024e40cb375b,Savings,USD,28025.29,50000,250000,active,2024-08-16 06:04:20,2024-09-06 22:28:17
9383dbca-0724-4aaa-b7ca-a714b77f864d,fb68881f-7640-47f8-9312-4496bb40d208,Wallet,EGP,24447.39,50000,50000,active,2025-11-12 15:33:11,2026-01-13 03:43:09
5d1fde9b-9245-4b72-a38e-5c9b151c7664,fb68881f-7640-47f8-9312-4496bb40d208,Savings,EGP,46648.17,10000,250000,active,2025-11-12 15:33:11,2026-03-12 00:30:37
8e2acd72-cb91-4832-9bc3-3abbc9070e53,f6289861-c2d4-4107-a689-8890fb3a9c66,Wallet,EGP,16509.51,10000,250000,active,2025-12-26 02:24:52,2026-02-08 15:16:14
a0d119fb-e7fb-4a23-b876-3498438eee72,63175281-6e1f-4f95-a3fc-80776c8c3f03,Wallet,SAR,23625.33,5000,50000,active,2026-01-11 18:25:17,2026-02-08 06:29:05
2bd8ba4e-cdab-44a0-b2f0-d292921d74c3,b5c525c1-97ed-4fec-a161-1942e16f0af0,Wallet,AED,8166.71,5000,250000,active,2024-04-16 10:14:27,2025-04-15 09:36:18
2463c57e-e7ae-43e4-b32a-1c94386520f5,efb9ed57-4fe0-4eef-a909-02d42c74a24d,Wallet,EGP,22447.3,25000,100000,active,2023-09-19 11:36:38,2023-11-30 03:49:35
bbbd0b73-3eff-444a-a222-7b3bdbfbc824,efb9ed57-4fe0-4eef-a909-02d42c74a24d,Savings,EGP,8364.74,25000,500000,active,2023-09-19 11:36:38,2026-01-26 00:14:33
f3d7844c-09ee-4056-8b0e-8c488c5bf5f6,8302d838-ee10-4540-8c60-29bc54b094de,Wallet,SAR,21906.62,10000,100000,active,2024-08-02 07:58:52,2025-06-07 21:21:35
173422a6-3ee7-4e12-9e7a-8911838b9ba7,931bf6e3-9d09-486a-ab31-5da316391ba1,Wallet,EGP,2014.32,25000,100000,active,2023-11-29 05:01:49,2024-06-03 15:39:10
29ff3a8c-36bc-4a4d-8f71-e650078d816a,931bf6e3-9d09-486a-ab31-5da316391ba1,Savings,EGP,98613.73,50000,100000,active,2023-11-29 05:01:49,2024-04-09 19:43:45
1639b837-e5c1-4c30-8450-1746c24a9dea,59621a18-2b80-4439-9b09-0ac6d155b18c,Wallet,EGP,3214.91,5000,100000,active,2024-11-28 05:13:14,2025-02-22 16:20:47
8cbba902-3c9a-4a88-9521-0833bda04465,facaa708-9677-4d06-a10d-bc9d61c26307,Wallet,EGP,9532.99,10000,100000,active,2023-04-07 14:19:45,2025-01-07 10:32:14
8d2099d3-eac4-46b7-84df-ddbc1c208e7e,54385845-6a7f-4144-883c-f60e05f50b89,Wallet,AED,18574.53,10000,100000,active,2023-09-26 10:38:50,2025-06-02 05:03:54
7edf42f7-017b-49f8-b916-8a84223dca41,a283d467-4044-4e0f-83fb-2e76f54f7686,Wallet,SAR,16335.51,25000,250000,active,2025-01-19 20:23:24,2025-06-24 04:06:24
c5c9b0eb-b235-4a31-86d1-ad121718d587,ea0bdafe-1e30-4ea7-9363-60e9a45f0a96,Wallet,AED,24746.1,10000,50000,active,2023-07-16 20:26:59,2025-01-23 11:37:46
140ac803-f98e-4d48-b2a2-8cd4ffb5e782,5c2034f2-2992-427e-8efc-c078b04c0c48,Wallet,AED,17739.49,25000,100000,active,2024-03-19 08:41:26,2024-08-31 22:07:55
f6b5134f-300a-4011-a29b-fc0614c306df,337dc8a9-8080-467b-a014-8b47d23721d3,Wallet,EGP,11038.95,5000,250000,active,2024-12-06 18:22:06,2025-03-12 02:33:37
ee2a858b-a4ea-4360-941c-96fdb1d07ea4,0c298861-1783-473d-8707-727aa9e388eb,Wallet,SAR,4074.02,50000,50000,active,2026-01-08 15:33:18,2026-03-14 16:49:41
96e92f29-d020-4d1d-891d-03b9e751a0dd,09c8e18a-3f0a-4b3f-b682-bf2fe706b174,Wallet,QAR,8100.5,5000,100000,active,2025-08-24 11:46:50,2026-03-07 03:24:07
ba4581e3-713c-4b4f-8290-5778c897d0cb,1e5c7b83-0bca-4645-972e-08d19d855cb8,Wallet,SAR,11707.53,5000,50000,active,2026-01-13 22:25:46,2026-03-03 20:43:53
3d6813be-76ac-4595-be67-c0e07c6a69f3,c4ec1680-97b9-4fe4-879e-6d00740c5b56,Wallet,SAR,13876.67,25000,250000,active,2026-03-06 03:31:13,2026-03-20 07:38:47
e775d973-fcf2-4480-9de4-70f2264749da,1c6749ff-1fcf-4006-a80e-dc78b6b309de,Wallet,SAR,842.27,5000,250000,active,2025-04-28 20:44:02,2025-07-28 17:04:37
638b773b-dc7a-429c-9114-c695ebb2d965,c5eba897-7818-4040-a404-ab48332b16e4,Wallet,EGP,3833.49,25000,250000,active,2026-02-14 01:01:16,2026-03-03 01:12:14
fbb4344e-c4f5-4418-9712-21c0fd4674f5,4f98468d-4b84-49c3-a310-468e4c4c1f9a,Wallet,SAR,100.9,5000,100000,active,2024-05-11 21:22:31,2025-09-11 21:11:21
0c6e5c13-4d75-4e00-8a95-2ad2de108c4a,023ce564-dee7-40ca-870d-e741808296c9,Wallet,QAR,2940.85,50000,50000,active,2024-03-01 05:41:59,2025-03-29 14:17:04
33f53602-1733-4bbb-9d33-a3e15c480e09,023ce564-dee7-40ca-870d-e741808296c9,Savings,USD,25849.61,50000,500000,active,2024-03-01 05:41:59,2026-01-31 21:11:33
4dc76778-4d13-422f-8d2b-d9e2414ea49a,21c52020-8e05-4987-b3d5-cf60bfde70e5,Wallet,SAR,22146.58,25000,50000,active,2025-09-22 05:43:59,2025-11-07 19:11:19
807279bb-41d3-4b33-bed8-569e436e928e,fec68f86-c8e7-415c-9774-af7ae4459d9e,Wallet,AED,18476.7,50000,250000,active,2025-08-05 22:52:21,2025-09-02 23:21:33
48de631f-e3a6-4bbf-ab45-511baf65043d,424ffcd7-d9e3-4183-b229-7cf886859ca4,Wallet,EGP,2195.95,5000,250000,active,2025-10-07 13:58:02,2026-01-06 03:26:48
b24d71bd-81f3-449e-89d3-d619fba25ff8,7aab25d4-d248-41cc-8df7-2d7e2f405ecc,Wallet,EGP,575.97,5000,50000,active,2024-01-30 07:46:32,2026-03-08 13:08:47
d9c0901c-b7d3-4113-a55a-5aafb6a4fe11,a38c6eab-2a79-4820-9983-cb2e6dbe2092,Wallet,AED,9092.72,50000,50000,active,2023-05-15 17:38:58,2024-03-07 01:51:02
0806145e-32fd-44d4-9cce-fdac60d4f8c1,6e9974fe-c25d-4e6b-9261-81c259e7d16c,Wallet,SAR,1210.75,25000,100000,active,2023-11-29 22:49:22,2026-02-28 05:08:10
beadc9e1-cf2d-4553-9dd3-9b933b69038e,1cd2d486-f57a-46fd-9cec-9b94f1a3335b,Wallet,EGP,13424.9,50000,50000,active,2025-07-10 00:33:37,2026-03-20 05:32:24
74b61a38-a9ff-42e8-87e7-453d20482b81,1cd2d486-f57a-46fd-9cec-9b94f1a3335b,Savings,EGP,9499.36,10000,100000,active,2025-07-10 00:33:37,2025-09-24 09:00:48
507751d9-1f8c-4f59-ac30-3bf6ba3611ce,05c5fa3a-107e-4d83-b74e-3a8de5120617,Wallet,SAR,16001.41,10000,100000,active,2023-03-31 18:53:17,2025-09-17 06:29:06
4cdf2ee8-75b4-43d3-b42d-15f97d36e9a3,cefe708b-cd39-460f-9edf-75e01f9464bd,Wallet,EGP,18857.27,5000,250000,active,2025-04-06 13:00:59,2025-12-28 07:32:07
fbae4b2d-0dcc-4786-bafc-d342de008699,3b274983-37d7-4132-b351-67c3b0e1d09b,Wallet,AED,7533.33,10000,250000,active,2025-12-06 02:40:10,2026-03-05 01:09:23
1dadacfc-32b7-42d3-b994-cfb0e5567c4c,98339c09-740b-4cd3-a189-88520f7c696c,Wallet,EGP,6445.31,10000,100000,active,2023-06-27 19:15:10,2023-11-08 13:08:16
be058213-77b8-4c29-b607-a79d707527db,cde26770-f417-4e9b-bea7-65b35c58ddf5,Wallet,SAR,4166.17,50000,100000,active,2025-07-27 17:27:14,2025-11-19 06:46:04
ae429409-ea67-4545-8fc3-d36c3fc9c862,288bf7a4-c539-4483-be7e-bc26b824433c,Wallet,SAR,16474.34,5000,250000,active,2023-11-17 11:16:18,2026-03-01 14:48:24
a1c68447-51fa-493e-8f68-46d5e1638b5e,5b795be5-2be5-4a4a-8de8-9658afdaae32,Wallet,EGP,21981.04,50000,100000,active,2024-01-24 03:32:22,2025-06-09 09:55:32
8b608af4-b27a-443a-9d3c-a75b93349d8d,c855eb41-9764-4c29-9a3a-328b02d3edc2,Wallet,EGP,10060.44,10000,50000,active,2026-01-06 01:32:15,2026-03-07 15:51:14
6e217e22-e402-41b0-a658-ad03af4eaf73,f86fd4fb-3f1f-474f-8198-751382813ff8,Wallet,SAR,10359.51,10000,100000,active,2024-12-30 05:06:49,2025-02-12 06:42:51
a5b87e75-83db-4904-ad00-45c189f0a00f,4b9f1ec9-490f-4a21-af7e-e8002a3ae7cf,Wallet,EGP,22748.47,50000,50000,active,2023-03-26 05:48:31,2023-03-28 14:30:52
10bab401-e0b1-46fa-85eb-7440ebe9b95c,4b9f1ec9-490f-4a21-af7e-e8002a3ae7cf,Savings,EGP,87759.43,10000,250000,frozen,2023-03-26 05:48:31,2024-05-22 23:00:33
cb04cc03-f0f6-46eb-b780-7f748d9a6bed,e46b1a3d-9ade-4f72-a6d8-d8bc4f5013f4,Wallet,AED,22977.89,25000,250000,active,2023-11-08 21:38:40,2025-03-28 23:59:19
84ff1edc-1fa5-452b-91f8-2751198138ee,a9018eca-a9ce-45db-8e6c-b426e777ae06,Wallet,QAR,1016.37,5000,250000,active,2026-02-15 23:56:39,2026-03-15 19:20:47
17131296-5010-4265-94a1-2c268e87218b,33ceb1fa-119b-4710-b41d-e3f178ed402a,Wallet,SAR,2306.63,50000,50000,active,2025-03-05 23:38:24,2025-11-29 09:35:43
49d92993-8798-4bef-ad75-998d7c4781f5,78a552a8-90fc-4b36-9045-64c4d35bd8d9,Wallet,SAR,15272.03,50000,250000,active,2023-03-29 16:44:24,2025-06-07 16:41:08
cafeab4d-6bd9-4cd7-ab67-5db93dc3e48d,dc33b08b-fca6-4cc2-81e0-43d421a105f2,Wallet,EGP,23009.87,10000,100000,active,2026-01-10 14:59:20,2026-01-30 22:53:20
f9f59774-6ac2-410b-874e-03d8127cdbf2,dc33b08b-fca6-4cc2-81e0-43d421a105f2,Savings,EGP,33571.28,25000,250000,active,2026-01-10 14:59:20,2026-01-14 14:25:25
12e0a135-c10e-48aa-bb1c-c2a84e937fb1,27166b46-2776-4a49-a3fe-de7f99d5bb99,Wallet,KWD,24973.75,25000,250000,active,2025-11-13 19:44:39,2025-11-18 03:16:04
e2047a05-cfc6-4f91-af0a-3c460bb2db5f,27166b46-2776-4a49-a3fe-de7f99d5bb99,Savings,KWD,31322.77,10000,250000,active,2025-11-13 19:44:39,2026-03-16 09:53:14
28224384-48e9-4193-bf8b-20dafe40be64,366a0431-e0cd-42d2-b433-26f83a73dc18,Wallet,EGP,16241.52,50000,100000,active,2023-08-25 02:57:38,2025-09-02 00:37:56
a354673e-791e-4012-9eac-70bb2082c146,de1e263b-35da-4522-a7de-435cba5a1f8f,Wallet,SAR,15545.37,5000,250000,active,2026-03-14 10:48:31,2026-03-20 04:20:16
77e9e936-fb85-4655-b6f7-eebd122fe293,2ef35db8-da0a-4e1e-9901-3c97888de0be,Wallet,SAR,2371.6,50000,250000,active,2025-01-08 12:18:53,2025-09-02 14:56:28
8fc2e9f9-ebdb-4352-a142-071c622b059e,2ef35db8-da0a-4e1e-9901-3c97888de0be,Savings,SAR,98914.4,10000,500000,active,2025-01-08 12:18:53,2025-10-15 21:53:56
52e3bfcf-0549-48c1-91f2-a578abe28d9b,e66a75bf-33b5-4bc4-8143-05fed51c2577,Wallet,SAR,18625.27,5000,100000,active,2024-10-04 03:18:47,2025-09-06 08:08:35
aebe5dcf-ad01-4d21-88b2-755ceabb919e,dab38754-f9d8-4875-9b7f-96fece4f0da0,Wallet,SAR,7011.18,25000,50000,active,2024-03-10 13:32:56,2025-10-17 08:04:29
660c3452-10c6-4c55-b935-1ce9029ba0e5,dab38754-f9d8-4875-9b7f-96fece4f0da0,Savings,SAR,60668.61,50000,100000,active,2024-03-10 13:32:56,2024-09-07 21:50:29
cc464766-c36c-43ee-bbc9-7ebdb4563b0a,886bd9c2-6c9c-4f65-91cc-c1e5aee62c9f,Wallet,SAR,16732.6,5000,50000,active,2025-08-14 21:00:04,2025-12-06 07:12:22
a94af451-2842-41e0-8ee8-4a7a4021267c,7adb9cf9-798f-4abe-99cb-9cf38f8d0971,Wallet,QAR,17893.98,5000,100000,active,2025-01-24 13:10:30,2025-05-28 19:32:46
e81da1f0-b4eb-427d-be91-cb6d4996c333,68912edf-6d5a-4962-8347-9e6cb3fbe5a7,Wallet,EGP,8603.58,10000,50000,active,2025-04-19 16:14:32,2025-12-16 13:40:56
75ec4549-c6fa-4277-bf00-b32ec782e210,bc952ab4-b54f-40c9-ae14-7a93f5d77e91,Wallet,SAR,4209.89,50000,250000,active,2025-02-22 17:16:45,2026-01-03 23:02:35
4b1afcc4-9803-4f5d-a927-f053aa7e653c,bc952ab4-b54f-40c9-ae14-7a93f5d77e91,Savings,SAR,47189.77,50000,100000,active,2025-02-22 17:16:45,2025-05-30 15:51:00
6e88f475-d0c1-4e80-87c9-007617d25bf4,31bbd29a-62d7-4580-a9f0-b9f2fbdf64e7,Wallet,AED,20317.46,10000,50000,active,2026-03-19 19:01:33,2026-03-20 03:10:41
47bc3948-f72c-42e1-bb75-448bf705ff63,70b8cb48-85a4-4339-bb4f-a84efbf9170a,Wallet,EGP,7460.67,10000,250000,active,2025-10-19 22:47:56,2026-02-14 18:01:52
7ec202c6-b137-4c84-9aa6-9ecde36cb2e4,01c6cb1f-f7ec-4bf7-ad2f-64cfdaad8bbd,Wallet,SAR,16034.49,25000,250000,active,2023-06-19 12:21:38,2023-10-24 18:08:39
db4527c1-dfcc-46cb-9f3f-e201d13c4aa3,f5105865-e137-4d23-b46d-97d9ef7ede4b,Wallet,EGP,14944.38,5000,250000,active,2025-09-16 17:01:13,2026-03-01 19:10:33
084904ed-6435-4696-8146-64375155e9c8,60a20f95-e53a-4be7-8824-17ffd2a02739,Wallet,EGP,20160.68,10000,50000,active,2025-12-20 11:59:26,2026-01-09 18:51:24
3505b7d4-1701-4bbe-8862-39c3185c755d,60a20f95-e53a-4be7-8824-17ffd2a02739,Savings,EGP,82257.44,25000,500000,active,2025-12-20 11:59:26,2026-01-28 17:11:54
ee40ddf3-465e-479e-94f6-dbb16eb98343,a32a1aef-a597-42f0-8761-ff10339cb0cf,Wallet,AED,18305.14,50000,50000,active,2023-08-23 18:04:50,2024-04-06 16:21:19
17e9c903-e881-4f16-a9f1-7b170fb2532b,a32a1aef-a597-42f0-8761-ff10339cb0cf,Savings,AED,95401.93,25000,100000,active,2023-08-23 18:04:50,2025-11-22 06:41:15
099685d3-afc1-42a7-9cca-c576d34b172e,370e35a0-ba63-4f38-af2f-184b675f5a89,Wallet,EGP,20843.21,5000,50000,active,2025-10-25 12:24:02,2026-03-13 10:58:25
c138de78-7727-47b2-b6f2-3508faec98e2,0c263981-0dd0-433c-8a73-c7a9f4bf43f2,Wallet,SAR,9629.43,25000,250000,active,2023-06-15 09:14:51,2024-03-14 18:36:24
a3d84d74-d9e9-4a06-a495-d49a456f97fa,e7d47081-71e4-45df-ae23-bc6ebf57d883,Wallet,SAR,6451.84,25000,100000,active,2026-01-12 15:35:17,2026-01-16 02:02:36
2e6ec2a1-14a6-4e28-9fe4-3d3882892267,35184d2f-1eea-4df2-9224-ed74568cd62c,Wallet,KWD,7793.01,25000,250000,active,2025-01-29 23:01:46,2025-06-22 23:21:21
444825a2-e5e9-4b1c-940f-8d56c2a7214c,35184d2f-1eea-4df2-9224-ed74568cd62c,Savings,KWD,82468.93,50000,500000,active,2025-01-29 23:01:46,2026-02-18 15:19:24
548e4800-5c36-4a3d-9d14-99005950fa19,91426005-87c7-4461-a27b-e6e3cf82cf6a,Wallet,AED,2831.72,50000,250000,active,2025-05-23 17:15:29,2025-12-11 20:29:20
c0833bfb-d898-46e8-a2da-d006209a8340,0c16836f-d1b3-451d-a5eb-8bf29ced89c1,Wallet,KWD,5015.73,25000,250000,active,2023-09-21 05:44:30,2025-03-25 01:38:58
6137e7be-d9cc-416b-92e1-242bb3657f8b,0c16836f-d1b3-451d-a5eb-8bf29ced89c1,Savings,KWD,25587.23,10000,100000,frozen,2023-09-21 05:44:30,2025-02-11 01:47:56
b67076fc-5829-42b1-b5a3-1f305d01a468,cbb2721a-8dee-419f-b464-7db1e41d4503,Wallet,SAR,23309.81,10000,250000,active,2024-10-28 07:35:27,2025-01-28 08:33:01
e51ea127-edec-4fad-95f4-7407f4a9bc5f,cbb2721a-8dee-419f-b464-7db1e41d4503,Savings,SAR,58142.28,50000,250000,active,2024-10-28 07:35:27,2025-06-22 22:54:17
d1b1ff32-6295-4a31-95e8-e4d8e070d94c,5c333b6a-4f81-4d4c-a32c-1746ba9fde40,Wallet,SAR,24206.44,10000,50000,active,2025-05-24 23:10:17,2025-09-19 04:59:11
bb710486-cae0-41d1-8c59-28b7a1babe11,b876334e-cd65-40c7-9326-e91f44cad283,Wallet,KWD,16916.02,10000,250000,active,2025-05-10 17:22:19,2026-01-15 21:25:58
374153b4-a34c-4322-8f84-51bda5699f94,77363cc6-73b3-4e61-8875-7227d27b77d9,Wallet,AED,24114.09,5000,250000,active,2025-01-10 03:32:53,2025-09-23 01:32:37
cbf0f054-2e72-447f-b967-f1a69370b0d7,77363cc6-73b3-4e61-8875-7227d27b77d9,Savings,AED,85761.05,50000,250000,active,2025-01-10 03:32:53,2025-07-19 01:08:14
8bfb42a9-0a78-429b-9786-819da8f9e97b,c7baf4bc-9969-416c-88fc-4a72c92dc972,Wallet,SAR,9056.29,50000,100000,active,2024-12-14 07:13:50,2025-01-26 16:37:36
4ea39ccb-d194-4f60-bffc-691726715dc1,c0a2e5c9-dfac-4ddd-8a95-a48157e0c1f4,Wallet,SAR,23352.24,50000,50000,active,2023-11-01 18:19:47,2025-02-24 06:39:10
a5c058ee-c8d1-40b6-b2a1-442ef5eca9a7,0db81f4d-bdf6-4e47-ac3c-2bd026a63d92,Wallet,SAR,13146.9,50000,50000,active,2025-05-31 07:31:51,2025-07-18 07:32:34
3316127c-9659-4b73-8e6d-1527e76f85ce,db1310a0-66fc-4b70-b791-58c195728861,Wallet,SAR,3169.38,5000,50000,active,2024-08-10 04:27:16,2024-08-19 14:16:27
a61f1b92-9d27-48ec-9ae6-f6d4420583bd,3972bcfe-3b36-4786-9d66-9cbfeb7c6146,Wallet,KWD,3860.73,10000,250000,active,2025-09-21 00:56:57,2026-03-15 16:16:55
e3383f4c-8114-423b-bff2-1e32d3cadfcc,b250fe2a-ff3a-4cfb-a57d-2826b3fa17a8,Wallet,EGP,13282.49,50000,100000,active,2026-02-14 16:57:11,2026-02-16 05:06:09
c9735ed5-3238-4bdc-aa63-19a7d4c6fe3e,b250fe2a-ff3a-4cfb-a57d-2826b3fa17a8,Savings,EGP,78657.96,10000,500000,active,2026-02-14 16:57:11,2026-02-18 19:23:17
17c4d5c5-d627-400e-abdd-7d17cf7a679e,ca67165b-39e7-4778-9241-44365a57ae8f,Wallet,SAR,23768.25,5000,100000,active,2025-04-14 06:38:41,2025-05-09 16:52:17
1f2bf4d3-95db-4e22-9310-d274dae01abe,f2446502-7981-48e9-931e-6614a3d2090e,Wallet,AED,19367.01,25000,100000,active,2025-05-02 21:51:45,2025-12-08 07:16:53
579341f1-f1c9-4620-8865-ef9d315bda65,f2446502-7981-48e9-931e-6614a3d2090e,Savings,AED,13807.71,25000,250000,active,2025-05-02 21:51:45,2025-07-15 15:14:10
6bb04e0f-39b3-4227-bfe1-cf6a55342bff,9b8867b2-3dfb-492c-9d4f-7b00c8ac5f4e,Wallet,EGP,10532.13,5000,100000,active,2025-05-16 18:21:54,2025-08-03 04:42:17
b7d9f13e-cdc5-478b-8d7b-a262fd56b7da,736e5e81-4510-4319-adda-852417fb6aef,Wallet,SAR,8086.02,25000,250000,active,2023-06-13 11:38:10,2024-01-26 14:33:55
467d118a-eaed-43e6-a6e0-8e874e57dd68,736e5e81-4510-4319-adda-852417fb6aef,Savings,SAR,90689.45,50000,100000,active,2023-06-13 11:38:10,2024-07-01 07:43:18
97f455ba-dd11-4680-a4c3-e1ef5ecef4d1,76afb1e1-5cc5-4d07-9a88-244ae96f4049,Wallet,EGP,23575.13,5000,50000,active,2023-07-22 21:20:58,2024-04-06 13:26:28
cb2ce21d-d85a-4031-9f68-f8d01bd8a9f9,7799b770-1a26-4135-96e2-fcff38f82f96,Wallet,AED,-1636.39,10000,250000,active,2025-04-28 07:09:41,2025-10-20 00:01:13
4861701b-50a3-4f9e-a803-c15bb46ccd17,7799b770-1a26-4135-96e2-fcff38f82f96,Savings,AED,81402.51,50000,250000,active,2025-04-28 07:09:41,2025-12-16 08:23:37
e2499e93-057d-46c2-8abc-63d664c45b43,ebbd8beb-b2ae-4e11-a945-d53f3da8c4c5,Wallet,SAR,11935.31,50000,50000,active,2023-12-02 19:12:48,2024-06-29 15:33:07
e89ec9cd-7add-44be-9eb0-cb79c17a50b7,78b39ca7-288c-434b-8e96-d43733152ed0,Wallet,EGP,21095.26,10000,250000,active,2024-10-14 12:06:29,2025-06-14 16:56:37
cc7be883-4ab1-45fe-bb79-f4814d280bf8,91538df6-5635-4cf7-ae18-47eb5d7d352f,Wallet,AED,19793.99,10000,250000,active,2023-07-19 05:18:51,2024-06-30 17:12:38
6b966d9d-f8c0-48a6-a154-967df4033633,a47e3e68-457b-4797-989f-d66247ed9a28,Savings,AED,89224.85,50000,100000,active,2023-07-19 05:18:51,2024-09-14 07:58:07
d5f1744e-649a-4845-a818-4c5df656c0ed,10e996fc-4f8a-4950-8269-204942d2b66a,Wallet,SAR,15280.45,25000,50000,active,2023-07-13 02:52:27,2026-03-14 15:38:29
ef6c3245-4398-44aa-8527-f51436bbb7e5,967b84cf-de24-4044-9c34-0fd4c45f9f05,Wallet,AED,3163.07,5000,100000,active,2025-11-15 14:48:13,2026-01-13 01:28:18
6b6f5d4b-f008-4653-88d8-6674bc6edb9b,b75ae2e6-1e0f-43f1-adb2-c577a5d1a5f6,Wallet,EGP,6166.79,50000,250000,active,2024-05-01 12:42:42,2024-07-16 04:13:02
41ec1cd9-98a7-4e2b-845b-61d12a51d974,1e715eba-b35b-46f8-a90c-a6af8945b46c,Wallet,QAR,1375.82,50000,100000,active,2025-07-02 16:38:19,2025-09-19 11:57:03
690cb59f-3772-4a61-a76f-7963242b444b,1e715eba-b35b-46f8-a90c-a6af8945b46c,Savings,QAR,25536.13,10000,500000,active,2025-07-02 16:38:19,2026-02-12 15:27:12
c29b8795-663e-4d3d-88ba-fde3ea547a3d,475845a6-dcdb-4a76-bfbd-fd03673ff288,Wallet,EGP,16919.82,10000,100000,active,2024-03-17 07:43:36,2024-05-21 16:57:30
25f825a1-86ab-4ccf-89d4-c480aa537919,475845a6-dcdb-4a76-bfbd-fd03673ff288,Savings,EGP,63311.38,10000,100000,active,2024-03-17 07:43:36,2025-10-18 03:43:51
99caa383-8638-4e75-9588-9582908bed9d,52d76903-2789-479d-96a4-86069dd61b82,Wallet,EGP,21706.87,25000,250000,active,2023-08-08 03:56:48,2023-12-24 02:29:40
dd7333be-e482-447c-bd13-41b18d79b5f3,7128c6ba-5d78-4f58-adfd-a06e903ad23e,Checking,EGP,13611.43,10000,100000,active,2023-09-13 04:27:15,2025-08-24 23:27:51
e685f2c8-6ddd-4912-a433-7444efe8e6f0,b78d683a-ba4e-4424-8a19-431f1ccd8c95,Wallet,EGP,12811.78,5000,100000,active,2023-09-19 18:39:30,2024-12-30 22:02:13
593d9de3-b7d9-45c5-bf38-d5102b0b33a6,c92e2187-e30b-4560-9d98-3d0cdf13b52d,Wallet,AED,10783.1,50000,250000,active,2023-09-27 02:59:44,2023-11-03 18:30:27
0c30de08-198e-4308-ac3d-a32723dbca05,ef13b46b-8dd1-4afa-bac5-1a4c27e00ce0,Wallet,EGP,10786.51,10000,250000,active,2024-05-24 09:10:15,2025-02-09 01:26:40
ec5a70ce-8829-46df-ad30-f078742e265b,a79406a9-2c95-4df0-aa4f-3f0f1d426ce3,Wallet,AED,8211.93,10000,250000,active,2025-01-29 18:04:19,2026-02-25 12:00:41
92b76be5-17fa-440c-87ee-5668dd61befb,f55ccfa6-2447-4d18-90a2-9d5922195784,Wallet,EGP,14398.84,50000,250000,active,2024-11-30 14:47:57,2025-08-13 13:53:23
c3182711-33a9-4c1b-bb1f-f2e9e8758519,76dc0c26-4780-469f-91df-02479af7352d,Wallet,EGP,10173.01,5000,100000,active,2024-11-14 10:43:24,2024-12-06 06:43:24
ac83f9a0-f4c5-47b9-83ea-c03ecd017886,3d5ec138-cd03-43b2-b3ed-96d4addc3fa6,Wallet,SAR,7415.84,5000,50000,active,2025-02-23 14:34:25,2026-03-04 02:44:58
5f2e3924-21bc-4419-84f6-ec2f6d4b66f0,9b51441f-150e-49ba-b806-0510d73ec745,Wallet,AED,20459.24,25000,100000,active,2024-07-04 08:01:14,2024-10-10 13:18:11
99861e55-680f-42c7-84f5-a5c4fdcf7b1b,7c651ec4-06c7-4c27-9f78-383e9622cad3,Wallet,EGP,14185.59,25000,100000,active,2025-10-12 10:22:08,2025-12-10 22:44:18
43f808e8-6a5c-4f21-bf22-959c73490c0e,408197ea-c42a-4818-84d8-9c44124befee,Wallet,SAR,3778.2,25000,250000,active,2023-06-13 00:17:00,2024-12-21 00:55:51
4d27c1a6-6427-4f3e-bcc9-18befcbdc05e,dd554eff-4ca9-4268-b8e4-c22b285b1690,Wallet,SAR,14734.44,5000,100000,active,2025-08-30 13:20:43,2025-12-22 05:35:52
2f5ee0cb-5ffc-4577-ade9-b9ee371b2f06,dd554eff-4ca9-4268-b8e4-c22b285b1690,Savings,SAR,15744.84,10000,500000,active,2025-08-30 13:20:43,2025-12-12 13:01:50
ed22a7b6-f845-467b-83ee-fd41eb0f5a81,fc2e7ab7-8546-4326-95b8-d9a35ccfe38e,Wallet,AED,10211.0,50000,100000,active,2023-03-29 22:07:24,2025-07-13 05:40:52
4f8a630b-553b-434b-ba6f-9fdd29a0d0fd,fc2e7ab7-8546-4326-95b8-d9a35ccfe38e,Savings,AED,64625.1,50000,500000,active,2023-03-29 22:07:24,2023-12-30 05:46:49
1d175f5f-9515-422b-ada2-287066d069a6,03a83e7d-2a8f-4a6f-9316-dead04513721,Wallet,KWD,7064.5,10000,250000,active,2023-06-21 14:11:29,2024-02-09 19:36:00
52733a9b-06a5-4972-959b-c5877b803a18,03a83e7d-2a8f-4a6f-9316-dead04513721,Savings,KWD,15566.86,50000,250000,active,2023-06-21 14:11:29,2025-03-01 09:51:39
7c47d9c7-3bd3-4f86-83db-c8dc08fa38d3,d7d96f80-870b-46f0-9666-e65ef593f7ba,Wallet,EGP,6150.07,50000,100000,active,2024-10-05 13:02:39,2025-07-05 15:59:31
8099b5fe-1aa4-4bcf-af33-27857ce9dbf9,e33c66d2-c411-4278-8585-c7b32798d55b,Wallet,AED,8598.3,25000,50000,active,2026-03-12 02:55:39,2026-03-20 06:37:17
9a053cd9-0445-46eb-bd4c-c7127325e9a4,e33c66d2-c411-4278-8585-c7b32798d55b,Savings,AED,4863.88,50000,100000,frozen,2026-03-12 02:55:39,2026-03-16 03:54:09
1cbe3e94-b3cb-4bea-b97e-1f623df583b9,c56a99e8-06ba-401a-b2d3-3f13fed613f2,Wallet,EGP,14654.38,25000,250000,active,2023-09-17 14:14:34,2025-07-29 22:23:26
0489d413-78d5-4e76-b795-1721ea62a295,c56a99e8-06ba-401a-b2d3-3f13fed613f2,Savings,EGP,47290.2,50000,250000,active,2023-09-17 14:14:34,2025-01-27 21:50:13
7f42eabb-3e01-44a8-8f07-4dfa83c6aa13,b652d155-887c-493b-8b11-68b84854194d,Wallet,EGP,16108.2,50000,100000,active,2026-02-17 13:24:57,2026-02-19 15:36:14
b1a29fd7-bb1d-45d9-aed1-9b2735d3e78b,b652d155-887c-493b-8b11-68b84854194d,Savings,EGP,69149.71,50000,100000,active,2026-02-17 13:24:57,2026-03-17 16:51:52
7f1315f5-6b3d-4ab1-b4d6-b2f72adbfcb6,22ee149a-3dec-4f40-9fa9-f996301f1b37,Wallet,SAR,6431.02,50000,250000,active,2025-02-14 16:57:26,2026-02-20 17:12:35
b85f0c04-6ffe-4e02-87b3-c20886649865,39caea53-e990-4a2e-99c2-d9fe68ad0b2b,Wallet,QAR,504.73,5000,250000,active,2023-06-12 12:17:36,2023-06-17 19:18:58
a02575d6-c43b-4abc-a151-746f9bde0ad6,77963c66-3b2d-4a48-908f-ff8727d62838,Wallet,EGP,23286.61,50000,50000,active,2024-08-07 05:46:55,2025-08-18 10:31:58
1f366013-6c64-4de9-ae47-2f7f9d53f52b,77963c66-3b2d-4a48-908f-ff8727d62838,Savings,EGP,77123.58,50000,100000,active,2024-08-07 05:46:55,2025-04-14 09:02:24
b350029d-5d03-4919-bc2b-38063baaf076,12e62e18-a393-4f84-b5a1-603d055c9ce1,Wallet,EGP,22828.03,5000,100000,active,2024-06-22 05:26:57,2026-02-24 16:50:35
4c76d15f-4adb-4506-a8c0-c015a51dcc3c,12e62e18-a393-4f84-b5a1-603d055c9ce1,Savings,EGP,82135.38,10000,100000,active,2024-06-22 05:26:57,2025-08-23 05:29:25
7992f6e0-d4cc-4b1f-8595-394310c58bf1,69ffe359-0817-4de8-bc53-0ac764a87bda,Wallet,SAR,1408.59,10000,50000,active,2023-06-22 12:41:41,2024-05-03 12:08:13
2fa9b467-7bd3-4263-bc1e-d6bd2705de17,64882782-3590-413b-a69f-bac1d9cbfb73,Wallet,EGP,22013.15,50000,100000,active,2026-03-19 23:29:23,2026-03-20 18:35:00
e2430c5d-588d-4a08-beaa-0f40e40be9d3,64882782-3590-413b-a69f-bac1d9cbfb73,Savings,EGP,71242.85,50000,500000,active,2026-03-19 23:29:23,2026-03-20 23:21:49
4dc966a3-7298-43f5-8d64-7ddb8c748a7f,56032189-314b-45cf-8da9-2a865e97a3ad,Wallet,EGP,24967.89,10000,50000,active,2026-02-25 23:44:57,2026-03-15 10:17:13
45a64cf9-296b-4149-8418-03f28a57c2b7,4cfedf57-bb96-4eff-b003-e4e6e804fd75,Wallet,EGP,12962.52,10000,100000,active,2024-02-28 23:17:09,2025-04-11 16:17:33
15eef650-9f6c-4b29-aad3-a114eca5e5ca,1f2f6e0b-a88f-45af-853a-64a488ee2543,Wallet,EGP,5457.42,50000,100000,active,2024-11-29 00:01:55,2026-02-23 09:11:28
f47f63ba-0c49-4237-aabd-df18b7e8d6e7,2e09dbf3-3c1b-49ab-9c88-b33b768325c2,Wallet,SAR,12729.2,25000,50000,active,2023-04-22 22:18:09,2025-12-13 22:39:38
ff1f0eeb-0e3d-4e68-9b2f-e1b6f900691b,4018d4fa-5e1d-4d11-aee3-8ceedcd182fd,Wallet,SAR,20639.4,5000,50000,active,2023-09-02 08:54:05,2026-01-25 17:57:57
c8f42713-52fd-4314-a0cc-a6c7e061a4f8,4018d4fa-5e1d-4d11-aee3-8ceedcd182fd,Savings,SAR,51005.74,10000,100000,active,2023-09-02 08:54:05,2025-07-30 13:30:06
a75fd26c-446b-48d8-89fb-5a91ba2a04f1,525b80d9-efa4-4dbe-8a76-22b69d812630,Wallet,EGP,1017.31,25000,50000,active,2026-02-05 09:17:18,2026-02-18 00:55:00
