device_id,user_id,device_type,device_model,os_version,app_version,device_fingerprint,is_trusted,first_seen_at,last_seen_at,created_at
2927c4b5-c7d0-4719-8715-4a4a09ad4fc9,6df2f683-42c2-4065-aeb2-d5439ad4f0f2,android,Samsung Galaxy S21,Android 13,3.0.2,4a0e6a06f17ec01863b743a3,True,2024-10-02 07:30:22,2025-08-22 17:50:03,2024-10-02 07:30:22
e5b161a7-359c-442d-a6ef-b1f70d18bd2a,9872dcd8-4069-4cac-9129-8df19c724d39,web,Chrome,Chrome 124,2.3.13,94bbc2faab97f55c8f132997,True,2025-08-27 21:58:49,2025-10-16 22:45:56,2025-08-27 21:58:49
32cf2cc8-666d-4504-b576-374f5dd519ea,9872dcd8-4069-4cac-9129-8df19c724d39,android,Samsung Galaxy S21,Android 12,3.4.11,8f28e965e6a45fc4ac88df81,True,2023-12-05 23:39:11,2025-03-20 23:28:27,2023-12-05 23:39:11
6644cc59-3e9c-4a41-8e03-e449366b4658,894e21f2-95f0-47b1-9942-b4a2592a470d,ios,iPhone 15,iOS 16.4,1.7.11,29e0bb4942cbc2e14195a963,True,2024-10-27 02:30:39,2024-11-12 21:02:11,2024-10-27 02:30:39
dd58e399-0f3d-479a-b51c-34988753a536,74de62a3-32e1-434b-823b-ebfdfd74cf01,ios,iPhone SE,iOS 17.2,2.6.12,724f313d2e36b74c8d592938,True,2025-03-24 21:39:44,2025-09-28 23:15:16,2025-03-24 21:39:44
20f02799-dd08-4a56-8109-69cbee0d5d4c,74de62a3-32e1-434b-823b-ebfdfd74cf01,android,OnePlus 9,Android 14,1.8.19,e184cc7bd42f97e0c4b783be,False,2025-03-01 02:19:50,2025-04-14 16:41:59,2025-03-01 02:19:50
881d25fb-5f7b-4e22-a5fb-65f18d1c5d41,2aa2c801-7569-4837-a2a5-9e52c444fe9a,android,Huawei P40,Android 13,3.2.5,e66e685bf2112955e010e6c9,True,2025-12-29 21:49:41,2026-01-10 08:06:13,2025-12-29 21:49:41
f6890fb8-85e8-476d-a017-19b66773940e,2aa2c801-7569-4837-a2a5-9e52c444fe9a,android,Samsung Galaxy S21,Android 11,5.9.11,19ca1ca1c596c316945079f4,True,2026-03-05 04:50:00,2026-03-07 02:07:53,2026-03-05 04:50:00
81e120d7-fe4a-419c-8d32-4cb11b112043,fcaa3dc3-eca3-4e3f-968e-85a1bcecc4b4,web,Safari,Safari 16.1,3.7.3,0ef860b9d92adfcb201e8f71,True,2025-11-15 08:40:19,2025-11-28 07:12:15,2025-11-15 08:40:19
4148e2c8-b911-4456-ba6a-92290931e556,fc134194-e6e1-411b-8f98-efa5a316e9fb,ios,iPhone 13,iOS 17.4,2.1.14,06ea7893c15e6eb756126d59,True,2025-06-27 19:17:38,2025-10-11 06:39:11,2025-06-27 19:17:38
fa6ef26e-bd26-45d0-bbe8-881d597a1618,6e99372f-d33b-48c9-8976-72a47ba7fcb1,android,Xiaomi Mi 11,Android 12,5.0.2,313254adceca4aa8bd05c6bc,True,2024-03-16 04:40:27,2024-08-27 02:11:28,2024-03-16 04:40:27
ba23f59f-adc9-4392-bcff-95865a11d8ef,3399de2a-32cd-4493-93f8-312e94daeb97,android,Huawei P40,Android 13,4.9.6,c1a0acefdee62f0124916beb,True,2026-01-16 13:02:19,2026-02-27 03:15:14,2026-01-16 13:02:19
4814e58c-1cdc-4861-a98c-89a0e96ccdf2,3399de2a-32cd-4493-93f8-312e94daeb97,ios,iPhone 15,iOS 14.5,4.9.1,22840c054ad1d52069d53a60,True,2024-05-26 00:56:22,2025-09-14 02:33:11,2024-05-26 00:56:22
e0abbe7a-2396-4bf2-9f83-3ecc84aad653,3399de2a-32cd-4493-93f8-312e94daeb97,ios,iPhone 12,iOS 14.4,3.9.20,153518b688e40d619e97b728,False,2025-02-08 19:51:57,2025-05-30 17:57:10,2025-02-08 19:51:57
ea2a31e0-4455-4dc6-9c40-f3a3be16907b,d58dec0f-140b-4181-a3bf-5c07b5e90ffe,android,Xiaomi Mi 11,Android 11,4.7.12,b0bfb95bb47bb88ecf52688a,True,2025-08-02 13:50:10,2025-08-24 18:55:08,2025-08-02 13:50:10
dbcb8972-9f2c-4659-b430-27d5ca70003e,d58dec0f-140b-4181-a3bf-5c07b5e90ffe,android,Samsung Galaxy S21,Android 13,3.1.17,93b0946b6499da2a5b2b4b2b,True,2026-01-22 09:40:12,2026-01-23 23:08:54,2026-01-22 09:40:12
435be025-3ec1-4a3e-82b1-f47963784ecb,1efd7b0c-c563-4acf-b894-becf975d162b,ios,iPhone 13,iOS 14.4,5.6.19,78afeb436b3e17ae936ea56e,True,2025-04-06 22:12:46,2025-08-09 11:02:41,2025-04-06 22:12:46
da4d7c07-f1aa-46e0-baa7-91ea5eec8fa5,ed21e22d-781e-4e4c-a5cd-a100200fea88,android,Samsung Galaxy S22,Android 11,1.2.20,ed4618e68b9a1448bfe9a230,True,2026-01-10 05:45:40,2026-02-13 20:33:21,2026-01-10 05:45:40
707bc641-9a23-4ac6-82a3-9100fa59f730,8f1802ce-f182-43f7-98cc-36c4d49112e0,android,Samsung Galaxy S22,Android 13,4.9.8,faca0615f2047f2460096e87,True,2025-05-09 20:11:08,2025-06-15 06:02:30,2025-05-09 20:11:08
84dc2309-a7a6-4c5a-92f1-15acabde688c,8f1802ce-f182-43f7-98cc-36c4d49112e0,ios,iPhone SE,iOS 14.3,1.9.13,bcace3cda5c9efc2d903e452,True,2025-09-28 19:01:03,2025-10-16 05:38:51,2025-09-28 19:01:03
06dce028-d440-440e-be39-9317cd2d9f5c,eab23ea2-f35d-476e-b841-d2dbf207b083,android,Huawei P40,Android 13,1.6.11,f6c57568d55375b490baff38,True,2026-01-22 15:38:28,2026-02-28 02:49:42,2026-01-22 15:38:28
8588362c-e44f-4167-8830-55ccf1c34298,eab23ea2-f35d-476e-b841-d2dbf207b083,ios,iPhone 12,iOS 15.5,5.7.16,966b045e861c26c513e99c97,True,2026-02-06 13:38:22,2026-02-21 22:57:31,2026-02-06 13:38:22
7b196440-5139-480f-9973-fac20244390f,179ee36b-f7d3-473a-b700-6f13b0446d28,android,Huawei P40,Android 12,5.5.4,c69366cd2d58db1ed16fc43d,True,2024-11-14 00:31:54,2025-12-31 04:23:48,2024-11-14 00:31:54
8e87e63e-0ef1-4f1a-872d-06e84954c77a,179ee36b-f7d3-473a-b700-6f13b0446d28,android,Xiaomi Mi 11,Android 12,4.3.12,8d39b3ed599cc072f9348840,True,2026-01-13 13:44:13,2026-03-06 16:44:15,2026-01-13 13:44:13
cc9ddfa8-4be7-40d8-a80c-04cbe02d6b49,33f7fa42-f36d-4059-bfb3-d3b9e90e5590,ios,iPhone 13,iOS 17.4,4.5.4,909957eda667b9bc88e91d1a,True,2026-03-05 14:53:45,2026-03-09 09:19:33,2026-03-05 14:53:45
640139df-4479-4ef7-be6e-e48a0fbd16d3,ff4bc11c-48a8-4e84-9df1-b9bf3e5adbc1,web,Safari,Safari 17.0,4.8.17,4f27e55fc828c7569d5cb310,True,2026-02-05 06:57:01,2026-03-08 12:23:30,2026-02-05 06:57:01
ac6ccd20-0bc2-4462-bd29-b92b29f67aa8,7b4a6409-af3d-4503-b5a0-ed362a639635,ios,iPhone 13,iOS 14.5,4.6.8,9b315c2b9e1747fa0710cd29,True,2024-06-11 16:59:12,2025-09-15 10:15:30,2024-06-11 16:59:12
654d3cb9-7843-41a6-8ae2-782dd5cfd78d,252965d5-1185-4a68-a239-79fdb74e9c0f,android,Samsung Galaxy S22,Android 14,4.6.19,c7553368bd33ebb4b53c4fe2,True,2025-09-24 08:04:08,2025-10-05 23:03:36,2025-09-24 08:04:08
cbb2f589-f047-41dd-abba-cadc57219247,252965d5-1185-4a68-a239-79fdb74e9c0f,android,Xiaomi Mi 11,Android 11,3.1.8,9170fb5ffc0620d8d664273a,True,2025-05-14 20:37:03,2025-10-06 23:34:06,2025-05-14 20:37:03
1ef24f41-5315-4576-968b-21177276f3e1,252965d5-1185-4a68-a239-79fdb74e9c0f,android,Samsung Galaxy S21,Android 12,3.0.1,1bac1531c94f29729fd3df28,True,2024-10-07 00:54:19,2025-07-06 22:25:23,2024-10-07 00:54:19
f32bb278-3d40-45b8-92ac-72c1ff729a44,7dca77bd-ec61-43ee-ac91-ca87804e0acf,android,OnePlus 9,Android 14,2.8.16,5731be237a6ee7c8c67e3c92,True,2024-02-22 19:43:59,2025-06-23 07:40:33,2024-02-22 19:43:59
01878b1c-e21f-4a46-a3be-ba2664dd284a,948444cc-edb3-4d3b-93eb-f9283cfa3b72,ios,iPhone 15,iOS 17.3,5.1.20,3e6cb96f89ba9da2cfb3c263,True,2024-07-22 02:54:47,2025-02-01 01:07:09,2024-07-22 02:54:47
e6dca06c-f277-4cb1-977a-9585464dc672,948444cc-edb3-4d3b-93eb-f9283cfa3b72,ios,iPhone 14,iOS 15.2,4.3.9,9f1579341b2e914fcc0f5ce5,True,2025-08-01 07:59:02,2026-01-13 00:11:33,2025-08-01 07:59:02
46accdc6-1d32-4bd3-800c-705f967e26d0,9ed711af-de2b-4cae-9686-bd6b000fa67c,android,Samsung Galaxy S22,Android 14,3.7.17,da06f75eae34bc6e8a3bda1e,True,2026-01-31 18:35:56,2026-02-10 23:10:10,2026-01-31 18:35:56
b0f2769d-a2f8-4db0-99c2-20562280be1f,9ed711af-de2b-4cae-9686-bd6b000fa67c,android,Huawei P40,Android 13,4.4.7,3a6f5356652e3f94b3328d79,True,2026-02-12 11:52:47,2026-03-03 04:37:28,2026-02-12 11:52:47
b720417b-f8b0-449a-aad0-623a09f3fad9,cab8cf99-7a2e-4372-adb7-8ae264fec597,android,Samsung Galaxy S22,Android 13,3.4.11,30762decce28bf010ffcb145,True,2026-03-08 07:50:49,2026-03-08 21:40:59,2026-03-08 07:50:49
098d15a8-2936-4a3b-828a-0f77955ac177,cab8cf99-7a2e-4372-adb7-8ae264fec597,web,Safari,Safari 17.4,2.5.16,eb5ada17aa0d6f057d53f167,False,2024-09-16 19:51:54,2025-12-14 17:05:39,2024-09-16 19:51:54
8f6fb58f-00cc-4977-8523-09473cd840ba,d2bff048-94cc-45e5-9fa1-ca8b89386d2c,android,OnePlus 9,Android 14,2.4.17,dc467095649775ca467adcc9,True,2025-03-24 04:48:52,2025-10-25 11:58:19,2025-03-24 04:48:52
20e1c479-8fd2-4ac6-8dc2-3d64fb8aa0dc,0a079478-6143-43f1-9522-0f810bb23d2d,ios,iPhone 13,iOS 17.5,2.3.9,e09d7da4233f4c07c1dcde4d,True,2025-08-25 03:47:41,2026-01-21 10:49:43,2025-08-25 03:47:41
5e1c46e6-30c1-40f3-8655-c9b6984ca6f0,0a079478-6143-43f1-9522-0f810bb23d2d,web,Firefox,Firefox 123,4.4.0,6072a279704115d0dc0f29db,True,2025-08-15 15:16:26,2026-03-03 16:54:39,2025-08-15 15:16:26
b1434003-5db6-4787-b9d3-624b6bf98b8e,0a079478-6143-43f1-9522-0f810bb23d2d,android,Samsung Galaxy S21,Android 14,2.5.20,d11d94fb5f2d4523cf7dbd40,True,2025-08-02 21:04:12,2026-03-01 20:43:36,2025-08-02 21:04:12
3b04e7ba-f21c-4abc-b3b7-822665e1492b,5ad6e36f-816a-4c1a-88df-38cb956ed9c2,web,Firefox,Firefox 110,2.6.3,a36d455b7a3b09304ce4aad1,False,2025-10-02 14:35:39,2026-02-01 23:55:30,2025-10-02 14:35:39
a4d6eeae-1eca-48cf-87e1-fec8eb3d62e9,5c825c61-d8d4-4f42-af2b-be31e08c339a,android,Huawei P40,Android 14,3.7.7,2b8e37e5d7836f8c58383e90,True,2025-09-13 01:03:43,2026-02-09 21:02:49,2025-09-13 01:03:43
8af62a5b-b5df-45f6-9d82-86cad2cd0774,5c825c61-d8d4-4f42-af2b-be31e08c339a,android,Samsung Galaxy S22,Android 12,3.3.3,3e9ddc8bc1624fa4b8e8629c,True,2025-03-16 18:39:23,2025-07-18 08:54:47,2025-03-16 18:39:23
94169ceb-111c-4244-af2d-023309b59785,0cb72df8-3fc1-4a88-a8bd-e81e9a42bc66,ios,iPhone 14,iOS 15.0,5.7.15,1f68fc51ecf2654de97714b9,True,2024-10-04 05:56:59,2025-02-11 20:28:54,2024-10-04 05:56:59
be013c50-3037-49c4-96b4-1f3dfce020d5,0cb72df8-3fc1-4a88-a8bd-e81e9a42bc66,android,Samsung Galaxy S22,Android 11,3.3.2,c6224d5429877eff466aca5c,False,2024-07-04 14:43:29,2024-07-12 09:50:48,2024-07-04 14:43:29
42f96364-a7a7-480a-b4a2-1a14831192ca,fd03c381-3cb9-49e7-82b9-90f9deb8e35c,android,Xiaomi Mi 11,Android 11,5.2.19,9765fc981c3c0a1af304b4ec,False,2025-02-23 05:30:29,2025-03-14 13:19:16,2025-02-23 05:30:29
e326636e-cd35-45df-be9f-a680becea349,784e489b-f1ce-4767-bbf0-0b6d0ca6e226,android,OnePlus 9,Android 13,4.6.18,1b5bb81625aa85c56201f6e6,True,2025-09-27 17:14:00,2025-10-17 16:03:32,2025-09-27 17:14:00
d7e9f4d1-0149-405a-8b16-92c9bf72897a,784e489b-f1ce-4767-bbf0-0b6d0ca6e226,ios,iPhone 12,iOS 15.4,5.8.0,fdca653d52e7115129dcccd1,True,2024-01-17 23:47:39,2025-08-02 17:44:18,2024-01-17 23:47:39
d51c8393-c081-4866-9d10-127ba1ed0eaf,cd1e2ab9-ecbe-43e1-a233-df51d31ec94c,web,Firefox,Firefox 116,1.7.1,ff96aaf840c290dd77dfd80f,True,2025-06-19 02:27:07,2025-12-12 18:40:26,2025-06-19 02:27:07
640df393-d352-4b94-9278-a4064d3fb5cf,cd1e2ab9-ecbe-43e1-a233-df51d31ec94c,android,Huawei P40,Android 12,3.5.20,4c6bb700390336f69aa9159d,True,2025-10-21 23:24:46,2025-11-29 21:44:48,2025-10-21 23:24:46
d5957872-4e11-4a8a-8b19-782de7ef7ac7,09daed4c-da09-4309-a836-38904c6211de,android,Samsung Galaxy S21,Android 14,1.9.6,a56df2dd0b4290443273fbc8,True,2025-08-15 02:59:11,2025-11-28 06:10:28,2025-08-15 02:59:11
16fa6033-cee9-4aca-8a64-5d6beb25628f,09daed4c-da09-4309-a836-38904c6211de,ios,iPhone 13,iOS 17.4,1.2.17,f6bbe66e1c0160680e1ff698,True,2025-07-12 07:48:03,2026-01-29 17:34:33,2025-07-12 07:48:03
64e472be-168a-4d41-894d-98cebc74f764,5665ed2c-69aa-4768-957b-27cfe9a3d9c8,android,Samsung Galaxy S22,Android 12,3.5.16,8048c64b1835d49de0b33230,True,2025-08-19 17:11:20,2025-11-15 03:01:45,2025-08-19 17:11:20
5456f028-3864-40bc-ab60-295a5567e339,d910ea07-edcd-4120-bef2-1dee520be547,web,Safari,Safari 16.3,5.2.6,56558827c66d9c1ab3bf8c75,True,2025-12-18 14:46:06,2025-12-21 07:12:33,2025-12-18 14:46:06
86641ef0-2fb3-4352-b8c9-28671129e3c2,d910ea07-edcd-4120-bef2-1dee520be547,android,Xiaomi Mi 11,Android 12,3.7.17,f7779a69ed8c9136695e346e,True,2025-03-25 13:30:51,2025-04-03 09:06:14,2025-03-25 13:30:51
ead60697-93e4-4d0a-9b25-406e5827e496,c6a70cad-2481-4ba2-85d1-31d913f587ce,android,Samsung Galaxy S22,Android 14,2.4.8,7743cec29b4fef71436cf719,True,2026-02-28 19:13:05,2026-03-03 23:43:47,2026-02-28 19:13:05
e04f3508-a5d8-4b7b-8577-ee2b9c824a99,2e5ce170-87e7-456c-9518-6d7254dd85d6,web,Chrome,Chrome 116,2.0.0,543aa30dfe4e86f12be6eaf5,True,2025-08-26 21:45:30,2025-10-02 20:00:38,2025-08-26 21:45:30
9f0795cd-cd8f-4041-aaec-bf2665f817e0,60bca671-5595-453e-991c-f7aaa5e9f247,web,Safari,Safari 16.2,2.4.12,a5a46561a8fd696a6d18bd2f,True,2025-05-29 06:39:43,2026-01-21 10:33:50,2025-05-29 06:39:43
9987d2ed-78b4-4642-81ac-8d76554e20f9,60bca671-5595-453e-991c-f7aaa5e9f247,android,Xiaomi Mi 11,Android 14,1.9.4,66fdf0f907f5c2782d9f5f6d,True,2025-06-13 15:19:49,2025-07-08 02:56:22,2025-06-13 15:19:49
8ce7e0db-1094-43b0-be4d-eb35ef4163fe,550931d4-75f4-48af-9ad8-b542d2c5dcff,android,Samsung Galaxy S21,Android 14,1.0.8,587c4e8689236e7e2018d2e2,True,2026-02-21 20:36:21,2026-02-24 01:58:41,2026-02-21 20:36:21
13eec7fd-b150-4e4a-b612-7b84e7a76b5d,550931d4-75f4-48af-9ad8-b542d2c5dcff,android,Huawei P40,Android 12,1.3.14,7af4a9ee423f5662527dd51e,True,2024-05-18 11:53:12,2025-11-07 08:40:37,2024-05-18 11:53:12
c81f17d7-0180-4b05-bf46-d97b1a32f75d,550931d4-75f4-48af-9ad8-b542d2c5dcff,android,Huawei P40,Android 14,5.7.5,0f8a681790ce4d362af0fa18,False,2024-07-10 00:08:46,2025-05-10 15:34:30,2024-07-10 00:08:46
a6a00f3a-d6a5-41c3-bf2e-7571b9d72f62,85f49eb7-9508-4ee0-a362-fc7ac5c5a356,android,OnePlus 9,Android 12,4.1.2,bc908e1be5cd2931be30a6fb,True,2024-07-19 23:29:27,2024-09-22 05:15:09,2024-07-19 23:29:27
d1bc263f-9cc4-4a47-8fe8-7e80a4dd6579,61e25ef8-252d-475f-bf95-78f6a5a3d831,ios,iPhone 14,iOS 15.1,3.4.19,51b3a07adc1c2753809d800b,True,2025-07-29 01:39:36,2025-12-27 02:23:41,2025-07-29 01:39:36
8d8db0e8-8e26-4f41-8bc2-bb354a7ca754,61e25ef8-252d-475f-bf95-78f6a5a3d831,ios,iPhone 14,iOS 16.1,1.2.6,c2cb8a59de86620ad3b4be8a,True,2024-11-07 22:32:08,2025-08-31 18:44:14,2024-11-07 22:32:08
7f44fbcb-d082-4893-b81b-b36f018da7dc,61e25ef8-252d-475f-bf95-78f6a5a3d831,android,Samsung Galaxy S21,Android 12,2.3.2,06ccad2c1a46cd3bdf47ed49,True,2025-05-20 20:43:59,2025-10-14 08:15:53,2025-05-20 20:43:59
fe851ffb-1292-472f-a923-3ae396600f84,909bea60-b9fa-47b6-b37a-661fa155587d,android,Samsung Galaxy S21,Android 13,1.4.1,b6790102a8929c352f5fe8a7,False,2024-09-09 03:08:19,2025-10-22 07:34:31,2024-09-09 03:08:19
86236d3b-9bb1-46d5-9816-71fa3a72e4a8,909bea60-b9fa-47b6-b37a-661fa155587d,android,Huawei P40,Android 14,5.9.16,a93dd9fd1393849ea8322700,True,2024-05-28 23:41:30,2024-07-24 02:18:57,2024-05-28 23:41:30
60939939-b8f5-4cd4-b009-a381397ab39d,909bea60-b9fa-47b6-b37a-661fa155587d,ios,iPhone 13,iOS 15.4,4.4.8,92c206437245bfca06961617,True,2025-01-10 01:29:19,2025-11-28 07:08:00,2025-01-10 01:29:19
7f20d405-a8b8-4d71-9e89-6fe146f49178,0d1bcf09-8ef6-47c9-8bc8-9366e5e67c41,ios,iPhone 15,iOS 14.0,2.7.0,f05e828532e4ded6d60c173f,True,2025-08-22 19:03:48,2025-12-25 14:21:58,2025-08-22 19:03:48
acdee788-49e0-4489-b747-068ceca5d175,c4d1bb8a-dafd-4e20-903b-45960a79456f,web,Firefox,Firefox 125,2.3.6,e519b4bf114d5ccb4003db41,False,2025-02-09 13:47:18,2026-01-15 16:58:49,2025-02-09 13:47:18
0784920c-b37a-4772-9d58-76e2dd2dbc74,ae20df6a-33df-4912-88df-052a28c8cf26,ios,iPhone 15,iOS 17.1,1.4.14,491849e762f897b2561b205d,True,2025-07-04 21:57:30,2025-12-04 01:32:24,2025-07-04 21:57:30
bfb3d8b6-981d-437a-b389-968541087599,c583871b-ecdf-4ec9-9782-89d61a21b218,android,Samsung Galaxy S21,Android 12,5.4.6,02df861964861e53dd02ed1f,True,2025-07-14 05:12:59,2026-02-08 10:20:54,2025-07-14 05:12:59
450e77a5-1bc3-440e-93e1-1c1786d8311b,c2d960e5-56b3-4d8a-9962-9751b5162306,android,Samsung Galaxy S22,Android 14,1.5.1,8cd7d95107742cdde01e7a38,True,2025-11-23 02:14:38,2025-11-23 07:19:45,2025-11-23 02:14:38
dee6fa45-cc06-4d3f-b83d-fb036b6895a9,c2d960e5-56b3-4d8a-9962-9751b5162306,ios,iPhone 12,iOS 15.5,4.3.10,0b5ab3e516eab1e9a83757a3,False,2025-11-02 03:57:11,2026-01-21 07:19:00,2025-11-02 03:57:11
e629b8f4-fbbf-4b96-82b0-f43b108c168a,53976d12-d1bf-4f54-8f30-d0831b4bf01a,android,Huawei P40,Android 12,5.4.3,7d21c4e6d1b02fc26140bdcf,True,2025-10-17 14:42:06,2025-10-24 02:10:34,2025-10-17 14:42:06
7be61c2a-866e-43fe-95f4-b3287bc66e74,53976d12-d1bf-4f54-8f30-d0831b4bf01a,ios,iPhone 14,iOS 15.1,4.9.2,eff774c0c5425b5d1cc6721f,True,2025-11-25 09:21:40,2026-02-24 02:04:04,2025-11-25 09:21:40
42d0695f-53a8-49c0-9ae8-a1729e15552d,5604ea9a-516f-4c0d-bc4a-ab107570a9af,android,Samsung Galaxy S21,Android 14,5.3.3,35cde7c36b45795486a9e9ac,True,2026-03-07 04:25:17,2026-03-09 04:56:04,2026-03-07 04:25:17
6c51d728-031f-4dce-9c64-8794115b3f95,ec394e67-ba9c-4f97-a28e-90702ae4e804,android,Xiaomi Mi 11,Android 12,5.1.19,6c24c5f5bcbab4b245ad5683,True,2025-02-24 22:22:53,2025-05-26 09:47:22,2025-02-24 22:22:53
098bf523-2d00-4ef4-87a6-6ca93a33d8a2,ec394e67-ba9c-4f97-a28e-90702ae4e804,android,Samsung Galaxy S22,Android 11,3.5.10,cce65d5ad7eccd8793c8bbca,True,2025-07-08 21:23:32,2025-10-04 11:49:21,2025-07-08 21:23:32
ee693f46-49ca-44b2-a9c0-360aa468aa44,a8dff8c1-a264-49e6-978d-c9e7e7ad693e,android,Huawei P40,Android 14,3.1.2,6d6d7f56dfe9b678f3091dd9,True,2025-11-08 09:55:38,2025-11-17 23:21:19,2025-11-08 09:55:38
1f748615-5f5f-4ec3-be7a-8d752b84986f,a8dff8c1-a264-49e6-978d-c9e7e7ad693e,ios,iPhone 12,iOS 14.5,2.9.10,dccc52ccc04e5e6f76dce089,True,2025-11-12 23:44:32,2026-01-23 21:33:31,2025-11-12 23:44:32
54a11faa-e6ed-476d-801d-b00a21378431,c82ca392-591d-4906-b3a7-d66ffd94c84c,web,Edge,Edge 121,1.6.1,28bed1bc2fd11ae30629a0fc,True,2025-09-25 19:34:25,2026-01-30 12:35:38,2025-09-25 19:34:25
ba4e6b32-afea-4761-9557-32a66cd1d4ba,e6a9aade-6823-4758-8065-d0bdf072cba8,android,Xiaomi Mi 11,Android 13,1.7.15,351405b9fccffe31ee673d02,True,2025-01-01 10:31:27,2025-09-02 20:34:27,2025-01-01 10:31:27
03905417-f05a-444d-b024-146ca3377339,e6a9aade-6823-4758-8065-d0bdf072cba8,android,Samsung Galaxy S22,Android 14,5.1.5,f8836dd0063dc553a718f8f1,True,2025-05-11 21:42:03,2025-12-02 07:10:56,2025-05-11 21:42:03
1be90d9b-32e4-432a-9efc-dc75c45e3179,54714b96-cc2f-413c-b486-8eca6ad5d7ff,android,Samsung Galaxy S22,Android 12,1.2.6,7409ce239b990058b1dc2ca9,False,2025-05-14 21:50:18,2025-12-31 11:26:48,2025-05-14 21:50:18
94551255-f105-4d64-b79f-4b4226e09e31,5d046d5c-8da1-4270-ae19-2aa8158c6f20,android,OnePlus 9,Android 12,2.2.7,84a87be43650060d1fb1d16d,True,2025-07-10 21:38:21,2025-12-14 22:03:05,2025-07-10 21:38:21
cfb5b391-bc7b-49a8-9e03-369174630d46,dde2cf41-cc0d-41a9-9f3d-740099397dd9,ios,iPhone 14,iOS 17.1,2.1.5,da276a4877b129778dcc20c4,True,2026-02-23 23:49:41,2026-03-07 05:30:14,2026-02-23 23:49:41
2f99ed9e-bc89-408d-b1e0-88b4f04b204f,46fe8991-bde7-47eb-b40d-8eabbca26f0c,android,Xiaomi Mi 11,Android 11,3.3.16,0f551351111ae8b9e6946a8e,True,2025-09-10 01:04:37,2026-03-03 16:08:23,2025-09-10 01:04:37
ddc60be1-e1b8-49c7-a75d-9e1b8855499e,46fe8991-bde7-47eb-b40d-8eabbca26f0c,android,OnePlus 9,Android 11,5.1.9,27488f5346f7a4cbff8f3891,True,2024-11-29 17:00:09,2026-02-12 03:00:14,2024-11-29 17:00:09
105d7afc-687d-4940-889f-7165261cff21,46fe8991-bde7-47eb-b40d-8eabbca26f0c,android,OnePlus 9,Android 14,4.9.8,c67a873c2ef43437a2f2c1b4,True,2024-03-15 00:41:53,2025-01-08 06:30:39,2024-03-15 00:41:53
f0fc2026-3782-4eb0-b025-19234fdfecee,04f01485-f92a-4096-bd74-f21cc23e01ee,ios,iPhone 14,iOS 15.1,4.8.15,977375bf97e17a4eb67f93d1,True,2025-02-15 22:40:09,2026-01-05 01:47:28,2025-02-15 22:40:09
27d9921d-bcf9-482e-b3ba-e9736dbe8433,e5bb2e75-7cc5-455c-b5f1-beccdb9e32af,ios,iPhone 13,iOS 17.1,3.4.1,196754b452d11d19744dc039,False,2025-04-11 01:12:02,2025-05-05 06:27:28,2025-04-11 01:12:02
924f225a-1e29-4091-9645-2ab5f5d0e82b,e5bb2e75-7cc5-455c-b5f1-beccdb9e32af,android,Huawei P40,Android 13,1.5.17,365af09742ee5b840a3f54f1,True,2024-01-03 20:38:39,2025-07-20 05:41:46,2024-01-03 20:38:39
1724f129-3e69-4fb6-98f4-06ac9f6c21a6,8de92119-cd14-4235-9e16-343b1f226157,android,Xiaomi Mi 11,Android 14,5.9.14,969521d482923a84dcaf0818,True,2025-04-16 16:18:16,2025-05-18 10:03:23,2025-04-16 16:18:16
0113b92d-e36c-4fdf-afd1-2c37353ef72d,8de92119-cd14-4235-9e16-343b1f226157,android,Samsung Galaxy S22,Android 12,4.3.9,d1d0d6d26f3d488a64e72948,True,2025-11-26 06:13:12,2025-12-24 22:57:18,2025-11-26 06:13:12
4b874636-adbf-4d59-a773-c7f3d24586fa,b0d4a861-16e8-434e-b6ca-296d2f7969e5,android,Samsung Galaxy S21,Android 12,2.4.11,777a88392222b0525224e604,True,2025-12-24 03:38:35,2026-01-24 23:31:56,2025-12-24 03:38:35
f2c4865f-54a4-4384-bc6b-c1fbae882bab,6a08917c-ee43-4130-bcdf-25ed2b9c9fb4,android,OnePlus 9,Android 12,3.0.1,0c362cb925914d4bb90ba4f9,True,2025-05-08 03:36:03,2025-05-11 11:49:17,2025-05-08 03:36:03
6cab71cf-0ebd-4412-96a2-0f73b62684c8,e05d2bdf-fc10-4de0-9274-e87d403b12ad,ios,iPhone 14,iOS 17.1,2.4.8,faea12be2a8665f8bedc874f,True,2025-11-23 15:32:56,2026-01-26 08:25:38,2025-11-23 15:32:56
18e7cb1b-5255-4149-9d8d-5a378fd29625,3c3b93a8-5698-49a4-a2e9-661f8015bbae,android,Samsung Galaxy S21,Android 14,4.6.15,dba41268e0fd81da2926dde4,True,2025-09-10 19:06:14,2026-01-18 22:43:27,2025-09-10 19:06:14
08932de5-b16f-4474-be01-54b02271db92,3c3b93a8-5698-49a4-a2e9-661f8015bbae,android,Samsung Galaxy S21,Android 12,3.8.0,2cd1aad941da543971886bb1,True,2025-08-15 19:38:50,2026-01-21 19:32:57,2025-08-15 19:38:50
fffc4067-b0e6-4143-91e4-59c4efb3bf63,525e129f-ad13-4065-9b80-a2c25375c86d,ios,iPhone SE,iOS 15.5,4.8.4,267b25a2cb42b9a144e46419,True,2024-03-18 12:00:37,2026-01-04 03:05:09,2024-03-18 12:00:37
8902e71d-0a0e-4794-a331-95211cfaf97c,525e129f-ad13-4065-9b80-a2c25375c86d,android,Samsung Galaxy S22,Android 12,3.9.10,1b809bff53e9d31c3b2aa16c,True,2026-01-26 21:14:01,2026-02-28 06:36:41,2026-01-26 21:14:01
349cbef4-0005-4989-a4ef-057ea21723bd,380c5b3c-4785-4eec-b3ab-4f7a2e024124,android,Samsung Galaxy S22,Android 13,4.4.18,74eed0535b4a0118adcef153,True,2024-08-18 12:27:29,2025-12-17 22:43:09,2024-08-18 12:27:29
a6810de5-edfd-44e6-a509-7fbba1d70ee7,380c5b3c-4785-4eec-b3ab-4f7a2e024124,android,Xiaomi Mi 11,Android 11,2.0.3,75cd3491a0579ced90bddb3e,True,2025-12-11 01:16:13,2026-02-26 12:58:23,2025-12-11 01:16:13
a3a08fa0-966d-41a4-97ab-5b7a113be316,380c5b3c-4785-4eec-b3ab-4f7a2e024124,android,Xiaomi Mi 11,Android 11,5.3.8,47abcee7d294e8db126fc444,False,2024-11-09 22:26:53,2025-01-12 21:23:20,2024-11-09 22:26:53
2eb99adf-6b65-40e6-90ee-5bb747129e5a,0863ae79-4937-4099-a26d-e57d50c6f918,android,Samsung Galaxy S22,Android 12,2.0.11,a02f921e0fd50e2537677b5d,True,2025-08-29 22:59:53,2025-09-01 02:50:09,2025-08-29 22:59:53
c169afc5-9ca2-4886-8791-27d3983efe26,0863ae79-4937-4099-a26d-e57d50c6f918,android,Samsung Galaxy S21,Android 11,1.9.6,9facbb672396caf04e8e2708,False,2024-05-27 13:08:22,2025-10-17 18:22:51,2024-05-27 13:08:22
8d2fe941-9bba-4893-9957-bbd0fed911fe,0c0596e7-06a7-41ef-99f3-ec020dae02b1,ios,iPhone 15,iOS 14.4,1.8.10,fc6512e04151001fc0e8e8e5,True,2025-07-14 23:42:43,2025-10-30 20:42:25,2025-07-14 23:42:43
27f48372-d5f1-45ea-bfa8-871553a872c4,0c0596e7-06a7-41ef-99f3-ec020dae02b1,android,Huawei P40,Android 13,4.8.16,6fba99632afa5dec502a86b6,True,2026-01-19 21:36:58,2026-02-19 08:08:10,2026-01-19 21:36:58
07688bab-45a6-41be-af7c-9a67e6fb6442,b4fb38a6-3af8-484e-af88-27fcf7b4c2b6,android,Xiaomi Mi 11,Android 13,2.2.15,ac9c1614c592035deca2829a,True,2024-03-07 03:33:45,2025-07-04 12:46:59,2024-03-07 03:33:45
f7b7de13-6a99-4551-a889-3b34c5f10efb,b4fb38a6-3af8-484e-af88-27fcf7b4c2b6,android,OnePlus 9,Android 13,3.0.12,34c77a817e65199f398a4d46,False,2025-12-18 13:18:13,2026-02-28 12:52:20,2025-12-18 13:18:13
2e9dc6ec-e9a1-46c2-8f50-e6db4dcd0e8c,93f9ee11-0080-4afd-a135-5cfdfabdd0b0,android,Samsung Galaxy S21,Android 12,2.7.10,b29132eb3d141d037b4f56d2,True,2024-11-29 18:20:40,2025-10-06 00:08:26,2024-11-29 18:20:40
193dc2d2-daaa-4545-925c-fa801ef81da5,93f9ee11-0080-4afd-a135-5cfdfabdd0b0,web,Firefox,Firefox 119,2.7.2,b2c47ca19397af3925af9665,True,2025-06-01 09:59:10,2025-09-12 08:00:48,2025-06-01 09:59:10
06978440-bacc-4618-967c-925efca13bc9,596bdafd-3c85-4c4f-bcac-ed9b71a50701,android,OnePlus 9,Android 11,1.2.13,186821f73bc316fbdca6ede7,True,2025-01-31 17:50:11,2025-07-25 19:59:08,2025-01-31 17:50:11
6dc676ea-ae71-4447-a957-3eff687533ef,596bdafd-3c85-4c4f-bcac-ed9b71a50701,android,Huawei P40,Android 11,1.2.10,4751c799982c51158d346b4e,True,2024-04-25 12:20:38,2024-10-04 17:00:03,2024-04-25 12:20:38
43aa80ed-3791-4877-b7ad-a5a8e43b078f,5917b2a9-af1e-42c6-997d-2eb44a0040d4,android,Xiaomi Mi 11,Android 13,3.4.4,38f83b34fcb25d8646497009,True,2024-08-12 03:50:27,2024-10-26 04:48:48,2024-08-12 03:50:27
283a25e6-e44e-49ce-9989-a23b4bb3ebfd,5917b2a9-af1e-42c6-997d-2eb44a0040d4,ios,iPhone SE,iOS 17.0,2.3.5,6e46413bacd311da415a8158,True,2025-07-01 17:15:33,2025-07-19 16:26:58,2025-07-01 17:15:33
b1de2918-2e8c-4c9f-a3fa-77eabe68a021,5917b2a9-af1e-42c6-997d-2eb44a0040d4,android,Samsung Galaxy S21,Android 11,2.4.6,6c9f07aaf3b5e040b0e84235,True,2026-02-23 09:06:30,2026-03-07 05:56:45,2026-02-23 09:06:30
8402e86c-ed69-42f1-9c1d-a99a11dc0200,8933ee94-1558-4826-aff7-9408e86a297e,android,Samsung Galaxy S22,Android 14,5.9.7,6de115fd616c43dae0a77628,True,2025-09-01 17:07:46,2025-12-29 22:22:05,2025-09-01 17:07:46
5cbb3228-9593-41af-86f9-4a6141ed4f12,2e5bbb64-29dc-46c2-9e8d-dddf3676700c,android,Samsung Galaxy S21,Android 11,1.0.12,56e107cce0fbf49ce23e8e27,True,2025-08-24 18:33:56,2026-01-03 09:32:57,2025-08-24 18:33:56
ad18ea25-c69a-4123-a128-6bd7be7470af,2e5bbb64-29dc-46c2-9e8d-dddf3676700c,android,Xiaomi Mi 11,Android 14,1.2.5,543a86486204de2b4b508b25,True,2025-06-22 07:43:23,2025-12-10 17:08:48,2025-06-22 07:43:23
10709b59-3aff-4392-8109-b2adabf7e017,55c9f6a3-72c1-4993-8f5f-d52d251a4b8c,web,Edge,Edge 112,5.8.19,79a09dd796b06dedc16654fc,True,2026-01-18 21:26:10,2026-03-08 16:53:19,2026-01-18 21:26:10
c39cfca8-5dcf-4962-ad66-f8458520ae45,51b0941b-8333-46c7-a212-ba6db8ce18be,ios,iPhone 15,iOS 16.5,2.9.4,559dc2e94924321ba2a4a2dd,True,2025-02-16 10:07:55,2025-06-01 20:56:58,2025-02-16 10:07:55
0d8f5cf7-98b9-4021-a247-08a2b2941057,9c7f84db-3141-4ee9-9ec7-ddd29e151ed0,web,Safari,Safari 18.0,5.2.12,b7ea5bc26ed2c90e9225a022,True,2025-07-06 11:27:52,2025-07-11 01:03:20,2025-07-06 11:27:52
b3da6d26-ed03-4763-9922-7421670e78c7,9c7f84db-3141-4ee9-9ec7-ddd29e151ed0,ios,iPhone 14,iOS 16.0,5.5.14,1f96cd81f9bd789247e11309,True,2025-10-24 14:43:03,2026-01-02 18:11:12,2025-10-24 14:43:03
f41d2785-5534-4ad5-a8c7-6c2cb105f7d6,43990b65-8278-48dc-9dd5-96b663138ed1,android,Xiaomi Mi 11,Android 14,3.4.7,612eb930aad66a03626f9553,True,2024-05-29 22:50:31,2025-06-09 17:46:25,2024-05-29 22:50:31
c182c1aa-8ca2-4009-8d3a-3adfeb66328d,43990b65-8278-48dc-9dd5-96b663138ed1,android,Xiaomi Mi 11,Android 13,2.7.2,62cc2cb2ceb4614036722842,True,2026-02-24 14:03:59,2026-03-03 10:50:29,2026-02-24 14:03:59
ec9ebd44-08bb-4ea5-ab64-4f5b39c7f0a5,8386d830-ae19-4d5a-a39d-c1e87892b966,ios,iPhone SE,iOS 14.2,3.4.14,e2a54ae319b9d57d3a2a0440,True,2025-03-05 03:34:07,2025-12-15 22:57:45,2025-03-05 03:34:07
ec654143-26e2-4921-860d-4a3dc1ec747a,96d0440e-5e47-4969-943a-6eaa9ec5969d,android,Samsung Galaxy S21,Android 11,1.9.12,21a9bf5f545d5107f870419b,True,2025-04-19 14:48:07,2026-02-18 09:59:24,2025-04-19 14:48:07
4910eaf8-a54e-46b0-894a-0aa4545cc011,029a070b-4781-4288-8bcf-cf0f41849ed6,android,Samsung Galaxy S22,Android 11,5.9.10,aa8142d93c8ffdcae821f69c,False,2025-04-30 16:55:17,2026-01-11 20:08:29,2025-04-30 16:55:17
53bc52a1-ccb2-48c5-b43d-1c8449df5855,029a070b-4781-4288-8bcf-cf0f41849ed6,ios,iPhone 15,iOS 14.1,2.9.4,579f13e1d10dcc63a6ebd609,True,2025-12-10 08:24:46,2026-01-30 19:30:41,2025-12-10 08:24:46
64dcbe47-6ad8-416f-9cc1-3b3d6a6534bc,39a367a7-1619-423f-86cc-3d53a0a2edc6,ios,iPhone 13,iOS 15.2,2.7.16,b590af60bcfa6509d8534648,True,2025-11-27 19:26:07,2025-12-18 16:28:22,2025-11-27 19:26:07
05990bac-c75b-49e6-a74c-753d387dde19,d8fca2de-7a18-4145-88a6-e660efc58c7e,android,Xiaomi Mi 11,Android 13,4.0.16,6031fa4f6d3bc258129b8120,True,2024-11-08 18:51:27,2026-01-31 17:10:45,2024-11-08 18:51:27
d3036119-5296-4ff0-a1cb-a098ed021e26,d8fca2de-7a18-4145-88a6-e660efc58c7e,android,Samsung Galaxy S21,Android 11,2.4.14,b02c1cc084330cf4a31ffa66,True,2025-10-05 17:51:10,2025-12-25 22:19:00,2025-10-05 17:51:10
bb5bd91d-843a-4d91-befc-675955be2400,40dc1b36-06c8-4bc1-a9d7-8c9767e0b411,ios,iPhone SE,iOS 15.5,2.1.16,3cdbb01e3cfc546da93001e7,True,2025-09-30 10:16:08,2025-11-07 01:32:32,2025-09-30 10:16:08
dec92d44-7186-4ce7-a06b-08aa2aaeccbe,40dc1b36-06c8-4bc1-a9d7-8c9767e0b411,ios,iPhone 15,iOS 14.0,2.2.9,257081c48ecda7c1bbee0c0a,True,2025-12-06 08:10:25,2026-01-08 00:53:00,2025-12-06 08:10:25
80a1b695-8ec1-499d-89a1-e4d4738b210f,40dc1b36-06c8-4bc1-a9d7-8c9767e0b411,ios,iPhone SE,iOS 16.2,1.5.11,5810e925fe8a127ac82861e4,True,2025-07-12 03:01:31,2025-12-19 05:11:18,2025-07-12 03:01:31
45125813-b216-496e-ac12-9b734379d5df,09a02265-aa8a-437e-a69f-f2b95561bfc9,ios,iPhone 12,iOS 17.5,3.7.20,cf85e3171abc5b72bcfa37ce,True,2025-01-01 02:55:12,2026-02-11 16:18:51,2025-01-01 02:55:12
e80b2749-0c5d-44af-9189-b8bd0405c88a,09a02265-aa8a-437e-a69f-f2b95561bfc9,android,Huawei P40,Android 13,4.9.2,84990f0178f49f7607a2cd08,False,2025-10-17 18:07:07,2026-02-17 20:51:54,2025-10-17 18:07:07
b7bea703-f600-4579-b28e-2b9224dd035e,19fde24b-e7dd-476f-ac33-1ea120df2968,ios,iPhone 13,iOS 14.5,3.0.20,56ef18ab2123a7bb0ff85839,False,2026-02-16 22:53:04,2026-03-05 19:38:04,2026-02-16 22:53:04
bf4f6fd8-af98-4022-9d8e-8e0004e20c4d,19fde24b-e7dd-476f-ac33-1ea120df2968,android,Xiaomi Mi 11,Android 13,5.0.14,94dbf2611bd4ef87e9b7db37,True,2026-03-03 04:41:43,2026-03-08 04:53:16,2026-03-03 04:41:43
a2243696-4e8e-4b45-b3b0-5ca5487d4bfa,2d183a01-d058-4983-9e51-8e65cf275fa7,android,Samsung Galaxy S22,Android 14,1.3.20,54ba2ca32bc9414aa0621643,False,2025-12-24 09:44:59,2026-01-31 17:03:55,2025-12-24 09:44:59
b3728068-9f25-4363-ab1c-5f90d3b1eec3,2d183a01-d058-4983-9e51-8e65cf275fa7,android,Samsung Galaxy S22,Android 12,1.4.5,a5510daac6b16acba2209d1d,True,2025-12-23 03:52:13,2026-01-16 23:09:47,2025-12-23 03:52:13
5c363c50-3c98-475f-b650-5a5df4e50b79,b15e5c0f-3574-411b-b034-dcf3a86a5a7e,android,Samsung Galaxy S22,Android 14,3.3.4,a9528d495081a4b3d4d85b9f,True,2025-12-21 04:01:20,2026-02-21 22:53:07,2025-12-21 04:01:20
d164ae73-5484-4a10-bc01-164cc4cda37a,b15e5c0f-3574-411b-b034-dcf3a86a5a7e,android,Xiaomi Mi 11,Android 13,4.6.20,a4bc77d82108d31467fefdfe,True,2025-05-01 20:15:04,2025-09-16 08:27:13,2025-05-01 20:15:04
b5f76fc2-8b2c-476a-b26e-802728f1c2b3,4465cf90-cf65-4438-87c8-375e184cff08,web,Edge,Edge 118,2.9.5,11af9c5abd815c83c1429236,False,2023-09-21 09:21:15,2024-02-27 07:11:10,2023-09-21 09:21:15
19f95797-9eca-40b6-8482-225dcdf9988e,4465cf90-cf65-4438-87c8-375e184cff08,ios,iPhone 13,iOS 17.4,2.2.19,018cf90366563528d4ae09ee,True,2024-07-23 21:30:24,2025-10-27 22:46:48,2024-07-23 21:30:24
6767e005-0aab-4c97-831a-1109e2dfd71e,cee9a9f9-ebaf-4088-8393-a68119a58694,android,Xiaomi Mi 11,Android 14,5.4.6,d1067853341b3c00d305d90b,True,2026-02-03 22:36:31,2026-02-28 04:40:25,2026-02-03 22:36:31
7c55c91b-0206-4410-9925-53fd557b9f67,cee9a9f9-ebaf-4088-8393-a68119a58694,android,Xiaomi Mi 11,Android 12,2.2.10,308bc72a17d34814ab62cbb9,False,2025-11-01 12:42:55,2026-01-26 10:05:23,2025-11-01 12:42:55
4215e2d6-0ae1-40e8-b7d7-5d4999dabf93,023c89b0-c430-4ee6-9910-d8ae8fc7e9ea,web,Firefox,Firefox 118,4.2.18,e166605fd54744819004fae6,True,2025-11-24 23:00:40,2025-12-20 23:30:53,2025-11-24 23:00:40
74ca5fa7-be99-455a-9929-578a06b3bda7,38120f52-844a-42b2-b801-d61a83d75d43,android,OnePlus 9,Android 13,4.5.11,bf61d065f9ea23eed5c05cf0,False,2025-01-11 07:39:15,2025-02-14 02:03:13,2025-01-11 07:39:15
d404a571-0e47-419a-a8f8-575bb7f95d5c,38120f52-844a-42b2-b801-d61a83d75d43,android,OnePlus 9,Android 11,2.1.16,e0b641b93c92fce9980e102b,True,2024-12-23 19:26:15,2025-08-08 22:42:34,2024-12-23 19:26:15
76daf7b6-6556-4364-af24-d521046efa40,d2a10b72-2a2b-4821-81ce-8a7beae44596,ios,iPhone SE,iOS 14.0,5.8.5,817be9bfaf5fa464f748cd97,True,2025-09-29 19:29:05,2025-11-05 09:45:37,2025-09-29 19:29:05
82829039-4532-49d4-82f0-f7f47133a905,ba58e1c9-e221-4fb7-986d-c9e0f463c97e,android,Samsung Galaxy S21,Android 12,4.4.8,a892c3181c6dbfb65b9314b7,True,2026-02-03 10:56:54,2026-02-11 03:42:22,2026-02-03 10:56:54
90bd5525-72af-4de3-ac92-e9dd3c34d9e3,8a8a961c-ef85-4f91-b952-d84d5272fce9,android,OnePlus 9,Android 14,4.8.14,820563c77d5ae00d988baebb,True,2025-09-20 05:31:27,2025-11-17 15:59:18,2025-09-20 05:31:27
3e5f8194-9aa6-4895-80ff-6164eda5ab68,8a8a961c-ef85-4f91-b952-d84d5272fce9,ios,iPhone 15,iOS 15.0,3.9.5,585c57aad57354a63d093aa5,True,2023-08-01 01:11:35,2024-10-17 01:51:36,2023-08-01 01:11:35
4cc9176a-5974-419f-80ad-3669dbd24bff,8a8a961c-ef85-4f91-b952-d84d5272fce9,android,Huawei P40,Android 11,4.0.19,0eebce3301a409cd23f7841f,True,2025-06-03 09:47:11,2026-02-06 06:30:14,2025-06-03 09:47:11
8a18e430-12ce-43fe-87af-660c7d01ad11,8dc9cc94-7dc6-42e1-ae0e-25e14c3e254b,android,Samsung Galaxy S21,Android 13,2.8.8,4a9bab8ff27e9081a322e4db,True,2025-10-06 04:38:55,2026-01-17 11:31:09,2025-10-06 04:38:55
7c26a13f-0c9f-49e0-9ba6-a31baad6a002,8dc9cc94-7dc6-42e1-ae0e-25e14c3e254b,ios,iPhone 15,iOS 17.2,1.8.19,21460a944cd5c87365ae8677,True,2026-02-24 14:36:53,2026-02-28 19:43:20,2026-02-24 14:36:53
055b1f72-2c42-4307-9192-636dc4127e7b,b84c8c95-53e5-49aa-81aa-7774b009e507,android,Huawei P40,Android 13,3.0.8,08af07cf30df6a8ac3154c4f,True,2025-01-10 18:02:19,2025-08-22 09:00:12,2025-01-10 18:02:19
c3afe9fd-4a5c-4eb9-8f24-43188c760035,3e2ced41-079a-46eb-9ce5-13fe0548842c,ios,iPhone 15,iOS 16.0,2.4.7,05f5643714e07981ba2e1524,True,2026-01-22 20:11:42,2026-01-27 14:26:14,2026-01-22 20:11:42
46ad40c0-8d07-481e-b624-6e42e2eff527,3e2ced41-079a-46eb-9ce5-13fe0548842c,ios,iPhone 14,iOS 15.2,2.4.1,3fe2c8d8f9a68e09e28d55b1,True,2025-12-05 17:20:20,2026-02-25 09:04:34,2025-12-05 17:20:20
bd4b869b-9f36-4411-8e1c-b5e0c851fb85,9fe716fd-39d9-42ec-ae49-c487f4cbe972,android,Xiaomi Mi 11,Android 13,5.9.14,825c993beb58f36029ca7614,True,2024-07-04 20:15:54,2026-03-03 03:47:56,2024-07-04 20:15:54
6fa54bc0-d32f-4001-9fbb-8ef537fc807e,bab6b04d-4f6f-499e-8c1a-21a59330f95c,android,Huawei P40,Android 11,5.6.13,7034ecf0d0ae228bd77586be,True,2026-01-29 19:16:17,2026-03-04 00:07:42,2026-01-29 19:16:17
a00fb90e-b44b-4e00-9feb-d7954f01a7cb,da515910-f17d-4bcc-a887-0b977dbd9489,android,Xiaomi Mi 11,Android 11,3.8.1,04a656bb8740ba7fe6e804b3,True,2025-09-02 01:38:11,2025-11-13 22:13:34,2025-09-02 01:38:11
ad0dfc80-c565-4cab-964e-fbbdb2446c47,da515910-f17d-4bcc-a887-0b977dbd9489,ios,iPhone 12,iOS 14.2,4.9.11,a3a557200e3af3b59f896ff7,True,2025-03-07 17:29:55,2025-06-26 05:28:57,2025-03-07 17:29:55
84a70bae-7441-4332-a232-dcd5d3396ef6,da515910-f17d-4bcc-a887-0b977dbd9489,android,Huawei P40,Android 12,4.0.19,b84365222b09a1f309e8e749,False,2024-06-05 22:35:13,2024-10-22 16:12:35,2024-06-05 22:35:13
59320720-4a3d-4dfe-9beb-24f7fc480f23,fdfe0663-da70-47cb-b017-c8c402797087,ios,iPhone 13,iOS 14.5,4.2.17,36100229bff658a432eca85f,True,2025-11-23 18:15:47,2026-02-03 08:46:37,2025-11-23 18:15:47
0775ebdd-f418-48d2-b9e0-441aa6cc0ba8,7d88d8c1-1e7b-45c5-b80e-8dbd7efd9d00,ios,iPhone 12,iOS 15.4,5.4.4,9410eb59d7c21de2590c07be,True,2024-04-23 17:52:30,2025-08-21 14:23:27,2024-04-23 17:52:30
928f7a90-be21-4733-912e-2f8ddf97a5d3,92bb03db-6e9e-4d3a-ada5-859e29e925a9,android,Samsung Galaxy S22,Android 12,1.8.6,f276d0397e6133379e191183,True,2025-09-01 06:19:55,2026-01-14 17:03:53,2025-09-01 06:19:55
06f18d0f-2f68-4ab2-b6ed-7b88fd15227e,92bb03db-6e9e-4d3a-ada5-859e29e925a9,ios,iPhone 15,iOS 15.5,1.2.9,ad35b15f9bcd4685ae584a4f,True,2025-08-26 22:56:16,2026-01-21 22:50:36,2025-08-26 22:56:16
a6481e13-dd8a-4134-b983-8ef719a7feac,983374a9-fa0b-4cac-8510-5ea00acf4f92,ios,iPhone 13,iOS 15.1,4.4.12,c4cb4340c91cb51204460be0,True,2026-02-15 21:10:49,2026-02-28 07:11:21,2026-02-15 21:10:49
b8e21359-0815-40d0-9aca-f66cfaa46f6f,4f9f4287-1088-4dc4-a998-0d5ffcdf49b3,ios,iPhone 14,iOS 14.1,4.5.1,c8eee7a61843ebbb098255b1,True,2024-12-19 18:11:15,2025-04-10 07:59:38,2024-12-19 18:11:15
9b8817df-b761-4a53-a3a4-121d9c33db87,0fb2b47d-6492-4b16-986c-a33a95345dce,ios,iPhone 15,iOS 15.0,2.7.0,eb14d9150ef0f9fc0662e33b,False,2025-05-08 00:32:46,2025-06-13 20:31:08,2025-05-08 00:32:46
0c7c6583-756e-4519-9926-6f40d2c4391a,79509e25-be20-41ef-9d21-bc14e44ded1c,ios,iPhone 12,iOS 15.3,4.6.20,f19aab95ecfef0dc08073cf9,True,2025-03-07 12:40:12,2025-04-23 07:26:43,2025-03-07 12:40:12
9d4228e2-35bf-41b5-8d96-c1aea294993e,79509e25-be20-41ef-9d21-bc14e44ded1c,android,OnePlus 9,Android 14,2.0.17,3896e33ce3431202f786c841,True,2025-02-26 07:10:35,2026-02-26 11:22:32,2025-02-26 07:10:35
dc9d0e8a-0c04-4c1d-bf5e-64f8de804960,79509e25-be20-41ef-9d21-bc14e44ded1c,android,OnePlus 9,Android 11,5.9.10,b0351787730308c8b66f35dc,True,2024-10-12 03:00:14,2025-05-31 03:39:02,2024-10-12 03:00:14
3dcbeb15-0e9e-4247-80c8-575f595b5bf0,035ced32-91d8-40b4-bec2-ea17be7ca93c,ios,iPhone 14,iOS 15.2,3.4.12,0b5a1742f13dbaf6364569a8,True,2025-12-10 03:24:36,2025-12-17 06:39:32,2025-12-10 03:24:36
95ba2bb1-4170-4f33-bb7b-59e053626480,035ced32-91d8-40b4-bec2-ea17be7ca93c,android,OnePlus 9,Android 11,5.0.6,96f90e565ea03dac665cfb62,True,2025-11-17 17:47:27,2025-11-22 00:51:12,2025-11-17 17:47:27
7c759da1-6f0d-4de0-a82a-4d7964aeb1a6,035ced32-91d8-40b4-bec2-ea17be7ca93c,android,Huawei P40,Android 11,3.1.10,c374afcd7172ce8ec4a8e177,True,2026-01-30 22:12:47,2026-02-08 18:25:24,2026-01-30 22:12:47
16a73127-1040-4fac-bd1b-f1ac6b702da0,31bae564-e08c-4b81-90a3-c40cac31f9d1,ios,iPhone SE,iOS 14.5,1.7.3,2fbb8ef37bcf248433239693,True,2025-10-25 18:11:06,2025-10-29 12:20:27,2025-10-25 18:11:06
60966b46-bcd5-41c0-8c40-f62fe36b8bd2,14926170-3b97-404b-a7d7-5f916ccc26ea,android,Samsung Galaxy S21,Android 12,4.5.6,307b7b08517e94cf853a3f46,True,2025-08-30 04:02:36,2025-09-15 02:37:54,2025-08-30 04:02:36
e8ac9590-23ae-4cd8-802a-fe885eeb5f04,14926170-3b97-404b-a7d7-5f916ccc26ea,ios,iPhone 12,iOS 17.4,1.0.0,829afbf048f38af4d56371ee,True,2025-08-15 18:58:28,2026-01-31 13:31:04,2025-08-15 18:58:28
5660ec14-5911-4d53-9f22-30fc8c756b2c,14926170-3b97-404b-a7d7-5f916ccc26ea,android,Samsung Galaxy S22,Android 13,4.3.17,e9006144029321a005fbb4f3,True,2025-11-16 00:55:55,2026-02-11 02:33:28,2025-11-16 00:55:55
4667c2e1-5673-4945-99d6-eb103c9f2d99,9795bf68-1f45-4326-b220-edf9abdd085d,web,Firefox,Firefox 116,2.4.12,70a05bee0e318f16f1599a7e,True,2026-02-26 17:58:59,2026-03-01 00:29:30,2026-02-26 17:58:59
b2875242-94ec-4335-8158-cef3bbac7912,f1cad000-1201-47af-a6d5-54a6ee56f658,android,Xiaomi Mi 11,Android 12,2.4.17,86880e7dd923bd066c8fa6a9,True,2026-01-31 07:44:16,2026-02-24 17:43:06,2026-01-31 07:44:16
1133259c-7ca5-46dd-b492-5ca3bbd96338,f1cad000-1201-47af-a6d5-54a6ee56f658,android,Xiaomi Mi 11,Android 12,2.3.12,8cedb277355a10259bef812e,True,2025-02-17 14:27:35,2025-07-06 07:10:13,2025-02-17 14:27:35
e4a6b390-0ab4-43d7-810c-47f982c927c8,9909e703-7643-4f96-9f00-2e65d28a95b1,ios,iPhone 14,iOS 17.5,2.6.5,b3e1d7bf22691874e289e635,True,2025-04-21 19:20:14,2025-12-27 11:40:49,2025-04-21 19:20:14
9d565f80-ca9a-4a86-b33d-0eaad9241673,22ebbfe6-53b8-490b-b73a-971b0bd8998e,ios,iPhone 14,iOS 17.5,3.3.4,e0af84b0e568496f57a0f185,False,2025-06-29 23:07:36,2025-07-21 22:58:20,2025-06-29 23:07:36
e7a599f7-7bb8-49fb-86a7-19c3f18328db,22ebbfe6-53b8-490b-b73a-971b0bd8998e,ios,iPhone 12,iOS 14.5,5.3.9,a21012bf414a63020d4dd699,True,2024-09-14 01:19:53,2025-02-07 00:52:20,2024-09-14 01:19:53
7ee13c1a-ebc4-458d-851d-b477e1c65269,6490c583-6e90-4875-8001-317ac6d975a1,ios,iPhone 14,iOS 15.4,2.5.7,dfd6d1abf5aaca02c242cd35,False,2026-02-06 05:01:22,2026-02-26 13:17:38,2026-02-06 05:01:22
dce97b2b-77da-4b67-aebb-80a7e43e8aa7,5659c88d-1f20-430f-9e99-52b0eab5cb90,web,Firefox,Firefox 125,4.6.6,1693144fa447b8cd2012a166,True,2025-11-24 00:09:31,2026-02-27 21:50:58,2025-11-24 00:09:31
253b7bf4-9ccd-42dc-884b-aea8f220a22d,8dadea0e-7555-41db-941f-97efafa148ab,android,Samsung Galaxy S22,Android 13,4.7.6,b184ff43859bcd72d85511ce,True,2026-01-29 03:17:58,2026-02-03 12:49:43,2026-01-29 03:17:58
5b59d48a-c84d-4483-a528-0091cc8e7d41,8324a3d9-d328-4777-a04d-0bb51194f9e0,android,Xiaomi Mi 11,Android 13,2.1.17,b073b291aa0046f62468e32e,True,2025-06-17 23:45:49,2026-02-05 05:51:15,2025-06-17 23:45:49
590398bb-b462-49db-929c-4b8670535d29,b8b2e5fc-b52b-4ef7-874b-cfc21124d94e,android,Samsung Galaxy S22,Android 14,2.6.13,6c7b4843db4cb194115effcb,True,2024-11-10 13:30:24,2025-11-07 03:56:23,2024-11-10 13:30:24
5e3ee924-c13a-4673-b30e-76b08af0dc1f,b8b2e5fc-b52b-4ef7-874b-cfc21124d94e,android,Samsung Galaxy S21,Android 14,2.3.13,7aace36d41fb6a93f34f11f1,True,2026-03-05 08:14:12,2026-03-07 09:47:55,2026-03-05 08:14:12
97d8f143-4742-4780-bcfa-6f49d0ae063a,11f64f72-94ad-49e7-bb29-4e0ba4e8dfd9,android,Samsung Galaxy S21,Android 14,1.6.3,9f1d6d5e90be23f7d92b609d,True,2025-04-27 22:39:18,2026-01-23 21:09:09,2025-04-27 22:39:18
e12c9487-9a1e-456f-ace5-d83c92657244,11f64f72-94ad-49e7-bb29-4e0ba4e8dfd9,ios,iPhone 12,iOS 15.3,2.0.17,4cd0f694007be7c13af0782a,True,2025-06-05 23:58:36,2025-08-20 09:59:09,2025-06-05 23:58:36
472c556e-33bf-4d15-8897-ffff175c6115,006bb2bb-ee6f-4405-b797-ae68476dca29,android,Xiaomi Mi 11,Android 13,4.9.8,644432653710a68ee2d67caf,True,2024-12-16 13:21:03,2025-10-19 16:14:28,2024-12-16 13:21:03
96d5ace0-4828-4364-8d0d-40e8dbef0ef7,006bb2bb-ee6f-4405-b797-ae68476dca29,ios,iPhone 13,iOS 14.5,1.2.1,0e66ef9879f4a5f73b273ace,True,2024-04-23 20:00:00,2024-11-29 05:30:10,2024-04-23 20:00:00
694e915d-7df8-4990-8700-c504fc538255,cd6cac3f-bafb-4691-a744-499d976482b4,android,Xiaomi Mi 11,Android 11,2.1.4,781cae898271757949f163d7,True,2025-09-06 20:43:38,2025-10-03 06:41:53,2025-09-06 20:43:38
22e1e495-5a4e-42fd-bf8a-1db01856e9e7,c346f363-c11a-4ed0-bf64-25949c2c660a,android,Huawei P40,Android 12,4.7.4,a05071c02fb14c68e80b317d,True,2025-09-16 19:36:10,2026-02-09 07:47:01,2025-09-16 19:36:10
9f6231b2-57f6-40a3-a137-07bade84f34b,d80f6980-56e9-4433-83ed-315992a9e400,android,Samsung Galaxy S21,Android 14,2.1.14,a298086d294d11b265a82097,True,2025-12-18 00:30:58,2025-12-18 05:42:42,2025-12-18 00:30:58
18b455d4-7f07-4fea-94dd-8a7aefde2608,9dab281b-835c-4800-ba27-62a89affac11,android,Xiaomi Mi 11,Android 14,1.2.15,fa068276e02bef36e4ad27cb,True,2025-10-03 15:23:17,2025-12-29 04:06:12,2025-10-03 15:23:17
3146d80f-66a8-4c9f-96a9-15d24f82f154,184a385a-9619-49cb-9d31-63d23cdbeffe,android,Xiaomi Mi 11,Android 11,3.8.2,b877089dcdf3a6c8067b93b7,True,2025-06-15 05:19:17,2025-12-15 22:43:07,2025-06-15 05:19:17
bf6f750f-3251-438e-a8c2-f87d17e7b043,184a385a-9619-49cb-9d31-63d23cdbeffe,android,Xiaomi Mi 11,Android 12,2.8.6,3ddc17358f8a2efb606b56c8,True,2026-01-08 22:46:22,2026-02-12 05:22:06,2026-01-08 22:46:22
60cecce4-0507-4149-933e-c92afc77c2aa,0cf534b1-57dc-40a8-8a61-a1decc550ac8,android,OnePlus 9,Android 14,4.6.1,b5d028809044fe37ab0aa58c,True,2024-06-23 07:37:04,2024-09-14 06:10:14,2024-06-23 07:37:04
8a91e9fd-ad9e-49fb-8ffc-bd511176e8a3,0cf534b1-57dc-40a8-8a61-a1decc550ac8,android,OnePlus 9,Android 14,1.2.18,fd170fd2c9b5b503b6f42ffe,False,2023-09-04 19:41:34,2026-01-19 13:23:07,2023-09-04 19:41:34
ce8b1dac-2c19-4c42-bfea-8f4ca095fa3c,fe28e782-7e02-49f4-b28e-5ae295b6ba59,ios,iPhone 12,iOS 16.3,3.4.18,45144b0c26d10a927d7be49a,True,2025-03-06 15:49:08,2026-01-04 11:09:24,2025-03-06 15:49:08
1129b875-c406-44b4-b24c-0c54c470408d,5d746a3b-d9f1-4520-aa9a-aa3e89ac6b59,web,Firefox,Firefox 112,4.3.4,a67f67ade44027d80ec3eeba,False,2024-11-17 21:14:55,2025-08-04 03:21:47,2024-11-17 21:14:55
5f3e37ab-d677-4c02-b29e-b16b84081dbd,5d746a3b-d9f1-4520-aa9a-aa3e89ac6b59,web,Safari,Safari 18.0,4.4.18,50bb79aef40547ad95995532,True,2026-01-27 15:50:31,2026-02-18 09:58:13,2026-01-27 15:50:31
272067bb-4be5-44e0-9e7e-8a6cb61158ec,267ffe2c-c7b2-44cf-8902-a843764b1e4a,android,Huawei P40,Android 13,3.2.9,0aa84394175fcdaa8ae79e3d,True,2025-07-22 14:25:21,2025-10-21 21:19:26,2025-07-22 14:25:21
b78b7907-022a-47d7-b816-599bb67fd56a,267ffe2c-c7b2-44cf-8902-a843764b1e4a,android,Huawei P40,Android 13,3.9.9,b0462ea9902515c8278d1dce,True,2025-06-25 12:16:47,2025-12-09 22:53:04,2025-06-25 12:16:47
daab3d6e-4563-44f0-91fb-9e44f4cc233a,267ffe2c-c7b2-44cf-8902-a843764b1e4a,ios,iPhone 13,iOS 15.4,3.6.19,f5bb48457b74997b8ea3eabe,True,2025-11-18 07:06:39,2025-12-31 19:56:28,2025-11-18 07:06:39
377a772c-68d5-4c16-abbe-12ffc51460c2,aa635df2-76a1-4ac5-9072-4d57aaebb2e5,android,Samsung Galaxy S21,Android 11,5.1.17,7bf81dcc850591d0f0c798d9,True,2025-10-21 15:37:20,2026-01-12 22:48:30,2025-10-21 15:37:20
d1375901-3130-4309-9346-3960a97165ef,aa635df2-76a1-4ac5-9072-4d57aaebb2e5,android,Samsung Galaxy S22,Android 11,2.9.18,3aa66b2d7b4ac027cc15c6bb,True,2025-09-07 10:06:01,2025-10-14 19:58:37,2025-09-07 10:06:01
1166452b-9e81-4de7-90cb-c4dfcbad259c,1cc12c3b-46e2-40ba-b109-d27897fe26e6,ios,iPhone 13,iOS 14.3,5.6.7,5b5e4d0b738ad57ad4815ee7,True,2024-08-27 06:04:54,2025-04-26 07:11:18,2024-08-27 06:04:54
4b7709c3-8a0f-4430-bdba-c56ad812701b,1cc12c3b-46e2-40ba-b109-d27897fe26e6,android,Samsung Galaxy S21,Android 12,4.9.19,51dfd258e96d2d5b523f7761,True,2024-11-29 14:50:02,2025-07-18 15:56:43,2024-11-29 14:50:02
056111e8-a19a-4ecb-b389-eeccb0e183a0,a3ccfc50-0a57-4ddd-80c3-8577d8055140,ios,iPhone 12,iOS 17.4,5.9.19,64855af789119e9f1a633a4a,False,2025-01-24 04:20:46,2025-01-29 22:52:27,2025-01-24 04:20:46
73adcc0c-2aed-434a-841a-63554fb73f18,a3ccfc50-0a57-4ddd-80c3-8577d8055140,web,Safari,Safari 17.1,5.9.4,a6d6c617ee1ede9474178149,False,2025-08-13 02:36:38,2026-03-01 12:43:28,2025-08-13 02:36:38
bf92192e-fe7b-47e4-8eac-a7c4a1c80738,a3ccfc50-0a57-4ddd-80c3-8577d8055140,ios,iPhone 12,iOS 17.2,4.0.17,00eb59d11df7a8b73ac1e736,True,2023-07-30 01:50:09,2024-04-23 10:53:20,2023-07-30 01:50:09
4318f3a3-71d8-4d6d-84e8-855c1a1dd65d,1f9402e9-fbfb-4a46-ad40-aab717fa141c,android,OnePlus 9,Android 12,4.7.15,a4cdabf693ca219df2e3349d,True,2026-01-28 19:28:58,2026-02-22 06:29:30,2026-01-28 19:28:58
d9c8e997-91e3-46d8-98eb-bb3fbc8ebe14,1f9402e9-fbfb-4a46-ad40-aab717fa141c,ios,iPhone 15,iOS 17.5,1.0.2,95315bb58200d87814303801,True,2025-08-11 17:08:50,2025-12-22 08:12:14,2025-08-11 17:08:50
aa9754bb-9db3-4470-9dea-fa232a8b03cf,efcf509b-1903-4f0b-8fab-b2ea2c625e5f,android,Samsung Galaxy S22,Android 11,3.4.19,d79ff904475faf7ffb721c0c,True,2024-02-28 08:59:22,2025-12-22 10:22:10,2024-02-28 08:59:22
11ef1044-f7ba-4bca-9555-54fb409d2aae,eee31a90-03bc-4a61-9f1d-42feccb5e29a,ios,iPhone 12,iOS 15.3,2.7.15,081bc6284c1cad20b6017570,True,2025-11-15 10:34:08,2026-01-20 14:50:43,2025-11-15 10:34:08
2b28ca6a-6b68-4697-be46-73bf64b5d564,3779745a-25e8-48f3-ad32-8a7bc0597e9a,ios,iPhone 14,iOS 17.4,3.5.3,134bcba12331285179d16e94,True,2025-12-15 02:59:18,2026-01-09 10:57:53,2025-12-15 02:59:18
d01f0c78-e1a7-42a6-b015-a3d4e77a4fde,e572085a-08f9-4450-9452-79b71ede5491,android,Xiaomi Mi 11,Android 13,5.3.20,8e1a4d70a622eb61280a450b,True,2025-12-15 02:57:16,2025-12-23 19:36:56,2025-12-15 02:57:16
15785948-ac46-4d2c-bb9f-55792dfbfa1f,82fc5ebc-53d3-456b-8404-1fba76c52c77,android,OnePlus 9,Android 13,4.3.15,1a1ea6713d09cb74b0fe5332,False,2024-12-31 09:01:48,2026-01-13 18:17:02,2024-12-31 09:01:48
b7f18c25-072b-4893-b87d-ee7409feb4e1,82fc5ebc-53d3-456b-8404-1fba76c52c77,web,Firefox,Firefox 121,1.9.14,4b565aa9875c7e3695f984ce,True,2024-12-20 17:51:19,2026-03-04 06:16:09,2024-12-20 17:51:19
1762676f-9e22-47df-a911-3f2edf96c288,0af853cd-64e2-4c46-86ef-8e43f46af5c1,android,Samsung Galaxy S22,Android 13,2.7.17,f45b78bf4702a323e0dc17bb,True,2025-09-23 09:55:59,2025-11-06 11:11:41,2025-09-23 09:55:59
edd5b23f-5b0e-4f34-b1bd-0f48bc119277,0af853cd-64e2-4c46-86ef-8e43f46af5c1,ios,iPhone 15,iOS 14.1,4.6.8,88e5b148ec43e445e8c4cf14,True,2025-01-27 19:11:01,2025-06-11 12:38:50,2025-01-27 19:11:01
38ab6f93-866a-4b2a-8e16-bdd47c709625,0af853cd-64e2-4c46-86ef-8e43f46af5c1,android,Samsung Galaxy S21,Android 13,5.5.10,8c77222ea63fec0f05b62835,True,2024-09-23 22:00:13,2025-12-18 20:53:07,2024-09-23 22:00:13
c7bf002f-4f57-49ca-b29c-52924ea8094a,aff1a1aa-77b6-4636-8858-cf2524ac177c,android,Samsung Galaxy S22,Android 11,1.4.9,feff9e347eabfd6af43b035d,True,2024-07-29 23:10:20,2025-10-15 05:03:26,2024-07-29 23:10:20
a79b5bd4-0651-49cc-970b-76626e3a0739,aff1a1aa-77b6-4636-8858-cf2524ac177c,android,Huawei P40,Android 14,1.2.19,b041cddeb0193ce0f601a5c2,False,2024-08-07 13:39:29,2025-08-30 08:18:40,2024-08-07 13:39:29
2ad0da67-b146-405c-87e9-b118a2d79e04,ff1c21d0-0ed0-46dc-83c0-78a423ab5edc,ios,iPhone 13,iOS 17.1,2.2.16,32779b70c13dad47999c2930,True,2026-03-03 23:03:39,2026-03-09 05:53:13,2026-03-03 23:03:39
47c1bf93-72bf-45a4-a2c2-b315dbb612ea,ab1b572e-9b89-49d5-ad9d-2d10f76b3184,android,Huawei P40,Android 14,5.2.5,9cb7f7b906961cb9c145d847,True,2024-06-23 06:40:59,2024-12-19 15:45:29,2024-06-23 06:40:59
33b8ce43-ea26-4044-82ff-c46479eb094c,ab1b572e-9b89-49d5-ad9d-2d10f76b3184,web,Firefox,Firefox 110,1.3.10,84ce9d9b332896b6cb42bb90,True,2025-02-09 07:38:28,2026-02-13 16:15:51,2025-02-09 07:38:28
a0f989ed-7a42-4e27-8d28-d1d64b23dcd1,2f989c66-a6cf-4b73-9fcd-a07f5c4bb4e0,ios,iPhone 14,iOS 14.4,3.3.8,f8cf9021f99462becf4fd511,True,2025-05-24 14:54:49,2025-11-16 11:20:43,2025-05-24 14:54:49
dafd5a9d-0fc4-4670-a5e1-b25c4b8f65cd,ee9e2051-d7a6-4a17-aa02-fe66ef049ca5,ios,iPhone SE,iOS 15.0,2.4.12,896b7aa192e83e2b8279b591,True,2026-03-05 22:15:29,2026-03-08 05:14:37,2026-03-05 22:15:29
2b2e6d2e-97a0-4916-9a14-b6d321c54bb6,d1e20767-8ee8-4661-9d2e-4527d4db3eec,web,Firefox,Firefox 120,2.3.2,cfdf5c914a267eed47df1cff,True,2025-12-01 06:12:36,2026-03-08 22:32:26,2025-12-01 06:12:36
7e820e44-5b02-4147-a4e0-480f8b78403f,d1e20767-8ee8-4661-9d2e-4527d4db3eec,ios,iPhone 12,iOS 14.0,2.4.9,1b180c7be51d4c72ed53bb78,True,2026-01-12 22:39:03,2026-02-23 21:35:08,2026-01-12 22:39:03
bac7e78a-9a29-4d56-89ff-0756b33dbbbc,d1e20767-8ee8-4661-9d2e-4527d4db3eec,ios,iPhone 13,iOS 16.0,3.4.17,1bd4188127590af8ed146d79,True,2025-11-02 13:55:19,2026-01-15 15:05:38,2025-11-02 13:55:19
e732987e-1ba5-4c66-ad15-efb4c74933a3,d39ca56a-ae65-4150-a750-e1702d515add,android,Huawei P40,Android 14,5.9.15,b985782a81c3a11a4dedda66,True,2024-09-12 00:08:41,2024-09-15 10:30:43,2024-09-12 00:08:41
98d6e000-97b2-44dd-a360-62c5f5ae04fd,d39ca56a-ae65-4150-a750-e1702d515add,android,Samsung Galaxy S21,Android 12,4.0.0,b04ea45486e6b700e76c77b8,True,2025-06-22 01:38:27,2026-01-19 08:38:42,2025-06-22 01:38:27
8d011c7b-98a1-4457-a6d6-d9c686533137,b2f4d961-9b9c-4c6d-bb7c-7e759d0bedbf,ios,iPhone 12,iOS 16.1,2.1.4,99d7d5a574f7e2aaeb42ad19,True,2025-06-25 19:08:51,2025-12-27 16:29:23,2025-06-25 19:08:51
87e1cea5-7768-4944-91eb-6c6e8e2b85b8,df5dea6e-46a8-4782-a21a-345a61aa3130,web,Edge,Edge 120,2.4.19,02ad56407e4c396c4f7d36b2,True,2025-12-11 04:06:41,2026-03-07 07:34:43,2025-12-11 04:06:41
b40de293-0409-4226-8086-9d2b00382ea6,7a51bb9e-67c8-4399-b06d-5f3ebf177cc5,ios,iPhone 12,iOS 16.5,1.4.6,e64e09caca06ee4c3c688634,True,2026-01-20 05:13:15,2026-02-01 00:30:06,2026-01-20 05:13:15
46cefbf3-3151-41ca-b181-bd70dd720dbc,5ff5dd2b-2aa2-4ce8-9f62-4eab31411181,android,Xiaomi Mi 11,Android 12,2.2.16,ebc6095dd88c2dc4dba3ecbe,True,2025-08-25 05:36:00,2026-03-04 16:42:29,2025-08-25 05:36:00
4f4b5c39-b3c5-46f8-8fc7-09076c7c2622,5ff5dd2b-2aa2-4ce8-9f62-4eab31411181,ios,iPhone 12,iOS 14.2,1.5.5,14dec806fe4439388598d7d3,True,2025-10-03 18:23:44,2026-02-12 23:43:53,2025-10-03 18:23:44
ff9fe8da-d32d-4536-9557-e35add026d75,d61af336-76d7-4fd9-a64d-1a8c6cba32fd,ios,iPhone 13,iOS 16.0,2.2.7,9a7cba3e8534e63b453e761c,True,2024-01-09 07:57:25,2025-06-27 22:25:21,2024-01-09 07:57:25
97150599-46a2-425d-90ce-6e23f0da171a,d61af336-76d7-4fd9-a64d-1a8c6cba32fd,android,OnePlus 9,Android 14,1.7.1,f06f6ea2a1604f9b6f818f32,True,2025-01-29 08:59:47,2025-10-18 02:58:15,2025-01-29 08:59:47
ce3a48cd-9705-4e02-a673-6fdf0687fa93,a2b5e04c-094a-4e69-b715-f278dce19204,android,Xiaomi Mi 11,Android 13,4.4.17,1f04db306d3394c5a8f88c74,True,2024-10-28 15:32:29,2024-11-21 14:02:55,2024-10-28 15:32:29
403383f0-5aba-41a9-b756-981c52d5a755,a2b5e04c-094a-4e69-b715-f278dce19204,ios,iPhone 15,iOS 17.3,4.0.20,1924eeedc264b5850afe64c1,False,2025-08-13 14:56:00,2025-11-07 00:34:51,2025-08-13 14:56:00
09e538ff-cb32-4407-bd8c-7aa0074be40f,462ea0b5-7459-4728-8899-97500037a677,android,Xiaomi Mi 11,Android 12,1.2.18,ba90825f157b393328d85997,True,2025-05-28 01:16:48,2025-07-06 22:25:06,2025-05-28 01:16:48
6420843b-c290-457a-89c6-1e8da4715358,462ea0b5-7459-4728-8899-97500037a677,android,Samsung Galaxy S22,Android 11,5.4.16,7cdf5f367101de6671a43612,True,2025-11-28 18:36:49,2025-12-04 04:52:30,2025-11-28 18:36:49
d1a1e9bd-7fb7-4031-a5a7-53de1aa99a24,462ea0b5-7459-4728-8899-97500037a677,android,Samsung Galaxy S22,Android 12,5.6.2,e9fe23c19de47cb40ad4419c,True,2024-07-02 05:24:23,2025-01-12 20:22:33,2024-07-02 05:24:23
fc8120b6-cf3a-4b9d-b6f2-b1a89625e2df,f0d5151d-7b30-4ce9-9595-9e2327f27c61,web,Chrome,Chrome 119,4.7.6,3bf99b993725dd7b5f01fb6e,True,2025-12-05 21:47:46,2026-01-09 02:10:40,2025-12-05 21:47:46
b155e2a5-87a8-4498-89a3-6a6298973c67,6681cfa7-35ee-4c1c-be93-f8412c93fa37,android,OnePlus 9,Android 13,3.3.14,46e41b4c67047d6d5763ca15,True,2025-09-14 17:50:15,2026-02-07 20:42:50,2025-09-14 17:50:15
a07abf9c-5333-4a05-b52e-648d95dc9454,42a327b3-413f-461d-8fbe-762c97155f48,ios,iPhone 13,iOS 17.0,4.2.17,1d698d8cdc63537f36aaa77f,True,2024-11-17 15:39:27,2025-06-26 02:23:50,2024-11-17 15:39:27
fb9ca64c-79f8-41c8-99cc-59e0f890b9a2,42a327b3-413f-461d-8fbe-762c97155f48,android,Huawei P40,Android 13,4.8.7,6964c74ff1076dfebad5932d,True,2025-07-26 18:29:55,2026-02-06 02:19:16,2025-07-26 18:29:55
fce61566-6b18-4907-b735-34c2ef86c7dd,e0340ee8-833a-4224-98d0-495ff3c5ca8e,ios,iPhone 13,iOS 15.4,3.4.7,3178ac349c413f201065c0fc,False,2026-02-27 16:27:57,2026-03-05 09:14:59,2026-02-27 16:27:57
02620906-c46f-43af-8bcb-ea9f6aeda6ec,e0340ee8-833a-4224-98d0-495ff3c5ca8e,android,OnePlus 9,Android 12,4.2.2,8dccffe5959c68c9b6eb4d81,True,2024-06-16 20:36:44,2024-11-30 06:22:40,2024-06-16 20:36:44
2c02bf05-b841-4f0e-bfa3-d37537f40393,e0340ee8-833a-4224-98d0-495ff3c5ca8e,ios,iPhone 13,iOS 17.3,5.8.2,8bd425e449a8f7a8ba6f120b,True,2023-11-20 16:56:23,2025-05-16 06:26:58,2023-11-20 16:56:23
ae0df08a-99bf-4511-956f-a8b94fca4a00,f511589f-a5c2-418e-9b94-7457535dfffb,android,Samsung Galaxy S22,Android 14,1.5.12,7375b5c303455496aaf7d409,True,2026-03-05 03:57:56,2026-03-05 20:54:39,2026-03-05 03:57:56
747ed1f0-280a-4081-ba50-7e3e294144b2,4c1d5fdf-d5f9-4ad1-b417-0db4d494cbb4,ios,iPhone 14,iOS 17.5,2.0.14,dabb8b230f658a7f9be1e17f,True,2026-03-05 08:55:35,2026-03-07 07:14:56,2026-03-05 08:55:35
ce462e21-f661-40ec-ac9c-bb39f2f83aa9,490dd998-40e7-415f-ad25-f8ab6eef7e9d,web,Edge,Edge 114,1.6.11,36eb11b0cee89af8a72085c0,True,2025-10-23 03:56:20,2025-10-28 05:27:16,2025-10-23 03:56:20
0d6a8b13-ef40-48fa-8711-648b47b90c58,490dd998-40e7-415f-ad25-f8ab6eef7e9d,android,Samsung Galaxy S22,Android 11,1.8.4,4711703d58beae0f1fe6f5a6,True,2026-02-22 19:06:50,2026-03-07 22:12:27,2026-02-22 19:06:50
a0607a8b-1436-4c54-bd46-4ddb1c541d81,490dd998-40e7-415f-ad25-f8ab6eef7e9d,android,Huawei P40,Android 14,4.1.7,b4086e4dfbdda29b80481fe3,True,2025-08-08 22:08:50,2026-02-03 21:22:11,2025-08-08 22:08:50
6369285c-fc8a-4f70-943d-f566196f0232,ad01f222-12b1-47c2-8b23-102f2bae28bb,ios,iPhone 15,iOS 14.5,2.6.20,5c50b6a8ad970d9f297b7bef,True,2025-06-23 13:51:35,2025-08-11 18:23:56,2025-06-23 13:51:35
3dc4a06c-7908-4c0e-8916-9bd500b4eec8,2e57e34e-e9fd-4647-aee5-a17cc225ab87,android,Huawei P40,Android 12,3.4.3,d9b2e9f6661b54b886b3f582,False,2025-02-18 23:40:32,2025-10-07 01:33:59,2025-02-18 23:40:32
08003893-6d0b-4125-8689-164dc2953d5d,2e57e34e-e9fd-4647-aee5-a17cc225ab87,android,Samsung Galaxy S22,Android 13,3.2.9,4b9abc8c0435b6473b325e1b,True,2025-11-11 22:01:26,2026-02-15 01:53:15,2025-11-11 22:01:26
fb2eefbd-f32f-45c9-8e94-c9da93bb613c,7dbf605c-f722-4e5c-a4d4-c5cf742fdc19,android,Samsung Galaxy S22,Android 11,4.3.0,5dfd7c0fc42d38835cf61bdf,True,2025-01-28 23:03:09,2025-08-25 17:29:41,2025-01-28 23:03:09
23662172-b193-4d78-aa73-3c3b5d31b266,da787497-e7a7-44dd-94d4-c801290c61a9,android,Huawei P40,Android 14,1.2.13,91522970544321146ab02658,True,2025-11-19 09:48:59,2026-01-05 04:06:10,2025-11-19 09:48:59
03c718d5-97bc-4a4e-8900-882a7e14591e,16872f91-706b-41da-b896-e4754c858176,android,Huawei P40,Android 11,1.1.7,6354bb8c5dc332529d249053,True,2024-08-28 07:44:13,2026-02-08 06:02:16,2024-08-28 07:44:13
fdff44ec-eb7b-4bdf-a307-40a921882521,16872f91-706b-41da-b896-e4754c858176,android,Xiaomi Mi 11,Android 12,2.4.5,3f94500e6150720866a9f395,True,2025-05-13 15:23:32,2026-02-21 07:06:00,2025-05-13 15:23:32
99d7021b-5d32-43e2-8c83-c7037c2c4cfc,16872f91-706b-41da-b896-e4754c858176,ios,iPhone 14,iOS 17.1,2.8.4,665b6c9625509ce51ca793a0,True,2025-02-26 09:21:21,2025-03-24 11:21:37,2025-02-26 09:21:21
2351838f-16df-47e9-ad7f-62d604071d3f,70ac243d-3054-4c94-b056-42901b1e9d5f,android,Huawei P40,Android 14,1.1.2,1cf436fc6e51b53d970088e2,True,2025-08-15 05:07:30,2025-09-02 08:32:08,2025-08-15 05:07:30
489dee2e-f7f1-49cf-a041-56c336098916,70ac243d-3054-4c94-b056-42901b1e9d5f,web,Firefox,Firefox 115,5.9.4,bc4efc36ff21bcb42fdd453e,True,2025-11-14 00:28:23,2026-01-20 12:28:03,2025-11-14 00:28:23
1dfc417d-c831-4ab6-93d3-1e55aed3a2a7,70ac243d-3054-4c94-b056-42901b1e9d5f,ios,iPhone 12,iOS 17.2,3.4.7,757890a56903f16d7b07cd43,True,2025-08-06 20:14:37,2025-09-28 17:01:52,2025-08-06 20:14:37
ecc17433-2315-46ad-b148-f38ca37e3911,694b785d-38c8-4557-8c34-e8b7e5aa24b2,ios,iPhone 12,iOS 15.0,1.5.12,bb915525b73bc875030efb6a,True,2025-09-11 07:18:55,2026-02-05 06:13:19,2025-09-11 07:18:55
9f7cb3d6-079c-4837-ac9c-b476bad90fe0,694b785d-38c8-4557-8c34-e8b7e5aa24b2,ios,iPhone 12,iOS 15.3,1.5.11,a4a52321dd2123674e72a259,True,2026-01-18 03:40:15,2026-01-24 23:23:19,2026-01-18 03:40:15
dbc02398-3111-4fcf-bb1a-a03f12da5188,1095fb40-165a-4518-8559-6d7b603eb3ee,ios,iPhone 13,iOS 15.3,5.2.9,7791f4c01d06c3ba6f447059,True,2026-02-11 02:10:09,2026-02-19 13:26:50,2026-02-11 02:10:09
ea3755b2-d9b2-46d9-a093-e15e7dc9470b,1095fb40-165a-4518-8559-6d7b603eb3ee,android,OnePlus 9,Android 13,2.3.10,8d2a5067d390dac84a2a1b70,True,2025-12-03 15:46:16,2026-02-03 21:12:23,2025-12-03 15:46:16
28654b79-3305-4bb7-b5b6-0299599d8a26,81675af1-a30f-4626-b4bd-64c323480a56,android,Huawei P40,Android 14,3.4.4,75e1d5b66d72f8d8a1dfd4d4,True,2025-12-24 20:44:14,2026-01-02 03:25:46,2025-12-24 20:44:14
8b85f43f-43d9-4fb3-b5dc-2f3177ad8731,5a11819c-7f89-48a8-8b9e-09f148dda0ed,android,Huawei P40,Android 13,5.1.11,57554260f8b9c98d8d6e6d43,True,2026-02-14 22:23:50,2026-02-19 04:44:56,2026-02-14 22:23:50
d70da7cf-08c0-4770-b97a-26f88264b6cb,5a11819c-7f89-48a8-8b9e-09f148dda0ed,ios,iPhone SE,iOS 14.1,5.8.17,0334d912627295d9e2138ee9,True,2025-07-03 04:51:56,2025-12-28 09:22:47,2025-07-03 04:51:56
25b4abb2-86fe-4b69-b28c-072731ae8c2b,5a11819c-7f89-48a8-8b9e-09f148dda0ed,android,Huawei P40,Android 14,2.7.4,3a17d42cb89eb648439a0aa5,True,2026-01-02 11:56:45,2026-02-03 04:42:54,2026-01-02 11:56:45
529ca9dd-3155-4813-92fc-2012275e9ffb,3dd4eb17-22af-42e6-ad79-60637a76da35,ios,iPhone 13,iOS 16.1,4.1.6,bb659c6dbf3e1b5a889e6675,True,2026-02-21 06:07:10,2026-03-06 19:42:25,2026-02-21 06:07:10
92a6aaa7-7025-49d8-86bc-83c77d7a136f,3dd4eb17-22af-42e6-ad79-60637a76da35,android,Huawei P40,Android 13,1.1.1,04e3aa898a02ca5a1fc78aa4,True,2025-09-10 14:49:10,2025-12-10 16:10:03,2025-09-10 14:49:10
c5dfe088-496c-4d9e-9768-9b63f496be9a,3dd4eb17-22af-42e6-ad79-60637a76da35,android,Huawei P40,Android 11,4.8.19,932a77f68bcd7c9ea9db70a2,True,2026-02-28 02:50:36,2026-03-04 20:32:39,2026-02-28 02:50:36
a0d1de32-3ee8-41be-8137-389b867de347,6c5fab71-2289-48f5-b5ac-66c69122b7c3,ios,iPhone 12,iOS 16.5,4.2.7,fe45ad650328218169bc41cd,False,2025-05-28 09:58:48,2025-10-06 14:17:47,2025-05-28 09:58:48
f75bff63-7380-427c-a4d0-f8b22d4fb308,6c5fab71-2289-48f5-b5ac-66c69122b7c3,android,Samsung Galaxy S22,Android 12,1.8.4,92d2fab8ff868ba0f282d66f,True,2025-06-12 18:28:38,2025-12-27 16:40:30,2025-06-12 18:28:38
4deb507d-97c3-4856-904f-42d66711bab3,e5ce0656-216f-467c-b962-a49430bf4fd5,ios,iPhone 13,iOS 15.2,4.2.7,1a98987551e7940911074075,False,2024-11-16 12:50:00,2024-11-26 08:41:40,2024-11-16 12:50:00
b5814ac3-d24f-4b09-bbe3-97e3feac3de5,3d455120-f3f4-438c-a333-88f9c9770166,android,Xiaomi Mi 11,Android 14,4.6.14,917fc3a9efffa1c8ce7213b4,True,2024-02-13 08:45:57,2025-04-23 23:51:54,2024-02-13 08:45:57
0f575e2d-aa06-46f6-957d-4d3108a1d5d7,db26a01d-762b-4e1d-a7f5-b3c47ffd7937,ios,iPhone 12,iOS 17.4,3.1.17,bcd1cf12a6571e6e317fc319,True,2026-02-27 04:49:59,2026-03-09 07:05:51,2026-02-27 04:49:59
373a5324-aeee-40a3-8f84-b405c9397674,be97971c-a194-49c2-97d9-fd3b1e2984a2,web,Edge,Edge 117,4.5.0,8cea6404194884f0250a74dd,True,2026-03-09 00:04:47,2026-03-09 00:18:33,2026-03-09 00:04:47
2d37e760-4310-443d-ae19-17cbc30a7d05,be97971c-a194-49c2-97d9-fd3b1e2984a2,android,OnePlus 9,Android 12,4.5.11,5645786313137edd980a84db,True,2026-03-07 10:30:26,2026-03-09 01:49:55,2026-03-07 10:30:26
cc7656a8-9262-4a47-b9d4-8fcc375f8063,be97971c-a194-49c2-97d9-fd3b1e2984a2,web,Safari,Safari 18.2,4.9.17,ca477914c8925567647c75ec,False,2026-01-03 09:14:44,2026-02-23 00:05:11,2026-01-03 09:14:44
d243907d-6256-41ba-92a2-4749f7aba444,143cca8f-e91c-4468-ba1b-0e3e82adb5f8,android,Huawei P40,Android 12,2.8.11,5c3b7ec0ca1fb4e6b8159dd8,True,2026-01-16 16:55:21,2026-02-15 01:32:43,2026-01-16 16:55:21
13fbbe7f-02ac-47f5-8453-01c547444514,143cca8f-e91c-4468-ba1b-0e3e82adb5f8,android,OnePlus 9,Android 12,1.7.3,e8b4712da0edbaf511895f62,True,2025-09-25 11:30:26,2026-02-28 22:11:50,2025-09-25 11:30:26
cb10206c-bf34-46b0-8513-cb5b90bad1cb,3c829917-67d3-4ace-b278-ff8df67ade05,ios,iPhone SE,iOS 16.3,3.4.13,a15fd1297524a5d860eb664d,True,2025-10-15 00:02:46,2025-11-22 07:02:36,2025-10-15 00:02:46
9d413a6a-4d43-42c0-b7d8-885596b52462,a3b3bcf7-981f-49dc-881a-c92f3fdf49e4,android,Samsung Galaxy S21,Android 12,5.5.14,7120201e499dc026f941ec73,False,2025-09-08 10:07:43,2026-02-28 15:06:55,2025-09-08 10:07:43
eefa7852-0d86-4839-b909-be4ad80fc947,a3b3bcf7-981f-49dc-881a-c92f3fdf49e4,ios,iPhone SE,iOS 15.2,2.7.1,17fae8d48890afc7cf3b4393,True,2024-02-12 07:32:45,2025-06-18 20:39:53,2024-02-12 07:32:45
4830e792-ca83-4131-925d-a00778459099,aaf39ec1-40ac-4c2f-95f8-b28f54204018,android,Samsung Galaxy S22,Android 12,1.2.7,0b65753ff29aa5f199202ad8,True,2026-03-07 09:30:31,2026-03-07 12:57:39,2026-03-07 09:30:31
d1f2139f-686f-49f0-a51b-edcfc2450ae2,34d7038c-863f-448d-bb4f-41dbcb9e7bbc,android,Xiaomi Mi 11,Android 13,5.6.13,39685a97871de11c0cee63f0,True,2025-04-08 17:35:00,2026-02-28 19:51:42,2025-04-08 17:35:00
4c9d6f79-b340-4dd7-b1df-1f31892aeb60,34d7038c-863f-448d-bb4f-41dbcb9e7bbc,ios,iPhone SE,iOS 14.3,2.8.8,6aedd4c4bd5b8e05e9ea367c,False,2025-01-31 13:46:30,2025-02-15 19:36:26,2025-01-31 13:46:30
70627dbc-ddb2-4138-bc38-a590d403285b,b17e845c-d453-42e2-8ca1-3ec44ae1f3ce,android,OnePlus 9,Android 12,3.1.18,5b0ac7c07195a37f49b71f46,False,2024-09-24 09:40:31,2025-05-02 15:09:39,2024-09-24 09:40:31
51418f41-bd74-42a9-9503-c02061d0cdbf,b17e845c-d453-42e2-8ca1-3ec44ae1f3ce,web,Chrome,Chrome 122,3.6.6,d3716c531b530097da40ad5f,True,2024-11-21 13:08:51,2025-07-31 12:09:50,2024-11-21 13:08:51
b73cd66b-3e79-4634-a684-1f4a85413693,7f81ac79-04f6-4126-9dc6-565657c2afc1,android,Samsung Galaxy S22,Android 14,3.1.13,6d5225a1c19da96802af09a0,True,2025-09-27 09:53:55,2026-01-31 19:19:14,2025-09-27 09:53:55
0a32a739-2967-4200-bad0-5eb67640ef4f,cfe9af36-fad4-4ea5-9e5c-92828572f687,ios,iPhone 14,iOS 15.0,2.4.6,efe6255fae589e6d86179c5f,True,2026-03-08 20:40:48,2026-03-09 07:29:25,2026-03-08 20:40:48
db3e6451-64cf-4e50-b3bd-1b2c97f596de,d6787ad6-66e3-42b9-bb67-eb2755372507,ios,iPhone 15,iOS 15.1,1.0.18,acd73a6feb3a1812c5f2a563,False,2025-07-23 20:18:19,2025-11-04 21:40:05,2025-07-23 20:18:19
15f4eca3-415c-4cfc-bb1b-f0cac5fab934,2dc94679-b510-4f85-92a6-f102e095f2eb,ios,iPhone 15,iOS 14.3,2.2.18,67bf9830f64931de28bed340,True,2025-10-15 22:52:02,2025-11-24 14:01:11,2025-10-15 22:52:02
9c3ea955-6b2e-425a-bc6b-e093e7868520,2dc94679-b510-4f85-92a6-f102e095f2eb,ios,iPhone 13,iOS 15.4,4.3.9,e3f0030358a299971bd2c152,False,2025-01-24 19:52:20,2026-01-30 15:03:31,2025-01-24 19:52:20
d978c95f-086e-421c-88da-e2a71cc8b6cf,2dc94679-b510-4f85-92a6-f102e095f2eb,android,Samsung Galaxy S21,Android 12,5.0.18,f50be2291adfa049f402bd88,False,2025-01-09 15:19:35,2025-06-25 02:20:26,2025-01-09 15:19:35
219fa5bc-4d1b-419d-b79c-28b0dd2ee8d6,6872f645-0673-43da-9ea2-22f5e1e361e8,android,Huawei P40,Android 12,5.4.1,3c85a1e9960a1c5943b0d4cb,True,2024-11-27 06:55:41,2024-12-30 12:33:46,2024-11-27 06:55:41
c91f0d35-14b1-4b93-903e-982c3cde90cd,360816a7-253c-41da-84dd-38dceb6fa054,android,Samsung Galaxy S21,Android 13,4.7.6,5ae0d3a0a48315adeba12d7a,True,2025-09-24 00:29:35,2026-01-29 15:59:14,2025-09-24 00:29:35
cf3f54f8-c241-4e0b-9cae-6719f421de78,c018f761-5ad1-4991-a84e-04f5cbac0fee,android,Huawei P40,Android 13,1.0.7,ba36b4d839bf292a2aa17c53,False,2025-09-01 03:17:19,2026-01-26 15:59:07,2025-09-01 03:17:19
d32a7de3-feba-4e22-bc05-0917ca3d74e4,f8181c0c-930a-44ce-905c-98ca3f907629,ios,iPhone 12,iOS 17.2,3.6.14,dcdf5e109477fe31b3d66e85,True,2024-12-14 02:35:38,2025-11-26 15:34:40,2024-12-14 02:35:38
74df4ef5-b04a-4670-ac58-aa7bd42b80dc,3afaed0f-25c6-4808-977f-efb0157938df,ios,iPhone 15,iOS 15.4,1.2.9,90225493512d0e4860ec74ec,True,2025-11-28 00:29:00,2025-12-07 21:16:14,2025-11-28 00:29:00
bbb66fc5-17bc-410e-b804-46d06a5ee07a,85277796-c4ff-484c-b5c0-3dd8a1d66cee,android,Samsung Galaxy S21,Android 12,5.7.20,3242e05ab57c440569ce8149,True,2025-02-18 20:02:34,2025-09-14 01:59:44,2025-02-18 20:02:34
7787c41f-1bc4-44ab-ab2e-4a5b5c464999,ed41d254-13bc-4459-82ad-d90c25f492f8,ios,iPhone 15,iOS 17.2,3.3.8,fe503bfff98c64eb61148c30,True,2024-05-29 19:15:47,2024-09-04 07:31:46,2024-05-29 19:15:47
c3ae3244-0842-4c59-a857-eb329160d01f,166787d2-3c61-4398-84f7-6500b97621dd,android,Huawei P40,Android 14,3.1.11,e16dd1f48d7772e52945ac16,True,2026-02-08 14:30:47,2026-02-24 08:37:39,2026-02-08 14:30:47
d86c722a-9adb-415f-b758-403c9bf92196,46c44bd5-7b75-49ff-bbef-c2a2266a1da9,web,Chrome,Chrome 123,4.0.15,cad878eb0b62c339e2832d64,True,2025-11-07 08:57:13,2025-11-23 15:08:54,2025-11-07 08:57:13
17a3a16a-ec8e-46c2-8a24-a2007ea1fec0,46c44bd5-7b75-49ff-bbef-c2a2266a1da9,ios,iPhone 12,iOS 16.3,2.2.2,e90ee289d7d7102c9db9eb4e,False,2025-04-07 18:21:41,2025-12-31 05:43:33,2025-04-07 18:21:41
f6b8fb88-161c-42c4-b1e0-c50e587b352f,46c44bd5-7b75-49ff-bbef-c2a2266a1da9,android,Samsung Galaxy S21,Android 11,3.4.18,6f155391a9d308c670e958bc,True,2025-07-01 02:27:54,2025-11-19 11:09:34,2025-07-01 02:27:54
6fe4e7b0-f4db-4eec-858c-59ad55821739,53dc757c-5577-4b6d-84c8-aaa89a20eae3,android,Huawei P40,Android 13,3.9.20,17aa159acb94c95e3c800112,True,2025-10-02 18:32:17,2026-01-11 12:49:20,2025-10-02 18:32:17
fcccb957-e3c5-428b-ab2c-7eec6bde3c18,53dc757c-5577-4b6d-84c8-aaa89a20eae3,android,Samsung Galaxy S21,Android 11,1.2.19,7750864599989fb62de30fea,True,2025-07-11 17:27:59,2025-09-19 10:11:41,2025-07-11 17:27:59
2719d326-77fa-4fb9-a8d1-2f4e6c21c9da,258267ff-789e-46be-b34c-eb37aa63cd70,android,Huawei P40,Android 12,1.1.20,8550b38de76190224b41f157,True,2025-10-31 17:14:49,2026-02-11 07:17:39,2025-10-31 17:14:49
1462a4de-768c-4483-beac-ea1abf645019,3b46cf47-82cb-4e88-94bd-eb964baf7172,android,Samsung Galaxy S22,Android 12,5.2.12,5b5fc04cc01b1eccbd67f82f,True,2025-10-17 00:24:35,2026-02-22 00:35:56,2025-10-17 00:24:35
bc6dd12a-b708-4cd0-a48f-7be2309cb2f2,3b46cf47-82cb-4e88-94bd-eb964baf7172,android,Xiaomi Mi 11,Android 14,5.9.3,25f6ace24ea653bead25b39f,True,2024-08-09 05:36:44,2024-12-26 04:59:48,2024-08-09 05:36:44
42da4c23-a49f-464a-8dca-72665190ef08,b576841c-5200-41b2-b562-f02b15ec9779,android,Samsung Galaxy S22,Android 12,4.3.2,5799dbf74a42777c21b5c4e0,True,2026-03-06 09:55:59,2026-03-09 02:11:29,2026-03-06 09:55:59
a6782d9c-ba9c-4349-ac9b-d685aaa5e351,4e7197e4-5c79-4ba2-9815-333e5fdb9206,ios,iPhone 14,iOS 17.5,5.7.1,75ba13525d9af2aab12508ac,False,2026-01-12 12:21:52,2026-03-05 19:06:51,2026-01-12 12:21:52
1d4ef657-ebe9-4403-ab2c-0f12da2b8994,c9432547-a0e1-43f9-9816-74dc843ce1b0,web,Chrome,Chrome 123,2.4.0,f8e11fba3de08dabbcdef59d,True,2025-06-27 11:45:44,2025-09-10 11:50:20,2025-06-27 11:45:44
8af60ebc-876e-4d74-9bdb-ef4af10452e9,c22a5b6d-fd4b-4091-9463-1fd9d577efa8,ios,iPhone SE,iOS 16.3,3.5.17,7ea0e46f6980bed624b7660e,True,2025-03-16 06:58:11,2025-07-22 14:51:07,2025-03-16 06:58:11
8965fc5d-7eaa-4727-815a-890513b2cdd4,c22a5b6d-fd4b-4091-9463-1fd9d577efa8,android,Samsung Galaxy S22,Android 11,2.2.20,43e61d63afcf895a22043420,True,2025-11-28 05:00:03,2026-03-02 16:26:09,2025-11-28 05:00:03
b17a0d7b-6836-4908-9bd3-b3c6d41efa93,9e56fcbe-4796-4409-ab13-a01057046619,ios,iPhone 14,iOS 17.3,2.0.3,1c2d7095f12cd1c4944eb9eb,True,2026-02-02 20:20:11,2026-02-10 16:44:01,2026-02-02 20:20:11
40808860-fc38-495e-8250-0c63c29dabb1,ef104b37-ab88-425f-ac23-b10b1a2a7099,ios,iPhone 12,iOS 17.3,5.6.13,2ea5c26f7f7e105e5a7740aa,False,2025-01-17 15:22:54,2026-02-03 14:12:51,2025-01-17 15:22:54
2fd46c23-25e0-42a9-bd8e-8c9548514beb,e15b4cfb-b938-4cd7-ac9b-c5d4636318d3,ios,iPhone 14,iOS 16.3,4.4.4,baeee27c76dd3091315204ba,True,2025-09-13 11:52:45,2025-10-10 04:37:55,2025-09-13 11:52:45
4cf386d2-93ba-4abb-b3da-46cd4f7ff252,e15b4cfb-b938-4cd7-ac9b-c5d4636318d3,android,Samsung Galaxy S22,Android 13,1.5.6,2b11b421bc696e220e110532,True,2025-12-24 00:42:42,2026-02-07 14:45:13,2025-12-24 00:42:42
3a7e617a-0bda-4f0c-9ff7-d740a20b4b66,e15b4cfb-b938-4cd7-ac9b-c5d4636318d3,android,OnePlus 9,Android 14,3.8.17,f77aa84de8647ced9faf4ef1,True,2025-08-28 22:49:37,2026-01-23 16:11:35,2025-08-28 22:49:37
1540fff0-1cbd-447c-8295-7b015921b210,cec9b502-e80b-41aa-be45-729b5dfbb77e,android,Samsung Galaxy S22,Android 11,3.2.3,29203a6ddf7196cc0ddb8bcf,True,2025-11-30 07:37:37,2026-02-24 04:36:00,2025-11-30 07:37:37
22f28e64-a47b-474e-91bc-0c0315533a06,d891924c-d1f6-4a93-a849-cd36b83f5874,android,Samsung Galaxy S22,Android 14,3.4.9,d836f7324de4cd16114169bd,True,2025-08-09 21:33:34,2025-10-07 02:47:28,2025-08-09 21:33:34
22b11bc9-f245-44f7-b1f2-3b4228efad60,8a014b35-3055-4748-9b0b-c51587b49996,ios,iPhone 15,iOS 17.5,4.6.1,8f4db862deefc569a9e9363c,True,2026-01-22 12:41:42,2026-02-16 23:41:47,2026-01-22 12:41:42
09d0b668-81a0-4163-aa6d-4a9d9b5934a7,c046c812-1536-4bcd-97e2-e33e0cd0eea1,ios,iPhone 15,iOS 16.1,1.0.1,a280be026d8b07f38adca773,True,2026-01-24 04:42:35,2026-02-05 01:21:10,2026-01-24 04:42:35
e686fcf1-c155-413a-9c50-aa0c4ae75e50,ba90e89e-6167-492d-9ad4-5803c9a97a5b,android,Huawei P40,Android 11,2.4.1,837b6f4553c1a5580684ab16,True,2026-01-07 05:15:54,2026-01-31 22:40:36,2026-01-07 05:15:54
3bd21ac7-90f6-416e-88c1-af5e31d450a0,c31c637f-c77b-401a-9773-15a6f838ff2b,android,Samsung Galaxy S21,Android 13,1.3.14,08453aebd981d7870c0adae4,True,2025-10-28 14:25:20,2025-11-24 15:51:39,2025-10-28 14:25:20
e3806257-cb3d-44d4-88e3-c32dc1edafec,c28725fb-5f63-4d28-8690-efd7cccb935c,ios,iPhone 15,iOS 16.2,5.3.17,0d5f9170ab8cb1f01dcdebea,True,2024-03-05 07:38:52,2025-09-08 21:50:47,2024-03-05 07:38:52
7a26de98-c192-4b87-890b-50d876a0eccc,c28725fb-5f63-4d28-8690-efd7cccb935c,ios,iPhone SE,iOS 16.2,1.7.9,274615b852c8315378dfbbbb,True,2025-06-07 18:46:17,2025-07-24 04:18:14,2025-06-07 18:46:17
15ee60fb-309d-4f04-b527-1354e86abc19,cf4eeec5-4dd8-466a-bbc6-fad23533cb74,android,Samsung Galaxy S22,Android 11,5.9.19,19ba0b52a86df76aec06acf6,True,2025-06-21 02:44:33,2025-07-04 17:52:28,2025-06-21 02:44:33
7730872d-63bb-4462-a6ce-6496d5461154,cf4eeec5-4dd8-466a-bbc6-fad23533cb74,android,Xiaomi Mi 11,Android 13,3.5.4,8a4e90fd0fb0b28f21744ba4,True,2025-05-26 22:31:11,2026-01-16 06:26:51,2025-05-26 22:31:11
6fe28a62-b8e8-43ec-be4b-fad9bbdaed2f,c6c4fde2-36b4-48d6-9022-1328cacde280,android,Huawei P40,Android 12,2.7.19,4a0bae6903239264e419f398,True,2023-11-12 10:32:43,2024-02-18 04:04:03,2023-11-12 10:32:43
96b25b30-d598-453e-9482-0a448a40ceff,2bc3f632-07c6-4171-b568-dc4773f886bf,android,Samsung Galaxy S22,Android 14,1.6.19,497d41adfacb449e53a84421,True,2025-12-21 21:13:47,2026-03-03 12:42:13,2025-12-21 21:13:47
23e33e30-e553-4b4f-8f10-33737f59a9c0,2bc3f632-07c6-4171-b568-dc4773f886bf,android,Huawei P40,Android 13,1.7.2,244be4d329eefe0b1fbc55fa,True,2026-01-08 13:54:24,2026-01-10 12:35:12,2026-01-08 13:54:24
f96422bb-b079-4ada-b8f4-bddb8b5d507b,093f8947-397e-45bd-964d-0841140dcb6c,android,Samsung Galaxy S22,Android 13,4.1.16,e034f83f7137685447184662,True,2023-05-20 01:43:54,2024-05-17 01:00:14,2023-05-20 01:43:54
b7ff05de-0ffe-4a20-8737-c83b3485694e,093f8947-397e-45bd-964d-0841140dcb6c,ios,iPhone SE,iOS 16.0,2.0.19,4e4ee87abae6defb5e3e5307,True,2025-04-04 11:20:09,2026-02-07 15:06:08,2025-04-04 11:20:09
eb141864-feab-41ae-94f2-8cf28b15ccbc,c64160c2-8922-4565-bca5-1c8f0153380a,android,Samsung Galaxy S21,Android 13,1.8.7,1e19e7daa9c194f3865e2c2b,True,2026-03-08 13:47:31,2026-03-08 16:02:44,2026-03-08 13:47:31
c4549ba6-2616-4cf0-94b0-ec754caed8a2,c64160c2-8922-4565-bca5-1c8f0153380a,ios,iPhone 13,iOS 15.3,2.2.7,763ce6426c383b86bb166686,True,2026-02-06 19:48:03,2026-02-17 21:04:22,2026-02-06 19:48:03
c5714649-04f6-465c-b99a-e9559dc41b82,c64160c2-8922-4565-bca5-1c8f0153380a,android,Huawei P40,Android 12,4.1.10,d0fe90936fc8aa703c83d070,True,2026-01-18 22:45:31,2026-02-21 20:11:17,2026-01-18 22:45:31
49c596f2-b0ca-4048-9e9a-7cc05b0a6f7f,8f15b158-08cd-4e6b-9b1b-ce9b33096a9c,android,Xiaomi Mi 11,Android 14,2.7.1,c23c9a692793ca4b578c3d3f,True,2025-06-22 01:05:32,2025-07-01 17:55:48,2025-06-22 01:05:32
86eb0ed8-4e1f-4865-be15-beb2379a1b1b,8f15b158-08cd-4e6b-9b1b-ce9b33096a9c,ios,iPhone 12,iOS 14.2,5.4.15,ea28fd0fa6bee3afd2fef3d4,True,2025-04-28 17:47:03,2025-08-13 02:27:51,2025-04-28 17:47:03
3f2e176d-cc84-42f1-aca9-dee429fcdf0a,dc164038-fee4-4f4b-8c51-154d0f4fc0c4,android,Huawei P40,Android 13,4.3.5,a31e3e5f8e23a79038842485,True,2024-12-08 13:36:48,2025-04-12 06:12:35,2024-12-08 13:36:48
d2882742-6d33-4893-a942-5ce15877dab5,02b86c2f-ec67-4d77-82eb-c7605f72ef86,android,Huawei P40,Android 11,3.6.3,bd16dbc3d1d9ffeec56b5b84,True,2024-10-12 22:03:55,2025-03-17 19:39:42,2024-10-12 22:03:55
aef5269a-3da5-4333-9dc1-4e03ab6dad80,02b86c2f-ec67-4d77-82eb-c7605f72ef86,ios,iPhone 12,iOS 14.3,2.5.12,8c5835536e1294cf62fe8438,True,2026-02-04 08:06:03,2026-03-01 21:23:50,2026-02-04 08:06:03
25d804ca-c006-42a1-9cf0-9bd5f3913fbf,bf5ed946-7528-425f-b5fd-19873180341f,ios,iPhone 12,iOS 14.4,4.5.7,9d9017c2ce63c43f33177890,True,2026-01-24 17:18:55,2026-02-12 01:02:04,2026-01-24 17:18:55
ed8ac6fc-fd14-4f58-a89b-86597d23bb56,bf5ed946-7528-425f-b5fd-19873180341f,ios,iPhone 14,iOS 17.5,3.1.18,26054d4b66b34e1faf0e5593,True,2025-08-04 16:59:56,2025-10-03 22:44:09,2025-08-04 16:59:56
4d05d1bb-4fde-42d1-af54-69b2f0d9d0d1,bf5ed946-7528-425f-b5fd-19873180341f,android,Samsung Galaxy S22,Android 13,5.5.4,2f8760db08399ed3594635c0,True,2025-11-01 19:18:43,2025-12-22 13:22:06,2025-11-01 19:18:43
14c28f77-c350-4d3f-ae87-721ae845662b,626d4c0e-ed86-425f-a397-cea18d8b0a66,ios,iPhone 14,iOS 15.2,2.4.10,8cc371b859d360e4296569a1,True,2025-06-19 08:03:52,2026-01-01 06:30:08,2025-06-19 08:03:52
59f0c25d-2a93-4047-8cfd-6417c528cca8,3e9d54a1-cff5-4b7d-936f-77cdb501aaa6,ios,iPhone SE,iOS 14.1,1.4.13,348ce67da8d2d0e5593dcb2e,True,2024-11-08 17:50:17,2026-01-24 08:52:26,2024-11-08 17:50:17
1f5bfaf0-e3cd-48f3-9b97-1f07338ea87e,a11e3ea3-2068-4bc7-9eb7-bcadbbb26647,ios,iPhone 14,iOS 17.4,3.0.13,3ef10b7f1d199e6a45b3a08b,True,2026-01-09 12:52:44,2026-02-25 01:46:19,2026-01-09 12:52:44
18efc92f-ccab-498c-83e2-e3ebd41c1329,a11e3ea3-2068-4bc7-9eb7-bcadbbb26647,android,Samsung Galaxy S22,Android 11,5.0.12,3a0a3d2273f535d1f6949334,True,2026-03-04 11:34:58,2026-03-04 21:24:08,2026-03-04 11:34:58
2f819de4-6496-43ae-a006-6cdc1692d6bf,3b454def-0660-4f25-bbe7-9e4f73bcd66f,android,Samsung Galaxy S22,Android 13,2.6.18,cef385bd7175b968f78533fd,True,2024-05-25 18:30:26,2024-12-09 07:40:51,2024-05-25 18:30:26
67269b86-1649-4ce3-ab30-d931a0827d35,1ddbb425-85fe-4fa5-a790-17b473f59a0f,ios,iPhone 15,iOS 16.5,2.7.14,4c5d088613c0393787d9507e,True,2025-01-22 12:26:16,2025-06-28 06:47:37,2025-01-22 12:26:16
9c6f4abf-77bc-4015-8089-fb97fe2cdc1d,1ddbb425-85fe-4fa5-a790-17b473f59a0f,ios,iPhone 15,iOS 17.1,2.4.14,f1b8adbe6dd64d48647b8658,True,2024-10-31 15:10:53,2025-08-26 07:34:20,2024-10-31 15:10:53
27864c3a-e887-4b0e-a4e0-69e07775f648,72967dfc-ddb7-41d5-b1b0-149439d56256,android,Xiaomi Mi 11,Android 13,1.9.20,5ca0efc3efcf9116ec8acdc0,True,2025-08-11 15:15:18,2025-09-17 18:37:53,2025-08-11 15:15:18
e1d8bd0d-c547-4867-92bd-dc99532caf0c,72967dfc-ddb7-41d5-b1b0-149439d56256,ios,iPhone 15,iOS 16.1,4.6.14,ece55da80735a6abbc3acea0,True,2024-12-07 11:20:55,2026-02-17 15:39:12,2024-12-07 11:20:55
f33bb2b1-0d5f-44be-836b-693c626da54a,98e82bfd-4a65-4800-ab0d-d8e250f0ddd8,android,Samsung Galaxy S22,Android 13,3.7.9,caf21939495159509a3eb7f0,True,2025-12-23 22:17:33,2025-12-27 17:26:09,2025-12-23 22:17:33
0b3596e2-8419-4a4a-8b12-554cb561edf8,98e82bfd-4a65-4800-ab0d-d8e250f0ddd8,android,Samsung Galaxy S22,Android 14,2.9.10,7cb57e498468ed4eb158162c,True,2025-12-23 23:25:22,2026-02-05 20:13:25,2025-12-23 23:25:22
7fd7f471-92a5-4320-a8e7-16962d97a54e,41a09323-b825-4c35-addc-6140c06a8cc1,android,Xiaomi Mi 11,Android 12,1.7.3,0a4999c1d1e5599b4a6ac027,True,2025-08-04 06:06:48,2025-11-05 16:32:19,2025-08-04 06:06:48
dec27b3e-20af-4202-a77f-cf0731251c65,0253804d-c179-48cc-82b5-ae3c9d667b1f,ios,iPhone 13,iOS 15.3,3.5.4,264d249afac35a9dad86579d,True,2024-03-01 05:05:08,2025-01-07 03:29:00,2024-03-01 05:05:08
ab4e3e81-aa85-4347-bca9-661d5b44ba8b,daf158bd-1189-40d0-b2e8-85fe9d71e49b,android,Xiaomi Mi 11,Android 14,2.0.20,71f84d7ef29c5e2e57de7fd3,True,2026-03-01 00:36:22,2026-03-05 00:51:02,2026-03-01 00:36:22
befa0e01-1bef-421b-b225-1cc12a02fb09,daf158bd-1189-40d0-b2e8-85fe9d71e49b,ios,iPhone SE,iOS 16.0,1.7.14,ec5f3184e2191bebad578d1f,True,2026-01-01 06:39:11,2026-02-09 23:40:19,2026-01-01 06:39:11
873744c6-4ff0-4491-9da0-dd76f0f99f01,daf158bd-1189-40d0-b2e8-85fe9d71e49b,web,Chrome,Chrome 112,5.8.11,59eca8efceb4c940bda3b636,True,2025-11-21 09:14:34,2026-02-19 15:00:06,2025-11-21 09:14:34
2f6f6931-ec8b-4910-9801-75db60042cbe,0628c969-fa3f-459f-8216-c01191e3303a,android,OnePlus 9,Android 12,5.6.13,b82801a25402b045075a4cc6,False,2024-08-19 13:43:09,2025-07-08 04:49:19,2024-08-19 13:43:09
2ac3ec72-ad65-4f97-a850-f56dcc0274e9,be3a8637-1c45-411f-aaf7-88893aef4c9f,web,Firefox,Firefox 125,5.1.16,21f6a32921c3775d76f40218,False,2026-03-01 08:58:39,2026-03-09 06:24:56,2026-03-01 08:58:39
a65129c0-8403-42c7-b24b-42bd721a5a90,cc31a7ba-ac69-4936-9c4e-cca04ee56de2,android,OnePlus 9,Android 14,1.2.17,80fb8be07e567d2ed299b2e3,True,2025-04-10 11:38:02,2025-06-12 01:39:28,2025-04-10 11:38:02
da4275e2-e764-4ca7-8089-41d48f318936,cc31a7ba-ac69-4936-9c4e-cca04ee56de2,ios,iPhone 13,iOS 17.0,5.6.2,3104446a661e748872e7a388,False,2025-08-10 09:09:05,2026-01-17 07:13:44,2025-08-10 09:09:05
14eed64d-c24a-4bd2-ab76-c47944ac0bc3,c6311fd6-4867-4768-94f8-3cc8f051dab6,android,Huawei P40,Android 13,2.5.17,43b95f91acbe3a0053374f68,False,2023-10-25 01:04:44,2024-02-03 22:29:34,2023-10-25 01:04:44
4312fbcf-7d09-4756-84d9-927a20433eb4,c6311fd6-4867-4768-94f8-3cc8f051dab6,android,Samsung Galaxy S21,Android 12,5.8.4,4343c2d5797ff4bfaac1d2f3,True,2024-12-03 19:33:37,2024-12-11 22:45:06,2024-12-03 19:33:37
fbaca170-8618-4da0-a1ef-98f2faa8bbb2,f01add32-8f1c-4e67-9a94-576ac5492f5c,ios,iPhone 12,iOS 14.3,3.5.16,aeaf3f74bbb76896c6bf18fa,True,2026-01-14 19:44:36,2026-02-17 22:55:02,2026-01-14 19:44:36
9112d4c5-c419-44af-bbb5-2bd03bbaeb13,f01add32-8f1c-4e67-9a94-576ac5492f5c,ios,iPhone 15,iOS 16.0,2.0.1,a6f096a84d3aeb085612e2f1,True,2025-10-31 09:18:29,2025-12-08 08:19:05,2025-10-31 09:18:29
efa665d4-6c96-4232-8250-b4713ba4ff49,cc7a92ed-dc5f-4514-9fc5-69ddbb02556c,android,Samsung Galaxy S21,Android 11,2.4.17,24995016f7b05a6290f9ce89,True,2025-11-04 14:28:04,2025-12-27 16:57:20,2025-11-04 14:28:04
fae6ade3-e8b1-4f0f-8df8-8b6ad5c1ea27,cc7a92ed-dc5f-4514-9fc5-69ddbb02556c,web,Firefox,Firefox 119,3.9.13,20d546a24c190950a7e3c608,True,2026-03-07 22:17:29,2026-03-08 05:21:19,2026-03-07 22:17:29
59bef026-d85d-4d40-9d02-169af6bc98fa,cc7a92ed-dc5f-4514-9fc5-69ddbb02556c,ios,iPhone SE,iOS 15.4,1.9.6,559b79a2857f8abe8a311df1,True,2025-08-05 06:56:12,2026-02-21 17:00:21,2025-08-05 06:56:12
19de3b9f-b881-4ba3-aa00-daac70fed358,48501fc4-5422-41ce-8179-e088138a9916,web,Firefox,Firefox 110,5.9.4,e1d9e42950b782f9017ff7d1,True,2024-09-30 03:30:36,2024-11-03 03:51:40,2024-09-30 03:30:36
3884c798-a4c1-4034-b1e8-a95f2cbf74da,45856839-851d-4784-b467-89b3e76be9e3,android,Samsung Galaxy S21,Android 13,4.4.11,38ea912eba3cf81004d73de4,True,2025-03-23 22:03:31,2026-01-28 05:10:49,2025-03-23 22:03:31
07d9daad-bac4-481a-8c3a-e8c9e994c180,d594817b-b223-4479-84f5-6bc2049e7073,android,Samsung Galaxy S21,Android 12,5.3.12,1754b810a16b2d8f73dce19b,True,2024-12-07 17:46:26,2025-04-05 15:46:14,2024-12-07 17:46:26
0bb99f73-0956-4f8a-9a0f-a7fe903cd327,d594817b-b223-4479-84f5-6bc2049e7073,android,Huawei P40,Android 12,2.4.11,0a1e237e51a47116a7077828,True,2024-05-27 08:50:27,2024-10-03 00:14:07,2024-05-27 08:50:27
c392dfb5-29c7-4493-abf7-8c9a4a27d95b,25edb3be-bda4-4c4a-9ba3-ce7cf14e2d11,android,Samsung Galaxy S21,Android 12,4.6.1,c3f2ef00f15e92e4499a6eb4,True,2026-02-10 17:24:11,2026-02-21 06:25:17,2026-02-10 17:24:11
5bcb9d58-1e9c-40e1-a662-ec9b10b3a51b,7e06f200-d04b-47db-89f7-3287d554dde7,android,Huawei P40,Android 12,1.4.16,83bbc6772c7be851d586c4c3,True,2026-02-15 15:04:25,2026-02-15 23:10:45,2026-02-15 15:04:25
4227e128-5a34-4821-88c4-d7d60197ed16,7e06f200-d04b-47db-89f7-3287d554dde7,android,Samsung Galaxy S22,Android 12,3.8.13,2698c9a077f8622dbab484b6,False,2026-03-05 08:26:34,2026-03-08 00:02:36,2026-03-05 08:26:34
a10533d5-9e6f-48c6-8f05-918c958464a4,8749ab62-6243-4d06-aea6-c1fd32f7d4e9,ios,iPhone SE,iOS 15.0,1.5.12,1ddad566eb1472944875932e,True,2024-04-23 00:56:34,2024-10-11 10:57:42,2024-04-23 00:56:34
e08efcb4-f033-4913-812b-529bb97c5969,a5975656-c6ad-4482-95d2-c437502d3d6a,android,Huawei P40,Android 13,3.5.1,05986ac857bf7e66be3e1a8b,True,2025-10-08 11:40:13,2025-11-24 05:17:18,2025-10-08 11:40:13
50d10060-a615-40eb-9c69-148cd0540f73,a5975656-c6ad-4482-95d2-c437502d3d6a,android,Huawei P40,Android 12,4.1.14,8b712ba4e2328eb4ffe0a775,True,2025-08-20 17:39:02,2025-11-04 20:29:37,2025-08-20 17:39:02
d3a0ec34-102b-4c75-ab9e-d0bd8f95003b,7f81895c-fd09-4a8f-9a5a-47be1f592aa8,android,Samsung Galaxy S21,Android 11,1.6.7,cf213d2bbf626531c7490654,True,2025-05-20 01:05:07,2025-10-26 08:31:09,2025-05-20 01:05:07
1c01212f-922b-4b11-95e2-20baf7de52ca,7f81895c-fd09-4a8f-9a5a-47be1f592aa8,web,Firefox,Firefox 112,3.3.15,56e0dbf9eef8e3e397a92562,False,2025-07-19 08:46:51,2025-09-29 04:44:18,2025-07-19 08:46:51
fb5db269-99e0-4193-9d15-28746c911e24,7f81895c-fd09-4a8f-9a5a-47be1f592aa8,ios,iPhone 15,iOS 14.5,4.6.4,21464963f4be5c8fb7ed40a2,True,2025-09-15 07:20:13,2025-10-08 17:26:05,2025-09-15 07:20:13
8e5497fa-b1dc-4c5b-a7af-b4027515e52a,3a5a1bf0-5581-405f-9079-b5229cfc1104,android,Huawei P40,Android 12,2.9.11,adec3fa2e9422b78b9d058aa,True,2025-12-03 05:32:07,2025-12-15 01:00:57,2025-12-03 05:32:07
ec0db446-a487-46c0-a3e6-768f825add43,3a5a1bf0-5581-405f-9079-b5229cfc1104,android,Samsung Galaxy S22,Android 11,1.5.2,a24c7f50a799f16614774a26,False,2025-12-04 23:37:27,2026-02-20 07:15:34,2025-12-04 23:37:27
cb4bc4f4-753f-4c67-8f28-3c5c32c9e64d,3a5a1bf0-5581-405f-9079-b5229cfc1104,android,OnePlus 9,Android 13,1.6.19,95f740ed938e96f061843e7d,True,2025-09-07 10:37:17,2026-02-23 05:48:28,2025-09-07 10:37:17
6fa85222-8a00-422b-9745-e4f6063d3a86,a5d46cbc-278f-4dbf-af06-eae4ab87893d,android,Samsung Galaxy S22,Android 14,3.5.2,f878bc137a4eb826791f5f3b,True,2024-07-24 17:15:08,2025-03-14 22:38:08,2024-07-24 17:15:08
439db2ed-80aa-4322-aed6-511664e66362,a5d46cbc-278f-4dbf-af06-eae4ab87893d,android,OnePlus 9,Android 12,5.0.11,f8538f8ec2990bf2f3fcca11,True,2026-01-20 13:30:30,2026-02-19 11:58:24,2026-01-20 13:30:30
1ddb7f72-440d-408c-b461-b7d12e736c61,d29edcdc-df95-44c8-873f-b473e9602e66,ios,iPhone 12,iOS 15.4,3.3.11,4bea672b237f6d13874a78e1,True,2025-11-19 07:14:39,2026-01-25 04:59:41,2025-11-19 07:14:39
0b46cb7c-0b24-4eea-9184-c7da2acb2405,d29edcdc-df95-44c8-873f-b473e9602e66,ios,iPhone 13,iOS 14.5,4.8.18,d745aec3945b7b6bd0650d65,True,2026-03-02 22:42:12,2026-03-07 22:42:03,2026-03-02 22:42:12
8ef3ffda-2a8b-490b-bac9-014ac3480790,e5dd3bd3-6ddb-47b8-8240-7cdbc6b08a17,android,Xiaomi Mi 11,Android 12,5.0.11,c5012f62389d30938f9ed76f,True,2025-03-28 23:22:07,2025-11-17 18:07:23,2025-03-28 23:22:07
44609b16-e0e3-40ad-9630-82e7387dd512,001b9628-73ab-4424-8d6b-6d8ccae21c89,ios,iPhone 14,iOS 16.5,1.5.10,f200338d220f4e98d7aa8923,True,2026-03-05 23:57:15,2026-03-09 03:22:58,2026-03-05 23:57:15
6ee439d5-1196-4b63-bf8b-93524f16f9c6,001b9628-73ab-4424-8d6b-6d8ccae21c89,ios,iPhone 12,iOS 14.4,2.2.5,4917611739fcb5a9fd2d2f99,True,2026-02-26 16:51:04,2026-03-05 00:35:12,2026-02-26 16:51:04
058cb850-96bf-43d8-9b50-5baf8b7edd95,001b9628-73ab-4424-8d6b-6d8ccae21c89,web,Firefox,Firefox 118,2.4.12,7389021fca5bfbcf5706f271,True,2026-02-26 22:13:13,2026-03-04 08:49:14,2026-02-26 22:13:13
ed9cfc4c-f8ae-4761-9c81-cadacf2a8d75,3c234dd5-e9e5-4cb8-8471-99597f97f63e,android,Samsung Galaxy S21,Android 14,1.0.5,c0c72ea8c91c946aa945136d,True,2025-10-08 19:34:29,2025-11-16 07:56:25,2025-10-08 19:34:29
0b3eeb2a-f177-42f2-a1e4-ad570ca30416,3c234dd5-e9e5-4cb8-8471-99597f97f63e,ios,iPhone 14,iOS 16.1,2.4.8,e054eb5ecb0273ae3ac8cc54,True,2025-08-17 04:30:27,2026-03-03 11:42:59,2025-08-17 04:30:27
7ebbd070-2ed8-43c0-aacc-a6ca855d3a14,7298c72d-9bf5-4cb2-89c2-ea560f2f1283,ios,iPhone SE,iOS 14.1,5.8.11,1311862a11f20002763f228d,True,2024-08-26 14:52:11,2025-10-06 12:35:04,2024-08-26 14:52:11
5436fdd9-0f21-48f6-a56d-455a5447c363,7298c72d-9bf5-4cb2-89c2-ea560f2f1283,android,OnePlus 9,Android 13,1.3.15,4316d91052b7c17bf2eeb00f,True,2025-01-19 12:03:34,2025-09-16 05:24:32,2025-01-19 12:03:34
503c3cd5-5b6f-400e-81a8-c853fd1fc6fb,7298c72d-9bf5-4cb2-89c2-ea560f2f1283,ios,iPhone 15,iOS 17.0,4.4.10,3869ea54292b03c8dccdfc27,True,2024-11-05 02:59:00,2024-11-20 02:52:44,2024-11-05 02:59:00
963a8993-6674-49b7-93b8-ea0ec3e358e6,7cd04544-7a08-4204-968b-f48195634308,android,Samsung Galaxy S21,Android 12,2.8.7,5a037126f0f1a95da24f1f75,True,2025-03-05 04:08:38,2025-11-15 23:06:45,2025-03-05 04:08:38
c241657b-920c-43af-85c7-55e217689c78,ffe35f6e-2150-4453-ab16-aecd64dc5c26,android,Huawei P40,Android 11,1.2.10,032fd38647eb63d9c1ef3bbb,True,2024-08-20 07:26:17,2025-06-05 23:07:11,2024-08-20 07:26:17
62e9c96b-f4e3-4e42-901a-e3d76a4bc3ec,b3493bb6-1e02-44b5-9317-3969479abf6e,android,Samsung Galaxy S21,Android 14,5.1.12,1e44029a427329eb921d1616,True,2024-06-24 08:25:44,2026-02-06 06:23:02,2024-06-24 08:25:44
6f164c00-548e-4ce5-826a-32cd17fb51c2,fa7d0250-8692-4b3f-a3a1-1f99f4b0b3fd,ios,iPhone 13,iOS 15.2,1.8.10,d0f5d35665a451d54574865a,True,2026-02-20 12:21:08,2026-02-23 03:57:03,2026-02-20 12:21:08
72606117-12f9-45e5-bdf9-e51f2930f138,fa7d0250-8692-4b3f-a3a1-1f99f4b0b3fd,android,Samsung Galaxy S21,Android 12,3.4.17,ee73f73e248b3f60ad55eeee,True,2026-03-09 07:16:35,2026-03-09 07:19:37,2026-03-09 07:16:35
ececc43f-dee0-42f0-ad76-3881e833d9ca,fa7d0250-8692-4b3f-a3a1-1f99f4b0b3fd,web,Chrome,Chrome 118,1.3.18,ccec0f39434d4c4e742a278b,True,2026-02-06 12:34:41,2026-02-27 18:56:07,2026-02-06 12:34:41
7e5f1487-77b4-47f6-b75e-a3d97a911289,62418a34-cb1e-43fa-ae65-4a7acbed205b,ios,iPhone 13,iOS 17.4,3.5.5,c9e8d4cf352ea5f51f035ffe,False,2023-12-06 04:39:30,2025-09-17 02:41:48,2023-12-06 04:39:30
8ddf9224-77fe-42d4-bad5-d0cb6472a8ae,62418a34-cb1e-43fa-ae65-4a7acbed205b,ios,iPhone 12,iOS 14.4,3.5.13,d7aa50b1bb6b11d85aa4ac8a,True,2025-05-13 15:16:21,2025-11-27 20:11:32,2025-05-13 15:16:21
eacfbc7e-a960-4ce7-97e1-feb473462ace,4001d67f-ebec-48bd-b8d7-e271a0b612fb,android,Samsung Galaxy S22,Android 14,5.9.18,dc0dfab0c4b636263a00292b,True,2024-04-10 03:38:05,2025-03-09 21:07:25,2024-04-10 03:38:05
d67b750e-8887-4d6c-a77c-c833a859dc34,4001d67f-ebec-48bd-b8d7-e271a0b612fb,android,OnePlus 9,Android 12,3.3.10,3be049044c8f7bed2e22cfee,True,2025-06-05 23:33:57,2025-10-21 22:09:42,2025-06-05 23:33:57
c76a8fe9-1d27-40ba-92fa-498af94ae483,a9d3c417-d956-4934-9b8b-42841862781d,ios,iPhone 15,iOS 17.0,5.1.4,5a5370004a394771f047e905,False,2025-01-15 14:48:19,2025-05-04 02:27:44,2025-01-15 14:48:19
5f6222cf-4c4d-411b-aa7e-490fd457be56,3643de6c-60a8-4e1d-861d-9f8fe2a794ce,android,Xiaomi Mi 11,Android 11,4.2.17,e017a2230b33a4b192c6a70b,False,2025-07-04 10:43:34,2026-01-12 01:00:11,2025-07-04 10:43:34
4e9ced92-4060-4ff4-b580-135aa3fe8edc,cdef5631-eb95-46da-9cee-d136c2812861,android,Xiaomi Mi 11,Android 12,3.2.8,3749d527088d7118f2345fc8,True,2023-10-10 03:44:16,2024-05-16 01:31:52,2023-10-10 03:44:16
c057639e-d10a-460a-b2d3-504b3f5aa28d,cdef5631-eb95-46da-9cee-d136c2812861,ios,iPhone 14,iOS 16.2,4.6.11,37b7329ec0329c4e9fadd490,True,2024-02-22 16:52:05,2024-08-04 11:39:51,2024-02-22 16:52:05
271c7f43-b3d2-42da-859a-d3cf87963f26,cdef5631-eb95-46da-9cee-d136c2812861,android,Samsung Galaxy S22,Android 11,4.7.14,a63073dd0cf1481886a55df0,True,2025-07-30 23:04:27,2026-02-27 03:09:01,2025-07-30 23:04:27
53079654-287a-4abe-8fd5-f37e12b9f7f8,91d9ede8-7f21-4057-b5b7-400bea406228,ios,iPhone 14,iOS 17.2,1.5.10,f860bdd02d15f7c2d1940eb7,True,2023-08-08 22:25:24,2025-08-05 00:43:05,2023-08-08 22:25:24
65ee900c-03e8-41a3-9418-de17e35f52ab,2724e57c-8d1c-4018-82a8-56b9aa2f96f1,android,Samsung Galaxy S22,Android 11,5.6.6,fe46311f35c08b9663f85fa9,True,2024-11-16 04:41:32,2025-10-10 19:11:08,2024-11-16 04:41:32
40a85637-ea54-4d97-9366-c9d1886b3d20,2724e57c-8d1c-4018-82a8-56b9aa2f96f1,android,Samsung Galaxy S21,Android 11,2.2.1,13f3b8c4afcfc35501268832,True,2025-09-30 18:08:16,2025-11-07 16:27:53,2025-09-30 18:08:16
b5056265-7112-4476-b0ad-f9f5e78c3978,2724e57c-8d1c-4018-82a8-56b9aa2f96f1,ios,iPhone 15,iOS 14.0,1.3.7,cba366a7f23ddf5bd9fe26ca,True,2024-12-08 10:42:20,2025-07-02 02:00:49,2024-12-08 10:42:20
0c285eb8-f989-4276-beeb-5b6058a995ba,19441b15-c6f1-43b9-a8b6-e41ae3e460ee,android,Samsung Galaxy S21,Android 11,1.3.2,4279a68a79caae5d8a837905,True,2025-02-01 09:37:52,2025-07-27 20:42:14,2025-02-01 09:37:52
0fc0dc09-fcc2-4798-90af-e0fe0eac869a,19441b15-c6f1-43b9-a8b6-e41ae3e460ee,android,Huawei P40,Android 12,1.6.16,a551b6503d9cb655029914b4,True,2026-01-05 07:01:48,2026-01-13 00:31:13,2026-01-05 07:01:48
8419432e-39d3-4ff6-b136-f5b5074835a0,19441b15-c6f1-43b9-a8b6-e41ae3e460ee,ios,iPhone 13,iOS 16.0,2.8.19,f8fac97117499c5aaa801d3d,True,2024-03-31 01:50:21,2025-11-30 15:55:00,2024-03-31 01:50:21
d280d2a7-8a56-4a22-839b-40504c076c0e,29ec0c00-4763-4da2-8978-09dd8bf24da9,web,Chrome,Chrome 118,3.6.11,c71bc3b1ff61d1c2c9070535,True,2026-03-06 13:48:44,2026-03-08 01:07:34,2026-03-06 13:48:44
3ed4dd6d-ee19-4c72-a0d2-444b1bb8557b,29ec0c00-4763-4da2-8978-09dd8bf24da9,android,Samsung Galaxy S21,Android 13,3.6.10,acbc7e0bf3b5b089fef57960,False,2026-03-07 19:02:00,2026-03-08 02:43:21,2026-03-07 19:02:00
3bbee0c3-97c2-4b40-af7f-1cfdbd063dd9,30439880-d1d1-42a7-b74c-871cac5bdeb4,android,Xiaomi Mi 11,Android 14,1.0.0,c168f77792d74f4fc44a3ec7,False,2025-01-12 12:01:53,2026-02-07 09:07:06,2025-01-12 12:01:53
c25c6b11-9e1b-40ea-a1fb-8d0b4f4815d8,41cd5dff-5c88-4792-8043-0018f7229012,android,OnePlus 9,Android 11,5.5.12,b91a8ec3a27161c3fbcdb086,True,2026-02-10 10:01:33,2026-02-19 20:16:26,2026-02-10 10:01:33
656410f5-ada4-4fe3-bd1b-666eb8c08ebb,41cd5dff-5c88-4792-8043-0018f7229012,ios,iPhone 12,iOS 16.2,2.8.9,c51a39f61e584a534eb8128e,True,2026-02-09 03:28:00,2026-02-23 02:05:36,2026-02-09 03:28:00
3bc1a326-131e-4673-9f4a-0708736d4719,a57adb4b-0e82-4a41-8ea8-43440997e1f7,android,OnePlus 9,Android 13,2.7.0,857ca32a6ece42353fdfca47,True,2024-05-10 19:23:04,2026-02-25 14:33:18,2024-05-10 19:23:04
31fa4da4-dc66-483e-a25a-f29c00aa1f01,a57adb4b-0e82-4a41-8ea8-43440997e1f7,android,Samsung Galaxy S22,Android 11,5.2.15,123165d9ed5dec79ccefd05a,True,2025-08-09 01:50:39,2026-01-26 06:46:43,2025-08-09 01:50:39
383ac652-4182-4a6f-9e93-d8460057d9fb,21652980-9687-41f2-af19-cc11b3cddc4a,android,OnePlus 9,Android 11,2.4.2,97acac002803e178d9e0c57d,True,2025-03-05 17:12:00,2025-04-29 20:09:24,2025-03-05 17:12:00
d4831b05-b56e-4084-8d1c-d4244f774c2d,21652980-9687-41f2-af19-cc11b3cddc4a,android,Xiaomi Mi 11,Android 13,4.8.12,ce8fdc45548d28e09633c7c3,True,2025-10-08 16:14:08,2025-10-18 03:39:01,2025-10-08 16:14:08
dcb43507-86ff-4b54-93bf-790812e9dd6f,21652980-9687-41f2-af19-cc11b3cddc4a,android,Xiaomi Mi 11,Android 12,5.8.12,d8491295d2c1b6297715b490,True,2025-07-24 06:50:43,2025-08-24 03:04:03,2025-07-24 06:50:43
46c118e0-10c2-4706-919b-4364a343044e,322744f9-2923-47d3-bc43-6f4caf61da9d,ios,iPhone SE,iOS 17.1,4.8.2,1a6ebe2ce8a3725c41a7c265,True,2025-04-28 13:14:05,2026-02-12 06:08:24,2025-04-28 13:14:05
bc6fb310-54c7-44f2-a585-acff58d34e65,322744f9-2923-47d3-bc43-6f4caf61da9d,android,Xiaomi Mi 11,Android 14,2.8.2,9a08a02829752be1783707bd,True,2025-09-19 07:41:01,2026-02-23 03:02:14,2025-09-19 07:41:01
2fc5937b-92cc-463b-a9f6-218e55c42dcd,8ade8990-4d0b-4c3e-a75f-efca918bba37,web,Chrome,Chrome 122,4.2.18,58ba3eb6113569ba5a9ca1f6,True,2025-07-27 09:06:10,2025-08-27 11:29:29,2025-07-27 09:06:10
c7a81bcb-2ecf-481f-bd35-638fb7f785b6,8ade8990-4d0b-4c3e-a75f-efca918bba37,ios,iPhone 14,iOS 15.3,1.0.2,a722701b47ab2897529bfeb5,True,2024-12-31 18:19:54,2025-02-11 20:43:35,2024-12-31 18:19:54
32f40b61-1fa1-45ca-9936-13d7e028ee53,62fe0385-1132-408a-b9a8-6cb3699be990,android,Samsung Galaxy S22,Android 14,5.7.8,6ce335eebb1d4010b3f42c14,True,2025-11-16 09:48:58,2025-12-27 19:43:02,2025-11-16 09:48:58
e4f4209d-7bb6-4230-a875-f23317a46bd4,5d5f58d1-22c3-4697-a190-88d22633d9bf,android,Huawei P40,Android 14,5.6.7,1a901de9abceef4d10f2fadc,True,2024-12-27 07:21:32,2026-02-06 02:14:45,2024-12-27 07:21:32
9cc1fc03-011b-4947-b8f4-d116805bd1ea,5d5f58d1-22c3-4697-a190-88d22633d9bf,ios,iPhone SE,iOS 17.1,3.4.13,77808266395c97c65e5f2a8e,True,2025-03-29 08:35:32,2025-07-04 22:47:20,2025-03-29 08:35:32
c20c776d-6ae3-49a1-993f-0a0a89904b61,5d5f58d1-22c3-4697-a190-88d22633d9bf,android,Samsung Galaxy S21,Android 11,5.0.11,519caa33a7dc47634076458e,False,2024-10-02 20:10:02,2026-02-02 04:17:51,2024-10-02 20:10:02
0a4d885e-0ff9-4e0c-a2aa-37ad5f3a978a,7e610cf2-14ed-47bc-9489-388ad9d3de34,android,Samsung Galaxy S21,Android 12,1.8.15,e7666771dcc7fba403653aa7,True,2024-01-07 19:31:32,2025-11-29 11:48:30,2024-01-07 19:31:32
d9ab5d2b-6460-40b1-97f2-98e1968e4639,7e610cf2-14ed-47bc-9489-388ad9d3de34,android,OnePlus 9,Android 14,3.5.7,4420bdf5822fc31890def213,True,2024-05-21 17:55:45,2025-01-21 04:22:13,2024-05-21 17:55:45
4750679f-cefd-4c92-94c3-65b0ec779091,7e610cf2-14ed-47bc-9489-388ad9d3de34,web,Chrome,Chrome 114,4.1.20,a9df75bb2ebffc2bc4caf579,True,2024-03-15 13:12:05,2025-11-21 10:51:10,2024-03-15 13:12:05
ed040a42-3656-4aa7-8ac8-5002f80bfed7,bf54cc8b-1c40-4e32-92f3-2188f61256e6,android,Huawei P40,Android 14,2.4.12,682c37db27d2b86dbb1b5d7f,True,2025-04-26 08:42:32,2025-09-29 14:29:07,2025-04-26 08:42:32
63a4f742-3dde-47b7-953c-0e4bc7cdc2de,b0d92491-695e-4228-a67c-516ac48c3a54,android,Xiaomi Mi 11,Android 14,4.9.1,6ca57c163de221467c793d8c,False,2025-11-02 23:35:43,2025-12-06 13:14:32,2025-11-02 23:35:43
69cd5440-c9cb-46d3-ad68-ee02d82f130d,b0d92491-695e-4228-a67c-516ac48c3a54,ios,iPhone 13,iOS 14.2,2.4.12,a4ba172943df51cb6cd389b1,True,2025-10-03 11:18:31,2025-12-05 11:04:06,2025-10-03 11:18:31
dc8073a9-6811-40d7-8b11-0a2f02c72080,8ecad25e-8081-4de5-bf12-8cf77ed39adb,ios,iPhone 14,iOS 16.5,5.8.17,48c081b105a9ed76bd86a3a2,True,2024-10-10 04:28:55,2026-01-20 11:43:53,2024-10-10 04:28:55
d9f5c671-ded7-43ca-b3ed-15dc5d91b155,8ecad25e-8081-4de5-bf12-8cf77ed39adb,android,Huawei P40,Android 13,1.6.6,c028dd87848f02338124bd51,True,2025-07-04 06:40:53,2025-09-23 23:00:47,2025-07-04 06:40:53
8f2ad93c-618e-47e0-b9b0-707e3b64c964,40f24426-afb2-4d8a-9915-5d0aaeaf816b,ios,iPhone SE,iOS 15.1,3.6.1,632e3ba994756d423acb0f81,True,2026-02-16 10:10:28,2026-02-23 17:49:39,2026-02-16 10:10:28
6470b37d-c5d6-4747-97bd-0b939d008f37,40f24426-afb2-4d8a-9915-5d0aaeaf816b,android,Samsung Galaxy S21,Android 12,4.6.18,97523a9ef482c2833e05be52,True,2026-01-02 18:07:34,2026-01-29 08:30:26,2026-01-02 18:07:34
f7692c20-da11-4196-833a-5e25b4b025d3,40f24426-afb2-4d8a-9915-5d0aaeaf816b,ios,iPhone 13,iOS 17.1,3.7.17,2a9d14ed16c51a5c5f4787a2,True,2026-02-25 11:14:53,2026-03-01 19:27:56,2026-02-25 11:14:53
0da9d891-09ee-4250-aba5-3402022289f7,4b4daf6f-3339-42c4-b41a-01b40d58bd8f,ios,iPhone 13,iOS 16.1,3.8.12,4aa2d2f5fdda415550aa4708,True,2026-02-02 04:54:48,2026-02-03 04:32:15,2026-02-02 04:54:48
00d222f6-0aab-427a-8c51-f35c6a8927d5,4b4daf6f-3339-42c4-b41a-01b40d58bd8f,android,OnePlus 9,Android 12,2.5.11,234650093a665cd6dcafc142,True,2025-11-28 06:38:45,2026-01-16 02:24:04,2025-11-28 06:38:45
559c9d00-e899-4179-b190-fc0f62f2b239,4b4daf6f-3339-42c4-b41a-01b40d58bd8f,android,Xiaomi Mi 11,Android 14,4.3.18,a29325b64d98b1a44209fdc4,True,2025-11-07 10:00:57,2025-12-23 06:17:17,2025-11-07 10:00:57
3a000fb3-8851-4945-98a6-71b2047acef9,16e5925c-46b2-4751-892e-dc480ae57587,android,Samsung Galaxy S22,Android 12,3.2.5,86d15ec5e9b8f4e29f2e3948,True,2025-05-16 14:02:13,2026-01-10 03:41:25,2025-05-16 14:02:13
c661e5de-9092-4cf1-8b34-c205744414aa,625c4825-dcce-4fe4-802d-3fc5ed9bb292,android,OnePlus 9,Android 12,4.4.5,2eef5a98e1662428e362201b,True,2024-08-31 18:01:23,2025-01-30 15:21:37,2024-08-31 18:01:23
5e857ecc-52e7-4b43-b10a-7fa457624ade,625c4825-dcce-4fe4-802d-3fc5ed9bb292,android,OnePlus 9,Android 12,2.6.1,371eeca615c4fe3649d37543,True,2026-02-20 01:09:47,2026-02-25 20:19:00,2026-02-20 01:09:47
4ef6d622-9529-4067-bed1-984628762959,b1ef9f6b-ab82-4fa5-9d62-6f9bfd2dc965,web,Firefox,Firefox 114,5.8.20,88d94918164f3ef80c80d119,True,2024-11-27 02:10:08,2025-07-04 13:53:15,2024-11-27 02:10:08
aeb23039-a33c-4fd4-b811-bf2a29b5dfc1,b1ef9f6b-ab82-4fa5-9d62-6f9bfd2dc965,ios,iPhone 13,iOS 15.0,3.5.19,0c66405dca2ba9af1f5505e3,True,2024-10-27 21:15:03,2025-09-10 17:38:56,2024-10-27 21:15:03
2bb4c0fa-a446-45b1-acff-5a5dc4b0b2eb,87f2c442-f9d9-48a2-98dd-2493f64dc850,ios,iPhone SE,iOS 14.2,4.4.9,99702c53f45d7fd410fbdca4,True,2024-12-24 21:04:21,2026-01-21 15:29:01,2024-12-24 21:04:21
2e11b4f9-737c-4dc0-9274-c96025957efa,87f2c442-f9d9-48a2-98dd-2493f64dc850,android,Samsung Galaxy S21,Android 11,4.0.15,e2763081c4cbb8a3963481d1,True,2025-10-21 22:30:50,2026-02-12 06:24:27,2025-10-21 22:30:50
c44cf17f-584a-4581-97ed-bb6007c6cddc,72806902-36f1-48b5-85ae-339d891fe9e8,android,Huawei P40,Android 12,3.6.12,3c5267f53951c9a724cebfaf,True,2026-01-15 09:11:36,2026-02-05 06:47:27,2026-01-15 09:11:36
38ff4d31-fa1e-46e8-87af-cf9f11e7d537,72806902-36f1-48b5-85ae-339d891fe9e8,android,Huawei P40,Android 13,1.9.10,dbbd3b1e9d0a62f00ff09bb7,True,2026-02-23 10:54:31,2026-02-26 09:46:16,2026-02-23 10:54:31
6c0c715e-d0d9-41e0-98e8-d32174d9ebe6,172e11e2-892a-46e4-95f2-9acf8d86ec46,ios,iPhone 12,iOS 17.0,1.3.9,30fde75802c570f7f3f33b90,True,2025-10-01 07:06:39,2026-03-06 18:53:13,2025-10-01 07:06:39
3e52d5d5-d2e9-4080-a33f-0eed0170c777,1f97c87d-f38c-4b49-aac8-b302e0c556a4,android,Huawei P40,Android 14,4.8.10,7ffdcb25111c26ae250d51d5,True,2023-05-21 23:19:13,2025-06-24 12:26:51,2023-05-21 23:19:13
09aaf33c-a969-4df3-9ef0-3182d7511811,d8ac13f2-7ee7-48ae-85cc-b3189d484016,android,Samsung Galaxy S22,Android 11,3.8.3,880f4af3e798ccfbdec783ff,False,2025-09-11 08:09:20,2026-01-24 23:22:45,2025-09-11 08:09:20
bd7b6204-71ac-4ec5-9835-0df5a15a2bbc,170d4ec8-f12d-4edc-a908-ac67a4e602c5,web,Chrome,Chrome 111,4.4.0,1e3f024e5a753c6d45e0b7cf,True,2025-03-26 17:36:11,2025-08-10 04:09:46,2025-03-26 17:36:11
1144bf67-7cc0-4663-8b41-b99f8dececcb,170d4ec8-f12d-4edc-a908-ac67a4e602c5,ios,iPhone 13,iOS 14.5,5.1.13,d94dfc909b52d495a5e1ff0a,True,2024-07-27 02:56:26,2026-02-07 15:29:40,2024-07-27 02:56:26
c72aa551-c75f-42ae-b623-da13e81efa03,170d4ec8-f12d-4edc-a908-ac67a4e602c5,android,OnePlus 9,Android 11,4.8.18,e3936cee1f2f5610f8835e63,True,2025-07-26 15:37:52,2025-09-21 06:47:37,2025-07-26 15:37:52
c60fdc64-9cc1-412a-bc04-72b40e979bb0,154071c4-6613-419f-938d-349881edd200,android,Huawei P40,Android 13,4.2.16,b410640a24168773e163fb6a,True,2025-10-01 00:59:59,2025-10-15 15:36:08,2025-10-01 00:59:59
f4569e26-c178-4073-94af-f7e409539dd3,154071c4-6613-419f-938d-349881edd200,ios,iPhone 12,iOS 14.2,3.6.6,3f6e0158fe5a5dbf432d2d15,False,2025-10-28 21:45:17,2025-12-22 15:59:53,2025-10-28 21:45:17
a5eba198-6b61-4845-9556-4b792a786857,154071c4-6613-419f-938d-349881edd200,ios,iPhone 13,iOS 16.2,5.5.0,6850ca7fdb85c0868934483c,True,2025-08-21 06:28:36,2026-03-07 09:18:40,2025-08-21 06:28:36
be4eff08-fabe-4498-97f4-3d3cd340f3dc,04c68c13-e654-4df7-b45b-9d49a61ac95a,android,Samsung Galaxy S21,Android 11,5.0.11,a0552c73f5a71dcad3ac95e3,True,2026-01-11 10:40:52,2026-01-23 23:54:14,2026-01-11 10:40:52
58234a43-bb38-402f-a0df-2b93a91aed83,9a9d112a-e811-4e49-a566-2082c0623f18,ios,iPhone 14,iOS 16.3,4.1.17,f8316371901acd7566d3499d,True,2025-02-01 18:12:15,2025-09-10 05:25:57,2025-02-01 18:12:15
55812554-a7db-43a2-932c-860aa87f4aeb,58d2b491-f815-4206-a935-969b95886b83,android,Huawei P40,Android 11,2.3.6,ee8033b319de402f31222700,True,2025-07-13 04:54:05,2025-11-16 11:52:35,2025-07-13 04:54:05
f064a014-3b47-4a61-a9f5-397ff4d61dcb,58d2b491-f815-4206-a935-969b95886b83,android,Huawei P40,Android 14,1.6.11,c431a02211a81eb155f4ea0e,True,2025-12-11 14:09:10,2025-12-12 14:44:11,2025-12-11 14:09:10
4414ccd5-1575-4fcb-a4f1-5a85ba23f4b0,58d2b491-f815-4206-a935-969b95886b83,android,Samsung Galaxy S21,Android 13,1.8.4,d544a89f1b2f4f6f45cd2e4d,True,2025-12-31 08:00:05,2026-03-06 08:20:08,2025-12-31 08:00:05
464ae58e-17be-4b9f-bf3f-f706f91a3349,cff44768-7bbc-443f-8e2a-88a5d7693549,ios,iPhone 13,iOS 17.3,2.1.4,3f60aedad71ce1423858d249,True,2024-06-22 06:47:33,2025-08-13 18:37:26,2024-06-22 06:47:33
9e3c78dc-2760-4da5-ab86-a522725bbea8,cff44768-7bbc-443f-8e2a-88a5d7693549,web,Chrome,Chrome 110,5.7.20,a9db7c98477349e9428039c3,True,2025-11-16 18:01:16,2026-01-13 01:15:02,2025-11-16 18:01:16
ad238e10-3edd-4e94-b559-442430397be5,cff44768-7bbc-443f-8e2a-88a5d7693549,ios,iPhone 15,iOS 15.2,5.0.17,3eaf28c7ef1507c6417b15d5,True,2024-12-15 08:09:31,2025-08-12 13:18:11,2024-12-15 08:09:31
f88a39cd-3dea-4640-bd45-4b0f31a0c6a3,05dffd82-e5f3-4771-91d1-ae6a82aa81af,android,Xiaomi Mi 11,Android 14,4.9.10,ffa0598b6ba1a6a65f06c46b,True,2026-03-09 07:53:59,2026-03-09 08:12:24,2026-03-09 07:53:59
4452fd34-82c3-4f56-b825-1a25b918ec49,78bb6246-7c96-4f3c-90fb-f4bd5aedfde8,android,Xiaomi Mi 11,Android 11,1.7.11,16ea2c4e2983b625ceb84c76,True,2025-12-17 20:04:19,2025-12-27 06:42:16,2025-12-17 20:04:19
a05c3fd9-8ae9-42b8-889c-0ce205b798d6,78bb6246-7c96-4f3c-90fb-f4bd5aedfde8,ios,iPhone 12,iOS 16.4,2.0.3,60bf03c47235b8ce48838934,True,2025-08-15 08:56:35,2025-11-10 22:47:28,2025-08-15 08:56:35
e8b50f66-df7c-4d42-bcea-ab3cb3177e54,78bb6246-7c96-4f3c-90fb-f4bd5aedfde8,ios,iPhone 14,iOS 14.3,1.5.14,1a7f104cdaaed21d732f4b30,False,2024-09-15 17:15:23,2025-06-05 19:36:01,2024-09-15 17:15:23
08b3edfd-6dc5-477b-81ec-3b5b6fd06562,18cacb12-83e8-4e56-8fe0-0683a8d13fcf,android,Samsung Galaxy S22,Android 14,5.6.13,da1fefc16368413ecbc30e4f,False,2026-02-25 05:27:50,2026-02-27 20:02:17,2026-02-25 05:27:50
682feb6f-9084-40b4-ae38-a25f92fc072f,94948254-3eb1-45a7-8325-3b8e8df393f3,android,OnePlus 9,Android 14,4.9.20,c393a010bede11b0f4e24f64,True,2025-12-02 18:58:03,2026-01-23 11:38:00,2025-12-02 18:58:03
9ace47e3-f8f2-4ae2-a9bf-fc6b6406adfe,3b2eceaf-6838-4ad1-a3fa-16a94e43643e,ios,iPhone 15,iOS 17.4,4.6.12,ef07bb2f3f6c475b4e4e3b55,True,2023-10-29 11:22:52,2024-07-02 13:47:34,2023-10-29 11:22:52
cba78bba-a3db-4337-a5e7-e823267c8307,3b2eceaf-6838-4ad1-a3fa-16a94e43643e,ios,iPhone SE,iOS 17.5,4.5.10,7c3c07423ff28a32342b795a,False,2025-02-03 14:02:26,2025-03-18 05:24:39,2025-02-03 14:02:26
1b8fbf07-5968-4c4c-8ec3-fdea0d5eb8df,3b2eceaf-6838-4ad1-a3fa-16a94e43643e,android,OnePlus 9,Android 14,4.7.9,9e85b1b5f72f293c50505e42,True,2025-08-09 18:22:45,2025-09-17 09:48:03,2025-08-09 18:22:45
768786e2-1ac5-4bba-baf2-31766a995bab,31cb4000-d215-41ea-8360-b8e60677a56b,android,OnePlus 9,Android 14,5.0.7,22afa661932a609ff3f8f5eb,True,2023-12-06 21:14:43,2025-06-29 05:02:32,2023-12-06 21:14:43
063a3e89-f59f-4a8b-bb44-e497e8623280,31cb4000-d215-41ea-8360-b8e60677a56b,ios,iPhone 15,iOS 16.2,1.0.4,948d04c8acc21e017fdba9c1,True,2023-08-10 08:34:11,2025-10-31 23:56:17,2023-08-10 08:34:11
d6f238da-33fa-43eb-92d7-12d078f308cf,81bf0bb1-d326-4c80-b9b8-9d444861dbb5,android,Huawei P40,Android 12,2.9.12,f783329ca097da726abb7e33,False,2026-03-09 05:48:36,2026-03-09 09:32:20,2026-03-09 05:48:36
3fe92f48-dead-40e1-95a8-4db4acf6ee48,81bf0bb1-d326-4c80-b9b8-9d444861dbb5,android,Samsung Galaxy S22,Android 14,4.0.0,cbfb7b78fbd2d597531d6323,False,2026-03-06 04:06:27,2026-03-07 14:05:44,2026-03-06 04:06:27
5f747f8f-a600-4bde-a222-e9b3bf7b0f07,81bf0bb1-d326-4c80-b9b8-9d444861dbb5,ios,iPhone 13,iOS 15.3,4.6.8,a81794d122047e8dedccb991,True,2026-03-01 01:55:31,2026-03-01 04:21:58,2026-03-01 01:55:31
d69242a5-d38b-4208-8c9a-fd2382325c51,11d4989e-c140-4522-a8fb-7c4c3b59c51f,ios,iPhone 12,iOS 14.5,5.9.12,ce5d2f90d8fc69a9e276c3e7,True,2025-02-15 10:06:06,2025-03-01 00:59:47,2025-02-15 10:06:06
af317e0a-c08f-4aac-8e5e-974a0b8bbf9f,d3fda395-50b6-4c5d-ab54-6c0dc091265c,ios,iPhone 15,iOS 17.3,4.3.2,e02e6ef7df8bfce0af888409,True,2026-02-13 06:01:20,2026-03-04 16:05:21,2026-02-13 06:01:20
ccc08660-6220-4d31-adb5-fc45f316a7bf,bb7625ab-a020-4e9f-8662-b0d3bbe02203,android,Samsung Galaxy S22,Android 12,4.1.10,2723016e501b920a00513a42,True,2026-02-15 08:01:36,2026-03-04 02:14:19,2026-02-15 08:01:36
105af0c0-0ea3-4844-9535-e2149e871a1e,bb7625ab-a020-4e9f-8662-b0d3bbe02203,ios,iPhone 15,iOS 15.2,3.2.7,e26ac674c5b1bfa647d0c5ce,True,2026-01-31 15:28:13,2026-02-15 18:46:45,2026-01-31 15:28:13
9630e2e1-2718-49d2-b6db-a762ef9a9d27,8d98e46c-a3bb-4d4e-8729-b6ef6664a5d8,android,Samsung Galaxy S21,Android 11,2.9.4,524c69780e40c5b22d6c5895,False,2025-12-20 12:16:48,2026-02-18 02:44:30,2025-12-20 12:16:48
745f796c-8686-45ff-857e-d6671cc281ce,baf03ca4-b564-489d-97c1-da7edd0a6f3f,android,Samsung Galaxy S22,Android 13,1.2.17,32fee65fe593a6ef0b81ada5,True,2025-12-27 21:16:21,2026-02-14 05:34:46,2025-12-27 21:16:21
e8c01fda-83bd-4eab-97da-28c7ce38e31e,323ccbac-563f-479d-96bc-3b3e66c24afa,ios,iPhone SE,iOS 14.5,1.9.18,cf2835fab261f0046f6b18da,True,2025-08-10 16:16:17,2025-08-25 02:23:38,2025-08-10 16:16:17
6c53db22-5b74-452a-bc0a-76524b7bf89b,323ccbac-563f-479d-96bc-3b3e66c24afa,android,Xiaomi Mi 11,Android 12,5.8.16,b2ddd80b8be7e5672ac41df8,True,2026-01-17 05:34:24,2026-03-05 08:30:24,2026-01-17 05:34:24
79f6b561-cd79-45d5-a46b-47e8939aab8f,323ccbac-563f-479d-96bc-3b3e66c24afa,android,Xiaomi Mi 11,Android 12,1.0.19,bef0b829150ea6739a02201b,True,2025-12-08 12:40:12,2025-12-08 19:46:22,2025-12-08 12:40:12
9f41a031-ea26-4214-b4b6-ae15ed57df9b,cabbac0f-11b4-42bc-afdb-71ad67bc901c,android,Xiaomi Mi 11,Android 11,3.7.2,7710deb634f5f2beb9015fd3,True,2025-09-13 08:25:29,2026-01-02 15:09:49,2025-09-13 08:25:29
72543981-ca3a-4e7c-aa29-96ea8756fe57,cabbac0f-11b4-42bc-afdb-71ad67bc901c,android,OnePlus 9,Android 14,2.4.14,09f005bf22068c1b8517ffcf,True,2025-05-02 10:56:20,2026-01-06 02:12:44,2025-05-02 10:56:20
85066128-a6d1-4fe1-b183-686352d7197a,5ac01201-8bad-469c-9f4d-ce4ef8054a94,ios,iPhone 13,iOS 17.1,5.3.9,5ef79221a6e13c49db79d7c7,True,2025-03-02 22:22:37,2025-12-16 23:43:23,2025-03-02 22:22:37
14053e4b-6195-4dc1-bdc5-e5c9d12b13de,238eac29-fcd4-42c8-8704-efd2827a2d7c,ios,iPhone 13,iOS 17.0,2.8.17,8cca6da6a1a0d0165ddc6488,False,2026-02-26 03:30:04,2026-03-05 08:32:41,2026-02-26 03:30:04
6e2c7f21-c851-4ab6-b1ea-db4e155570ee,2356e31d-e0d7-445e-b8bb-7a7b6a3c4d96,web,Edge,Edge 117,3.7.20,6099f391ceaf378a992851f3,True,2025-06-11 02:48:52,2025-08-17 20:14:09,2025-06-11 02:48:52
47f90528-02f9-4fbc-88eb-be469d82dfd9,6be3bbb2-a279-48dc-b678-499b9e075fc2,ios,iPhone 15,iOS 14.5,3.7.1,6585d4e8085210b22a12272c,True,2025-12-24 19:07:51,2026-02-12 03:22:00,2025-12-24 19:07:51
382ffc75-f5e9-487e-9880-8ebf021125f4,6be3bbb2-a279-48dc-b678-499b9e075fc2,web,Safari,Safari 18.2,4.2.10,577c098c9c884835f8dacd10,False,2026-01-18 00:05:57,2026-01-30 10:24:37,2026-01-18 00:05:57
b4a0fc72-7363-41bc-b351-4c273eebd0b5,3ac33c5e-c922-45d3-9f15-ff0d68627f07,ios,iPhone 13,iOS 14.4,2.8.7,f69a785423dec45a9f12d3b9,True,2025-01-29 13:56:46,2025-05-27 19:26:02,2025-01-29 13:56:46
93449116-eae7-4630-8a16-4a2d223c7a19,3ac33c5e-c922-45d3-9f15-ff0d68627f07,android,Samsung Galaxy S21,Android 13,1.3.13,ca7d2cd6eec7e47e07574dd2,True,2024-05-26 17:56:32,2024-09-22 15:54:06,2024-05-26 17:56:32
a1e9ef70-f9d0-44a7-aa12-831f626f2b60,47c6b1fa-2939-4d13-b09e-bbde1c4d99b9,ios,iPhone 15,iOS 17.3,3.7.1,ac4d120ba18ff411989330c7,False,2024-03-21 02:24:51,2024-07-29 13:53:45,2024-03-21 02:24:51
124079f3-2617-4af7-84cc-34b0d35315d2,372781b5-1586-4f55-8e0d-be05c5b51028,ios,iPhone 15,iOS 16.4,4.4.5,c2cd6fe07b3738dfd460b84d,True,2026-01-02 20:47:44,2026-03-07 21:21:01,2026-01-02 20:47:44
f8f39353-4b49-475f-8ae4-dba913ab0548,fc6c4755-4f89-4455-abe0-c9d1fe15e3e2,ios,iPhone 14,iOS 15.3,5.5.8,43bb94bf49931223388bb3a6,True,2026-01-12 11:40:27,2026-01-31 01:58:18,2026-01-12 11:40:27
07a0b041-9133-4200-8347-a000f0b89656,fc6c4755-4f89-4455-abe0-c9d1fe15e3e2,android,OnePlus 9,Android 12,4.0.0,a5267cc4df49bb74cd237289,True,2025-06-15 04:54:05,2025-07-10 05:53:51,2025-06-15 04:54:05
e76daeec-38a2-4a6a-9726-610c9cfa0239,fc6c4755-4f89-4455-abe0-c9d1fe15e3e2,android,OnePlus 9,Android 12,2.6.5,fe761b6623e3b3e7d8c0aadf,True,2025-08-27 06:04:05,2025-10-07 04:52:41,2025-08-27 06:04:05
95834e35-eb28-46ea-a43c-0dbe2ec21672,599bd27d-b38c-487f-927a-68616b307301,ios,iPhone 13,iOS 15.0,4.5.4,3ecafe552c71f4d7c7fc7233,False,2025-12-02 00:41:37,2026-01-15 01:46:13,2025-12-02 00:41:37
6f727907-40f8-4d6b-b12b-96f383f46f0b,599bd27d-b38c-487f-927a-68616b307301,ios,iPhone 14,iOS 16.0,1.5.19,ba0af83641e57190785f0ae4,True,2024-02-03 20:45:26,2025-11-16 06:07:42,2024-02-03 20:45:26
f57b182c-6826-4780-9e83-58f9a0081789,32987ed6-0376-4110-9cb2-a8131f10f44e,ios,iPhone 15,iOS 14.3,5.6.8,9d6d4926ee1252b26e837094,True,2026-01-15 17:09:36,2026-02-06 05:18:58,2026-01-15 17:09:36
37bedfeb-046b-4f68-b816-74b41a7a52d6,964d1dd0-3268-45e7-a724-f0ec4fc68f7a,android,OnePlus 9,Android 14,1.3.13,64e791524832e04898e49a39,True,2025-12-05 13:54:35,2026-01-23 20:55:49,2025-12-05 13:54:35
a089984c-bf2b-4eee-ad85-a40f46db534c,964d1dd0-3268-45e7-a724-f0ec4fc68f7a,ios,iPhone 12,iOS 14.3,5.1.6,8afb584907649a9080e68918,True,2025-11-17 22:41:30,2026-01-22 10:28:14,2025-11-17 22:41:30
438332fa-81f3-469d-b3fc-f11124521bdd,a2142d2d-7694-4c6f-80b4-f031de040ee5,ios,iPhone 15,iOS 15.4,3.9.4,0943a612aa1ad7bb75f36b80,True,2024-12-20 07:01:06,2025-04-30 19:48:22,2024-12-20 07:01:06
3872a0ee-27b4-4bda-bf72-5cf6298274ce,2f311261-5323-4bb3-a8bd-8c34e9cda5ac,ios,iPhone 15,iOS 14.1,4.3.13,ce59cf902b5fc97952f5d001,True,2025-05-27 21:44:28,2025-11-28 17:43:09,2025-05-27 21:44:28
0a70e597-1261-4f6d-89fa-78c36300fbe6,2f311261-5323-4bb3-a8bd-8c34e9cda5ac,ios,iPhone SE,iOS 15.1,1.3.13,e9bca8284a1d9d1b15c49ac3,False,2025-08-14 23:51:20,2026-01-22 06:23:38,2025-08-14 23:51:20
ba2bc0a3-0e35-4401-91cd-7c11191b3b3f,0bdbc406-338f-4d12-9ef0-6d6c846885b3,ios,iPhone 14,iOS 14.2,2.5.13,cd6904c94fea5bd0b5606edc,True,2024-06-07 21:50:08,2024-09-27 14:17:57,2024-06-07 21:50:08
317d92fb-3265-4512-aa15-83e59c7da374,0bdbc406-338f-4d12-9ef0-6d6c846885b3,ios,iPhone 13,iOS 14.2,3.9.20,922718d8aeb7716ecb51dc8c,True,2023-11-28 14:20:58,2024-08-02 06:10:07,2023-11-28 14:20:58
aa57f6fc-69e8-44c0-8aeb-b472759691d6,51e577e4-c3f6-4d5a-9699-daf238b5ff42,android,OnePlus 9,Android 14,3.5.6,895eb474f5ec4705b42ecd3b,True,2024-12-22 09:43:45,2025-05-19 01:01:18,2024-12-22 09:43:45
c5d4070b-71f7-48fe-a8bd-cef2be41b54c,649dacbf-8891-42c2-b6e3-e96d317f784a,ios,iPhone SE,iOS 17.0,4.8.20,ac96853c9e3574752c6571d7,True,2025-09-21 03:27:57,2026-03-05 22:05:35,2025-09-21 03:27:57
63d28cc7-c717-405c-a042-3e079808bdf8,deaff3b8-2423-4de4-abc4-af04e2803a19,android,Samsung Galaxy S22,Android 12,3.6.3,b6b8f3704fbf29e7ea430009,True,2023-09-29 06:31:32,2026-01-18 00:10:52,2023-09-29 06:31:32
fa131d2e-668a-455c-a15b-9f9c51947452,9556b64f-b031-4a1a-be93-4be8ac7c60c5,ios,iPhone 12,iOS 17.4,3.2.3,d3f00847b7ca7e10ab491592,True,2023-09-20 00:21:40,2025-09-24 17:43:16,2023-09-20 00:21:40
15d58642-3db5-498a-b118-dc2a918ee2ce,9556b64f-b031-4a1a-be93-4be8ac7c60c5,android,OnePlus 9,Android 11,2.7.18,b126d6d925cf0cb2c278c185,True,2026-01-06 07:15:03,2026-01-11 18:34:02,2026-01-06 07:15:03
c04c3e15-ed6a-4990-ac32-a6da6b6c7a6b,9556b64f-b031-4a1a-be93-4be8ac7c60c5,android,Xiaomi Mi 11,Android 11,3.4.16,5fd614a53d7e5a226fe29eb3,True,2024-11-08 00:25:48,2025-04-18 04:19:38,2024-11-08 00:25:48
60d7201e-4c2a-42e1-9a21-40e6d6f67437,b66b3187-cfe9-4adb-8821-738c545ba517,android,OnePlus 9,Android 13,4.3.6,aa4e33edac63db9781a8abf4,True,2025-04-26 08:18:04,2025-05-27 21:12:55,2025-04-26 08:18:04
90442f02-60c4-4bdf-ad51-f2215cb77a5c,07222053-51eb-47be-9498-ae6c4dfcf791,android,Samsung Galaxy S21,Android 13,1.5.7,4547d53ab5acffdca19943bc,True,2025-09-17 21:48:37,2025-10-25 12:15:49,2025-09-17 21:48:37
e2cb7e6f-abbc-442e-b260-7ef988823e99,5cd16f67-2c89-4dfd-9ce4-699f96b9b7de,android,Xiaomi Mi 11,Android 13,3.9.15,fb138284a39406947aa79d8e,True,2025-12-24 09:29:03,2026-01-28 08:22:48,2025-12-24 09:29:03
de1ff64a-030c-4525-b03b-e474faa1c993,864a57e4-b1f6-47f0-a608-d5ed31c9bbe1,ios,iPhone 12,iOS 14.4,1.5.14,dc52671cf86e6f8532bb2838,True,2025-10-11 06:30:01,2026-02-05 15:39:13,2025-10-11 06:30:01
02595365-18ee-4d37-ae6c-03fa17183e55,864a57e4-b1f6-47f0-a608-d5ed31c9bbe1,android,Xiaomi Mi 11,Android 11,2.4.12,240bb83ff54761b20e6b9ba5,True,2023-09-27 06:05:59,2026-03-03 00:57:34,2023-09-27 06:05:59
6df15798-05cb-427a-ba19-e4d7c5918700,8b74139e-e07b-450a-923f-0f7e1347d13a,android,OnePlus 9,Android 12,1.9.8,2c1e1fcd73ae2266ef30e9f1,True,2023-12-10 14:31:28,2025-03-28 08:04:12,2023-12-10 14:31:28
d3f7027b-b02e-4fba-a74e-f61be01c9357,f217784c-4dce-4489-8ad9-cb9ece72525d,android,Huawei P40,Android 14,3.8.13,f6dcb94daf5aa917d3a439f4,True,2025-12-17 16:24:17,2026-02-13 20:11:59,2025-12-17 16:24:17
da0b3cc5-2a07-484e-b903-1f6d582fd330,f217784c-4dce-4489-8ad9-cb9ece72525d,android,Huawei P40,Android 12,2.2.20,02c1da87296cd2f0096f9032,True,2025-01-17 16:28:14,2026-02-09 09:44:09,2025-01-17 16:28:14
72f9fd69-b6a3-4edf-90ae-01269be4b032,9a5e6c53-d04d-4419-a293-2840ab0e46e7,web,Firefox,Firefox 115,1.3.0,90d055d9b73d121afd20a9a1,True,2026-02-18 14:41:00,2026-02-24 05:41:15,2026-02-18 14:41:00
860f87ec-bd4b-4ea8-b42b-dd0d76c2629d,9a5e6c53-d04d-4419-a293-2840ab0e46e7,android,Xiaomi Mi 11,Android 12,1.8.9,655407c1dfee6e61a2bd54d3,True,2026-02-08 22:58:24,2026-02-28 06:43:17,2026-02-08 22:58:24
216b7206-6bdc-45cd-b7b6-638c79a13b29,9a5e6c53-d04d-4419-a293-2840ab0e46e7,android,Samsung Galaxy S21,Android 14,1.2.20,1b4a4c3b1b531539fdc4fad7,True,2026-01-17 17:38:45,2026-01-22 23:43:48,2026-01-17 17:38:45
25fb4ed7-712b-4686-b964-24e761266da6,f1cc0a86-57ca-4efc-8b7e-17b95abf1935,android,Huawei P40,Android 12,5.9.9,6206b992dcaf861c989a4f67,True,2025-09-11 20:20:33,2025-12-25 03:47:28,2025-09-11 20:20:33
f647ed20-00e4-4848-b41c-444084a680c3,f1cc0a86-57ca-4efc-8b7e-17b95abf1935,ios,iPhone 13,iOS 16.4,2.0.2,ce543c4dfc1f88c949189a09,True,2025-12-02 09:05:28,2025-12-14 14:09:43,2025-12-02 09:05:28
308a48ff-7da3-482b-a8b7-9becc4833a41,255f070f-1563-460b-b232-e275dea42ab2,android,Huawei P40,Android 12,4.8.16,767ed273aa7e2e4256f8f448,True,2024-06-19 20:34:00,2025-01-13 06:54:29,2024-06-19 20:34:00
2a712601-315b-4e22-b7b0-e9422e6b3c7f,7df8583d-3cf3-4499-926d-132afb21e1c6,ios,iPhone 14,iOS 17.1,1.5.9,3b8a7238ec7584880152f305,True,2025-12-23 13:55:37,2026-01-04 18:51:25,2025-12-23 13:55:37
26c28375-d33d-4096-bc8d-da7ef9e92031,0309738b-ac78-4d41-9027-c3414f7404f0,android,Huawei P40,Android 12,3.2.19,ad8852a7b4f4735152503bb2,False,2026-01-06 00:44:31,2026-02-22 06:07:36,2026-01-06 00:44:31
57190ba3-43c9-4352-9586-7a2ae6c0b5e0,4e829cf0-b509-46a2-96bb-8e3024660b91,android,Xiaomi Mi 11,Android 12,5.9.10,bc8bd9566d79bce0871f969a,False,2025-06-09 06:51:21,2025-12-12 23:10:46,2025-06-09 06:51:21
7d365e0e-af6b-4566-bedc-a430b8335bb1,4e829cf0-b509-46a2-96bb-8e3024660b91,web,Chrome,Chrome 117,2.2.17,985865bd89bc61ce0c0fef5d,True,2025-04-05 13:05:21,2026-02-19 15:50:35,2025-04-05 13:05:21
602cfbd4-7fdb-4982-a5a6-1b0a805cf8f5,a986cb8f-f1e5-4025-8653-002ed6be8eff,android,OnePlus 9,Android 13,3.8.9,6be105c58a0d11fad717ce1e,True,2025-08-01 11:17:48,2026-01-05 01:51:08,2025-08-01 11:17:48
d80a0b57-d194-4ecc-ad84-cd2709ebc701,1adbb67f-e957-45fb-b32b-9711247a233a,ios,iPhone 13,iOS 14.5,1.9.8,320744c9603c06f3caea3fa5,True,2025-04-28 08:31:06,2025-09-06 14:10:54,2025-04-28 08:31:06
8f6c3d59-e180-4154-bb24-1d2c57c80834,505ec57e-df56-4ee2-aa8f-1932bae48731,ios,iPhone SE,iOS 17.3,5.9.9,aea3a1cf22d05e64d22334ef,False,2025-08-06 08:05:37,2025-11-08 08:40:54,2025-08-06 08:05:37
64570f1a-9ad2-42cb-9c89-bcf7761c3221,2ce6253a-1922-4d97-bda0-be7c5920c7da,android,Xiaomi Mi 11,Android 12,3.3.13,166b1b97fd73f55fe41a9a6d,False,2026-03-01 09:09:12,2026-03-03 22:02:22,2026-03-01 09:09:12
9b9bdd01-3b69-410e-885e-c26728a30363,2ce6253a-1922-4d97-bda0-be7c5920c7da,web,Safari,Safari 16.3,2.1.8,075ed67476986688cf756977,True,2026-03-05 06:07:07,2026-03-06 20:35:09,2026-03-05 06:07:07
f6fcef53-f547-47bf-9927-7d68ef4687e6,03e94af8-9595-492a-b288-e32a6c25d7a0,android,Samsung Galaxy S21,Android 14,5.5.0,554e2b370ad882bd79af0735,False,2026-02-26 03:00:50,2026-03-09 08:22:52,2026-02-26 03:00:50
439b28e3-b5e2-443d-bd86-0c468b468d9f,03e94af8-9595-492a-b288-e32a6c25d7a0,ios,iPhone 15,iOS 16.1,5.9.11,f1fa597532477448102d47b6,True,2026-02-13 15:04:45,2026-02-19 21:43:21,2026-02-13 15:04:45
73443624-bece-4132-b7f2-aa972fae70e0,03e94af8-9595-492a-b288-e32a6c25d7a0,ios,iPhone 15,iOS 16.1,1.0.14,fa0a841eb987c9a1d08efab7,True,2026-02-28 03:33:30,2026-02-28 20:25:21,2026-02-28 03:33:30
b9fd7a18-7245-4d26-9978-c90046b33c88,8aa04db7-6ede-406b-a96a-6d641c83fcda,android,Samsung Galaxy S21,Android 11,1.0.19,db5059ce6c58f29082735655,True,2023-09-22 17:44:25,2025-02-11 09:10:33,2023-09-22 17:44:25
3a99bef4-bb2a-433a-aac0-f9644e58ad10,29e73184-c617-44af-b7fa-843e77668687,android,Samsung Galaxy S22,Android 13,2.3.7,14cb0ef162eb729f6a315481,True,2025-10-13 17:37:26,2025-10-16 16:49:05,2025-10-13 17:37:26
e0eadff7-ca0a-4685-ba87-ee6539ee333b,84e3f4e0-506c-4931-8a64-4ee6064b7758,ios,iPhone 12,iOS 17.3,3.4.3,40e4b0683f6ca616aca4aa75,True,2025-05-17 00:09:18,2026-02-28 17:44:33,2025-05-17 00:09:18
edf078fb-5fcf-48f9-894e-5416587edf79,84e3f4e0-506c-4931-8a64-4ee6064b7758,ios,iPhone 12,iOS 15.3,5.6.3,ce87fdc52945ec521839e17c,True,2025-10-29 03:48:28,2026-01-13 15:44:04,2025-10-29 03:48:28
0c929621-eb72-4e46-8516-ca0c9c0adcbe,b166422c-223d-4e93-9f17-623897f16b1b,android,OnePlus 9,Android 13,1.2.17,6ec3bd7e1076642e12925478,True,2024-04-26 00:02:48,2025-08-30 17:27:17,2024-04-26 00:02:48
1efb91d6-a063-494e-9c37-f76a4d737935,b166422c-223d-4e93-9f17-623897f16b1b,web,Firefox,Firefox 110,5.0.20,ac4fc7ca2ea544805cf65a98,False,2023-12-06 07:28:59,2025-12-13 20:20:05,2023-12-06 07:28:59
b7584ffb-d434-4aa7-a263-485bf5cbd60a,befc8c95-2f10-4a97-98e9-f3ba4e7a8227,ios,iPhone 15,iOS 15.3,2.1.14,45d8cf4fe8f81e74f4c3144f,True,2025-05-26 23:52:29,2026-01-21 05:58:40,2025-05-26 23:52:29
4efb4b1f-53d1-4638-b148-bc09daf59766,befc8c95-2f10-4a97-98e9-f3ba4e7a8227,android,Xiaomi Mi 11,Android 14,5.5.20,c5ebd40ed2c933e9a2209cce,False,2025-11-19 22:48:37,2026-02-16 22:53:06,2025-11-19 22:48:37
0a7537e4-38f6-4f9f-830d-1caed367ab93,04071ce5-2c59-4b60-b365-926441131bf4,web,Firefox,Firefox 113,2.4.12,df4c89f879cbd060c7ec39e2,True,2025-03-06 03:39:56,2025-08-31 00:40:11,2025-03-06 03:39:56
845506e5-aee4-43fe-b2d4-a7bc9c063e54,04071ce5-2c59-4b60-b365-926441131bf4,ios,iPhone 12,iOS 14.4,4.4.19,8356b63b8b62cbc14cf65eda,True,2025-07-07 09:15:51,2025-11-26 22:20:00,2025-07-07 09:15:51
a6e56cc3-8d36-4dd3-9e03-9012c65ad109,04071ce5-2c59-4b60-b365-926441131bf4,android,Huawei P40,Android 11,2.1.3,642034968ba8b579a913eb8a,True,2024-05-08 16:46:24,2025-07-23 00:30:47,2024-05-08 16:46:24
78a56a23-8545-4e99-b10e-4e7884063b0a,7435f0d1-49c8-465a-8cf5-b55886b3212f,android,OnePlus 9,Android 14,5.1.8,af90dafda090a9198e633c2f,True,2025-01-11 20:40:49,2025-12-07 04:12:28,2025-01-11 20:40:49
90101381-e721-4603-b055-204b9b086d8d,7435f0d1-49c8-465a-8cf5-b55886b3212f,android,Samsung Galaxy S22,Android 11,3.7.0,da325254b72023d0d5b03308,True,2025-03-09 19:56:50,2025-06-29 00:43:54,2025-03-09 19:56:50
cf719a00-5b59-434c-833a-1e358cca9f62,7435f0d1-49c8-465a-8cf5-b55886b3212f,android,Xiaomi Mi 11,Android 12,3.2.9,2097196e2e6bf00184c6804c,True,2025-08-01 20:00:27,2025-12-19 15:14:19,2025-08-01 20:00:27
8784e4cf-3863-4d55-96c2-bfde8c549b70,725fb8df-03bc-4a0d-918e-b137dde575d2,android,Samsung Galaxy S21,Android 11,1.4.16,a47931220f4888f933882d3c,False,2026-02-08 04:13:11,2026-02-08 10:20:38,2026-02-08 04:13:11
3b251402-da17-42fb-9965-8315a27cbdfe,725fb8df-03bc-4a0d-918e-b137dde575d2,android,OnePlus 9,Android 13,5.8.13,4bbb45d977a9371393ede347,True,2026-02-19 12:40:22,2026-03-04 03:40:59,2026-02-19 12:40:22
f17e126b-6f02-4b96-8c8b-547da9e7a06f,725fb8df-03bc-4a0d-918e-b137dde575d2,android,Huawei P40,Android 11,1.2.9,199339a3459cd926560b1f74,True,2026-02-12 02:11:38,2026-02-13 20:59:38,2026-02-12 02:11:38
e2eba966-d49f-4f31-be85-17e4310c393f,74ff7465-b3fa-4d49-9085-535168297fa1,android,Xiaomi Mi 11,Android 12,3.5.12,7ddcd01db099236344a15416,True,2026-01-01 09:13:58,2026-01-21 10:17:54,2026-01-01 09:13:58
a478481b-f95a-4097-bce0-8b9eee5618ab,74ff7465-b3fa-4d49-9085-535168297fa1,ios,iPhone SE,iOS 14.0,5.8.10,193c99f0fc45e6faff19730d,True,2025-07-24 02:50:46,2025-11-04 03:41:51,2025-07-24 02:50:46
bdcd5d8a-9137-4fe8-bf01-6d16b197c12f,ae54a833-d1e6-4b76-86c1-35fa65b91407,ios,iPhone 14,iOS 16.1,3.9.13,9a3f44ace570b110f8890dbc,False,2025-12-16 07:06:05,2026-03-05 17:07:42,2025-12-16 07:06:05
a1489038-4c58-464c-9b47-0871799b7454,ae54a833-d1e6-4b76-86c1-35fa65b91407,android,Huawei P40,Android 11,5.0.0,776a17ca1873a340b25246ec,True,2025-04-01 01:51:47,2025-08-04 08:10:05,2025-04-01 01:51:47
3f7f9726-b6e9-4065-b891-d4209f7138ab,ae54a833-d1e6-4b76-86c1-35fa65b91407,ios,iPhone 14,iOS 16.2,1.1.13,2dbe0f229b2b5ee570d003c3,False,2025-09-17 00:12:39,2025-11-12 07:17:22,2025-09-17 00:12:39
9b925066-43b0-4291-a7b0-a4e1a12345a3,3d294f53-ea61-44c7-8e77-8517da2da0a9,android,Samsung Galaxy S22,Android 13,4.7.16,2d653818f1b97f09e3d9c172,True,2025-12-31 14:48:19,2026-02-15 20:39:40,2025-12-31 14:48:19
1597e3ad-0a1b-4b79-8edc-b6ddc9cb5772,12facd86-9604-4a38-b55e-13ae3ea7b285,android,Huawei P40,Android 13,3.7.6,c4c940152a0b58adcf9f292f,True,2025-05-16 15:37:41,2025-11-22 15:33:40,2025-05-16 15:37:41
d1e9a163-a314-4c78-af2f-98f2b3f271bc,cbd3696c-215d-41fc-9d4b-66633404467a,android,Samsung Galaxy S21,Android 14,3.4.15,4e43d29868ce328787b17f52,True,2024-09-03 18:18:49,2025-11-26 11:56:33,2024-09-03 18:18:49
ad090a2f-1a3a-48b4-af42-5e51f6070663,21d3e1db-cb52-438f-87a3-22826a4fc34c,ios,iPhone 14,iOS 15.1,2.2.18,656f3c8a77236bb82dba92be,True,2025-05-14 19:00:27,2025-09-09 01:53:45,2025-05-14 19:00:27
b80b9b15-2ac3-41f5-bade-7bcb40cb904e,21d3e1db-cb52-438f-87a3-22826a4fc34c,ios,iPhone 15,iOS 15.1,3.5.17,99fc1ed67cb045bf6324b8f9,True,2025-11-06 00:01:06,2025-11-15 17:59:08,2025-11-06 00:01:06
c8efded7-7cf2-46b0-8111-62afe649e69e,08e53a63-d281-4fc2-9e61-19ce79704735,android,Samsung Galaxy S22,Android 14,5.0.11,c393ed3512d7996a105226ed,True,2025-08-01 07:25:41,2026-02-05 15:55:47,2025-08-01 07:25:41
94b1e624-e096-43f7-bec6-869615aa670b,38b6abdd-7a19-4ede-b33a-b5d982ffb19f,web,Firefox,Firefox 115,2.8.19,706e8dbcd793179d9cd3ce25,False,2026-02-21 13:36:02,2026-02-22 00:43:35,2026-02-21 13:36:02
882984e0-dd1a-48dc-9f68-953b3576096a,38b6abdd-7a19-4ede-b33a-b5d982ffb19f,ios,iPhone SE,iOS 16.3,4.4.4,e0b448c70f103e3258c32674,True,2024-12-10 02:30:41,2026-02-04 13:38:22,2024-12-10 02:30:41
699836eb-247c-49f7-917f-7768493e8ed9,c4bab984-73fe-457d-93cc-59586383f877,android,Huawei P40,Android 11,2.5.11,5b51c30fa513577cf1b882ca,True,2025-07-05 07:55:45,2025-10-04 02:47:37,2025-07-05 07:55:45
905d2a74-c011-414d-a17a-c5efb284a46e,c4bab984-73fe-457d-93cc-59586383f877,ios,iPhone 12,iOS 17.5,2.0.10,8dbbd9afdb6ab5dc1e3b765b,True,2025-08-16 03:23:43,2026-02-25 19:56:11,2025-08-16 03:23:43
d82c8e40-0d0c-4bca-bb46-1352fc611e2b,73b52caf-6c34-4bdf-9376-893d6f01d778,ios,iPhone SE,iOS 16.4,3.7.7,d78cdd8f0fd1c9d56af7276f,True,2024-10-20 17:58:14,2025-03-06 11:34:50,2024-10-20 17:58:14
ce649756-d0b7-4fec-a389-4643561e772c,73b52caf-6c34-4bdf-9376-893d6f01d778,ios,iPhone SE,iOS 17.4,1.5.15,5335f1a55c98cb6f958a44c2,True,2025-01-17 18:23:31,2025-08-14 22:13:06,2025-01-17 18:23:31
36f36ebc-fb5a-4760-b46b-fed373f10f05,73b52caf-6c34-4bdf-9376-893d6f01d778,android,OnePlus 9,Android 12,4.8.14,50c25e7f77220f0a6108908d,True,2025-07-15 15:38:44,2025-11-27 18:55:19,2025-07-15 15:38:44
ed696a96-7e31-4f38-9e81-7cee87df6444,2fe4a342-239f-45f4-b822-e4bae34937a5,web,Safari,Safari 18.5,5.0.10,3d3198c9a9a716926b4eeb16,False,2025-08-25 07:30:42,2025-10-31 10:18:07,2025-08-25 07:30:42
754476ff-512f-4e4a-bbc4-c29ece5061d3,2fe4a342-239f-45f4-b822-e4bae34937a5,android,Samsung Galaxy S22,Android 13,5.6.7,4d8dd3fd019be584398d655e,True,2025-03-08 20:20:45,2025-09-09 20:35:54,2025-03-08 20:20:45
b49a27f1-d4e0-4a32-8f16-025256ebfcd6,4458af26-f60f-46f6-8235-b009691df412,android,OnePlus 9,Android 13,5.6.14,1c4a45412216894f67e47bea,True,2025-10-08 22:00:49,2025-12-21 08:26:55,2025-10-08 22:00:49
127872ca-2147-4984-8fbf-30aab245dee7,e8089ebe-5c7a-453c-b325-1470bef903f9,android,OnePlus 9,Android 13,2.7.10,3cae0983c21244818a68f48f,True,2026-02-10 18:24:17,2026-03-06 04:36:02,2026-02-10 18:24:17
52b0a831-05f0-40ca-8042-440219a636ab,79ae9d3a-9c20-4559-80df-59e1cab92736,android,OnePlus 9,Android 12,1.6.4,5228b40114d5f5353b348b04,True,2025-01-10 14:24:28,2025-03-05 23:13:38,2025-01-10 14:24:28
232aaef8-9173-4505-8122-68b432b08d64,79ae9d3a-9c20-4559-80df-59e1cab92736,ios,iPhone 15,iOS 17.1,4.4.19,48892be9feb84dee6a8774c9,True,2025-10-03 07:21:15,2025-12-23 01:30:22,2025-10-03 07:21:15
d241162c-dcb9-4529-8f57-e3c9a603a1a3,e7b12d13-aaad-4996-95b0-84bd2a506185,ios,iPhone 12,iOS 17.0,5.5.19,b06c9a647c65a5418744c7a0,True,2025-10-01 20:11:09,2025-10-23 04:39:38,2025-10-01 20:11:09
5ebd7897-8cb3-4404-b6e0-0c817e1de0b3,af2d5120-7d89-4ce0-acaf-0863eb2d4f0b,ios,iPhone 15,iOS 14.1,2.7.14,0bf42dabf4270c82f277847b,False,2026-02-15 20:00:45,2026-03-04 10:45:46,2026-02-15 20:00:45
8de72eb6-e108-4c4c-b8fb-3bb3ac543c0f,af2d5120-7d89-4ce0-acaf-0863eb2d4f0b,ios,iPhone 15,iOS 15.0,5.0.1,d7994267701d78de985265f7,True,2026-02-18 20:17:08,2026-02-26 04:58:01,2026-02-18 20:17:08
c9249653-c176-4365-9d09-1da468280747,9f0baae4-d90f-4aa4-8e83-52ae6b32c1fe,ios,iPhone 13,iOS 17.1,2.7.15,aa49d64a72ff4e43532d4dc3,True,2025-10-13 05:05:36,2026-02-14 15:35:49,2025-10-13 05:05:36
9d67e510-f297-484f-88d3-5dce4fa18ceb,bbd821cc-a4bd-4d16-b940-45920460b6c6,android,Samsung Galaxy S21,Android 14,4.1.7,161611fc872062931bca6ef5,False,2026-02-21 05:07:30,2026-02-21 19:01:40,2026-02-21 05:07:30
c87ccd2e-551b-42e8-a2dc-455eb48d293c,bbd821cc-a4bd-4d16-b940-45920460b6c6,ios,iPhone 12,iOS 17.2,1.4.15,cd26d920925a96652458161e,True,2026-01-20 21:46:21,2026-02-08 20:27:19,2026-01-20 21:46:21
583aaf54-a793-422a-8376-05a4adc1de99,3434044a-db41-407e-b4a0-c47da071f2fd,android,OnePlus 9,Android 14,5.1.17,e5841b51521d1235d44d2196,True,2025-12-21 16:18:33,2025-12-22 13:28:19,2025-12-21 16:18:33
bed3b9e9-f40a-4016-ae9b-3b9c2b5ed1f6,f15bf5a7-6f69-4465-8e95-ed92090da332,ios,iPhone 14,iOS 15.3,2.4.3,662d5d78f98eae8b03c472a8,True,2025-05-31 22:50:29,2025-07-02 11:35:34,2025-05-31 22:50:29
0a1c889f-fe3c-4c89-9c1f-ca932dfd2a92,61d05953-03b8-4cc7-a676-53d5450c6a69,web,Edge,Edge 114,5.4.11,6dc0c54a188ac12be2c829a5,False,2025-11-01 17:51:31,2026-02-11 03:30:05,2025-11-01 17:51:31
b879e2fd-f230-41e1-9f63-73c3cd5070b9,cf1b8a78-d3e2-480d-8aaf-6eb7829cdcef,ios,iPhone SE,iOS 17.0,1.5.9,ebe300705e0bee38ace51fbb,True,2026-01-03 06:01:27,2026-03-07 23:45:04,2026-01-03 06:01:27
43df80b3-fdd9-41b2-9197-64f1c2fb4d51,b5bd1d4b-e575-4b93-89da-dca485c985e7,web,Edge,Edge 117,2.1.7,4a93c367cc0d81f7cbfc4604,True,2026-03-02 23:28:33,2026-03-08 04:01:53,2026-03-02 23:28:33
68da2a13-b745-4704-969b-81a40f51dd46,a4dbbf1b-83e3-4731-b00c-a786deadc47a,web,Chrome,Chrome 120,4.0.7,d3d8515aa376439003743a25,True,2026-01-25 14:18:57,2026-03-08 21:03:55,2026-01-25 14:18:57
21b34eee-3e30-4f10-8626-dc62d6f32b76,c7a6fc4c-e9f8-4bfa-aca8-4578426f1ce0,ios,iPhone 12,iOS 16.2,4.7.8,5687f6265b133fb3845835ba,True,2025-12-26 06:39:56,2026-01-16 12:51:38,2025-12-26 06:39:56
52b17bb1-ba4d-4948-aa35-32d165c66f3f,c7a6fc4c-e9f8-4bfa-aca8-4578426f1ce0,android,OnePlus 9,Android 12,1.7.11,0bd6f15a70d772f189d04eea,True,2026-01-10 23:36:21,2026-01-29 08:03:17,2026-01-10 23:36:21
a91ba139-2780-4a55-9cc8-a6289f88cbc3,c7a6fc4c-e9f8-4bfa-aca8-4578426f1ce0,android,Samsung Galaxy S22,Android 12,2.4.8,6c972e3e61997f85ed0ca117,True,2025-12-24 10:42:36,2026-02-01 01:39:57,2025-12-24 10:42:36
4baa746e-ac09-4f4c-9a0b-88d2730d9f14,67370f0d-b45e-4c7c-8f7f-bd0c74140040,android,Huawei P40,Android 11,2.2.4,0e5e0742970096f110221a5f,True,2026-01-31 09:43:30,2026-02-06 21:10:10,2026-01-31 09:43:30
1152dfaf-98bb-4fe7-83a1-46d48eae29d1,5b496235-c3dd-443b-9e7a-d0356f44e3ae,ios,iPhone 15,iOS 14.2,2.4.16,f423afbbda9c2685e6c8f2ed,True,2026-02-26 22:39:37,2026-03-03 04:10:51,2026-02-26 22:39:37
2cd8e5ab-a5a8-4578-b214-ff35e82c99bf,5b496235-c3dd-443b-9e7a-d0356f44e3ae,android,Samsung Galaxy S22,Android 12,1.7.17,cd2b05aa3df134dd7de577b8,True,2026-03-07 23:02:08,2026-03-09 08:34:12,2026-03-07 23:02:08
f23e5964-0968-4fa8-aca8-10e3a3b532bd,36a1c6f6-d580-4f7b-a0f0-efe5577aa422,ios,iPhone 15,iOS 14.5,2.5.10,c2f166b718e4f0dc48bc69e1,True,2025-07-26 18:01:22,2025-11-15 06:27:49,2025-07-26 18:01:22
f0699bdb-cd4b-4394-88eb-384276410878,337b9bce-79ea-463a-98f7-b7c05a758dfe,android,Xiaomi Mi 11,Android 14,4.4.15,787441d65743b430173d8ea8,False,2026-03-06 23:04:10,2026-03-07 15:36:26,2026-03-06 23:04:10
84d81f85-a99d-4364-b852-77b95913f8c2,90783b01-4ad3-44c2-ac22-72357d094ab0,ios,iPhone 13,iOS 17.4,3.5.0,365f769dd381468a10debf8f,True,2025-07-19 08:40:37,2025-10-19 18:23:02,2025-07-19 08:40:37
db1d5b41-adac-41f8-b270-2ba6fb41def9,90783b01-4ad3-44c2-ac22-72357d094ab0,ios,iPhone SE,iOS 16.3,4.4.11,dc1d28f2e46ebb0698059c87,True,2025-12-22 05:21:30,2026-01-23 05:36:31,2025-12-22 05:21:30
0c266175-755e-4d01-a6b6-e7f827b8d4f1,afabe3bc-5b0a-4d42-83f1-5b9cc998b1e5,web,Safari,Safari 17.0,5.0.12,f85f903249a565113583aa81,False,2025-07-26 03:36:54,2025-11-18 05:57:59,2025-07-26 03:36:54
fcfe6d12-c2a7-4ef8-83c5-c8fd8bc930ef,4faeec5e-11be-4e8f-be2e-4fff98c9321b,web,Edge,Edge 112,5.3.1,37add7cfe0a7fa0d9a319a90,True,2025-08-18 19:10:04,2025-09-23 16:17:12,2025-08-18 19:10:04
42551c80-9eb8-4dad-ae28-928f8a931194,4faeec5e-11be-4e8f-be2e-4fff98c9321b,android,Xiaomi Mi 11,Android 13,1.9.17,bc3432611f80fc95f3430290,True,2025-09-19 22:40:33,2025-10-13 22:20:55,2025-09-19 22:40:33
ddbd8e07-81ef-4c3a-aa2e-0333d93ceb24,b0838a48-f57e-4756-ba36-50b78ec0a558,android,Samsung Galaxy S22,Android 12,2.0.17,1ad0bf8fbdedf1502ab294e2,True,2025-12-03 11:59:58,2026-01-31 02:16:13,2025-12-03 11:59:58
a5bfa1ee-06ff-4985-bfca-f7f0b8323428,b0838a48-f57e-4756-ba36-50b78ec0a558,android,Samsung Galaxy S21,Android 13,2.6.7,aeb639813b68c587d9874423,False,2025-07-16 15:17:41,2025-07-17 07:12:21,2025-07-16 15:17:41
e6aa5779-d78e-4b36-beee-55b757d184b5,b0838a48-f57e-4756-ba36-50b78ec0a558,android,Samsung Galaxy S22,Android 14,1.0.9,13cbb60f40c77b2e6abeaa89,True,2024-05-06 08:09:24,2025-10-21 21:05:57,2024-05-06 08:09:24
6f8644ec-172e-4dfb-9eb0-9a100225ccc2,51b81847-eff5-4798-a588-0fbac019a455,android,Samsung Galaxy S21,Android 14,5.2.18,e609a13015a87796b0c438ed,True,2025-04-23 21:29:11,2025-06-11 01:51:58,2025-04-23 21:29:11
19abc157-9733-4ac7-876e-18615bde2e90,7c58cfeb-7b42-48f1-8658-7bad43a1c500,ios,iPhone 12,iOS 16.0,3.6.13,9b83f733e8368d55f2c8ac8e,True,2024-06-27 20:05:38,2024-11-20 08:34:51,2024-06-27 20:05:38
c2246734-3b3b-4c57-b77c-ad0e0fa0d797,7c58cfeb-7b42-48f1-8658-7bad43a1c500,ios,iPhone 14,iOS 16.1,1.1.1,e18d7cff87d79245ee315df4,True,2025-03-11 11:51:23,2025-05-14 14:46:37,2025-03-11 11:51:23
5a2bfe3f-ca22-48f3-b4e8-6f94db2b7884,7c58cfeb-7b42-48f1-8658-7bad43a1c500,android,Samsung Galaxy S22,Android 11,1.8.6,1cc07d4f88d891244c37a356,True,2023-07-03 05:24:14,2025-03-22 07:03:07,2023-07-03 05:24:14
326bb4cd-6ce2-439a-9b65-0d12e77e9f71,f67ebf72-f1b5-41fa-b9b8-7aacc41d3012,ios,iPhone 12,iOS 17.3,1.8.20,429930c96cc9f7076763d9b9,True,2025-06-27 06:48:52,2026-01-25 05:36:00,2025-06-27 06:48:52
547f0907-c329-4784-9815-174a73d6585b,f67ebf72-f1b5-41fa-b9b8-7aacc41d3012,android,Samsung Galaxy S21,Android 12,3.1.16,461052441f9989e70281671b,True,2025-08-17 01:19:22,2025-11-23 22:26:21,2025-08-17 01:19:22
9e41d126-07e7-40c4-9ddf-345906ccf5f7,4209f913-94cc-4324-8429-8b2a2543ce5a,web,Safari,Safari 18.4,4.0.4,3c8521d3303c461b9e524bf0,True,2026-01-12 16:47:37,2026-02-02 11:05:04,2026-01-12 16:47:37
67717a53-adc4-4af3-8b85-ca6e8523fdd9,4209f913-94cc-4324-8429-8b2a2543ce5a,ios,iPhone 13,iOS 17.5,5.2.2,5fed8c346f747a2626106cc0,True,2025-12-27 04:52:28,2025-12-30 07:03:04,2025-12-27 04:52:28
58a6c69f-4b35-4e0c-b147-d2c4f7e2363b,3dec21b6-cc3b-4648-b7a2-364f78bb9ee8,ios,iPhone 12,iOS 17.3,2.5.2,b3ff6b6f57522b36e3a21cfa,True,2026-01-11 13:55:05,2026-02-14 22:20:21,2026-01-11 13:55:05
28974502-9d47-47c2-96d6-af555d64cb5d,3dec21b6-cc3b-4648-b7a2-364f78bb9ee8,web,Safari,Safari 18.5,4.5.19,656b86d1e215f95ea67b87f9,True,2025-03-15 11:00:05,2025-05-12 01:03:57,2025-03-15 11:00:05
b3e90340-eba9-4959-b16d-a686ead5a2a9,4420cf96-82a5-4d87-aca2-0e93b5bd8171,web,Firefox,Firefox 119,2.0.17,6b3802744c73a42938cf309b,True,2026-02-13 13:23:50,2026-02-18 17:17:30,2026-02-13 13:23:50
94af2a4c-29aa-4012-803c-257899282167,144b3aa8-1cc4-403b-a209-94f83fafdcfb,ios,iPhone 13,iOS 15.2,3.9.11,80120478c0f1190719b3a202,True,2024-12-04 00:49:49,2024-12-22 11:03:50,2024-12-04 00:49:49
93370fbc-6571-46fb-89c0-df4a5de302a5,6ce0a702-40b1-422f-80cb-77706382e1c7,android,Huawei P40,Android 14,1.6.9,6ee9b1e0af1905ce86c63b45,True,2025-02-27 22:38:19,2025-07-06 16:14:52,2025-02-27 22:38:19
65f718e1-4d52-40b4-bb6e-f722f23894be,6ce0a702-40b1-422f-80cb-77706382e1c7,android,Samsung Galaxy S21,Android 11,2.2.16,09d27b2ef31363020ce8a3f1,False,2024-01-07 06:02:32,2025-08-30 21:15:49,2024-01-07 06:02:32
fc988335-9012-43ab-9cce-80addd278ff6,e37d9399-8d6b-49a1-aa9b-a9e787bf1bb3,android,Samsung Galaxy S21,Android 14,5.9.5,d867147171d07d2f039a889b,True,2025-10-30 02:16:16,2025-11-19 13:09:39,2025-10-30 02:16:16
6b934006-4b1f-437e-9b2c-3fa2937276fa,e37d9399-8d6b-49a1-aa9b-a9e787bf1bb3,ios,iPhone 15,iOS 16.3,4.1.12,4786ee902655416793318f94,True,2026-02-16 07:45:58,2026-02-16 20:54:23,2026-02-16 07:45:58
64b33520-6381-42dd-b9d7-9aea5b995198,0b22a174-585e-4b99-9ed6-932b83b625f4,android,OnePlus 9,Android 11,3.8.13,7c6b19aca90e790b2a403295,True,2023-09-29 12:45:57,2024-08-12 20:44:25,2023-09-29 12:45:57
00a22d76-c882-4173-8363-b2ef838c0764,0b22a174-585e-4b99-9ed6-932b83b625f4,android,OnePlus 9,Android 11,1.4.14,f9edd490e534b5e86ae5e647,True,2023-11-07 06:20:29,2024-06-23 13:28:33,2023-11-07 06:20:29
3d4d103b-2ef0-4e10-b5d4-739d674e835f,cede806f-28b8-44da-a8e1-3007c66987fc,ios,iPhone 14,iOS 17.5,3.2.16,e1189f8003fab487fc09608b,True,2026-02-01 03:15:34,2026-02-11 03:40:59,2026-02-01 03:15:34
d1e69062-83f3-4dda-832b-c0ee804faa04,3a6b7ac4-4d04-41ba-9240-743a61a469c3,ios,iPhone SE,iOS 17.0,2.1.11,c06a380625ded0c52970b9e1,True,2024-07-29 12:30:10,2025-05-18 03:07:07,2024-07-29 12:30:10
cbc2370e-19f3-4c50-b329-cfe9f542be24,d33c7b20-d6ae-4aff-8465-3f758332e367,android,OnePlus 9,Android 14,1.7.0,3036e716bceb367c33e3dac8,False,2025-07-04 04:20:08,2026-01-14 19:46:47,2025-07-04 04:20:08
0c551b7c-4a6b-4934-835a-d5d979299c03,d33c7b20-d6ae-4aff-8465-3f758332e367,web,Firefox,Firefox 122,3.1.7,b7fddd64ca82553342f3ee59,True,2025-06-26 01:57:00,2026-01-24 09:14:21,2025-06-26 01:57:00
16012d7f-4206-4971-bf68-ec6a8c4e3eee,203e2aff-59bb-4e63-b5c4-698d84e67dca,ios,iPhone 14,iOS 16.1,3.3.11,10d4d262418b12d743192ded,True,2025-09-13 06:49:47,2025-11-04 21:57:32,2025-09-13 06:49:47
521a5605-a240-4017-83fe-616755c450e3,203e2aff-59bb-4e63-b5c4-698d84e67dca,ios,iPhone 13,iOS 14.5,1.2.20,0c99a8beb128a7b20815d532,True,2025-06-16 22:52:38,2026-02-23 07:24:46,2025-06-16 22:52:38
acd6e3b6-157f-43ec-b99b-6673de87a289,f01fe988-0f2b-4f73-bd91-55aa1d4348b4,android,Samsung Galaxy S22,Android 13,2.1.3,1f1915ac55019880f83e2c29,True,2025-12-04 18:33:11,2026-01-06 00:17:39,2025-12-04 18:33:11
7cd6c0be-0f24-4522-9fb5-ffc8e4214be2,582bc816-2084-435e-8abc-4741d3e6cfac,android,Samsung Galaxy S22,Android 11,1.1.19,36beaff963b9d440e0b38125,False,2025-07-10 14:41:03,2025-11-02 11:03:45,2025-07-10 14:41:03
3fe2c074-f03d-44ef-866b-3efbb3eb027b,3f27fbe0-f285-4ee1-9f94-580cd623fe7f,android,Samsung Galaxy S21,Android 13,1.4.17,1b7214235c1ba673761db4f4,True,2026-01-26 15:23:25,2026-02-21 04:19:01,2026-01-26 15:23:25
142ff28d-5c89-44fa-9a6b-d3e958c2bc66,3f27fbe0-f285-4ee1-9f94-580cd623fe7f,android,Huawei P40,Android 14,3.3.11,4e8a6f3c28cbb7c9bd2074bf,True,2026-02-18 14:52:28,2026-03-09 06:57:03,2026-02-18 14:52:28
923f371d-0788-447e-bfbc-385694e467c9,ab2a8cf1-2541-4315-8ac6-c5798889039e,ios,iPhone SE,iOS 15.4,5.9.10,e7afc665255779f9f5464a6a,True,2025-09-13 13:59:49,2025-10-29 23:04:35,2025-09-13 13:59:49
c45b9327-8676-49f8-9f6e-1d2a881b2332,b423287c-e9d0-43b3-ba3f-3658f91e2e9e,ios,iPhone SE,iOS 15.5,2.4.0,e2ced452362efcaa58ff06b8,True,2025-07-04 01:56:26,2026-01-24 12:39:29,2025-07-04 01:56:26
3c557e97-467e-4817-95aa-7b7506d83074,b423287c-e9d0-43b3-ba3f-3658f91e2e9e,android,Huawei P40,Android 12,4.4.14,c9c25c5d5978627a814d08dc,True,2026-03-02 18:20:59,2026-03-07 17:46:28,2026-03-02 18:20:59
ec6ec956-609d-4445-99f6-26a5b3fc7b28,b423287c-e9d0-43b3-ba3f-3658f91e2e9e,ios,iPhone SE,iOS 14.2,2.5.18,32f48cd25077ab541a8eb7f7,True,2025-04-19 11:21:53,2025-10-16 22:28:42,2025-04-19 11:21:53
61c0da4e-ba9d-4288-9c68-248bd366eaef,13fa70e2-97af-4605-9f55-967f6318e65a,android,Samsung Galaxy S22,Android 11,2.4.14,184f874757382bc8f5b7be00,True,2025-04-04 08:15:07,2025-06-28 05:53:52,2025-04-04 08:15:07
ab57a4ed-72d5-438b-8a68-3a8fd325a70b,320b2ead-2160-48f0-a829-49a14bca861b,web,Edge,Edge 111,2.4.10,33d448c485b01a3e8ba155c8,True,2025-03-09 22:54:37,2026-02-04 00:56:09,2025-03-09 22:54:37
0e79444c-5147-438e-941f-4bcd98e45595,69fa5ef5-60e3-4082-b8f3-ca0486240d96,android,Samsung Galaxy S21,Android 12,3.7.20,1e83bcf077989052792653c8,True,2026-01-15 01:57:27,2026-03-04 01:00:48,2026-01-15 01:57:27
1c2b0d8e-b453-4b83-b301-bb0bee595353,09d776dc-ad73-4ddb-b601-bd27aa0482bf,android,OnePlus 9,Android 12,4.0.11,d4ba9b2ac39a4588715e4fa9,True,2024-08-27 11:05:24,2024-10-05 18:25:40,2024-08-27 11:05:24
2628f954-5cf6-4104-8331-e6068a97c35c,09d776dc-ad73-4ddb-b601-bd27aa0482bf,android,Huawei P40,Android 14,3.0.8,b194788628c22aef7dbb1dfa,True,2024-11-17 02:56:51,2025-07-17 17:04:26,2024-11-17 02:56:51
64ad809b-ebbb-4743-b387-9f087b7f4c0f,78929651-1a12-48b5-a890-332b8e255fc6,ios,iPhone 12,iOS 16.0,3.7.5,12591c769e9764c4e38d0120,True,2023-10-05 02:45:51,2026-01-20 11:10:08,2023-10-05 02:45:51
d2ad25b8-bdf4-4d62-8c84-26e99b3f686f,78929651-1a12-48b5-a890-332b8e255fc6,ios,iPhone 12,iOS 14.0,1.8.7,13efa9051c1eebb3690aabc9,True,2024-11-08 02:32:05,2025-08-05 14:31:16,2024-11-08 02:32:05
0317edb5-9729-4e19-9205-ff441a1ecfc0,e20060ce-c30f-40b0-9137-2fb625da5802,ios,iPhone 14,iOS 16.2,5.9.20,ad9864fdf91cde676d1685b8,True,2025-03-05 14:02:59,2025-08-06 22:19:49,2025-03-05 14:02:59
ada1d832-2777-4176-84f7-b2b8f4741055,7fe55106-d06e-48f9-ad85-e434a1bad718,android,Xiaomi Mi 11,Android 12,1.1.3,8aa94142936fbe793ada5c8f,False,2025-01-03 21:06:43,2025-01-17 12:03:33,2025-01-03 21:06:43
5802636f-841a-4f44-9e6a-05e4910bbb52,7fe55106-d06e-48f9-ad85-e434a1bad718,android,Huawei P40,Android 11,5.4.5,146597a9e18196e9a0866696,True,2026-01-04 04:48:50,2026-02-26 06:15:21,2026-01-04 04:48:50
364ec0ae-1deb-4053-805c-a63ae4b28cdb,bf8b5fb6-b6e5-4433-b8d0-abd65eaad686,android,Samsung Galaxy S21,Android 14,2.5.0,73ea47a54f383939f3de6e5c,True,2025-07-29 00:53:06,2025-12-17 09:50:56,2025-07-29 00:53:06
2eb86e53-706e-426d-a4b7-38e6c8946943,bf8b5fb6-b6e5-4433-b8d0-abd65eaad686,android,OnePlus 9,Android 13,2.0.6,90f8689111590593b5e00a2c,True,2023-06-10 11:41:31,2025-07-29 07:41:07,2023-06-10 11:41:31
022ae2b1-6556-4842-b3c8-fbc0be0c66fd,d1baab9e-5831-4f6c-8b78-9b2488bb3ed8,ios,iPhone 15,iOS 15.3,3.3.18,563bc7cab53049666376c3e3,True,2025-04-21 07:33:06,2026-01-15 11:51:01,2025-04-21 07:33:06
de1ff070-1ef9-4438-9e9e-65fb542fb92f,8b07fc13-2807-49e5-94c5-0df9314e0cc9,ios,iPhone 14,iOS 16.4,5.1.5,31401cdb7c4ae57066548b6a,True,2026-02-20 05:50:24,2026-02-24 19:32:13,2026-02-20 05:50:24
254f2e0b-49a3-419d-b753-2e9f789f5784,8b07fc13-2807-49e5-94c5-0df9314e0cc9,android,OnePlus 9,Android 14,3.9.9,a922cdb403bca1b86df01fb9,True,2026-01-22 18:18:03,2026-02-08 00:48:33,2026-01-22 18:18:03
33bca074-5838-49e2-8e1a-7d96faf7cb0f,f671b6c9-aebb-4041-bc32-92353eb2494a,android,Xiaomi Mi 11,Android 11,1.9.12,230037c0600b0aba9deb6164,True,2025-12-30 16:04:04,2026-01-15 17:09:56,2025-12-30 16:04:04
abf3df96-e4ba-4691-8567-f6c9708c1b3e,2d22375b-32ab-46a8-aaad-6199a147a9fd,ios,iPhone SE,iOS 16.1,4.7.10,71e80dd9fc5b3095628c9f6e,False,2025-03-27 21:06:43,2025-05-08 10:00:21,2025-03-27 21:06:43
7b030726-6f9a-45fd-a72b-f110dc755dba,b89f72b7-d931-4278-83c3-79df0b5a2693,ios,iPhone 14,iOS 14.3,3.6.8,05319b8906c4f58711d2806c,True,2025-08-12 06:42:14,2026-03-02 01:14:51,2025-08-12 06:42:14
a6449144-11b7-476d-920c-0c9c1fd82eb9,b89f72b7-d931-4278-83c3-79df0b5a2693,android,Samsung Galaxy S22,Android 12,3.6.12,cb7c04607c4a77c69955326a,True,2025-02-25 17:59:55,2025-03-30 19:48:03,2025-02-25 17:59:55
47a07171-d23f-4e07-b054-251fbebd8a14,74ce2a7f-b89f-4cb9-a591-c9d93fdcc490,android,OnePlus 9,Android 12,2.2.2,a6c1fa9214b3543dc831d606,False,2025-09-02 14:10:45,2025-09-13 08:45:40,2025-09-02 14:10:45
a17cf235-2cdc-43af-8ebe-5d6521069e95,74ce2a7f-b89f-4cb9-a591-c9d93fdcc490,ios,iPhone 15,iOS 17.3,1.9.10,72b84f357e33d646aa8e4858,True,2025-06-25 16:36:33,2025-12-14 04:26:33,2025-06-25 16:36:33
9ad55bdc-3cfc-4208-8d16-4b6d6c46ae82,2a9fbcb6-fbf9-4997-8bb8-d16b99f6c2a9,android,Xiaomi Mi 11,Android 12,3.5.8,78f26b91c36513a602925465,True,2024-01-19 12:44:35,2024-11-15 00:53:18,2024-01-19 12:44:35
7766fbc4-10fa-47f0-bb77-bdb618e67a09,2a9fbcb6-fbf9-4997-8bb8-d16b99f6c2a9,ios,iPhone 14,iOS 14.0,5.7.16,dfb15761f8bb5222b6bdc1cb,True,2025-12-18 12:41:49,2026-02-10 11:52:00,2025-12-18 12:41:49
a1c13a3c-46a6-4b28-8b99-9eb1afc6241b,2a9fbcb6-fbf9-4997-8bb8-d16b99f6c2a9,web,Chrome,Chrome 119,4.9.13,f5ff56ebf61d358e39197327,True,2025-01-28 21:34:35,2025-11-14 07:23:07,2025-01-28 21:34:35
7ce9ea51-f0b0-4588-b396-6dfaf73b4324,5b5d7b5d-88a0-4fb6-96ee-c74171a0e3fa,ios,iPhone 15,iOS 14.1,4.6.3,6d1de948a691aa0f2b286612,True,2026-02-23 03:17:17,2026-02-24 06:12:41,2026-02-23 03:17:17
1e688f3e-876e-4eb5-9eb5-294f928981d3,5b5d7b5d-88a0-4fb6-96ee-c74171a0e3fa,ios,iPhone 12,iOS 15.2,2.8.15,3749fd22372e4ad6446adfb0,True,2025-08-10 23:06:11,2025-10-07 19:05:50,2025-08-10 23:06:11
fb17aef5-09ee-4fbb-b2db-e1e47d25f398,5b5d7b5d-88a0-4fb6-96ee-c74171a0e3fa,web,Safari,Safari 16.3,4.9.16,b69fa4521e14f8bc7880156f,True,2026-01-23 12:31:59,2026-01-25 07:23:51,2026-01-23 12:31:59
0bfaf164-538e-43b4-ac60-16b2c00f1835,1c226a65-4262-404c-84cb-62b27cd60f8c,ios,iPhone 15,iOS 15.3,2.4.17,1707333acba829863bb5c210,True,2026-03-02 13:01:35,2026-03-08 14:58:59,2026-03-02 13:01:35
de4aba09-fead-433a-a44d-5a8328b57124,1c226a65-4262-404c-84cb-62b27cd60f8c,android,Samsung Galaxy S22,Android 13,2.3.7,d0f5aa1dd3e9522a3381d354,True,2026-02-12 08:22:27,2026-02-16 14:48:13,2026-02-12 08:22:27
b3021346-a516-40cf-952f-558de788b70f,beb0ff5d-6bd2-4296-8e2d-42fbde3f4f36,android,Samsung Galaxy S21,Android 13,1.0.6,5f25ce5a83a516141f44b837,True,2024-12-08 07:48:52,2025-02-14 12:19:44,2024-12-08 07:48:52
38c2db4e-03bd-45c3-babe-904946df468e,beb0ff5d-6bd2-4296-8e2d-42fbde3f4f36,ios,iPhone 12,iOS 16.4,5.3.18,45ce3ac47acd963fae1c7b3a,True,2023-11-24 02:57:43,2024-07-01 12:46:43,2023-11-24 02:57:43
6d8878db-7d7a-482c-9651-f19b806f7c0e,5e418b26-c40e-4db1-a8e8-e2e01543d0ea,android,Samsung Galaxy S22,Android 11,1.9.2,2b949128d632fa2d72c997b9,False,2024-08-23 10:51:43,2025-10-23 15:18:02,2024-08-23 10:51:43
f606fe4d-d2e3-48fd-a477-dc246a9a78eb,5e418b26-c40e-4db1-a8e8-e2e01543d0ea,android,OnePlus 9,Android 13,3.1.17,437d0811c8d2f59f348839a8,True,2023-06-01 04:28:14,2023-07-30 10:04:29,2023-06-01 04:28:14
322dfa8a-25a7-422c-a29c-0019dea3fcd9,b49acb65-da3f-46a6-8739-2e1b90602e86,android,Samsung Galaxy S22,Android 12,2.9.12,1e542561913f604f6a58f87d,True,2025-01-30 06:18:54,2026-03-08 14:13:27,2025-01-30 06:18:54
3dafcfcc-da85-4985-9f63-9dada270969d,f08dc473-54b3-4ee4-8ce2-6420a94807e2,ios,iPhone 15,iOS 15.0,1.1.15,c0665fb0bd93904745e6ac24,True,2026-03-08 21:20:23,2026-03-09 08:45:09,2026-03-08 21:20:23
31ae5cb9-6ecb-4adb-8620-67d91477a929,f08dc473-54b3-4ee4-8ce2-6420a94807e2,android,Huawei P40,Android 13,4.1.18,dd642a163c52d795f29de6a0,True,2026-03-08 17:42:22,2026-03-09 08:15:02,2026-03-08 17:42:22
54449f66-d0a7-4842-9236-c74109eb7259,f08dc473-54b3-4ee4-8ce2-6420a94807e2,android,OnePlus 9,Android 11,1.6.19,9af712fa56770cb6e1a65e1a,True,2026-03-08 10:41:35,2026-03-09 00:10:00,2026-03-08 10:41:35
a25d888f-ea67-4313-90fe-fea02fd12526,d3c16dcc-ec37-4e5f-8338-50b182ed6bfe,android,Samsung Galaxy S21,Android 11,2.8.9,cf20c5ed011048e428998089,True,2025-11-07 14:04:04,2025-12-02 14:03:07,2025-11-07 14:04:04
43dd80bd-bb75-4934-a69e-569a7c3967d0,d3c16dcc-ec37-4e5f-8338-50b182ed6bfe,android,Xiaomi Mi 11,Android 14,5.1.10,de3e725d1ba47c32e2b3fb58,True,2025-10-10 13:06:41,2026-02-06 18:16:30,2025-10-10 13:06:41
d3f744e0-3f45-48fe-84ea-65a1dab0017b,d3c16dcc-ec37-4e5f-8338-50b182ed6bfe,android,Samsung Galaxy S21,Android 14,3.7.20,44c7f66b3825145c3f9ee432,True,2026-02-17 15:11:57,2026-03-05 20:23:59,2026-02-17 15:11:57
83cc93dd-5677-45cc-b1f8-e72ce657e460,f7a11a59-a2ad-4ebe-b4d2-76f0b86fac2c,android,Huawei P40,Android 11,5.8.17,1b8f8c099154100047e458f9,False,2024-09-10 01:36:28,2024-09-17 15:35:09,2024-09-10 01:36:28
7f69bf3a-ff0c-4c05-a37d-0206ca4fa46a,72fe0b58-f23b-4d63-b482-29cfe5a96cd5,ios,iPhone 14,iOS 17.5,3.5.15,29a18b3d8ab95ea21562c7b2,False,2026-03-08 07:46:51,2026-03-08 10:31:57,2026-03-08 07:46:51
5518accf-f4cd-4edc-9683-8469d2881dd3,ff80b586-0393-4d0b-91dd-4a671cacc812,ios,iPhone 13,iOS 16.1,1.5.6,077f7ada98ffc6263ba7a116,True,2025-05-05 20:37:39,2025-07-19 08:38:08,2025-05-05 20:37:39
e17c6da5-8f99-4eb7-9030-9ea6d8c23849,ff80b586-0393-4d0b-91dd-4a671cacc812,android,OnePlus 9,Android 13,2.6.1,05c7e9356f76adb841441f36,True,2025-05-19 14:06:32,2025-11-07 02:31:43,2025-05-19 14:06:32
7c4cb251-6fdb-4f05-a810-5357f1b81553,dea2e2fb-4643-4dc7-9908-c01b81c95653,ios,iPhone 14,iOS 16.4,1.0.19,094f1d43ef69cafe89f991e4,False,2025-06-15 15:19:52,2026-01-09 00:04:12,2025-06-15 15:19:52
eaa5a41c-b903-4836-aca4-ae804c0ac683,dea2e2fb-4643-4dc7-9908-c01b81c95653,ios,iPhone 13,iOS 17.2,4.6.13,639b4b56ac6688f5c9a040c7,True,2025-05-17 17:55:34,2026-01-03 14:37:24,2025-05-17 17:55:34
438a5f07-6150-4f86-a38b-a0fb838302a6,207e3845-8a67-4e00-9bf2-c34bac006117,android,Huawei P40,Android 14,1.5.16,17133a8f4244bf26dcd0b8d9,False,2026-03-04 11:05:59,2026-03-04 18:03:47,2026-03-04 11:05:59
74be8bb9-c4d0-4ce8-b6b1-0d7775d61e87,207e3845-8a67-4e00-9bf2-c34bac006117,ios,iPhone SE,iOS 17.4,3.1.11,1b6336323f8ee6a3032620dc,True,2024-12-26 04:07:01,2025-07-03 22:29:45,2024-12-26 04:07:01
50630353-9bc7-452d-bf16-b83ba5cfcd7e,207e3845-8a67-4e00-9bf2-c34bac006117,ios,iPhone 14,iOS 16.3,2.5.7,e545db2c8abcdaad7a23d3d1,True,2025-05-24 00:28:59,2025-08-12 01:38:06,2025-05-24 00:28:59
50cf88fc-b4aa-4732-86da-8f7fcb49408c,b2455d7d-802c-49d1-b0b6-caf524607797,android,Huawei P40,Android 13,5.9.6,0b180ad1c2864400babbfab4,True,2025-07-12 03:22:08,2025-08-07 07:04:39,2025-07-12 03:22:08
d00790c2-2c64-4569-8d06-0a8807be59e4,b2455d7d-802c-49d1-b0b6-caf524607797,android,Samsung Galaxy S21,Android 13,4.8.4,65f36275a25bcdd6561a8c8a,False,2025-03-08 05:04:40,2025-08-06 17:16:35,2025-03-08 05:04:40
6b3d7cba-7ad3-456e-aa2c-abbd412ffc40,27c04acd-a332-4a5c-a406-2feaf6a5b48b,android,Samsung Galaxy S21,Android 11,1.1.12,defbee351918d4d25e332c5c,True,2025-11-14 10:53:03,2026-01-05 04:58:32,2025-11-14 10:53:03
9d040487-211b-4622-9583-a00f68cd501c,cf1a59ab-e6d6-4ec3-be8f-3e5188952822,android,Huawei P40,Android 12,3.8.6,db42a179f6bcbb171746306d,True,2025-12-23 11:49:38,2026-01-30 00:30:18,2025-12-23 11:49:38
b77decb8-ba27-4434-9edb-b463edf1704b,cf1a59ab-e6d6-4ec3-be8f-3e5188952822,ios,iPhone 13,iOS 16.2,3.6.4,c9f74ee5f87a3b7dfc7ee937,True,2026-03-06 22:13:15,2026-03-08 18:10:40,2026-03-06 22:13:15
28b57b9c-435e-4c35-aae4-ab20186fbba0,10ce3ec6-29b3-435e-956b-64b065ded397,android,Xiaomi Mi 11,Android 14,5.8.12,dca31c4f84db0d2370cf8b37,True,2025-07-15 12:28:18,2025-10-04 20:19:58,2025-07-15 12:28:18
f6eb6524-a7b3-47e5-b5b0-b6e5a401b07a,10ce3ec6-29b3-435e-956b-64b065ded397,android,Xiaomi Mi 11,Android 12,1.7.14,c4fef3fe8eefc1c19a4be3e4,True,2025-07-29 10:43:53,2026-02-13 20:13:30,2025-07-29 10:43:53
28b38ec5-f29e-4e2c-a0db-d99d8267133c,b6b3af61-3611-4ab5-a0e1-cd5937322378,android,OnePlus 9,Android 12,5.1.18,e130dbc460551b48c3e19dbb,True,2025-06-26 01:26:06,2026-01-16 11:57:05,2025-06-26 01:26:06
0ea79f43-6335-443f-83ea-f9bc66c6630c,f3cf5d91-7358-4110-835b-f2cb571a0d42,android,OnePlus 9,Android 12,2.2.0,ec793c033a7dfbe806e0114c,True,2024-02-10 04:57:28,2025-01-24 11:43:09,2024-02-10 04:57:28
246a7779-7162-4808-8058-53e77cf5a705,f3cf5d91-7358-4110-835b-f2cb571a0d42,android,OnePlus 9,Android 13,2.6.16,0323066dd596de4554873dac,True,2025-09-04 02:03:34,2025-09-15 09:11:02,2025-09-04 02:03:34
0d5632a4-b25e-4190-9d64-6299022b0807,66205045-b717-418f-bcc8-fa6de3678c23,android,Samsung Galaxy S21,Android 12,1.5.17,cf84a976cf5321d7e18f06ba,True,2025-12-20 23:06:15,2025-12-24 17:18:18,2025-12-20 23:06:15
de9f238e-0704-4a03-bb23-3b6d86c09d0b,66205045-b717-418f-bcc8-fa6de3678c23,ios,iPhone 12,iOS 15.5,1.3.8,e489b1bef75b60d7063ebfca,True,2024-03-21 23:02:05,2024-05-06 16:31:51,2024-03-21 23:02:05
dc164212-f0d8-4512-8cec-bb9632ea1024,7b16f812-9b8f-4db4-bd92-15285983d010,android,OnePlus 9,Android 14,4.1.20,564f757eea482244f1bc2d18,False,2025-05-26 08:45:06,2025-12-20 00:54:00,2025-05-26 08:45:06
943147f5-9733-46d2-9a3d-1a4dfab83356,7b16f812-9b8f-4db4-bd92-15285983d010,android,OnePlus 9,Android 11,2.4.10,b6a5980af47ee4670481e74b,True,2024-02-27 12:06:15,2025-11-27 05:12:05,2024-02-27 12:06:15
8075d334-d5ed-46d7-b493-ee89a00f3dc9,5ff43f8f-4470-4e2a-847a-a07269fe864f,android,Xiaomi Mi 11,Android 12,4.8.10,e88ff6aebd3e57d7400c1241,True,2026-01-04 17:06:06,2026-02-22 16:45:34,2026-01-04 17:06:06
6005d0f0-5bda-4730-874d-dfcc37525ade,5ff43f8f-4470-4e2a-847a-a07269fe864f,ios,iPhone 15,iOS 17.2,2.8.13,77fc67d729d6bf1d29ba1190,True,2026-02-26 21:20:58,2026-03-05 22:56:12,2026-02-26 21:20:58
9c2eb860-9e50-45c7-ad85-637271b727ea,1040f3e6-9a50-4f7e-8fc2-61be173729ff,android,Samsung Galaxy S21,Android 11,4.4.9,c3134fa802810c4589c2a46e,True,2025-11-15 18:14:29,2025-12-03 19:53:42,2025-11-15 18:14:29
61ffaaa6-fa44-4031-bd1b-ee096438cf7b,ab11188e-c0e9-46e0-adc0-02ddf69b011e,ios,iPhone 14,iOS 17.0,2.0.11,59e646d8c0f8b0665dfa540a,True,2026-01-31 16:00:57,2026-02-07 15:55:29,2026-01-31 16:00:57
d5da78fe-f8d1-4d8e-a3db-01ef1354202d,9a627ab6-dff5-4260-8089-0a4a2e3b0b3a,android,Samsung Galaxy S22,Android 13,5.9.8,7b1a78b1420bfe50f5692fac,True,2026-02-03 11:42:56,2026-02-11 14:18:23,2026-02-03 11:42:56
aa1f7d69-07bf-4012-beb0-8c102dc6ad5c,5aa5556e-c6d2-46d1-b889-1d29fac20b82,web,Edge,Edge 110,4.9.9,7c4eda30391706f4d904d6fe,True,2025-07-15 06:31:17,2025-12-02 07:11:37,2025-07-15 06:31:17
9412c89e-3f69-45e2-ac23-30d668a13d14,5aa5556e-c6d2-46d1-b889-1d29fac20b82,web,Chrome,Chrome 112,1.7.17,5f0018860b070e1c82bd057a,True,2025-09-08 06:22:34,2026-03-08 05:07:40,2025-09-08 06:22:34
dc8ee0d5-dfb0-40be-a0ff-82b735802884,f3240aa3-7a24-4fd9-9cda-a4db3063278e,ios,iPhone 12,iOS 16.4,4.5.9,7010a33c88fe9e483340bc37,True,2025-05-20 03:53:25,2025-10-20 06:15:47,2025-05-20 03:53:25
1f4f5936-838e-432b-afb1-f18fa0a17f41,ef5138b9-fd4f-4cdb-982e-d747c9c15eb2,android,Xiaomi Mi 11,Android 13,2.0.1,b21748b437f0a62a380b5564,False,2026-01-31 08:37:29,2026-02-05 03:31:50,2026-01-31 08:37:29
4eed4806-211b-402d-a664-b3d31c290787,1edd9132-a6ca-4cbc-bfdc-1d6e63d50b47,ios,iPhone 15,iOS 15.0,4.7.15,0d508b7517f160a042140dce,True,2025-11-30 13:24:12,2026-01-27 13:11:34,2025-11-30 13:24:12
20ffbd6d-027e-4012-9c93-bca06644e8aa,4e1677a5-e4d7-4d3b-8b41-52e3207edf1c,android,Samsung Galaxy S21,Android 13,2.9.16,eb7236246058775ee717e7f5,True,2025-11-23 10:29:27,2025-12-28 14:44:33,2025-11-23 10:29:27
55433828-b67f-4198-9b34-d501e8cb000c,4e1677a5-e4d7-4d3b-8b41-52e3207edf1c,android,OnePlus 9,Android 12,1.6.16,d3aece6a68daf43333bb97e0,True,2026-02-11 12:26:27,2026-03-07 05:17:17,2026-02-11 12:26:27
304c35d5-66de-434e-825d-bec430b4d0dd,deac7d28-7b9c-42ef-b6f5-87f87406ca57,android,Samsung Galaxy S21,Android 13,5.4.12,f374399c18d5f39b1a7c4a9d,False,2025-09-08 05:18:11,2025-10-15 08:45:40,2025-09-08 05:18:11
ac31b9aa-7eaa-4b6f-802c-2336cdda18e5,deac7d28-7b9c-42ef-b6f5-87f87406ca57,ios,iPhone 15,iOS 14.4,5.1.18,bf2a79519ce92fe9fd108f30,True,2025-12-27 21:17:07,2026-01-31 19:00:02,2025-12-27 21:17:07
54c433f9-4f97-4c67-b5e9-46e5aaca1e3d,5451ead1-24e4-4b09-b17c-6615e97d9e41,android,Samsung Galaxy S22,Android 11,5.4.11,7b89a19207dd90e019075049,True,2026-01-06 10:49:58,2026-02-05 12:47:59,2026-01-06 10:49:58
d59396c3-dd2c-4786-bc78-7ff3fe5df1cb,5451ead1-24e4-4b09-b17c-6615e97d9e41,android,Samsung Galaxy S21,Android 13,4.6.11,e9067aa34991f959ea140c1f,True,2024-12-18 23:31:13,2025-11-12 23:07:22,2024-12-18 23:31:13
f542c825-4fbd-44c6-b5df-23d7720c2143,5451ead1-24e4-4b09-b17c-6615e97d9e41,ios,iPhone 15,iOS 15.5,4.0.8,a304f0fef8f654181b4560ff,True,2025-04-20 16:34:59,2026-01-14 10:27:51,2025-04-20 16:34:59
1c15541b-725e-4a44-ae4c-779a8005b6b6,d6800bd4-e1c4-44b7-aaec-b46fd965fe1e,ios,iPhone 12,iOS 16.3,4.3.14,e170bbd30a535b344ec95842,True,2024-02-12 04:51:03,2025-05-17 18:39:08,2024-02-12 04:51:03
c56c2220-d25b-49df-a3e1-5e4b84fddf57,d6800bd4-e1c4-44b7-aaec-b46fd965fe1e,android,OnePlus 9,Android 13,5.5.6,aeba0a394e74c1f082befb15,True,2024-02-09 09:28:08,2024-07-20 17:06:18,2024-02-09 09:28:08
e051223c-961c-4738-9bc8-2affd44263d2,d6800bd4-e1c4-44b7-aaec-b46fd965fe1e,android,Huawei P40,Android 14,3.4.13,e1939bbd59760dc2debc606c,True,2023-09-01 10:28:14,2024-11-24 01:50:12,2023-09-01 10:28:14
6d9abdaf-8698-4ff3-8692-f472c01ef3ef,7bc3c6bd-8117-4f5b-8a2b-8e51a82d00e9,web,Firefox,Firefox 116,5.6.20,3c1779069dd78c3a0250df10,True,2025-06-09 23:06:23,2025-08-20 08:44:21,2025-06-09 23:06:23
1060373d-f6b0-4525-bc21-75c04600b436,7bc3c6bd-8117-4f5b-8a2b-8e51a82d00e9,web,Safari,Safari 18.0,5.2.13,3a217416e62dad47d2d6756a,True,2025-03-27 01:53:05,2025-12-01 00:33:12,2025-03-27 01:53:05
6b10c1a5-0cf0-4765-b274-f936c29942e0,82ce433b-f7b1-4521-8cab-f08038fde0eb,android,Huawei P40,Android 12,2.8.14,0869f222a65f1d6d61d6c8e9,True,2024-09-08 00:30:13,2024-10-21 15:07:16,2024-09-08 00:30:13
2f98187f-fbf7-4d97-964b-c7a63c4d0e42,45257120-4da1-4842-b1c1-7d184f3025e5,android,Samsung Galaxy S22,Android 13,1.4.10,11808d171bf67e99abaedb60,True,2025-07-20 00:00:51,2026-02-18 12:50:05,2025-07-20 00:00:51
739f1a88-1b5e-4712-87fd-3d3ea4dbc2d6,e16447ad-0fa9-4a0b-8a1f-1af05104ae98,android,OnePlus 9,Android 11,5.9.11,4f14c6a31e093a179707e5a4,True,2026-01-19 11:24:29,2026-02-27 15:42:34,2026-01-19 11:24:29
7aa2dfe3-7ede-4b58-9676-4563c96b4e89,56ca13a0-4c3b-4450-9835-0da9311258be,ios,iPhone 12,iOS 15.5,2.3.19,e4bfdcaa93595d9bd9273db8,True,2025-07-01 23:46:32,2025-12-31 10:32:51,2025-07-01 23:46:32
7de34aef-b6ac-405f-b069-f983a81d78d6,56ca13a0-4c3b-4450-9835-0da9311258be,ios,iPhone 12,iOS 14.5,4.4.20,3f0bf7908ed7aa86d47ed5d1,True,2025-02-19 02:45:35,2026-02-21 02:22:07,2025-02-19 02:45:35
ab845c52-00e4-4e41-9b58-9d618718c03d,9a25223f-6fe4-41bf-a30d-16d01bccafc8,ios,iPhone 12,iOS 15.3,4.7.3,211d035b35d9aa4ebb62d45b,False,2025-07-01 04:31:38,2025-07-07 08:57:30,2025-07-01 04:31:38
228b6d75-6cc5-4b0f-96ee-460ae93f060e,9a25223f-6fe4-41bf-a30d-16d01bccafc8,android,Xiaomi Mi 11,Android 13,4.4.1,712beb48d94a513624b702f1,True,2025-11-01 16:07:28,2025-12-31 20:46:30,2025-11-01 16:07:28
1919a374-ab3c-42b8-b54b-b8f4686b9760,9a25223f-6fe4-41bf-a30d-16d01bccafc8,android,OnePlus 9,Android 13,5.2.9,92aef4da621b532caf7b221a,False,2025-08-02 01:05:57,2026-02-25 08:39:52,2025-08-02 01:05:57
9024eae3-fcd6-4260-a592-76254a9a10ac,baf38cb8-7519-4c48-b8b7-fab8aeb86867,ios,iPhone 14,iOS 16.3,3.2.17,66dddbcb0c3872bc4d5e7c5d,True,2024-08-29 07:15:56,2025-08-26 12:16:28,2024-08-29 07:15:56
0b63fab1-3548-4ae5-8639-f40aabe8ac88,e6f7b29b-7920-46e3-811f-7b8bdf116474,ios,iPhone 13,iOS 17.5,2.7.20,a2fd223ce74008c1f491bc05,True,2025-11-19 18:18:28,2026-02-26 22:03:23,2025-11-19 18:18:28
e92f4b27-c3e0-487c-8d22-6fafe830952a,a23bb9a2-c181-4987-9177-7f927d44d6a9,android,OnePlus 9,Android 12,4.7.15,f33f9d447bbf9a93e70aa03b,True,2024-07-28 08:42:40,2026-01-17 08:28:14,2024-07-28 08:42:40
1c12ed01-a8d0-48d6-86c0-835cf6d3d962,a23bb9a2-c181-4987-9177-7f927d44d6a9,ios,iPhone 15,iOS 14.3,3.5.2,806facdc1de97fd184be0b9b,True,2025-07-11 19:03:05,2025-09-24 01:33:29,2025-07-11 19:03:05
a262977a-ca29-427e-870e-9a627efed19f,03a0dfdd-fb74-423c-aa8f-690978ab8d3d,android,OnePlus 9,Android 14,3.6.15,828b3e325db089d4daad75c6,True,2025-10-23 06:57:18,2026-01-22 11:58:37,2025-10-23 06:57:18
7f4854d7-f5f6-47c9-89f8-429e7a8d9bf1,03a0dfdd-fb74-423c-aa8f-690978ab8d3d,android,Samsung Galaxy S22,Android 12,2.3.9,793c5c2a5d434f988a10e577,True,2025-05-31 06:14:15,2025-09-12 09:47:53,2025-05-31 06:14:15
2a5e803b-04fb-429b-9af3-fbcedade3444,70178073-58d7-49f4-a8dd-016433b496df,web,Firefox,Firefox 117,5.9.6,29e8dc3420f3d5f9a3112458,True,2025-08-03 18:36:58,2025-11-13 05:03:17,2025-08-03 18:36:58
25431780-557d-4040-b5e7-493042879296,814ad686-28cf-40af-9ddc-196b1838886e,android,OnePlus 9,Android 13,1.4.2,9eb7040f53e3c258af713e7e,True,2025-11-10 08:11:40,2026-02-14 01:00:00,2025-11-10 08:11:40
cd25a010-8d6d-4b13-9e4b-06c6f6e2cb4e,814ad686-28cf-40af-9ddc-196b1838886e,ios,iPhone 12,iOS 15.4,3.7.18,e2dda2e760c9b40ac4b75312,True,2024-12-03 07:39:24,2025-10-17 00:15:14,2024-12-03 07:39:24
6acdc5fb-0f52-49af-ace7-a3df0faedaaf,013aa15c-8be6-44ec-9432-570c46dac6a9,android,OnePlus 9,Android 12,2.5.4,618ef2ee9d622a3950fc069e,True,2025-06-29 09:33:21,2025-08-23 11:28:10,2025-06-29 09:33:21
abcf0db7-1cad-4ff2-a4e2-423d8c3ac98a,6de817a3-b564-4b15-98d8-9cac2f67cd06,ios,iPhone 13,iOS 15.3,2.4.9,319f6e9e8b1cca5e86f63c79,True,2025-09-18 17:05:12,2025-10-01 21:50:12,2025-09-18 17:05:12
3f6b5ad8-eaf5-43f0-ba00-1e7f7fa5795a,2afd73fe-5d4f-4e26-b2d2-8c6ca3a94710,ios,iPhone 15,iOS 14.3,1.0.10,f140a2d39cebdee8573a2657,False,2024-12-12 04:29:39,2025-09-04 10:48:12,2024-12-12 04:29:39
81f01ccd-4d01-4b5a-abe5-fd366df17937,2afd73fe-5d4f-4e26-b2d2-8c6ca3a94710,android,Samsung Galaxy S21,Android 12,3.1.1,6160b2bb078026b9cc962fca,True,2025-05-17 10:35:01,2025-07-30 16:53:33,2025-05-17 10:35:01
46e1f92a-b071-4f5b-a1bd-3808c17d7487,2afd73fe-5d4f-4e26-b2d2-8c6ca3a94710,android,Samsung Galaxy S22,Android 14,5.2.15,6fdd7b2551f22914fb163460,True,2025-05-22 07:48:47,2025-06-24 04:17:47,2025-05-22 07:48:47
c6616c09-7c9e-4b54-8bd7-06bec99b3c80,a701b806-0950-4b85-9a70-927dbddb7d1d,ios,iPhone 14,iOS 15.4,1.9.13,dfd6eff4fec7142cf57a79da,True,2026-01-07 13:05:16,2026-01-10 08:05:14,2026-01-07 13:05:16
a465eed9-23e8-43bb-858b-c6b228a18b06,8003cf4e-4057-466b-b64b-8f4696f00224,android,Samsung Galaxy S21,Android 12,1.6.13,c0e0115278617f2f532280ba,True,2025-04-18 03:09:14,2026-01-25 14:44:05,2025-04-18 03:09:14
40ab8947-0771-443f-911e-bb2aca21c408,fb3d692e-fb76-49f0-a7f2-0dc972d4a775,ios,iPhone 14,iOS 16.2,2.0.13,ad91a40b8294ff7e42fe50f6,True,2025-07-22 09:26:40,2025-11-10 02:27:17,2025-07-22 09:26:40
8761f26b-22b7-4a43-93ed-6d0a6a866a5a,9d62589b-6f1d-4cbe-b71b-f1d69540d946,ios,iPhone 15,iOS 15.4,3.5.16,81a89d030344ab50fea2830b,True,2025-09-27 00:26:52,2025-09-29 12:13:02,2025-09-27 00:26:52
3f333ee0-820a-4880-88c3-ba6713c4200d,9d62589b-6f1d-4cbe-b71b-f1d69540d946,ios,iPhone 15,iOS 16.3,4.4.0,a819bf9b3a068542eee695b1,True,2025-08-15 04:43:23,2025-11-13 16:39:41,2025-08-15 04:43:23
2aee17e6-9c71-46a6-bff7-2dce215ec132,9d62589b-6f1d-4cbe-b71b-f1d69540d946,android,Samsung Galaxy S21,Android 12,3.0.13,969387d31b5373b4e4eebbb4,False,2025-08-06 08:32:23,2025-10-21 17:17:07,2025-08-06 08:32:23
80f4ac75-d203-462b-a704-0e7ae0534f21,c548f3d0-f9cc-459c-b397-5f552fb92c64,web,Edge,Edge 115,4.6.11,c9d9bf0e5422d2b35f916d1d,True,2025-09-06 14:12:20,2025-12-07 15:10:27,2025-09-06 14:12:20
cf5ea4d7-9a1d-4332-9490-dcf238a88d02,c548f3d0-f9cc-459c-b397-5f552fb92c64,android,Samsung Galaxy S22,Android 12,3.8.12,9eebdaa069f47ee555d87025,True,2026-02-26 20:34:32,2026-02-28 00:31:38,2026-02-26 20:34:32
d9336728-c287-41cc-9833-04d9d0937f74,c548f3d0-f9cc-459c-b397-5f552fb92c64,web,Safari,Safari 16.0,2.6.8,16ff2c9b8c6f7dff057d07dc,True,2025-10-27 05:39:49,2025-11-08 08:29:50,2025-10-27 05:39:49
62c8686a-5177-4633-84e4-d517b7e519dd,3f44b11e-1d9a-42ee-91d2-d14f6162cf00,android,Xiaomi Mi 11,Android 14,4.4.8,68d3853a1a4e7ced973df010,True,2025-10-22 16:55:11,2026-02-11 10:32:39,2025-10-22 16:55:11
2c2a3f70-9722-44ca-a399-5fac8cb35c8e,d99ab78b-3a5f-43bf-8d05-bed6a9749319,android,Samsung Galaxy S22,Android 13,2.3.0,7e006355bc24678097c93813,True,2025-11-22 06:44:15,2025-12-02 18:20:55,2025-11-22 06:44:15
aa73d29a-4929-4616-853c-490fa1e9c9bb,d99ab78b-3a5f-43bf-8d05-bed6a9749319,ios,iPhone 15,iOS 17.5,4.0.9,e8ea740573d3a9679a2bbd06,False,2025-08-22 22:54:44,2026-03-08 04:41:55,2025-08-22 22:54:44
01a6db0f-e55c-4681-827f-8adcd7f8cd09,1f517c08-9a8a-4562-91e7-47c5e3de6902,ios,iPhone 14,iOS 15.4,1.7.5,d89869a677d032893a8fbb80,True,2026-02-17 10:31:38,2026-03-08 16:47:52,2026-02-17 10:31:38
c2d30d44-ac71-475b-bd67-c4b098c5908f,1f517c08-9a8a-4562-91e7-47c5e3de6902,android,Samsung Galaxy S21,Android 12,4.7.0,33e430185e3a895abf6883df,True,2026-03-03 21:02:49,2026-03-08 10:06:17,2026-03-03 21:02:49
f7d89a30-08a3-4e09-a04f-3eed11786302,0a2b9162-08fc-4153-80a1-9326486ee44e,android,Huawei P40,Android 12,5.8.2,43bf4bb72be7cfaf3900d356,True,2026-01-07 15:12:13,2026-01-28 03:57:21,2026-01-07 15:12:13
cedba2d5-6c80-4701-983f-0d542c3d9291,bed98fb8-d159-43cc-b1ef-3af3ba5f26a4,ios,iPhone 15,iOS 16.4,1.4.8,1a837b900da9b081f759b5ed,True,2026-02-16 23:52:53,2026-02-18 13:24:16,2026-02-16 23:52:53
d79f0725-bbe8-4bf0-a90b-c309bea1886f,dcf08bc8-bdb3-432f-a1fe-592dba14e971,android,Samsung Galaxy S21,Android 13,2.2.9,dbc73b30c6f27f11f0e39b5b,False,2025-12-04 11:55:15,2026-01-29 02:31:52,2025-12-04 11:55:15
25bea5c9-2efb-4e63-946e-2008bf170108,dcf08bc8-bdb3-432f-a1fe-592dba14e971,android,Samsung Galaxy S21,Android 12,3.1.3,7039aece7479f00b75f75df2,True,2025-08-22 10:35:46,2025-12-26 12:06:19,2025-08-22 10:35:46
ad3cc5d1-cb7b-4ada-9db4-519057655256,72d2f8e1-3417-48c4-a15f-aee591f4828c,android,Huawei P40,Android 13,5.4.2,5aaa368c6972c799f5be8bd4,True,2025-06-07 06:23:33,2025-06-16 16:48:40,2025-06-07 06:23:33
218a8d43-e68d-4839-8d1e-028bf4c2eb09,97010ec3-e0e6-492a-aca0-6acd178584d7,android,Samsung Galaxy S21,Android 13,2.5.13,084fe6e1ffa246ddcb90fbee,True,2026-02-23 06:45:52,2026-03-04 20:01:58,2026-02-23 06:45:52
4a0ce4f7-9148-403b-a97d-982838e293a2,655a9577-f73b-4a0d-aa57-5bebb6f45e1f,ios,iPhone 12,iOS 14.3,3.2.16,9a64d36d5f04df5dc61e560e,False,2026-01-20 11:20:21,2026-01-22 20:58:12,2026-01-20 11:20:21
e12cc837-cb0a-4259-a637-bb434c1c1a1c,6d1f3e54-6dfd-4b1c-9773-59c60f2825d8,android,Samsung Galaxy S22,Android 13,3.2.17,585144e1b39e093142f00196,True,2026-01-02 13:31:47,2026-01-20 10:50:45,2026-01-02 13:31:47
da7e5116-2604-41d2-a620-c7b5dc0bc8bc,ee1a74fd-de8b-4384-88d1-196734364fcd,ios,iPhone 12,iOS 16.2,3.4.7,5221acb7fce68b2617c79121,True,2026-03-06 12:18:23,2026-03-06 22:58:34,2026-03-06 12:18:23
191c3658-38f6-4388-948f-aa1a35af54b2,df4d3a22-2b3e-41df-b7fc-d45da5091f38,android,OnePlus 9,Android 12,2.4.16,018057b23deaf472f2584a29,True,2024-01-21 22:25:40,2024-01-31 01:50:13,2024-01-21 22:25:40
bf294fc1-d631-4c77-9807-ebcf8320c84b,31a804c9-2994-404b-af64-7df3a6505dfa,android,OnePlus 9,Android 13,3.9.19,16a7d53f4fc2446d32138122,True,2025-11-26 07:46:34,2025-12-13 06:09:52,2025-11-26 07:46:34
8889772d-8f64-4cbf-9307-9205adaa017f,31a804c9-2994-404b-af64-7df3a6505dfa,android,Huawei P40,Android 14,1.5.2,9b609a3fb83e2316a99324ac,True,2024-08-21 20:59:00,2024-09-05 13:58:56,2024-08-21 20:59:00
0e229452-8056-4476-988b-b66b2ecffa6d,d628f513-2413-4683-9478-2824a72bf8a7,android,Huawei P40,Android 14,5.4.16,dfb48ea24410cf16da6b0fe4,True,2026-02-19 00:27:25,2026-02-24 18:34:19,2026-02-19 00:27:25
5426aaeb-f528-42ac-8410-420d3c0ea897,3c6a69ca-badc-4152-ab91-852d79bbc746,android,Samsung Galaxy S22,Android 11,3.8.9,ac45149399a189817b45141c,False,2025-11-07 19:13:23,2025-12-18 12:00:22,2025-11-07 19:13:23
88e23580-6d91-4205-9afc-5cb8bce91030,d03d3f97-a9e7-4dd0-b7f7-8fcdc002e562,ios,iPhone 13,iOS 15.1,3.0.9,ed13e31c61b43d672dbafb50,False,2025-11-17 09:55:32,2026-02-25 02:26:42,2025-11-17 09:55:32
ab2fde5f-6d08-4348-ac29-b7dfaa17f546,ad7a97ff-5dee-41b2-a952-11ab79d8e4b2,ios,iPhone SE,iOS 17.4,4.7.9,6279ef162b4eb96e3d40c85c,True,2025-12-24 14:42:26,2026-01-20 09:51:33,2025-12-24 14:42:26
85f01cfa-8f01-42da-9bcc-13c993b790db,f39933fa-724c-48aa-bdf1-0e146c7d095d,ios,iPhone SE,iOS 14.2,1.5.0,168d987b07d1de12f0e8385b,True,2025-11-21 16:51:41,2025-12-23 20:59:07,2025-11-21 16:51:41
62d62288-45c5-4ea2-ab61-01b9b903b4bb,69b214ff-3fe7-4910-a460-9ad644db0394,android,Huawei P40,Android 14,1.2.11,0e706cc07367ea0ec09420e9,True,2026-02-11 22:48:00,2026-03-03 23:48:20,2026-02-11 22:48:00
00c41bb4-d078-411a-a74e-fc7665dee1d3,69b214ff-3fe7-4910-a460-9ad644db0394,ios,iPhone 12,iOS 14.2,1.3.8,b2d9b900d90e7456f6c9c683,False,2026-02-21 02:46:59,2026-03-02 20:32:09,2026-02-21 02:46:59
9f49a369-4f55-4eeb-8a09-80b7f704e210,7bccf935-2f8a-45b7-88e6-9f3fef66d17e,android,Huawei P40,Android 11,4.8.7,bb1e687527d4e6ecd6ad6131,True,2025-12-24 06:35:03,2025-12-24 09:50:57,2025-12-24 06:35:03
69e2bba5-db78-44d1-978a-e1a05ffbf53d,07b6ee4c-7fc7-4616-8247-85a5b7c8f0a2,android,Xiaomi Mi 11,Android 13,4.1.12,b3a3165f0d884d3beba85def,True,2026-02-19 02:19:46,2026-03-01 10:55:48,2026-02-19 02:19:46
f744090f-b9e5-4b58-8ee0-f52bbd6acf2b,0ef82914-a067-43d4-9de1-083505415611,ios,iPhone 12,iOS 17.3,4.5.1,7a5039b6c8b53611de43b97c,True,2024-09-24 22:34:24,2025-10-04 02:10:20,2024-09-24 22:34:24
2b76bf8c-6ceb-47b2-aa85-88cf9f228e09,0ef82914-a067-43d4-9de1-083505415611,web,Chrome,Chrome 110,2.0.9,d4ab4e92437adf8f520ad438,True,2025-12-16 13:52:54,2026-01-01 12:55:02,2025-12-16 13:52:54
71c6c70c-577e-4613-b1ef-02ea1396da63,b954cda0-43a7-4c01-80f6-edc9f37922e7,ios,iPhone 13,iOS 17.0,1.1.9,5003e38ab846a13e8edbcfca,True,2024-06-14 08:42:19,2025-07-31 21:38:30,2024-06-14 08:42:19
bcb61ab5-15fd-47e2-bf69-a275f2ec6089,a8c91bab-1413-49c6-982e-866536888cae,android,Samsung Galaxy S22,Android 12,5.7.3,abd87db28c99dbb9e2a1418e,True,2024-10-25 06:44:19,2025-04-03 04:39:33,2024-10-25 06:44:19
39ad3016-484b-455f-8a2a-163d585fb61e,a8c91bab-1413-49c6-982e-866536888cae,ios,iPhone 15,iOS 15.4,1.0.5,f1ff63cbeecf10718617a7f9,True,2026-02-12 22:15:50,2026-02-26 17:25:36,2026-02-12 22:15:50
3ddcd92f-d859-416a-8133-881b38b7f8d3,9661b09b-b199-4ef1-aa0d-33d41231695b,ios,iPhone 15,iOS 17.1,4.3.10,3fdb06b055c44e26d0e6c38e,True,2025-03-14 22:22:51,2025-12-25 20:18:05,2025-03-14 22:22:51
aac978e7-9cfe-4229-98c5-bed07683944b,9661b09b-b199-4ef1-aa0d-33d41231695b,android,Samsung Galaxy S21,Android 13,4.1.8,4d6464c1c388ea47309e6927,True,2023-06-24 23:21:35,2024-10-06 10:26:06,2023-06-24 23:21:35
8d773b25-e1f6-4224-90f5-5636e21b4268,9661b09b-b199-4ef1-aa0d-33d41231695b,android,Samsung Galaxy S21,Android 12,1.0.1,8d484a937037f8be046f6c01,True,2024-11-15 10:54:46,2025-02-14 14:02:11,2024-11-15 10:54:46
3f069b87-44ae-44c9-9043-5aab3dc3d882,5bde0bcb-6724-4d17-be3d-8e7091f2d1a0,ios,iPhone SE,iOS 15.1,2.7.19,b4fc23c83c9c39ce4c2ea24e,True,2025-12-14 23:32:45,2026-01-06 01:18:58,2025-12-14 23:32:45
53b966ae-cb04-4467-a690-d92c476dfaf1,790b9a2f-d68f-4bd2-bf45-11500bc96a62,android,Samsung Galaxy S22,Android 12,2.1.6,06f925786e8c6cc8ae34a1f4,True,2025-08-29 16:09:18,2026-03-04 22:14:44,2025-08-29 16:09:18
ae850faf-46e2-4faf-9fc4-ce0ebc9336b5,bfa711b3-3cfb-4da6-93d9-9ae809ad7f50,android,Samsung Galaxy S21,Android 11,4.0.4,e13ad111ee82fa82b90b4bf8,True,2026-01-19 04:15:45,2026-02-12 06:27:11,2026-01-19 04:15:45
3c1294d2-fae3-43a6-abaa-dffec594a5d9,6ddf509e-ee53-4b84-88a4-e377fd37a776,ios,iPhone SE,iOS 17.1,1.1.19,b050dda4e61815a5d5962a86,True,2024-08-13 16:09:15,2026-01-01 08:51:23,2024-08-13 16:09:15
208b9c2e-9669-440b-a134-71b1af3cf778,6ddf509e-ee53-4b84-88a4-e377fd37a776,android,Samsung Galaxy S21,Android 13,2.7.18,ecd2737a6caf6d2e6ade45da,True,2024-03-21 22:20:44,2025-04-24 10:55:32,2024-03-21 22:20:44
2f6e7c60-3b9f-4585-b6aa-cbc20c43b2cc,7931ce6b-870c-4d2a-be74-52efc60b9a81,android,Samsung Galaxy S21,Android 11,3.2.8,899336c163bf3a1180fef02a,False,2026-03-04 02:29:38,2026-03-05 01:57:37,2026-03-04 02:29:38
cc1cca27-b967-4a68-b061-d52369cf5ae6,7931ce6b-870c-4d2a-be74-52efc60b9a81,ios,iPhone 14,iOS 15.5,1.6.20,4e81c9d1fa2a601334e79162,True,2025-12-06 16:10:23,2025-12-12 20:04:46,2025-12-06 16:10:23
a06781c3-babd-4cfb-b9db-7e68821802e4,5296936e-a86f-4315-a9cf-b86fab869999,android,Xiaomi Mi 11,Android 13,3.8.12,7728a5c3143fab2f620490f6,True,2026-01-16 19:52:54,2026-02-15 08:51:09,2026-01-16 19:52:54
342c3a20-d7b1-48f4-b32c-5caab1f9cf3c,5296936e-a86f-4315-a9cf-b86fab869999,android,OnePlus 9,Android 14,1.7.15,e99bcad0fc1cb3c58943061a,True,2023-10-23 16:58:40,2025-07-22 16:05:55,2023-10-23 16:58:40
2c098044-ff12-4756-8bb1-74ab6f21672d,5296936e-a86f-4315-a9cf-b86fab869999,ios,iPhone 12,iOS 15.4,4.4.0,f45cc58a19c438a44246fd29,True,2023-06-18 01:12:15,2023-10-01 10:04:53,2023-06-18 01:12:15
36649c1f-c82a-4341-8fe9-b5891ab8e330,1894eb90-7252-4942-8c3b-1e3c92066675,web,Chrome,Chrome 118,5.7.20,4a9b651599da02a34d1e5191,True,2025-01-03 04:39:41,2025-05-05 08:43:03,2025-01-03 04:39:41
3e9d2a90-d1b5-454c-ad9e-55ff356c85f4,1894eb90-7252-4942-8c3b-1e3c92066675,android,Samsung Galaxy S22,Android 11,3.7.17,2e5073b519479e4988e3f99b,True,2025-05-15 00:49:54,2025-07-10 07:59:14,2025-05-15 00:49:54
43d04e06-b30b-40e3-8be4-2db65de8fc91,1894eb90-7252-4942-8c3b-1e3c92066675,android,Samsung Galaxy S21,Android 14,2.2.4,51ac7769229f75f1dc075d4d,True,2025-10-07 12:45:28,2025-11-16 11:16:12,2025-10-07 12:45:28
ad8325ab-464d-434e-8364-eba87bf90ed5,76b75f9a-e579-4ddb-8cff-08dfdc4c42a4,android,Samsung Galaxy S22,Android 14,1.9.18,b6cba23323552eeb42e9a642,True,2026-03-08 20:40:18,2026-03-09 02:29:50,2026-03-08 20:40:18
7b530087-508c-4b48-9284-40022c959f3a,167deef7-7aa7-4d36-9347-6a7ec81f788a,ios,iPhone 14,iOS 14.1,4.2.11,ba6b9d70cfdc6ec1d2240e3a,True,2025-09-03 12:46:33,2025-10-24 01:17:34,2025-09-03 12:46:33
c5552816-90ff-46d4-b26d-6d96665d2c77,167deef7-7aa7-4d36-9347-6a7ec81f788a,android,Samsung Galaxy S22,Android 13,5.0.8,20ac9675a73331ed565c3acc,True,2025-02-04 12:53:24,2025-10-21 04:29:29,2025-02-04 12:53:24
3e8472cb-5b8a-4d2d-91e6-8004330e7d75,fcdbcdc6-62f3-4c70-8c59-b5c3bb5d22f6,android,Samsung Galaxy S22,Android 11,3.8.1,c3451eafcbcc60b900ab8d2e,True,2025-10-15 13:45:16,2025-11-20 21:41:36,2025-10-15 13:45:16
3d8e4878-b6f1-4f30-93e9-e3bebe6b3c89,fcdbcdc6-62f3-4c70-8c59-b5c3bb5d22f6,ios,iPhone 15,iOS 17.5,4.6.3,0b94f3417b41cdec2b905856,True,2025-12-11 05:45:36,2026-02-16 19:02:30,2025-12-11 05:45:36
6466ec71-493f-461a-9aca-8f50864fa71a,fa1564f6-5d4b-4bed-a45a-d76c686b3748,ios,iPhone 13,iOS 16.2,1.2.4,d34ff4147266d16dd494611d,True,2025-08-28 06:40:12,2025-10-17 16:16:12,2025-08-28 06:40:12
c33932be-4089-477b-b308-867abe42d24f,cc5f2c13-507e-4b36-b25c-e81e0d3fdf78,ios,iPhone 12,iOS 14.4,4.5.13,0a25ffbdd0605506471d997a,True,2025-09-01 20:22:24,2025-09-07 08:08:41,2025-09-01 20:22:24
8f6497ab-15e5-4533-a8f2-17eb578f69e6,cc5f2c13-507e-4b36-b25c-e81e0d3fdf78,ios,iPhone 15,iOS 17.0,2.1.2,6581aea7164b35b8b71d1491,True,2025-12-31 10:43:23,2026-02-12 06:36:28,2025-12-31 10:43:23
88e4f119-c480-4be3-bf98-fbf822da828e,a04229ac-7565-4107-8b7d-cdc79e696f35,ios,iPhone 13,iOS 14.4,4.3.20,a8e0e622caaf37ee0f9994aa,True,2025-10-26 14:56:36,2026-01-06 23:43:20,2025-10-26 14:56:36
5c7af88e-43bb-4c2e-bf14-92459f6cce53,a04229ac-7565-4107-8b7d-cdc79e696f35,android,OnePlus 9,Android 13,3.2.19,cda57feaa8dc706b561ac881,True,2025-04-06 16:15:05,2026-02-09 17:55:00,2025-04-06 16:15:05
682e8c70-9254-4b8b-a4f3-6c90e740403d,42bee440-6246-4a65-b5c3-b51cd499d88b,android,Samsung Galaxy S21,Android 13,2.3.2,8eed9233f5652c2938b259e8,True,2024-04-27 12:25:07,2025-07-30 14:42:35,2024-04-27 12:25:07
a15d0199-137e-4c4b-a57e-8cee5bceaaea,42bee440-6246-4a65-b5c3-b51cd499d88b,web,Chrome,Chrome 115,5.1.17,efe1ebe2cda61fa2114f0544,True,2025-04-27 02:34:54,2025-05-22 19:47:43,2025-04-27 02:34:54
67fd5ac5-4674-4db1-8a55-365ab85784bd,6a6f4f7b-d514-4e28-b23f-935b527bd105,android,Xiaomi Mi 11,Android 11,2.5.14,ef700e734af3d41727b7595a,True,2026-01-13 20:58:21,2026-02-02 11:46:31,2026-01-13 20:58:21
9035111c-5d77-4d3a-abc1-9433d34549aa,6a6f4f7b-d514-4e28-b23f-935b527bd105,web,Chrome,Chrome 113,4.0.9,c3ffa3b0497a9de09ee31d2c,True,2025-09-23 14:43:23,2025-11-25 04:07:28,2025-09-23 14:43:23
5059b917-ad14-4732-984b-a0b89da2bc1d,7f1ade6c-402b-453c-b7f3-145e75a66728,android,Samsung Galaxy S22,Android 13,1.1.19,8f6b09ae4dbb74f967b0c931,True,2025-12-02 02:40:05,2025-12-16 18:19:09,2025-12-02 02:40:05
afe76a30-5aca-43fc-a16e-f26dfccc5903,987fab15-80f4-417a-a8e9-89c4ed0d5261,android,OnePlus 9,Android 13,5.1.17,6125c1dfe9fbb4e49bb84d70,True,2025-08-21 22:24:22,2026-01-23 23:17:17,2025-08-21 22:24:22
ff089e6c-d969-4af7-a18b-bb75b183192f,987fab15-80f4-417a-a8e9-89c4ed0d5261,android,Samsung Galaxy S21,Android 13,4.0.5,31db5738bc140b1efa880aa5,True,2026-01-23 11:57:46,2026-03-05 00:33:00,2026-01-23 11:57:46
f3c72a1d-d8a3-4e6d-af57-d3d0c820cb68,987fab15-80f4-417a-a8e9-89c4ed0d5261,android,Xiaomi Mi 11,Android 13,4.8.19,10d2fd2d908729f328bb5c96,False,2025-08-01 02:27:35,2025-11-19 07:55:49,2025-08-01 02:27:35
751b7221-20be-4e90-9665-c778501d1cce,77195dd6-f1be-44d4-9ebc-22e92aa542b8,android,Samsung Galaxy S22,Android 11,2.1.18,885755ec5e953acc26acc858,True,2025-12-04 04:12:56,2026-02-06 08:13:54,2025-12-04 04:12:56
a3481a55-5031-4357-9ea6-c170b6c8e7fb,33d8f06b-5399-4153-bfb2-038bb396e65d,android,OnePlus 9,Android 14,5.1.1,4777c1620f4986b006c3538f,True,2025-12-10 14:16:20,2025-12-18 04:12:30,2025-12-10 14:16:20
f94f04d0-9f64-4a3a-a342-c6af796e1bd6,33d8f06b-5399-4153-bfb2-038bb396e65d,ios,iPhone 15,iOS 14.0,3.1.12,e0bbf81b3d9a5e2e696ff434,True,2024-09-18 19:14:57,2024-10-10 03:36:27,2024-09-18 19:14:57
9d325b44-8289-4b5c-957d-c03d919a87b1,33d8f06b-5399-4153-bfb2-038bb396e65d,android,Xiaomi Mi 11,Android 11,2.9.14,c06f4bc8426edbe2aa6251ce,True,2024-03-24 13:07:16,2025-07-31 04:45:25,2024-03-24 13:07:16
35ef6539-7dd8-49b6-8449-9d0dcc4d97f1,10cb86f2-a7b6-447c-af1a-7e8973815248,ios,iPhone 15,iOS 15.4,1.6.11,644880e841b90a94cc1c84ab,True,2026-02-05 14:24:47,2026-03-02 20:10:52,2026-02-05 14:24:47
790a8a12-9f74-482b-ad7a-02dd312d049b,b63fcefa-c570-40f4-ae45-5a5e9d554fd3,android,Samsung Galaxy S22,Android 12,3.3.9,dbdeff15e03929f969c28246,True,2025-12-23 08:44:16,2026-02-02 03:15:18,2025-12-23 08:44:16
78008b4f-294c-42d5-9180-21c751e8012e,e7180daa-f924-4bf6-ba21-e2ab64c92759,android,Xiaomi Mi 11,Android 12,4.5.10,fb93aad33f097455f3662fd5,True,2024-12-06 12:38:19,2025-12-31 07:34:18,2024-12-06 12:38:19
d8f2b587-38e3-42d6-a413-c60dafecaffe,e7180daa-f924-4bf6-ba21-e2ab64c92759,android,Huawei P40,Android 13,1.7.7,717139eefd1e9fdcfb83a58b,True,2024-04-10 09:50:32,2025-09-07 12:24:48,2024-04-10 09:50:32
67cf8f04-9d71-4856-b55d-5d463de47f10,b04ece91-4139-49d6-81bf-69bce5907d2e,android,OnePlus 9,Android 13,1.8.8,6112d6c51be4a51a1ea4161d,True,2025-01-14 15:54:56,2025-03-08 21:16:34,2025-01-14 15:54:56
c12ff615-cc08-40f0-be43-e70aa42d3e39,b04ece91-4139-49d6-81bf-69bce5907d2e,android,OnePlus 9,Android 13,2.9.6,c02b986244224d9236387ebc,False,2024-10-16 18:04:58,2025-06-07 01:44:57,2024-10-16 18:04:58
17a19637-6328-4bda-ba1d-19e58dd33333,1b3cea76-f4d1-4f44-8c9a-f7f9e914d89e,ios,iPhone 12,iOS 16.3,5.7.8,140ac6d9e436d12e35ba6e45,True,2024-09-05 11:13:21,2025-10-25 18:23:26,2024-09-05 11:13:21
23972f9f-9d7c-41d3-b1e1-ddf85a763362,1b3cea76-f4d1-4f44-8c9a-f7f9e914d89e,android,Huawei P40,Android 14,4.6.10,9e9b39a071c3a42148ceb940,True,2026-02-09 09:10:01,2026-03-03 07:05:05,2026-02-09 09:10:01
afbb618a-c109-4b30-87a9-34c09452374f,d01507a3-b75a-48f4-b83b-eee93f6bb1f4,ios,iPhone 13,iOS 17.1,3.9.2,731a14c37c78be681b9f18e4,True,2025-06-30 11:29:18,2026-03-02 12:28:49,2025-06-30 11:29:18
83090704-0651-4a39-9a2c-acfff48c1d72,5163b40e-baee-4318-8508-8ba704585bf5,android,Samsung Galaxy S22,Android 11,3.0.8,afd36e4ed68161d680ff1584,True,2025-09-09 04:37:11,2025-09-25 19:47:24,2025-09-09 04:37:11
2195cbf5-6c11-491b-8ad0-b08dbd25372e,5163b40e-baee-4318-8508-8ba704585bf5,ios,iPhone 12,iOS 14.0,1.7.0,be12919cb6ea514019a059c8,True,2024-12-13 05:18:37,2025-01-15 10:58:18,2024-12-13 05:18:37
022fdfcd-dcb7-4169-812c-84222a6b1ac3,e36a8726-3509-4c87-86bc-bf5d576ca14a,web,Safari,Safari 17.0,2.9.8,24152eebac50304a1b7d3f2a,True,2026-01-01 08:40:29,2026-01-14 10:31:35,2026-01-01 08:40:29
a2eab2c8-62d0-4859-9db9-d504aca7d7e3,5716842f-cc92-42a3-b910-43ff202d8f04,android,Samsung Galaxy S22,Android 12,1.3.4,57b6fb712b5b9c6807b3f2cb,False,2024-08-15 15:57:21,2025-01-12 03:12:22,2024-08-15 15:57:21
a5f45fcf-18e8-40a4-b434-5fd8d4a20569,5716842f-cc92-42a3-b910-43ff202d8f04,web,Firefox,Firefox 111,5.4.17,78d330c82cd0bfec717c4a16,True,2024-02-20 05:56:41,2024-09-13 19:04:07,2024-02-20 05:56:41
ccb608b8-5fb9-483a-929c-727ff3811f54,c755e56a-7f72-4f06-a927-6d38fe874f78,android,OnePlus 9,Android 13,4.2.0,9227ff25b99867441f970169,True,2024-02-25 02:12:40,2025-09-24 04:04:29,2024-02-25 02:12:40
24225283-0e3c-45f0-a50d-3ea986c02a5b,c755e56a-7f72-4f06-a927-6d38fe874f78,android,Samsung Galaxy S21,Android 13,4.9.7,e99827ef40b78e57b46fb31b,True,2026-01-06 21:30:41,2026-02-12 03:35:30,2026-01-06 21:30:41
e5132b99-1250-41a9-9f5a-1fecb4d9c3f4,c755e56a-7f72-4f06-a927-6d38fe874f78,web,Edge,Edge 123,5.8.7,920d33eb36b5419aff95616c,True,2025-11-30 14:32:30,2025-12-30 04:51:11,2025-11-30 14:32:30
4c06156d-0d5a-4935-888c-cbcd2ab32f3a,bc6b5580-266a-4841-a0b6-613f825709ce,web,Safari,Safari 16.3,4.2.3,653d74d102b03b5276fc02cd,True,2025-12-26 23:07:33,2026-03-05 01:43:52,2025-12-26 23:07:33
16095344-3919-460c-bea6-2913491f8e48,bc6b5580-266a-4841-a0b6-613f825709ce,android,Xiaomi Mi 11,Android 13,3.1.19,71ae381913f26be4486c1eaa,True,2025-10-02 21:23:25,2026-01-10 20:47:42,2025-10-02 21:23:25
60131c61-08bf-4549-80f1-ad2e508064e0,82225ce2-2c66-4439-a95e-f5dda7f4313d,web,Chrome,Chrome 113,2.9.1,6129f5f374b7f418a431dfc9,True,2025-07-17 09:40:45,2025-11-09 17:32:14,2025-07-17 09:40:45
b3cea3ab-50cc-4c03-ad45-bd4376be65db,82225ce2-2c66-4439-a95e-f5dda7f4313d,ios,iPhone 12,iOS 16.0,4.3.3,32dd8c9f17c16ff829bea469,True,2025-02-22 16:55:03,2025-04-17 20:36:35,2025-02-22 16:55:03
df8055cc-1e7a-4df9-8d02-cbc68be9d1d4,485d2435-6953-46ac-8bec-2598fbeca1c0,ios,iPhone SE,iOS 16.4,2.3.0,c79a65fd022bfd69ea7d9cb9,True,2025-04-21 12:28:04,2025-05-20 02:36:16,2025-04-21 12:28:04
fd5b4ed5-c399-49a9-829e-9f7989b2b45b,e90a86e5-3e88-44f2-bb5f-936b64a88648,ios,iPhone SE,iOS 16.1,2.5.15,62791864f0f987cdcb693dc8,False,2025-07-26 17:11:15,2025-08-01 02:11:06,2025-07-26 17:11:15
5436530c-1182-4887-a564-49ba0860ac37,e90a86e5-3e88-44f2-bb5f-936b64a88648,android,Huawei P40,Android 12,3.9.15,ce5c96045a5f0e31967def25,True,2025-04-15 19:39:59,2025-07-20 13:27:59,2025-04-15 19:39:59
11584fea-d089-4e49-b7bd-9955dbc00d94,e90a86e5-3e88-44f2-bb5f-936b64a88648,android,OnePlus 9,Android 14,5.2.18,77b5b320bca329e05c9f2cff,True,2025-05-23 20:54:06,2025-09-28 01:21:57,2025-05-23 20:54:06
46c34708-c37c-4f08-a0b2-9822a1b5928f,87faa9c6-6058-416a-90bb-83ac04a5f585,android,Huawei P40,Android 14,3.0.20,40a4b32302a8bf3db2d61226,True,2025-09-11 16:04:39,2025-11-30 10:07:32,2025-09-11 16:04:39
1fdd0e46-133c-4eaf-b6e8-8fc3e6df5d6e,87faa9c6-6058-416a-90bb-83ac04a5f585,android,OnePlus 9,Android 13,3.5.17,012cba6598d5b76526777bda,False,2026-02-16 00:37:31,2026-02-22 19:01:53,2026-02-16 00:37:31
90ee928d-1d04-4c9a-8b6f-bdabe0487262,c733876c-e7c5-47b8-8619-a98a41c9dbc8,ios,iPhone 14,iOS 17.2,1.3.11,ca7742b447aa03d483971dfb,False,2025-09-04 21:29:02,2025-10-14 06:09:14,2025-09-04 21:29:02
f8e06cb1-42fd-4635-b908-63e7e11d1463,c733876c-e7c5-47b8-8619-a98a41c9dbc8,ios,iPhone SE,iOS 15.1,2.0.13,d47fb9c5901e46aba67b3cc3,False,2025-09-09 19:51:09,2026-02-14 01:58:17,2025-09-09 19:51:09
a3c8b773-9543-4943-bc3b-01d122718110,35291e94-bf00-4501-9f77-10d47fec5cbc,web,Safari,Safari 16.4,5.5.20,4e26611701f84245911ac35a,False,2025-01-08 19:00:22,2026-03-08 08:20:07,2025-01-08 19:00:22
435f0df5-f6f0-4581-94ab-b88343a1c7e3,35291e94-bf00-4501-9f77-10d47fec5cbc,android,OnePlus 9,Android 12,4.5.5,74b76f20774550d1a25d05de,True,2026-01-10 11:48:32,2026-02-16 03:58:38,2026-01-10 11:48:32
75d80a87-1120-43e6-9100-3d8c327c3840,35291e94-bf00-4501-9f77-10d47fec5cbc,android,Xiaomi Mi 11,Android 12,1.6.18,6cabd19a5b9efdb870a682e6,True,2026-01-17 05:48:47,2026-02-04 21:24:48,2026-01-17 05:48:47
0a64bb3e-2fb5-4c93-bb35-7226164917a3,7401e4a2-b743-4152-97f3-e24ef64da052,ios,iPhone 14,iOS 17.2,1.6.7,9ef9f74d36c1aa9a326cecee,True,2026-01-07 23:36:40,2026-01-20 20:59:11,2026-01-07 23:36:40
1a41e19f-6f46-40ef-82d1-d876aa421add,458ae986-a38a-42c4-86df-587251f69173,ios,iPhone 14,iOS 15.4,3.5.18,3be1a0c4d68c1b4cc40a5897,True,2026-02-22 15:07:38,2026-02-26 14:07:04,2026-02-22 15:07:38
00b6dbfc-25e2-4804-8bfe-19a44bb4ed0b,458ae986-a38a-42c4-86df-587251f69173,android,Samsung Galaxy S21,Android 12,4.5.2,78621c2ed73ae8f7ca7066a7,True,2023-09-29 08:11:57,2025-01-21 23:29:09,2023-09-29 08:11:57
49570340-1212-4f2b-9d9a-e90a92d3191a,6cb50f39-99b8-4484-8c8d-ec32979e1fd9,android,Xiaomi Mi 11,Android 12,5.2.20,95dd91c68106218c5374f4ed,True,2025-10-16 08:59:17,2025-11-22 20:12:17,2025-10-16 08:59:17
ddc6375c-4d12-4174-bff3-532f0ae3de72,ef4585e5-9758-4818-b6fa-16e4d28ea767,ios,iPhone 13,iOS 14.0,1.8.17,a130798e4e6650446e8d26d3,False,2025-01-01 12:01:44,2025-11-08 10:10:41,2025-01-01 12:01:44
53c58a40-447d-4053-be03-8d62546540d7,2a85e517-8c07-40cb-9363-531abf835ab2,android,Samsung Galaxy S22,Android 11,4.3.19,e66263c2a59b1ff284d7d3cc,True,2025-11-21 00:58:30,2026-01-06 17:53:04,2025-11-21 00:58:30
d2feae2a-8f17-447a-9902-1043f10ddf13,2a85e517-8c07-40cb-9363-531abf835ab2,android,Samsung Galaxy S22,Android 11,4.8.8,6117781d43a97e4fbe3fa11b,True,2024-06-03 10:38:03,2025-09-08 16:40:43,2024-06-03 10:38:03
8b23eb11-7b31-4bdc-98f7-0a8681bc3f38,5c998795-a61d-4df7-8ba2-179911ca7945,android,OnePlus 9,Android 12,1.0.6,290cc05712bfaab8ad254404,True,2024-10-09 19:45:17,2026-01-18 05:57:46,2024-10-09 19:45:17
89209b9d-f5ab-413f-90b2-0b56018738c6,5c998795-a61d-4df7-8ba2-179911ca7945,android,Xiaomi Mi 11,Android 12,3.4.17,6eb2b945be5dae7223a89705,True,2025-12-24 18:45:15,2026-02-22 06:54:49,2025-12-24 18:45:15
8e95f74b-1578-45e4-9e25-776331ee8b2a,0e0831b0-a049-4dea-90aa-c9dced713a02,ios,iPhone 13,iOS 16.2,4.8.20,1b2c17b4b643039c2caa26e9,True,2025-12-12 18:41:55,2026-01-24 20:39:50,2025-12-12 18:41:55
1b42b2f0-af8a-42be-ab99-2f6dd5642426,fa4d3774-de30-424a-a8ca-888ace01a114,ios,iPhone 15,iOS 14.2,2.7.11,47949d24b19956a0cc940b76,False,2026-03-05 09:09:44,2026-03-07 23:43:45,2026-03-05 09:09:44
a7955e89-d059-42b1-8b0b-1504c2a3a733,0ed593a2-53c7-4099-a087-2ed27b50fe01,ios,iPhone SE,iOS 14.0,2.4.14,d6a41be9040626c79627cf03,True,2026-01-26 13:59:16,2026-02-16 15:47:10,2026-01-26 13:59:16
3720ab02-5d7f-493c-9f01-c47388a14d3f,0ed593a2-53c7-4099-a087-2ed27b50fe01,ios,iPhone SE,iOS 16.5,3.0.3,7b1ec694dede84b27b9d3497,True,2025-07-07 06:49:07,2025-10-23 07:19:25,2025-07-07 06:49:07
5c06e609-d32d-4af0-85ec-545b56ddae31,0ed593a2-53c7-4099-a087-2ed27b50fe01,ios,iPhone 13,iOS 14.1,4.4.9,52cf101a421d4c3d3a39b8a2,True,2026-02-07 02:33:43,2026-02-17 01:21:32,2026-02-07 02:33:43
4e52126d-e318-4f31-b2e9-7b9eaa7a47d8,4ae98979-12ee-46f5-ae6c-0b2733a75cc8,ios,iPhone 14,iOS 15.2,4.3.13,d7489abefe14feb98d78eaa1,True,2025-08-15 07:58:29,2025-09-03 11:17:41,2025-08-15 07:58:29
ed79bfcf-1308-40ac-9990-bf85d452160b,4f0fb9d5-94cc-4066-8634-119a7aba3e12,android,OnePlus 9,Android 14,3.6.6,3abb47e933322eabe577db67,False,2025-02-13 16:12:31,2025-06-14 11:16:28,2025-02-13 16:12:31
e455a49b-08c7-4a21-ba87-8515ad710dfa,4f0fb9d5-94cc-4066-8634-119a7aba3e12,android,Xiaomi Mi 11,Android 12,3.1.11,273c5fe1b22542df43de2ffa,True,2026-02-04 05:41:31,2026-02-24 01:15:53,2026-02-04 05:41:31
41fe034a-6839-4eee-b0d2-32699b057e80,4f0fb9d5-94cc-4066-8634-119a7aba3e12,ios,iPhone 13,iOS 15.5,3.0.19,a5dd46a587570ebdba325d23,True,2025-07-19 08:04:50,2025-10-13 22:25:58,2025-07-19 08:04:50
8d349fcc-aa06-4798-b176-115c41a79b79,cfa69506-55b1-4ae6-be58-39cc2d1511b7,android,Samsung Galaxy S22,Android 13,4.8.5,e745899d4066c1c65b099f14,True,2025-04-11 15:44:42,2025-08-11 00:46:50,2025-04-11 15:44:42
067c1206-343d-4f1e-b69c-134074ef013d,cfa69506-55b1-4ae6-be58-39cc2d1511b7,web,Safari,Safari 17.1,4.8.19,04d71f425c702c6e7c0ad39e,True,2025-05-13 06:08:56,2026-03-05 09:56:12,2025-05-13 06:08:56
5f89dc38-f098-4965-a675-f73c22398577,e4e75257-6776-4602-9d54-d03414327eec,android,Huawei P40,Android 12,1.3.14,630e5d350179058bfdb14189,True,2025-04-15 00:28:19,2025-07-27 03:28:03,2025-04-15 00:28:19
4663c7b3-698f-4cf4-bcd5-2740557362c4,3b5ce3f9-ee65-4c8d-89bc-c12d44aa78bb,android,Xiaomi Mi 11,Android 14,1.4.11,db66eb1323f52bdc49f5fcca,True,2025-07-16 23:07:48,2026-02-23 20:20:50,2025-07-16 23:07:48
a0ef34a2-f1c6-476a-be90-f5ba9d9132d5,3b5ce3f9-ee65-4c8d-89bc-c12d44aa78bb,android,Huawei P40,Android 13,1.0.6,691041826443a1fd30b645a8,True,2026-01-06 17:30:25,2026-02-10 00:06:06,2026-01-06 17:30:25
21862a2e-f92f-4b75-b926-9a81d51c173e,083301cf-e724-4274-9cbc-b94aee92df03,android,OnePlus 9,Android 12,2.6.18,d3e08283cc5585582962f6f1,True,2023-11-26 18:14:34,2025-01-24 22:54:24,2023-11-26 18:14:34
2dd5afba-fe2f-4734-b1d5-e0ae949ac714,083301cf-e724-4274-9cbc-b94aee92df03,ios,iPhone 14,iOS 14.1,1.1.11,9abd86790950e08f196129b1,True,2026-02-14 13:57:09,2026-02-23 18:27:13,2026-02-14 13:57:09
567e21e0-b388-4e10-90d5-6d5c80f9c2aa,083301cf-e724-4274-9cbc-b94aee92df03,android,Samsung Galaxy S21,Android 12,1.2.17,2648b16670ee35e2e769ba8c,True,2024-04-02 06:23:45,2025-06-23 06:56:21,2024-04-02 06:23:45
395ea888-a474-4d4e-a83d-d0b9c914de0d,c70581f1-3acd-4a43-acf5-d0bca8f75f70,android,Xiaomi Mi 11,Android 11,4.7.13,f7c7cc09f50d87c64177ba7b,True,2024-05-21 04:04:29,2025-06-10 09:12:53,2024-05-21 04:04:29
c9246fac-3806-4b32-a58a-552e11d398e9,b6a7cb20-0402-4e2d-866b-096469d78b4d,android,Xiaomi Mi 11,Android 11,1.3.8,b479a1ab99e59fd19172837a,False,2025-03-12 15:37:14,2025-11-12 17:05:22,2025-03-12 15:37:14
1b230b02-c8db-49d4-89f2-f422fe10cbe6,b6a7cb20-0402-4e2d-866b-096469d78b4d,ios,iPhone 12,iOS 14.2,5.0.0,be89bc5efe2957964665bbc5,True,2026-02-19 06:07:14,2026-02-19 22:39:32,2026-02-19 06:07:14
5fd41835-509d-46cf-aa46-855feac55d26,b6a7cb20-0402-4e2d-866b-096469d78b4d,android,Xiaomi Mi 11,Android 12,3.9.2,4e7d502c9d3602501f32d6e3,True,2025-02-01 03:06:51,2025-10-03 22:07:44,2025-02-01 03:06:51
6b0ce8e5-51db-41dc-a263-830fedf86d9f,8e217af9-ff95-40d3-8c82-c17998870d38,android,Samsung Galaxy S21,Android 11,1.8.14,e96d4811654783b4a3ba747e,True,2025-02-01 04:47:43,2025-10-07 18:04:26,2025-02-01 04:47:43
0f040aa3-e5dc-4063-be42-d759baa5e444,aa4cfd13-0ef1-4ecd-a68b-1308f4eb86f2,android,Samsung Galaxy S21,Android 12,5.7.4,96e1d31b76c60cfce58671fd,True,2025-08-11 08:52:15,2025-11-17 20:25:52,2025-08-11 08:52:15
838a4ade-2038-4dfd-9a0d-0111db87a370,9f05641d-89e8-45f4-87a8-c6a2e41c106a,android,Xiaomi Mi 11,Android 11,5.7.20,97b1792ad24d64632cc593b4,True,2026-03-06 03:53:15,2026-03-09 06:51:12,2026-03-06 03:53:15
f6e59cdb-68d8-4312-8606-c8108cb167ec,9f05641d-89e8-45f4-87a8-c6a2e41c106a,android,OnePlus 9,Android 11,2.5.20,06efbe3ed0c9058182899fa2,False,2024-05-10 03:15:46,2024-10-26 17:24:47,2024-05-10 03:15:46
17a6cac6-ee5e-4d5c-b3f2-a175af04dd7c,274df010-6ab2-41af-9534-b7c7744b5d7c,web,Safari,Safari 18.5,4.2.3,4a0da337b441660ce2e69ca7,False,2023-10-25 04:30:23,2026-01-11 12:52:36,2023-10-25 04:30:23
394ee398-ec8e-4b89-928a-6df737660387,5b9e02a3-ba87-43f8-b71c-365a2ca1acee,ios,iPhone 13,iOS 14.3,4.8.19,454323f726bb6a7e5df666f3,False,2026-01-07 19:01:17,2026-02-04 10:28:18,2026-01-07 19:01:17
f9bede2c-ed48-4e8c-b54a-16a5975eae4c,5b9e02a3-ba87-43f8-b71c-365a2ca1acee,ios,iPhone 14,iOS 16.1,2.1.20,7804b9ee87b6a5c9a758be94,True,2025-12-01 16:28:51,2026-01-13 11:05:45,2025-12-01 16:28:51
2ed0456a-372d-4055-ab18-3f8f9e460a39,34787eae-ecd8-4dd7-bc91-03fd54d786c6,ios,iPhone 13,iOS 17.2,3.3.7,dd3063007e3b0a890b6809ff,True,2024-12-25 05:17:31,2025-03-02 02:48:32,2024-12-25 05:17:31
2fdaaf2a-e87a-4206-8b76-950f801de6c6,c233c42e-2adc-4866-a844-bb2e87290694,android,Samsung Galaxy S22,Android 14,5.3.17,132a315cbd6d590037ceefed,False,2025-09-22 16:01:59,2025-12-31 02:57:26,2025-09-22 16:01:59
0f46e45e-8fae-4f1b-9fff-5610d6741e10,a0a04b96-946f-4e82-a110-623bd459fc94,ios,iPhone 15,iOS 17.5,1.4.13,7210bc990447c65831410845,True,2025-11-09 09:36:04,2025-12-10 03:27:01,2025-11-09 09:36:04
a2f1c7b4-3f92-4da4-abdf-92e21a99f7e1,a0a04b96-946f-4e82-a110-623bd459fc94,android,OnePlus 9,Android 11,1.2.11,f73c646d38adac9154600a45,True,2025-05-23 03:19:24,2025-11-14 18:26:43,2025-05-23 03:19:24
ce6a2430-4e83-4273-af14-4ab32c50aba8,6b12e6c6-83a1-4cd6-9ed1-7979bae391a4,android,OnePlus 9,Android 14,1.4.13,fa69c01dfdb82b7273ebde98,True,2025-12-31 13:32:20,2026-02-18 17:49:56,2025-12-31 13:32:20
1dc9bd83-c29a-4306-89d6-081de38ee70b,6b12e6c6-83a1-4cd6-9ed1-7979bae391a4,ios,iPhone 15,iOS 14.5,2.6.16,13b9e7583123c08b527bd51c,True,2025-10-23 03:02:52,2026-03-08 14:54:48,2025-10-23 03:02:52
9952f20a-406e-447d-bfc1-c2a6be6952c1,5b3b7d62-d883-4c43-9def-1f95db22cd22,web,Safari,Safari 16.2,5.4.17,651ac1b7b202ca5d37edcb61,True,2023-10-10 06:46:34,2024-10-29 05:46:50,2023-10-10 06:46:34
55dd847c-0b36-4c3e-8201-e5a74dcc63e3,5b3b7d62-d883-4c43-9def-1f95db22cd22,android,Huawei P40,Android 12,4.9.15,413692c9e4c239591a899f07,True,2025-05-04 14:16:06,2025-08-12 16:31:52,2025-05-04 14:16:06
414e53aa-6c6b-46c7-b0b2-d71673dbea21,1e5a4e5a-b9b9-4d28-afc6-f3a281c37dca,android,Samsung Galaxy S21,Android 13,3.7.2,8f6c3ed6e32ac8e720710a22,True,2025-11-06 14:45:35,2025-12-25 14:22:30,2025-11-06 14:45:35
fb9c07b3-cde3-4cfa-aed4-7f04b7af2174,1e380fdd-958e-42d5-8239-d7444a69f967,web,Chrome,Chrome 115,2.3.15,23fcd782877913c5a33dffba,True,2025-06-20 08:35:14,2025-08-23 20:50:21,2025-06-20 08:35:14
3087b821-d753-4b19-ad5f-3da2c698271e,cd836ced-115d-420e-981e-200bcd59574c,android,Huawei P40,Android 11,5.9.12,9fa8122e0d707dfac0fc64b2,True,2024-12-04 11:15:59,2025-05-02 15:58:25,2024-12-04 11:15:59
0a98a39e-ac14-4f31-902b-8a157e044a48,cd836ced-115d-420e-981e-200bcd59574c,android,Huawei P40,Android 12,2.5.17,cda37ac4266c9b5020a0f187,True,2026-01-09 09:43:30,2026-01-22 02:28:57,2026-01-09 09:43:30
590fe59c-790f-4b8d-8213-ab3a979f7d62,09a0bf1f-92bb-4521-b363-14c70d0f1241,ios,iPhone 14,iOS 16.3,4.2.19,c6abf0584baef7387500252f,True,2026-03-07 18:51:54,2026-03-09 03:30:43,2026-03-07 18:51:54
6d3615b2-41c2-4782-944b-8db7637959d9,816d062c-3173-428c-8af4-fc741306454b,android,Samsung Galaxy S22,Android 14,5.2.1,bc3eb47f856c2ca481cb3369,False,2026-01-04 04:45:31,2026-02-17 01:38:13,2026-01-04 04:45:31
2bd9186d-6c2b-44ae-a42f-21010ee1f678,dac3de9e-06bb-4c4c-b60a-c1e0aa387712,ios,iPhone SE,iOS 16.2,3.1.19,6ecd8733cc07bd0011abfd0b,True,2026-01-28 23:32:57,2026-02-28 08:15:27,2026-01-28 23:32:57
33c78798-d936-4b79-a728-fac498714e60,dac3de9e-06bb-4c4c-b60a-c1e0aa387712,android,Huawei P40,Android 14,4.1.9,21396f41fa24b279c100d31e,True,2025-08-28 10:20:25,2026-01-24 11:49:06,2025-08-28 10:20:25
ce0b9ea9-35b9-4995-93ce-c23401a56b31,6c4a0c53-8d72-4dec-8810-4a964c030129,android,Samsung Galaxy S22,Android 13,3.5.19,4feabaa2764265420477b271,True,2024-06-29 17:03:19,2026-01-19 12:32:30,2024-06-29 17:03:19
62cc13e1-ae1c-436c-a3ce-9236e27e2249,6c4a0c53-8d72-4dec-8810-4a964c030129,android,OnePlus 9,Android 11,5.5.11,b8f8fc042e8508a183703ab9,True,2024-07-23 16:55:15,2024-08-24 08:24:57,2024-07-23 16:55:15
d5043268-35dc-4769-a308-041aa5e4596b,b125e130-ca9b-462a-9c6b-53a3426c5778,android,Samsung Galaxy S21,Android 14,3.3.13,ea57bc366c4b8008fb3c0010,True,2026-03-09 00:40:30,2026-03-09 09:23:57,2026-03-09 00:40:30
8890565e-3908-411c-a5ca-15c0fbfeffdb,b125e130-ca9b-462a-9c6b-53a3426c5778,ios,iPhone SE,iOS 15.2,2.7.16,3eff513ffdcb77c920028e7f,True,2025-04-14 22:10:11,2025-04-24 01:18:20,2025-04-14 22:10:11
78f3ed15-b8c3-4903-be10-93ccf31f4019,4ee10a77-3e1b-4b5d-a042-5aa724d8925d,ios,iPhone SE,iOS 14.0,4.3.11,c6a23545ac3c92c3338881c0,True,2026-02-12 22:58:37,2026-02-20 13:31:37,2026-02-12 22:58:37
9b5d6b34-27f5-4b78-ab81-1cce29caeb74,4ee10a77-3e1b-4b5d-a042-5aa724d8925d,android,OnePlus 9,Android 13,3.8.1,74f704ec2c043338188dcff8,True,2026-02-04 01:25:49,2026-02-11 13:54:36,2026-02-04 01:25:49
a4fb9946-79b1-4055-a03e-47549decee81,9f1bb543-8b89-4200-b9c3-3faa001185ae,android,Samsung Galaxy S22,Android 13,5.8.17,c38d8b3da34ffd9b290425ac,True,2024-07-17 00:22:02,2025-11-25 08:05:09,2024-07-17 00:22:02
0a865939-efab-4681-9f46-b7facad7b67c,9f1bb543-8b89-4200-b9c3-3faa001185ae,android,OnePlus 9,Android 14,3.0.0,5c49278ecab402438f5cff20,True,2025-06-21 09:07:56,2025-11-01 02:43:21,2025-06-21 09:07:56
a326f478-0b5e-4361-9d70-7df398f41482,3a3a5de7-31f4-4c8c-9059-276f8cfee81a,android,Samsung Galaxy S22,Android 11,2.3.6,ae9eaac5aad64587280eb676,False,2024-07-06 17:03:53,2024-09-25 23:51:23,2024-07-06 17:03:53
9dc44576-f83f-489c-96d5-387608fa0c6f,c9aeb194-a2fc-4af0-a997-9f358e1c18ae,ios,iPhone 12,iOS 14.4,1.0.15,50d8418a340eb8fa6afee643,True,2025-12-27 00:54:13,2025-12-31 01:18:54,2025-12-27 00:54:13
c16cdf29-a61f-4fe8-b7f5-745a7c4ef942,c9aeb194-a2fc-4af0-a997-9f358e1c18ae,android,Xiaomi Mi 11,Android 11,3.0.0,50046abc2478516cd55d227a,True,2026-03-07 10:14:21,2026-03-08 21:29:50,2026-03-07 10:14:21
39a7be13-9648-4a40-aacb-75d00899f7a2,81c56b39-2b56-4ca9-a302-94de4f2fea29,ios,iPhone 12,iOS 16.1,1.3.2,db9304f81975c3b29f2e6099,True,2025-08-04 01:52:37,2025-12-11 04:14:21,2025-08-04 01:52:37
915b74d5-47f9-4266-afa6-6dcf0ea55aeb,e55f7753-4c4e-4380-b392-4a81366d14ac,web,Firefox,Firefox 116,5.9.10,caa9a1ebb89b2185d19977e7,True,2025-11-21 18:10:20,2025-11-26 17:49:32,2025-11-21 18:10:20
28e70204-13ce-4a93-affb-6dfd5a4163b0,e55f7753-4c4e-4380-b392-4a81366d14ac,android,Samsung Galaxy S22,Android 12,4.1.17,235a7baa6779722ba7501ff8,True,2024-11-27 11:21:54,2025-09-03 00:41:37,2024-11-27 11:21:54
4f13b51e-05b7-4615-9176-2150f4416253,e54aab9d-8d29-4ec7-bc8d-49463295fad6,ios,iPhone 14,iOS 17.0,4.1.14,ac96ca22f4e7e56ec4521615,True,2024-09-25 06:47:11,2025-10-22 10:04:03,2024-09-25 06:47:11
e42fffc2-78c3-4c06-ba34-d288ce6ab834,e54aab9d-8d29-4ec7-bc8d-49463295fad6,ios,iPhone 15,iOS 14.3,5.6.16,88fb7275aa934bc2fae7228a,True,2024-10-20 22:14:23,2026-02-18 11:23:59,2024-10-20 22:14:23
3bde724d-3575-42f1-bcbe-33bead8a35b9,ae614a06-8e95-4219-9383-eddf4c4b38fa,ios,iPhone SE,iOS 16.0,1.8.3,5a8e4af95da689ec60d909f1,True,2023-10-01 02:48:12,2023-12-22 00:40:29,2023-10-01 02:48:12
536c5c9d-6d10-4158-934f-b21744c0e091,ae614a06-8e95-4219-9383-eddf4c4b38fa,android,Samsung Galaxy S21,Android 14,2.3.9,2bc8bf50979efd4b6e89d556,True,2025-07-15 04:29:22,2025-11-10 03:48:38,2025-07-15 04:29:22
687f0849-598b-446c-8215-c5ab356f1d5d,ae614a06-8e95-4219-9383-eddf4c4b38fa,ios,iPhone 14,iOS 14.0,2.6.13,3cd875e450922fed53000fac,True,2023-05-29 02:52:52,2025-06-04 15:59:00,2023-05-29 02:52:52
42470e8b-4f2a-48eb-bbb0-dfe997615ba4,0e21cdfd-184a-481e-87eb-a22fa43183bc,android,Huawei P40,Android 13,1.8.10,1b1ecf8282e9234d216e20d3,True,2025-11-14 05:58:19,2026-01-09 14:41:43,2025-11-14 05:58:19
07a69c44-f61c-40ab-858f-7155fccb21dc,0e21cdfd-184a-481e-87eb-a22fa43183bc,web,Chrome,Chrome 121,4.9.3,b346b35a284fe31e08722d3e,True,2024-05-11 05:01:59,2026-02-09 21:12:27,2024-05-11 05:01:59
c48789a9-a940-407d-b89b-1faaa1cc7c38,0e21cdfd-184a-481e-87eb-a22fa43183bc,android,Huawei P40,Android 12,4.3.17,82292ec67c0fd87dbe1091f4,True,2025-07-16 00:29:30,2025-09-30 08:57:49,2025-07-16 00:29:30
5e5869c5-338f-48dd-9d1d-37e75ef9e8e9,0eae4f37-dc62-4e1d-b2de-4afc75aedcaa,android,Samsung Galaxy S21,Android 11,5.3.0,849ef69febd247019e7146bf,True,2025-05-14 07:19:42,2025-08-05 08:00:50,2025-05-14 07:19:42
0bda33d6-f3f7-4c46-abf4-4ffa3a56c103,72a81161-677a-46fe-ac50-dde18295f64a,android,Xiaomi Mi 11,Android 14,2.0.2,b0fc23294063e392222ecb05,True,2025-01-26 01:01:32,2025-07-04 22:04:49,2025-01-26 01:01:32
7ca5e3d9-15b8-4775-9058-9b05a9d9b769,b34e5360-83a3-4142-b6af-cdaa6151d808,android,Xiaomi Mi 11,Android 12,1.4.9,93b3e3a37be56e1ad499f4bb,True,2025-08-28 19:29:00,2025-11-05 02:24:28,2025-08-28 19:29:00
529b1274-dc84-4733-a550-33d4416a2bd8,b34e5360-83a3-4142-b6af-cdaa6151d808,ios,iPhone SE,iOS 17.3,5.9.14,314feca7b060ca6c38d95605,True,2025-08-17 06:05:09,2025-09-07 06:41:42,2025-08-17 06:05:09
48a01c3b-90c2-40b2-b069-4218487d54e7,b34e5360-83a3-4142-b6af-cdaa6151d808,android,Samsung Galaxy S22,Android 13,1.1.6,1bb6b137183886f3f591e3ed,True,2025-06-14 16:48:22,2025-10-13 00:58:53,2025-06-14 16:48:22
2685cb15-2ec6-4698-a23a-a28aec176f82,37f0f31d-1631-410d-871a-fbd4b4dca31f,android,Samsung Galaxy S21,Android 13,3.7.20,ecd6f9198029b8f8b26f0177,True,2025-10-24 16:33:11,2026-01-03 04:26:49,2025-10-24 16:33:11
147579d8-65ed-4fef-8b5b-7cdf3355c2a3,05fa5eb6-e58c-49f2-b5e7-1a4840831da5,android,Samsung Galaxy S22,Android 14,3.4.18,dc5d93942d680c4285d37346,True,2025-07-15 11:13:31,2025-11-17 01:43:34,2025-07-15 11:13:31
ac4bf446-10d5-4f27-a693-cc3b98113501,05fa5eb6-e58c-49f2-b5e7-1a4840831da5,ios,iPhone 14,iOS 14.3,3.6.17,739d58e3229cb0b5ccbd0c80,True,2025-12-05 14:21:49,2026-01-10 02:59:46,2025-12-05 14:21:49
3a3fcbd7-6183-41ab-9a60-8ccbf81a33d0,05fa5eb6-e58c-49f2-b5e7-1a4840831da5,android,Huawei P40,Android 13,5.9.18,b9b21eb59b2f7c24bf5952cf,True,2025-01-24 11:40:45,2025-05-06 17:17:28,2025-01-24 11:40:45
ff482a3b-36f4-4017-9562-91b99dbe3627,5c34c1cf-7fd7-4e7d-96a9-aeac7fdcfefc,android,Samsung Galaxy S22,Android 14,5.2.10,1df1863f4b74069f05e515e0,True,2025-03-05 18:35:30,2025-11-19 11:36:07,2025-03-05 18:35:30
dac0facb-91ac-4899-9fa9-c93d1f8d9c20,d46172ce-73c5-4553-9259-c9650da876a2,web,Safari,Safari 17.5,3.9.18,35efe01ee3f08c4471d60970,True,2024-12-20 10:07:35,2025-08-24 11:36:56,2024-12-20 10:07:35
3b68c5db-2653-4ce4-baa8-ffdc3741c4cd,d46172ce-73c5-4553-9259-c9650da876a2,ios,iPhone 12,iOS 15.5,4.9.11,3802960c8edee122c198e491,False,2025-06-07 21:16:47,2026-02-24 13:13:36,2025-06-07 21:16:47
cb4a380a-de0c-4060-9d95-bbd26d41ae95,2413279b-2f57-402a-b9c0-67631325bd71,android,Samsung Galaxy S21,Android 11,4.5.13,7d8cdf1054e9ea0396dd13da,False,2026-02-17 10:05:29,2026-02-25 11:16:35,2026-02-17 10:05:29
8705a131-3eec-4725-823c-16626d382d2c,2413279b-2f57-402a-b9c0-67631325bd71,android,Samsung Galaxy S22,Android 12,2.2.15,813c1b629f8d437b76083787,True,2025-05-13 09:05:36,2026-01-14 15:44:41,2025-05-13 09:05:36
be6f4631-df08-40f2-a8e8-20323a444d2c,2413279b-2f57-402a-b9c0-67631325bd71,android,Xiaomi Mi 11,Android 13,1.4.11,0f3fefb8c49965734644fe60,False,2026-02-10 06:04:03,2026-02-25 14:45:31,2026-02-10 06:04:03
1fd24006-76cb-4c32-9b5d-05685d3c8661,479e7cef-1307-45e5-871b-8d1b0b7be9f8,ios,iPhone 14,iOS 15.2,3.4.10,42aa3391ee0d7a90a5d2d76e,True,2024-07-21 03:11:21,2025-05-07 07:23:13,2024-07-21 03:11:21
47c13110-31fd-4321-8c62-c09fa54bd5fd,3d491536-71dc-45d3-9d01-d38ccaa9fdce,web,Edge,Edge 115,2.7.3,0c9877ba7520b0f174edda5f,True,2024-10-27 15:18:22,2025-05-24 23:47:10,2024-10-27 15:18:22
07a36a2d-2bb6-4e36-9fba-8403b4bf118a,31248243-58d3-4141-9ae3-b5fd72dde1e3,android,Huawei P40,Android 12,4.3.18,70d531ce2465d03b30cad33f,False,2025-10-05 19:13:20,2025-10-09 14:52:18,2025-10-05 19:13:20
28986510-6552-4671-a2c7-037b9477d741,31248243-58d3-4141-9ae3-b5fd72dde1e3,ios,iPhone 12,iOS 14.2,2.8.2,4cfff09a8ae8ea07c0add9fa,False,2026-02-28 17:54:11,2026-03-08 09:22:01,2026-02-28 17:54:11
f1f98da6-5967-473c-bd54-c880cd767cc9,31248243-58d3-4141-9ae3-b5fd72dde1e3,android,Samsung Galaxy S22,Android 13,1.0.0,3dc02f9d0221de797d5d133f,True,2026-01-13 22:43:44,2026-01-23 22:20:30,2026-01-13 22:43:44
6a5584f5-93b8-4f7e-b4f4-122ac9446ef9,54e2d8a5-7a4a-4b83-a461-ee616c6161d5,ios,iPhone 14,iOS 16.0,5.2.2,66d93f5f93fd61c213fe20c6,False,2025-08-11 20:07:54,2025-12-27 23:34:38,2025-08-11 20:07:54
9f1b6605-d61c-4cfa-9aea-f3a37228eba2,54e2d8a5-7a4a-4b83-a461-ee616c6161d5,ios,iPhone 12,iOS 16.3,5.9.16,02dfaffa02e7992a46b18985,True,2026-01-06 14:30:48,2026-02-01 14:12:25,2026-01-06 14:30:48
c69d0e39-1b7b-432b-94f7-20905c875713,45378d54-8b80-45bf-8933-f2e328e6793c,android,Samsung Galaxy S22,Android 11,5.6.15,29eb3c0a14a36ec22ae57aa9,True,2026-02-13 00:45:02,2026-03-07 11:21:13,2026-02-13 00:45:02
000c67df-c996-4511-b671-c60e0adf30fd,2f69aad3-410a-4b2d-93ad-6498bb088cca,ios,iPhone SE,iOS 16.3,1.8.5,14588b26bab6140d3fe85b31,True,2025-07-31 04:04:03,2025-08-03 12:31:47,2025-07-31 04:04:03
25d04c62-f671-4468-997e-37d030c372d7,ed200d4a-f7cc-40c2-97fa-04f98437a51d,android,Xiaomi Mi 11,Android 14,5.5.15,a450757e004d778ffaac3676,True,2025-05-07 23:06:53,2025-12-08 02:16:45,2025-05-07 23:06:53
f71091d2-8f82-4cd1-ab63-d8abea2c71c3,fabfe68b-6f12-44e4-ad09-561932b638d8,ios,iPhone SE,iOS 15.1,5.1.10,3a55a1138dac90df89e8314b,True,2025-07-23 04:44:58,2026-02-18 05:12:33,2025-07-23 04:44:58
df257bd8-41c7-41c6-8e41-dee6e1a3076b,87cb3a2f-7535-4d09-9dfa-fa636a4c117f,android,Huawei P40,Android 12,1.8.15,0d9c26775acfc1a86cd03a2a,True,2025-01-03 17:52:58,2025-04-10 21:21:27,2025-01-03 17:52:58
ec2786dc-a941-4c33-8fa4-f347b6b89bc5,e1cd3967-a744-484e-89cc-6f7c53823de7,android,OnePlus 9,Android 12,2.9.1,db4c6417f981d8ded601d10d,True,2026-01-12 15:52:53,2026-02-08 01:42:34,2026-01-12 15:52:53
b99c6212-d14d-4669-afdc-f123cbbf5bfb,c0d94378-7f35-4350-a436-2d215bfe7ff2,ios,iPhone 13,iOS 16.4,4.9.9,d9b8796a515c8365c09ca6d8,True,2025-09-24 06:15:56,2026-01-10 10:01:16,2025-09-24 06:15:56
fd9a5bb2-f459-40e8-84fd-193802ce6f77,c0d94378-7f35-4350-a436-2d215bfe7ff2,android,OnePlus 9,Android 14,2.6.20,a3a44ba77fcaf0a651ae7d52,True,2025-12-01 23:33:35,2026-02-19 03:05:52,2025-12-01 23:33:35
0803a60d-082d-4297-a7d6-21fedb6c6017,b5449ded-4c12-430b-8602-d405c4a987cf,android,Xiaomi Mi 11,Android 14,4.8.0,804a0424e351fac216c94804,True,2025-07-19 19:29:43,2026-03-05 19:08:06,2025-07-19 19:29:43
3ceee412-b686-408b-a1b1-c91d7561847f,c22f6718-6a8b-4080-86da-804d358706be,ios,iPhone SE,iOS 16.2,3.2.1,6c561e49b28d7ad6e18e2639,True,2026-03-02 03:32:28,2026-03-06 13:11:21,2026-03-02 03:32:28
92311c20-27e7-4ab9-aba4-f8d0158ccb42,e19c3574-d670-439b-8ab5-fc9506122187,android,Huawei P40,Android 13,4.9.17,5f4efbbbdbb627aa19c6fa49,True,2025-04-06 01:36:40,2025-04-21 22:59:45,2025-04-06 01:36:40
60ce0f9f-77a0-4f24-8161-5bf2684f8713,e19c3574-d670-439b-8ab5-fc9506122187,android,Huawei P40,Android 13,2.7.1,1612f35ffefc85843e8db24c,True,2024-10-13 11:48:33,2025-12-17 02:15:27,2024-10-13 11:48:33
685ad3be-12ac-494c-8f9b-b72febd233c3,e19c3574-d670-439b-8ab5-fc9506122187,web,Firefox,Firefox 125,4.0.15,154defcbeddfdae831dd889b,True,2023-08-20 17:20:57,2024-07-19 12:43:21,2023-08-20 17:20:57
fd654b74-9993-4508-8a38-9e730a62e771,701224ec-ffc3-4b90-8181-6b232412e7a9,ios,iPhone 15,iOS 17.2,2.5.0,215d08135b42585503145ee0,True,2026-02-22 02:14:23,2026-03-02 17:22:39,2026-02-22 02:14:23
0fa350d1-f2c5-4dce-b370-d5110411f3b3,701224ec-ffc3-4b90-8181-6b232412e7a9,web,Chrome,Chrome 118,3.5.7,f5be336bc9f8cc1e964c424d,True,2026-03-01 06:19:58,2026-03-02 17:07:55,2026-03-01 06:19:58
b5851ff0-310c-4fa6-947c-9d1f7a09344b,09b35a90-7494-4366-9bec-5a1b9cbe7179,web,Safari,Safari 17.2,4.2.10,fb2a228dbcf44956896979d4,True,2025-05-16 12:44:42,2026-01-26 10:14:59,2025-05-16 12:44:42
d5da4a59-ff30-44c3-9237-bbbdd908f4d8,4b23e393-d80a-40a9-aed4-5d5050b38473,android,Samsung Galaxy S21,Android 14,1.5.15,6a6df96e156361acecee09bd,True,2024-11-20 03:52:49,2025-06-09 03:06:57,2024-11-20 03:52:49
5e35b1d8-ed77-4575-9e5d-6255c7bc6a8e,4c3750b4-f7d9-4c58-9ee8-f9b79e69d334,ios,iPhone 15,iOS 14.3,3.2.15,8d1d75b347dfdeb07377ab2d,True,2025-11-17 18:26:23,2026-01-28 23:17:19,2025-11-17 18:26:23
f6da28ec-c0be-4bfa-aaa0-20dd669398af,4c3750b4-f7d9-4c58-9ee8-f9b79e69d334,android,Samsung Galaxy S21,Android 14,5.7.6,6579b0206249f4e103f9f6e2,True,2026-02-15 00:36:33,2026-02-28 23:03:14,2026-02-15 00:36:33
e56b1939-b827-4678-bdf8-5dbc9432b843,ab6ef1a1-49fb-4da8-8c92-d83a3c866ed7,android,OnePlus 9,Android 13,4.2.13,027aabc0dc6be4924fda85b0,True,2026-01-22 10:25:23,2026-02-26 07:58:30,2026-01-22 10:25:23
d24f7fae-a822-4420-a328-d7fa6c74b0b1,030c315e-a3d8-42b3-9e4d-52227ab79793,android,OnePlus 9,Android 13,2.3.20,db0e1efa066aff89aa7847a3,True,2024-11-30 02:57:55,2025-03-09 07:05:13,2024-11-30 02:57:55
a6d5fc09-a580-4705-82af-577d3df6ac58,030c315e-a3d8-42b3-9e4d-52227ab79793,android,OnePlus 9,Android 14,1.7.3,e3f1ebe93219680957cc3879,True,2024-11-03 17:31:19,2025-05-16 22:19:54,2024-11-03 17:31:19
a19a1f5b-e540-489e-975f-cb8cb64029bc,030c315e-a3d8-42b3-9e4d-52227ab79793,ios,iPhone 13,iOS 15.0,3.0.17,2ad8a49597003f69907816f7,True,2025-10-16 08:32:46,2025-11-28 07:15:13,2025-10-16 08:32:46
1195a91d-10b1-48ef-9110-e6281638f164,0870309a-8579-4637-b1d3-ca8a61392cbc,ios,iPhone SE,iOS 16.3,2.0.9,2fedc12a6c0bd70452e2fa64,True,2025-07-20 05:14:13,2025-07-31 08:28:01,2025-07-20 05:14:13
a9df87dd-5b14-4cf8-9e7e-2a69399918d2,0870309a-8579-4637-b1d3-ca8a61392cbc,ios,iPhone 12,iOS 16.2,2.1.7,5a38a864b556118d323b9df5,True,2025-08-16 07:28:58,2025-10-31 13:23:45,2025-08-16 07:28:58
740e0448-50e0-4f2b-a101-8db7455bb7c3,0870309a-8579-4637-b1d3-ca8a61392cbc,android,Huawei P40,Android 12,1.0.5,3551e10e81296cc2c5c92add,True,2024-08-16 12:10:07,2024-12-31 07:40:05,2024-08-16 12:10:07
2d038aa0-fdda-4279-8113-461b6cb027eb,89d6fc22-f76f-485f-81ac-d33ecac25394,android,Samsung Galaxy S21,Android 13,3.6.9,635521b10b26514d66bedf91,True,2024-02-15 22:01:43,2024-04-06 03:47:01,2024-02-15 22:01:43
94f59315-cbfb-46c9-bedc-e9c7f8d14e0b,89d6fc22-f76f-485f-81ac-d33ecac25394,ios,iPhone 14,iOS 17.3,4.8.0,2fcb11dbc65dbac1db34968f,True,2025-07-18 12:29:30,2025-09-05 02:18:30,2025-07-18 12:29:30
2f403083-c016-4445-93f9-d26ac5811f66,89d6fc22-f76f-485f-81ac-d33ecac25394,android,Samsung Galaxy S22,Android 13,5.0.18,13e4e3175cd31a858dd97c6c,True,2025-10-14 00:02:36,2026-02-02 12:56:32,2025-10-14 00:02:36
32eb950b-fdd0-471a-9f1e-b0d5884bfc46,9290dc32-c0f4-4132-932a-41165bcec9d8,ios,iPhone 12,iOS 15.0,4.9.13,9708588d41d4ad18c3711914,True,2025-05-20 03:33:45,2025-08-12 20:07:06,2025-05-20 03:33:45
20cfdf18-fedd-41ce-b1cc-698c759862f0,9290dc32-c0f4-4132-932a-41165bcec9d8,ios,iPhone 15,iOS 17.3,2.7.4,ae527f35185a5887c4ad8088,True,2025-11-22 05:38:01,2025-11-22 17:50:41,2025-11-22 05:38:01
2e928a12-360f-4920-b259-f58dda23424e,50eb693f-cbc3-4a1d-bcc6-85f390fbaf97,web,Firefox,Firefox 111,4.8.7,05cc1cba0cb2699ea993bc28,True,2024-10-14 07:19:46,2025-11-25 22:05:38,2024-10-14 07:19:46
47fbbbeb-8048-4b45-859b-05ac3cde0ae4,0ef26614-5127-4cbe-a2df-251859fe3c7f,android,Samsung Galaxy S21,Android 14,3.6.4,e60aaf4d2970d9b16fc61ffe,True,2024-02-22 21:48:00,2025-06-26 23:06:14,2024-02-22 21:48:00
df9b414f-b961-41cc-b95b-2fbc172d5af0,0ef26614-5127-4cbe-a2df-251859fe3c7f,ios,iPhone 12,iOS 14.2,1.3.5,5e2df91fa51700b92ee0cf5b,True,2023-12-09 17:58:37,2024-11-18 04:47:03,2023-12-09 17:58:37
0b7b916e-578e-48e1-8a13-0e012f3e0bcc,b2bdd78c-5c4a-4ee1-bdf1-517fc8badab6,ios,iPhone 12,iOS 16.3,4.9.11,a485467a0a0f4c79d2cabd60,True,2025-12-13 06:02:25,2026-02-26 03:01:39,2025-12-13 06:02:25
a0e9f9f7-12ce-4fd7-88e1-07688da48a0e,b2bdd78c-5c4a-4ee1-bdf1-517fc8badab6,ios,iPhone 12,iOS 16.2,3.0.15,bd2c7de354d6bb7cd3e8fb5b,True,2026-01-19 00:33:47,2026-02-13 13:28:22,2026-01-19 00:33:47
8427dfe8-425c-4eeb-a737-98c92d3766b1,2f255e66-9297-4963-bd05-873bc3474f29,ios,iPhone 15,iOS 14.2,4.2.19,51b36d19477cd7dc45a7c4ee,True,2025-06-10 20:26:26,2026-01-07 00:05:43,2025-06-10 20:26:26
22b0e859-f769-44a9-9f42-17f479cf7114,2f255e66-9297-4963-bd05-873bc3474f29,web,Chrome,Chrome 119,5.3.19,bd7b12c0bf18e37dedcebd49,True,2025-02-25 14:24:31,2025-12-08 12:16:12,2025-02-25 14:24:31
45a657fa-08d6-4113-80fc-3da967cab417,2f255e66-9297-4963-bd05-873bc3474f29,android,Huawei P40,Android 11,1.8.1,2d1d4dd675d4fee3d4c400a8,True,2025-07-29 23:49:14,2025-10-19 06:53:53,2025-07-29 23:49:14
97839d3a-cad1-4907-9883-4f6faa01afa3,7e4ac8c5-218e-4c63-a5fa-d82f0f1c5f78,android,OnePlus 9,Android 12,3.9.4,efd3945f61c29ecc62772745,True,2025-06-02 23:12:58,2026-01-01 08:16:08,2025-06-02 23:12:58
03a712cf-59b9-4491-9106-8cb616d889cb,7e4ac8c5-218e-4c63-a5fa-d82f0f1c5f78,android,Samsung Galaxy S21,Android 11,5.3.13,f746894bf18d6901e9cd592f,True,2025-07-08 20:59:58,2025-10-27 07:20:34,2025-07-08 20:59:58
272b0d23-e43d-4028-bf53-fa0f4bb56284,065a816e-85c7-4572-aa95-2ea409c8aa1c,ios,iPhone 13,iOS 14.4,4.8.20,44906ee090c3ef1aa8dd5391,True,2025-10-10 12:21:16,2026-01-09 03:26:53,2025-10-10 12:21:16
aa1a55ff-c325-45fd-83aa-7e486fbd3e8f,065a816e-85c7-4572-aa95-2ea409c8aa1c,android,Huawei P40,Android 14,4.7.15,c76581cbb1c03e9afe048dce,True,2026-02-08 22:23:11,2026-02-22 07:07:57,2026-02-08 22:23:11
84fc1bd9-dde5-45e7-bfbd-420a31300dff,b86f00ea-74d8-4c5a-8f4c-f480b51d212f,android,Samsung Galaxy S22,Android 11,4.3.16,45f34e234d32d4ab6078b843,True,2026-01-29 19:22:47,2026-03-06 23:27:37,2026-01-29 19:22:47
c1a262c7-8460-4e4f-9200-f5af3ca9df40,b86f00ea-74d8-4c5a-8f4c-f480b51d212f,android,Samsung Galaxy S22,Android 13,4.7.10,38e810ac5da8083f4ad3705b,False,2026-02-14 18:17:20,2026-03-02 14:15:22,2026-02-14 18:17:20
cc802284-e3ea-4975-a617-96c22fccb24e,7ec7d608-4cd4-4469-aa9f-d9299febce46,ios,iPhone 15,iOS 17.4,3.8.7,a7b77902e8b2df567f5f52bc,True,2024-05-30 08:47:36,2025-11-27 17:51:54,2024-05-30 08:47:36
d9ed72af-1100-49fc-8dff-cd767d7ac579,7ec7d608-4cd4-4469-aa9f-d9299febce46,web,Chrome,Chrome 117,3.2.12,7c04fa612803bbc2a1098117,True,2023-11-17 12:09:34,2024-07-29 05:46:23,2023-11-17 12:09:34
d78b586a-9a99-454c-9a00-05c03436f7cd,f573662a-d0d3-47f1-b194-477328585249,ios,iPhone 14,iOS 15.0,4.5.4,7747287175d070455fbec05e,True,2026-01-04 03:16:06,2026-02-05 21:49:50,2026-01-04 03:16:06
9bfc04c8-a9e8-4a13-8805-7c821cf93b02,f573662a-d0d3-47f1-b194-477328585249,ios,iPhone 12,iOS 15.1,1.4.6,7690337843dffb02b8c8e6b7,False,2026-01-16 11:22:46,2026-02-10 19:20:58,2026-01-16 11:22:46
7cdd9152-3859-4d0e-9820-8eaf3e6c87ab,f573662a-d0d3-47f1-b194-477328585249,ios,iPhone SE,iOS 15.3,1.6.10,46b46d2f18fcffc58aa754f7,True,2025-12-21 03:26:36,2025-12-24 05:16:03,2025-12-21 03:26:36
dbed142a-13d9-45c6-8ad0-ef0eb30f5d74,40828d82-602a-4bf9-9581-7322647c8d3d,web,Safari,Safari 18.1,2.9.3,ec1bfc7d51e7f3d3f04153d8,True,2025-12-07 09:09:22,2026-01-02 22:13:02,2025-12-07 09:09:22
103e2bc0-67e3-46db-9bf9-481e27d57e05,40828d82-602a-4bf9-9581-7322647c8d3d,ios,iPhone 14,iOS 16.4,2.9.18,e3c2fa1ebe0de5df5d5ad7f3,True,2025-04-26 01:03:13,2025-07-12 13:53:01,2025-04-26 01:03:13
763905c4-30b7-40cc-b089-dfec2cdbc2a7,21deb391-ee17-439c-8711-ba64522adce4,ios,iPhone 13,iOS 15.3,2.8.16,19b66b657f60928ff6f674f1,True,2024-01-21 01:45:23,2024-10-22 20:43:28,2024-01-21 01:45:23
0d6c5e23-3f48-4195-a21d-f5609a5718e9,21deb391-ee17-439c-8711-ba64522adce4,android,Samsung Galaxy S22,Android 12,5.7.13,1abb671584f8ac9c57b15298,True,2025-04-27 16:50:38,2025-08-13 11:49:13,2025-04-27 16:50:38
355400bb-e50b-4bd9-9e41-cc48b0b77392,21deb391-ee17-439c-8711-ba64522adce4,ios,iPhone 15,iOS 15.0,5.0.4,279816fe14faccbba509f39f,False,2024-12-28 14:18:14,2025-03-13 11:52:12,2024-12-28 14:18:14
45885cf4-8df6-44af-b1cd-4089ac5ab89f,4e222e2b-f8d2-4e1c-8619-7c8d25e99c5b,android,Xiaomi Mi 11,Android 11,2.9.9,a8d1798972ff03ce36698768,True,2025-10-06 14:06:42,2026-02-14 03:18:41,2025-10-06 14:06:42
1d541af1-0d02-4131-bc9b-27f9240fb9d6,242be6c5-86dd-4086-987e-4cec40c45fc3,android,Xiaomi Mi 11,Android 11,4.9.6,3fba5e0873961cfd53ccd3eb,True,2025-06-14 10:15:20,2025-08-17 16:30:56,2025-06-14 10:15:20
41b6eb57-c42f-47b3-98fc-d4fda940edce,20312c2b-5414-4377-af33-a2363a9d47cd,ios,iPhone 12,iOS 17.1,5.5.13,eb0addd4d7f317d0ffc5db2f,True,2026-01-22 00:28:46,2026-02-06 10:12:23,2026-01-22 00:28:46
d8d5f07f-5d0c-48c1-9ea4-90f029022b8e,20312c2b-5414-4377-af33-a2363a9d47cd,android,OnePlus 9,Android 13,1.6.4,67e0c0c5bcaedf807de7369b,True,2025-12-24 05:31:05,2026-01-18 20:29:31,2025-12-24 05:31:05
745de80c-ce82-4337-aeea-7622f9f61cf3,c013fb0a-566b-4554-ad9e-d8d75c071f80,android,Huawei P40,Android 12,1.8.18,026a81219a9009178d2680a6,True,2025-07-07 01:07:11,2025-08-30 22:41:36,2025-07-07 01:07:11
c63291d2-10e7-40a7-b129-cd880b4036a3,c013fb0a-566b-4554-ad9e-d8d75c071f80,ios,iPhone 13,iOS 17.0,4.8.13,b8bebf661b7f0747592a07eb,True,2025-10-28 16:40:02,2026-01-05 19:01:31,2025-10-28 16:40:02
3556c53a-db34-4e1a-a95f-6f7bcc9eb906,64a62fdb-875c-443f-8563-812758374392,web,Chrome,Chrome 115,4.1.4,b31081f5acae9ae803eed261,True,2025-12-19 20:04:21,2026-01-21 04:31:37,2025-12-19 20:04:21
1f7faacd-c9d3-4750-a65b-01ebf9e993ed,64a62fdb-875c-443f-8563-812758374392,android,Huawei P40,Android 14,1.3.2,e071c25fbac7c48c8d32c30d,True,2026-01-02 03:15:31,2026-01-14 17:37:54,2026-01-02 03:15:31
f8197c95-36ae-44dd-8942-b0911bd95694,64a62fdb-875c-443f-8563-812758374392,ios,iPhone 14,iOS 15.5,3.3.13,0f280c0a06d10800445861bb,True,2026-01-25 22:50:14,2026-02-05 06:27:52,2026-01-25 22:50:14
b2d12bf6-fbbf-4eb3-b4d6-c0ca52bbf4fc,7c9a956e-2825-4701-88d8-64c8b2d37aae,android,Xiaomi Mi 11,Android 11,2.0.18,14103bb972c091f7553e0b33,True,2025-11-10 18:31:31,2025-12-16 09:29:32,2025-11-10 18:31:31
8f140109-2244-49ca-9c3b-1c9e18088b4f,c652333a-af2e-4204-9459-1891c4f1657e,web,Safari,Safari 16.4,3.5.10,1135567502cf25e10d5d1ae7,True,2025-07-16 09:25:43,2025-10-01 18:11:40,2025-07-16 09:25:43
c9484835-2ca1-4616-8f18-a54aad392b9f,d5f1a300-f172-45db-bc45-7ddcb2fec8e8,ios,iPhone 14,iOS 14.3,1.5.6,10c3d10a87a7c52bcbf11aa5,True,2025-04-11 05:11:43,2025-06-05 13:38:56,2025-04-11 05:11:43
9b9475c1-b2aa-4551-ae76-f03bfce0721b,1d3e00e9-daf6-4a5e-8047-77514a4809bf,android,OnePlus 9,Android 11,1.7.20,261bda8e31db6869c0420f17,False,2026-03-03 18:24:15,2026-03-03 18:53:49,2026-03-03 18:24:15
aac95aed-4f55-4115-a8ab-d1833afa841d,0e3d0f67-181e-4fa1-bcc7-747a9bb89423,android,Samsung Galaxy S21,Android 11,5.2.11,b203daf74321b6e4334d8bb1,True,2025-08-19 04:25:49,2025-09-15 14:37:34,2025-08-19 04:25:49
7b12bfb6-422e-4a2b-abfe-3c1a07bf68a1,0e3d0f67-181e-4fa1-bcc7-747a9bb89423,ios,iPhone 15,iOS 17.1,4.1.0,d1a67c9dc868c50894fe3ef7,True,2026-02-09 00:42:20,2026-02-23 05:38:52,2026-02-09 00:42:20
9a448bd4-479d-4538-a0cb-900f160c3968,0e3d0f67-181e-4fa1-bcc7-747a9bb89423,ios,iPhone 15,iOS 16.4,4.9.3,82f3927d15120c6a621c107c,True,2026-02-19 03:06:58,2026-02-26 09:12:30,2026-02-19 03:06:58
b905c826-9b7a-4c02-8198-84e05b95234d,c3806e79-c7aa-4e2f-886d-33944af23c15,android,Samsung Galaxy S22,Android 13,1.4.6,7157177518c2e5c512865a86,True,2025-09-03 05:54:48,2026-01-12 10:11:02,2025-09-03 05:54:48
b6548694-69b8-4dd2-83d7-3003c6abcfe3,c3806e79-c7aa-4e2f-886d-33944af23c15,ios,iPhone 13,iOS 16.1,5.8.3,fc1b210c0f701a5d4717137c,False,2025-08-01 13:45:58,2025-09-29 15:57:16,2025-08-01 13:45:58
e4ae79f5-8367-49b1-81e1-351ccdbb11d1,11c236df-c441-4502-a237-6dd2a6582b38,ios,iPhone 13,iOS 17.3,3.5.3,e3d2f46c63ab9884088ce04e,True,2025-01-23 23:13:11,2026-02-14 17:38:16,2025-01-23 23:13:11
5b3734fc-ed0d-4927-9c43-05ee1cb129e4,7d8b4ee3-49e2-4759-afc6-0141fdf0b86e,ios,iPhone SE,iOS 17.2,4.6.11,a785e1783af7cdfc8c9edb5d,True,2025-06-28 08:25:50,2026-03-05 00:23:06,2025-06-28 08:25:50
5332f5b6-896c-470e-80f0-54c0edca7e29,3de4ee7b-2b4c-425d-ba01-c865a1d3cd24,ios,iPhone SE,iOS 15.5,5.8.5,4b395d6a99f5f98ff41f77f2,True,2025-10-03 18:06:45,2026-01-15 01:17:46,2025-10-03 18:06:45
0e0f4275-aed9-454e-9134-2af7c51e37f4,ab409d54-460a-4169-b6d8-9e41f5946350,android,Samsung Galaxy S21,Android 13,1.6.3,cf32ab8d4e7c9aa18d51f4d4,True,2025-10-22 10:31:29,2025-11-18 13:43:05,2025-10-22 10:31:29
d02c5de5-04dd-406c-9c52-75fa316ca980,e14573fc-e9e4-452e-9078-963b1b84809e,web,Firefox,Firefox 111,2.0.13,6a64143aabfc712d64776f67,True,2025-12-12 12:09:35,2026-02-04 14:08:00,2025-12-12 12:09:35
5956cf23-3a46-440f-b12f-03423643b884,8049827c-fb6c-42e8-a360-80d34d0a103a,android,Xiaomi Mi 11,Android 14,1.7.15,144f7b6047492ad0baeb5230,True,2025-10-22 13:52:03,2026-02-09 16:00:28,2025-10-22 13:52:03
40755bdb-fbb9-4b8c-9fcf-a3b3fe93e332,095daceb-edc8-4090-b8bb-fca9066b20b7,android,Samsung Galaxy S21,Android 11,5.4.14,abe1dad8086d3bb2269dc4b3,True,2026-03-05 09:22:28,2026-03-06 09:39:51,2026-03-05 09:22:28
e12c0132-3744-44ab-bf8a-559e132e4e59,095daceb-edc8-4090-b8bb-fca9066b20b7,ios,iPhone 12,iOS 14.3,4.3.5,7b695626b363917c5a19d671,False,2026-03-06 09:21:03,2026-03-07 02:01:59,2026-03-06 09:21:03
56709816-3ce9-4b4b-9250-3b650224188c,7300f7ab-df9b-4166-b56f-75f0d069415a,ios,iPhone 12,iOS 14.3,4.3.8,5ff0f0e9eaf152f9e18d3dfb,True,2026-01-24 10:20:12,2026-03-03 09:35:18,2026-01-24 10:20:12
68d0be9d-5ace-4bea-801d-7945a2bb7946,7c124691-fdf0-41a5-8a86-7a652ef40578,ios,iPhone 13,iOS 14.5,2.6.12,4fb3f22e3a4518229a734895,True,2025-10-15 11:32:36,2026-01-12 15:42:10,2025-10-15 11:32:36
90bfcc05-40aa-4ded-8f15-ff513741764d,7c124691-fdf0-41a5-8a86-7a652ef40578,ios,iPhone 14,iOS 14.0,1.0.12,ed765c1b2c529cc1ec3d8a9d,True,2025-12-16 23:27:57,2026-03-07 00:14:08,2025-12-16 23:27:57
488421fc-bc9e-4405-b85f-0892286ea7fa,85840a23-4e8e-40ef-9ce9-45bcf55b4223,web,Chrome,Chrome 119,5.6.6,b04d4d8b660876bb932e2137,False,2024-05-09 15:59:35,2025-01-31 10:57:15,2024-05-09 15:59:35
9684e482-fddf-43b6-9453-b587c8722b21,85840a23-4e8e-40ef-9ce9-45bcf55b4223,ios,iPhone SE,iOS 15.5,5.3.12,fc836b7d54cc7ab5054d57e8,True,2024-12-03 16:25:30,2025-04-17 07:20:24,2024-12-03 16:25:30
cb9a1a52-330a-46dc-8e46-80bb307df861,a405b362-6c76-4fbf-b084-105c4fd57c36,android,OnePlus 9,Android 14,5.2.1,595adee8b78851b760ccd899,True,2026-01-31 18:58:15,2026-02-17 15:26:39,2026-01-31 18:58:15
1f97fbd3-e87f-4061-acdf-4673c21da489,a405b362-6c76-4fbf-b084-105c4fd57c36,android,Samsung Galaxy S22,Android 13,4.0.11,a53531dbac5a817d43f6079a,True,2026-01-28 01:44:03,2026-03-03 07:44:12,2026-01-28 01:44:03
13b40e70-e114-40ae-be2d-084813abaa3c,a405b362-6c76-4fbf-b084-105c4fd57c36,ios,iPhone 14,iOS 17.3,2.4.5,40d670a4088b7a0801006df8,True,2026-02-11 20:35:36,2026-02-24 15:23:00,2026-02-11 20:35:36
97b6710f-43b2-4cea-b718-5c300e5e9e55,c7c96370-dc7f-454e-b492-b17f2093df15,ios,iPhone 13,iOS 17.3,5.2.5,1ad0e16b7b099db532a36f36,True,2025-06-29 04:22:23,2025-09-24 13:49:43,2025-06-29 04:22:23
f7370df6-cab0-42db-8abf-85cda74a4523,c7c96370-dc7f-454e-b492-b17f2093df15,android,Samsung Galaxy S22,Android 11,4.2.2,08abfea528b451ee1371db99,False,2025-10-06 07:35:12,2026-02-04 04:58:59,2025-10-06 07:35:12
f88e462b-e499-4ba7-8e7a-94d358c8f955,b6c6c3a2-8040-4352-91ff-cd6260a62e54,android,Huawei P40,Android 13,4.9.0,051f963e35106235693fbf44,True,2025-11-23 00:15:40,2025-12-06 06:46:26,2025-11-23 00:15:40
75d7a872-f26a-48ee-a0c7-1c804dba5c54,836cff02-a5ac-421d-be45-90d645b6cda1,ios,iPhone 13,iOS 17.2,5.2.15,47539ef5b77f20c45a9cd3e8,True,2025-06-13 07:49:03,2025-06-28 05:01:19,2025-06-13 07:49:03
edfb0515-8817-47a5-8ffc-ce13a7a31039,b3640e37-8bfa-487e-9d07-24773d0d7d9e,android,Samsung Galaxy S21,Android 14,3.4.5,a5d90488648e81af23e63b7b,False,2025-07-27 03:31:05,2025-10-06 22:31:18,2025-07-27 03:31:05
5a02da9c-0853-46e4-8c86-d160fa3b8af1,c14f6720-92a8-45e8-8b8f-5881fcbe5dff,web,Safari,Safari 17.2,4.7.20,95a28c23086dc9fe11244d19,True,2026-02-05 13:43:23,2026-02-19 18:01:56,2026-02-05 13:43:23
47105330-1a0e-4698-8729-42f4fbaa3319,c61a1380-6fc1-4a09-8b44-e9d47fc8bb25,ios,iPhone 12,iOS 16.3,5.2.17,eb36447345291eecfe24ea11,True,2025-08-08 00:28:54,2026-02-05 11:51:48,2025-08-08 00:28:54
ca105096-7a34-48e0-8217-093355582d13,c61a1380-6fc1-4a09-8b44-e9d47fc8bb25,ios,iPhone 13,iOS 14.1,5.8.7,02e3a8dd1261374282390f77,True,2025-07-06 16:24:17,2025-08-20 01:39:43,2025-07-06 16:24:17
bdb48a1f-5967-4017-ab71-5abde4f41ed7,a06ece89-5346-4b94-a95f-1da4f884d432,ios,iPhone 13,iOS 16.2,5.4.12,7aa17bee7a64e24f89a8ef7c,True,2024-10-26 05:07:42,2025-01-30 16:15:11,2024-10-26 05:07:42
3346f5a9-53d2-4034-b959-deb565af174a,dbf35abb-e2fa-450f-89ec-6ba46f172413,ios,iPhone 14,iOS 17.0,3.9.4,c90fdc062f8351ce0192e6c8,False,2025-12-02 03:52:45,2026-02-03 18:25:36,2025-12-02 03:52:45
9e1b4dd2-0a0e-4200-91d6-503a00768f87,dbf35abb-e2fa-450f-89ec-6ba46f172413,ios,iPhone 15,iOS 14.1,1.5.7,6bb341833dd8f023051a9520,True,2025-09-12 13:30:18,2025-11-27 11:49:57,2025-09-12 13:30:18
e4619b85-b8ad-40dd-b46e-d8f56d4f2dd1,901227c4-2935-4e6b-ad6f-e24dccc37655,ios,iPhone SE,iOS 14.0,5.9.8,def8e4b5c04830e20eb2720c,True,2026-01-25 09:04:04,2026-03-05 08:40:56,2026-01-25 09:04:04
9565e6b6-5c7a-435b-9918-a46c2102c661,901227c4-2935-4e6b-ad6f-e24dccc37655,ios,iPhone 14,iOS 15.0,2.9.14,d2e5b903e14b436167df9824,True,2026-03-06 17:08:52,2026-03-07 00:42:07,2026-03-06 17:08:52
4cc6091b-c3c0-4614-9ccb-e27efe076db4,901227c4-2935-4e6b-ad6f-e24dccc37655,ios,iPhone 14,iOS 14.1,5.1.3,ba391dc0cf77f1066ef17cd9,True,2026-02-11 14:08:38,2026-02-27 19:07:44,2026-02-11 14:08:38
fe7de66b-ea08-42f2-867c-026943acf401,405205e6-5b94-42e4-b986-8255f14569d8,android,Samsung Galaxy S22,Android 13,4.3.6,0e94cfd83e6442d0ff9d1e87,False,2024-07-09 17:03:01,2025-11-04 19:59:20,2024-07-09 17:03:01
8631be80-573c-4b51-a70f-f7af3aaeb453,405205e6-5b94-42e4-b986-8255f14569d8,android,Samsung Galaxy S22,Android 13,4.8.4,9b3b2d6821bb0226b02d1932,True,2025-08-18 07:30:06,2025-08-22 11:49:17,2025-08-18 07:30:06
168a26d4-6ecb-4ed5-9028-bced998d4738,9ac1e0e5-f6d6-4f11-b6ca-0f2564012704,ios,iPhone 12,iOS 17.2,5.0.9,8e6399bfe5023270397b8f18,True,2026-01-22 15:05:32,2026-03-05 16:47:09,2026-01-22 15:05:32
98c5ba16-283b-41a6-94c7-b7978228c72c,9ac1e0e5-f6d6-4f11-b6ca-0f2564012704,android,Huawei P40,Android 13,5.8.4,9f1a241ce7ca33eb3ce3c2ce,True,2026-02-28 00:41:29,2026-03-01 07:46:17,2026-02-28 00:41:29
6dad6d29-e3b8-4be1-9f80-feda7caa8b30,9ac1e0e5-f6d6-4f11-b6ca-0f2564012704,android,Huawei P40,Android 11,1.4.17,7290fb68be0c58dcfbf40156,False,2026-01-26 11:14:08,2026-03-09 06:27:12,2026-01-26 11:14:08
70c856cf-c2e7-4797-84f8-bf877c6915c5,43aac153-0433-4fd7-ac67-fe152b9f60c1,android,Samsung Galaxy S21,Android 14,3.0.13,8665bdd0629756e517728f77,False,2025-02-03 01:00:20,2025-09-03 14:28:06,2025-02-03 01:00:20
f7b248d0-b16c-402b-a3c8-946204ff25ef,bf22f3b1-b43b-4af0-aa2e-e88861640e13,android,OnePlus 9,Android 13,1.2.12,bda01262d4a6dfc70c7d865b,True,2026-02-27 20:39:47,2026-03-07 11:51:29,2026-02-27 20:39:47
b909fe37-37f3-4370-98cb-fb85359d3617,64fd6ca7-26e5-44cc-8453-c0c02459ebcd,android,Samsung Galaxy S21,Android 14,3.4.18,6dd5751713fcd9e01a0d2529,False,2025-08-06 12:03:19,2025-08-24 04:14:04,2025-08-06 12:03:19
8d23e14a-36c1-4cba-bd4d-b5157c31b9a7,59ebd486-88c9-47c1-8abd-040c0d3c59cd,android,Samsung Galaxy S21,Android 14,2.5.3,5cb8cd50492061fa50b0203a,True,2026-03-02 13:20:29,2026-03-04 23:24:33,2026-03-02 13:20:29
afa72391-2893-46e6-b600-81c57f4eaafc,2b93139e-99e1-4a60-b32e-03d27d55c827,android,Huawei P40,Android 12,1.1.4,70590366437398c5d3c39864,True,2025-05-07 11:15:42,2025-09-08 14:03:20,2025-05-07 11:15:42
ac98bd03-73b4-4f15-8737-3f972bf387e5,2b93139e-99e1-4a60-b32e-03d27d55c827,android,Xiaomi Mi 11,Android 12,3.1.8,e4585afa1d3a7829a4ebeba0,True,2024-10-07 19:01:13,2025-07-31 00:17:46,2024-10-07 19:01:13
f78ee505-8c13-43c6-abfe-37fd21b16796,24119fee-b918-4c69-956a-c9785ac826a1,android,Samsung Galaxy S21,Android 12,1.3.20,66fcb5b456523c5544bb0026,True,2026-01-31 18:07:36,2026-02-12 13:35:38,2026-01-31 18:07:36
9e9e8729-58ab-4db8-82d6-622ab341b67e,022a8d98-46ef-4950-9d18-ff01ad441f01,android,Huawei P40,Android 14,5.1.18,f6aa2347d2efcb512ba2ba98,True,2025-12-13 07:10:44,2025-12-21 04:07:11,2025-12-13 07:10:44
1fadba48-933a-4a91-876b-981be92a2a68,022a8d98-46ef-4950-9d18-ff01ad441f01,android,Samsung Galaxy S22,Android 13,5.4.13,8925cc5f6c523874668ec177,True,2026-02-12 17:49:07,2026-02-15 22:27:43,2026-02-12 17:49:07
45f3a55e-f02f-4b3d-b8bd-40921dcf7bdf,5ade48ff-6695-4919-8fa6-f58843900122,android,Xiaomi Mi 11,Android 13,1.0.0,20a3d4dcda3a1d326a7cd298,True,2026-01-28 23:34:53,2026-02-22 22:21:45,2026-01-28 23:34:53
f3fb7a6e-0dd4-4ba4-8c75-58cb4db8c9fd,5ade48ff-6695-4919-8fa6-f58843900122,android,OnePlus 9,Android 12,1.4.17,955e22fabf29a87922827a68,True,2025-08-08 05:02:04,2025-08-09 10:49:54,2025-08-08 05:02:04
72de7a77-bd09-4573-b4a2-df30301e7d2d,11fba5b5-e8bf-4bdc-92c9-454b064fe71f,android,Samsung Galaxy S22,Android 13,3.1.9,4015f847e5d4e203756deb61,True,2025-07-22 12:37:11,2025-12-26 20:44:40,2025-07-22 12:37:11
533dc889-f1e9-4b64-8488-373dd06f52ff,04674e65-960b-4cbc-9b90-d40d928262e1,android,Huawei P40,Android 14,4.9.9,dc9c7dcd1b685c6e0a94b405,True,2025-08-03 18:11:37,2026-02-02 19:16:23,2025-08-03 18:11:37
b2e75442-8d24-47bf-8948-f6450c6b9f7d,8a75c3e7-af05-46da-b38e-52f9a6a7c064,ios,iPhone 12,iOS 15.5,4.2.3,46f56aeaffa134486d21b9d1,True,2026-02-19 04:56:19,2026-03-06 09:41:55,2026-02-19 04:56:19
e58a2c57-adc7-4c49-a2d0-f2788c346e41,892488a3-68b8-488c-a323-7bf66269a3d7,ios,iPhone 15,iOS 17.3,5.6.9,7d5749df50db22d2dca82f2d,True,2025-12-26 10:29:20,2026-01-09 11:27:19,2025-12-26 10:29:20
0385c0f7-79a4-46b7-b138-cb84b53447f5,584d6a82-e7d5-4163-8474-9a496a587a4d,ios,iPhone 13,iOS 16.2,1.8.14,2eb9b938ac6e6d53cf641bdd,True,2025-02-17 04:30:06,2025-08-27 18:36:30,2025-02-17 04:30:06
51308865-a825-42a7-8855-dd15e0e7129b,07f1b85b-bd82-4dc5-b8de-2ccaf03d598b,ios,iPhone 14,iOS 16.3,2.8.17,50c62b273060081965d8d9aa,False,2024-03-06 12:40:10,2025-05-15 04:47:59,2024-03-06 12:40:10
2be82ea6-6d26-43af-89d6-67ea59fa63c3,07f1b85b-bd82-4dc5-b8de-2ccaf03d598b,ios,iPhone 13,iOS 15.5,5.4.20,4e52626fa2c0e135126b18c3,True,2025-04-30 07:51:48,2025-09-05 14:12:18,2025-04-30 07:51:48
3b159163-2d62-4228-9555-6c1db0951798,a78b1100-217e-439b-8ab5-4340fa86e3cc,android,OnePlus 9,Android 12,1.6.2,82532578da6628e6b725f1db,True,2026-01-10 02:24:10,2026-02-03 03:06:36,2026-01-10 02:24:10
fb138857-aa3e-45d1-aae0-cae87ed8aa93,ea1aaf20-4ff4-4025-a9bd-0da71a024e8f,web,Safari,Safari 16.5,1.4.13,3098d1b2aa34deef36920210,True,2026-02-24 20:40:22,2026-02-25 00:29:36,2026-02-24 20:40:22
d9273fd3-f8c0-4e26-8d4a-a2957b739709,ea1aaf20-4ff4-4025-a9bd-0da71a024e8f,web,Chrome,Chrome 115,4.9.16,298d7d383f88245af426b48d,True,2026-02-27 23:37:34,2026-03-06 07:32:48,2026-02-27 23:37:34
580ccf8e-79d5-42da-9ab8-31071e94f227,d9a47254-3c8b-4cec-8879-975a96c80814,ios,iPhone 15,iOS 15.4,2.9.9,bde6bbd565fcb23ed6b28b63,False,2025-10-14 15:36:39,2026-02-02 01:21:32,2025-10-14 15:36:39
b9040960-11d9-4ac9-abbe-8414dc224560,d9a47254-3c8b-4cec-8879-975a96c80814,web,Chrome,Chrome 119,5.0.12,ff9b247fa65d1fb8a354ba82,True,2025-10-25 12:06:50,2026-02-05 07:47:48,2025-10-25 12:06:50
6ca0b5e5-efbc-4617-8c4d-daf0bee8f980,e9079aa5-8e90-41ab-92ea-3bb6fd37edbf,android,Samsung Galaxy S21,Android 12,3.9.9,421db010e5e6055d9794f5c6,True,2025-09-29 00:44:21,2025-11-27 21:58:57,2025-09-29 00:44:21
0a03b217-02b9-4637-b64c-37cc86e5c03b,673bf1e7-894d-47ac-ac5c-66ab179973f0,android,Xiaomi Mi 11,Android 13,1.7.8,8e0f9e1597c6e45d9dae1a1a,True,2026-01-13 21:37:22,2026-02-21 01:23:26,2026-01-13 21:37:22
de439864-5f3b-46a0-a72c-67422536a39d,673bf1e7-894d-47ac-ac5c-66ab179973f0,ios,iPhone 14,iOS 17.3,4.1.13,c3f46d8acce24846ca4bcada,False,2025-06-12 23:48:37,2025-08-09 02:10:08,2025-06-12 23:48:37
e3682784-24f0-434b-8df3-ce14a2ad9185,0067b054-3c5d-4f37-9302-e716c8da1ba6,ios,iPhone 15,iOS 14.5,4.2.6,3d1e522ad016b923806ed53b,True,2025-11-06 00:00:02,2026-03-08 03:21:47,2025-11-06 00:00:02
a146e181-da54-44b0-99ba-26b805adfec3,ba5abac9-4bd0-4d9c-a01f-5ff2fa66fd12,ios,iPhone 13,iOS 15.2,4.5.2,5a319b0418a6a125a09a5e39,False,2025-07-18 05:17:26,2026-02-15 03:29:49,2025-07-18 05:17:26
00defa6a-3633-49b3-be98-856eea36ff43,ba5abac9-4bd0-4d9c-a01f-5ff2fa66fd12,ios,iPhone 14,iOS 16.3,4.8.4,2c9f09cee9b4fcbbef968424,True,2026-02-11 15:11:34,2026-03-07 14:05:03,2026-02-11 15:11:34
ab895dae-f769-4f60-b21d-45b6949983b4,74931e73-709f-4722-a76e-6aa154679e0d,android,OnePlus 9,Android 13,2.5.8,136f646db2a856c9ea9c09c5,True,2025-09-30 15:53:39,2025-11-01 11:36:26,2025-09-30 15:53:39
ddbe117a-518c-44f4-8744-7a629af1b044,74931e73-709f-4722-a76e-6aa154679e0d,ios,iPhone 13,iOS 15.0,1.6.2,7a8e0f9a2a37c523b985d66b,True,2025-11-03 14:17:12,2025-12-21 04:59:39,2025-11-03 14:17:12
105d2a49-d596-46f8-957b-340461c84f73,bf857ef5-8a00-415c-ad36-2e7c87b68667,web,Safari,Safari 16.5,2.3.10,f0dd65f526a4463a8f1cf9d2,True,2025-11-20 21:58:52,2026-03-04 11:11:09,2025-11-20 21:58:52
bd8e7599-c42c-4ca1-9c56-4b6cb92161d3,bf857ef5-8a00-415c-ad36-2e7c87b68667,android,Xiaomi Mi 11,Android 11,4.0.10,e897eb5c378074c5f2211944,True,2025-12-18 00:52:11,2025-12-29 22:42:27,2025-12-18 00:52:11
8a430d55-3d47-4034-be82-5a058bc35345,9ea397c5-10c1-4f4b-ad98-01c6d8ef58df,ios,iPhone SE,iOS 17.1,1.0.18,c66fc04b8c85793d369dba36,True,2024-12-24 08:01:59,2025-02-09 11:53:40,2024-12-24 08:01:59
de3488e5-a5a9-4aab-b61f-03c83cf327eb,9ea397c5-10c1-4f4b-ad98-01c6d8ef58df,android,OnePlus 9,Android 13,5.7.6,3fd319290213d69b7e489fb7,True,2024-10-28 07:21:50,2025-10-17 05:41:30,2024-10-28 07:21:50
68d3de39-ea51-411a-886d-f037a7e5ea07,2e00b1c7-02c4-4653-850a-54244c64a2d4,android,Samsung Galaxy S22,Android 11,5.4.0,c85a443863cc016bbe96734d,True,2025-12-31 21:37:30,2026-03-08 00:21:44,2025-12-31 21:37:30
99e12f7b-be72-4a9f-a88e-78aed6b69b26,2e00b1c7-02c4-4653-850a-54244c64a2d4,ios,iPhone 13,iOS 16.3,5.2.18,77290803c77c7ea35a4a2809,True,2025-12-30 06:58:42,2026-03-04 09:40:27,2025-12-30 06:58:42
fda647a4-dcee-491a-8b67-6a626f4250fa,6616280d-42c3-4cbb-b2f5-cc767be8ad21,android,Xiaomi Mi 11,Android 11,4.8.3,bb71d5181bfc37414454a0f8,True,2025-04-13 22:08:10,2025-09-16 00:14:19,2025-04-13 22:08:10
79680306-15a6-4b99-bc84-ef007d5a54a2,6616280d-42c3-4cbb-b2f5-cc767be8ad21,ios,iPhone SE,iOS 15.0,3.6.18,6d3297d2a7d6a22c79c73b95,True,2025-09-18 08:37:22,2025-11-15 23:19:11,2025-09-18 08:37:22
11be74bd-a303-4874-ba20-6dcfa688621f,04eb5e59-81c3-4c58-a22f-5df3ec52ab76,ios,iPhone SE,iOS 17.5,4.0.7,9adbd216bb7083e5f97f4afa,True,2025-09-03 20:36:05,2025-09-10 12:15:12,2025-09-03 20:36:05
5248fda5-06d6-4713-b5ef-07a2fe370e13,a79a8c8a-4f1d-45e7-a9f4-705ac0bb4ed3,android,Huawei P40,Android 14,3.2.16,9a4aa7610a7946ceef6c2e68,False,2026-01-23 21:56:36,2026-01-30 07:06:07,2026-01-23 21:56:36
a6d67c18-d14e-47b8-afda-78f6220efe05,a79a8c8a-4f1d-45e7-a9f4-705ac0bb4ed3,web,Firefox,Firefox 122,2.1.15,52dafb2845fe2df0b1db36c0,True,2025-10-08 20:32:39,2025-11-28 01:09:20,2025-10-08 20:32:39
c2e81bf9-3172-4019-a2fe-845656fcb8ff,a79a8c8a-4f1d-45e7-a9f4-705ac0bb4ed3,ios,iPhone 15,iOS 16.5,3.2.1,a0d65fa030b12d913b3fd97b,True,2025-12-28 06:23:36,2026-03-03 23:19:29,2025-12-28 06:23:36
214cdd74-7f0f-49d5-be5e-fcc8a013307c,8d8fc28e-2fc0-48f1-bc96-3fcf11edb0d7,web,Safari,Safari 16.5,3.7.7,9d074c6d8c079862a527f497,True,2025-11-10 04:10:18,2025-12-09 14:37:19,2025-11-10 04:10:18
a41983f3-dfc9-4aef-97c1-1fbed82dc571,2b9c6347-bd1f-4a1b-ad55-4767c79b064e,android,Huawei P40,Android 12,4.8.10,76d4a8b5747300d9d8564cf5,True,2026-01-10 08:58:29,2026-01-25 21:10:02,2026-01-10 08:58:29
4e136134-fc5e-4371-8cdf-ba9d0ed05d04,2b9c6347-bd1f-4a1b-ad55-4767c79b064e,ios,iPhone 13,iOS 16.3,1.5.20,bf1b5dfbab479406e37ebd21,True,2026-02-21 20:26:44,2026-02-28 08:44:25,2026-02-21 20:26:44
9ad9dcda-eabf-40b0-81fa-10e7046feb89,b9f63c59-bc62-44d0-91ee-49abdc46bcd6,ios,iPhone 14,iOS 14.4,1.8.9,1aff952b3a9bc4a8db5a92fc,False,2025-03-11 22:39:49,2025-10-11 13:27:15,2025-03-11 22:39:49
366ee1cd-4a65-4bda-9f29-57fa9c864ad2,c9c4f653-1537-44b9-b4e4-0ca5ec1aa0eb,android,Samsung Galaxy S21,Android 14,1.7.8,e0013092dbe8e501dfc36ccf,False,2025-09-19 03:22:17,2026-02-21 06:21:55,2025-09-19 03:22:17
e56fefe8-e2b5-4626-b98d-cc1cd33df881,d2752e1e-9eb9-4ad5-b14f-ff36a2bf3e03,android,Xiaomi Mi 11,Android 14,1.5.14,c6fef61878b748260c25fc40,False,2025-09-13 02:15:50,2025-12-06 13:44:09,2025-09-13 02:15:50
b0e03cda-f737-4a23-9497-5d98477c624c,d2752e1e-9eb9-4ad5-b14f-ff36a2bf3e03,web,Safari,Safari 18.3,4.4.0,90a82de1489a56bae7b506a3,True,2025-09-03 03:58:23,2025-10-19 06:46:24,2025-09-03 03:58:23
b472b25d-b640-48de-8703-1880c7d93b8e,07f40a1b-b491-4fb2-ac62-82b6bc627f85,android,Xiaomi Mi 11,Android 12,4.2.20,3962eedbfd35baa901c65a6e,True,2025-12-31 23:53:46,2026-03-03 22:21:58,2025-12-31 23:53:46
dad5d20a-95d0-465c-91a4-4a6c3b1df51b,d4fd5b62-1ffc-4cfd-8c9b-d2c88cbe8818,android,Samsung Galaxy S21,Android 12,1.4.9,fd8c363201e9f123020058eb,False,2025-02-08 06:45:57,2026-01-06 17:41:01,2025-02-08 06:45:57
0e8212a3-3187-44b6-8054-17613378451a,d4fd5b62-1ffc-4cfd-8c9b-d2c88cbe8818,web,Chrome,Chrome 123,2.4.2,b41ebbd4c9ed2051887e3ffd,True,2024-10-08 15:38:13,2025-06-18 00:37:34,2024-10-08 15:38:13
3ae0c913-b739-448d-b310-a29a5da032ba,0ccca6a6-5680-4ad2-b676-01a5791b2452,android,OnePlus 9,Android 12,3.2.20,1e0dcd90fec268b13a8fb0a2,False,2025-07-09 08:10:15,2025-08-13 23:59:33,2025-07-09 08:10:15
b01af473-9eb4-4ccd-a98c-5fa00e1dd0a5,0ccca6a6-5680-4ad2-b676-01a5791b2452,android,OnePlus 9,Android 13,1.8.9,690d02cfa5641924f5e39b24,True,2025-01-25 00:40:17,2025-07-27 11:08:08,2025-01-25 00:40:17
2d5300ba-fef7-4fdf-bb24-836d65f32f19,6fd2d6fd-e4d2-4a4d-8e48-238e49ef4312,web,Firefox,Firefox 118,3.7.12,fbc2ac7824b08ec6a704ced4,True,2026-02-27 07:27:16,2026-03-02 20:54:48,2026-02-27 07:27:16
8d2838c0-be31-4e21-8493-79638fd8325f,6fd2d6fd-e4d2-4a4d-8e48-238e49ef4312,android,Huawei P40,Android 14,4.2.9,bb4e588360323dff537d0ec7,True,2026-01-29 22:15:24,2026-02-09 13:06:40,2026-01-29 22:15:24
3fad1347-f262-431f-bfec-06ab88a7d33a,6fd2d6fd-e4d2-4a4d-8e48-238e49ef4312,android,Huawei P40,Android 12,4.1.7,a9b6444f08ac3c28a7cb42ce,True,2026-02-16 00:54:45,2026-02-22 23:00:47,2026-02-16 00:54:45
10e86e45-4e9a-4585-adb3-c49225d312e2,334e0835-7697-499b-b9f1-58f0312d9a39,web,Firefox,Firefox 116,3.3.13,a5c466fe1e655fdedd514707,True,2023-11-15 08:08:33,2024-10-11 16:30:43,2023-11-15 08:08:33
fd9dae8d-4ffa-4f3b-8575-57cbd749b229,4160c734-ef7b-42b4-94bf-b6d3161e5485,web,Edge,Edge 120,2.1.14,d04f6d98c2e696273fca38cc,True,2025-06-21 14:40:17,2025-11-13 15:23:54,2025-06-21 14:40:17
352ef868-28f3-4b05-a8d6-e71e213e3cdf,3b7abd32-3c99-4212-ba05-492642c2e521,ios,iPhone 12,iOS 15.0,3.2.18,a1415ebc8fd3636663082e1a,True,2024-10-23 13:12:37,2025-02-14 22:40:28,2024-10-23 13:12:37
84f6073d-ec27-4231-8b63-32a190a55023,3b7abd32-3c99-4212-ba05-492642c2e521,ios,iPhone 15,iOS 14.3,2.2.16,170d635380957fc5dc6b69bb,True,2025-12-14 10:39:32,2025-12-27 07:19:13,2025-12-14 10:39:32
c9af26a1-efc7-4376-b160-b46a5d7028d6,3b7abd32-3c99-4212-ba05-492642c2e521,ios,iPhone SE,iOS 16.5,5.6.18,d6fa46e18788f1751f769c9a,True,2024-10-14 15:06:27,2025-04-23 17:57:36,2024-10-14 15:06:27
cd7dbb86-9d0d-492e-ab0c-202a82a7b96b,30924443-d55a-4699-a5b6-c5fccb7690ed,android,Samsung Galaxy S22,Android 14,3.4.15,d37a363aa597ccd2e9de432c,True,2025-05-06 21:10:20,2025-07-22 20:58:16,2025-05-06 21:10:20
debe1459-365f-409e-8bb4-9a5b02f83e40,30924443-d55a-4699-a5b6-c5fccb7690ed,android,Samsung Galaxy S21,Android 14,5.6.2,085103b38d86dae57a3a8581,True,2025-07-25 10:12:13,2025-07-31 02:46:51,2025-07-25 10:12:13
9f33a8ce-16bd-4575-b5ff-c48ce154b499,e06b64ca-398c-48b2-8032-ef795420c86b,android,OnePlus 9,Android 12,2.4.11,a7fe754f68a5cf1ccc164809,True,2026-02-03 09:33:35,2026-02-17 20:05:21,2026-02-03 09:33:35
b3aa90ce-9f08-47ae-b5c5-ebefd689bc7c,e06b64ca-398c-48b2-8032-ef795420c86b,ios,iPhone 14,iOS 17.4,5.5.20,cd9cce58d4360d889254819f,True,2026-02-12 22:18:37,2026-03-08 13:57:46,2026-02-12 22:18:37
f0a45968-db18-4530-b523-b58304533bb6,970a912f-f1fc-4773-ac58-f3b6e47e0fef,android,Samsung Galaxy S21,Android 12,3.1.2,8294e5813f49635169c4bc6b,False,2024-08-20 21:20:13,2025-09-04 14:36:35,2024-08-20 21:20:13
695e3b00-dda7-4573-b076-d6b97ca26360,c6023e93-54ed-4a63-8256-02a8068ce6f3,web,Firefox,Firefox 111,5.0.0,a7627de6849c549eb91f8d8f,True,2025-09-09 14:30:15,2025-10-17 11:53:25,2025-09-09 14:30:15
4990ff4e-49fe-4225-a264-76256630ed21,c6023e93-54ed-4a63-8256-02a8068ce6f3,android,Xiaomi Mi 11,Android 14,5.4.10,4fdf6a2edab9f1fec5904557,True,2025-07-29 06:37:34,2025-11-04 12:27:48,2025-07-29 06:37:34
df598065-dd4c-45c5-bdc0-ebae4954db00,a537e3bd-ed54-4d41-a039-32b3db0de838,android,Huawei P40,Android 13,1.2.4,73ed395e871844e838733663,True,2026-01-19 05:57:46,2026-02-12 00:00:12,2026-01-19 05:57:46
e3485012-91b5-4d9f-af7a-8576b930dd84,a537e3bd-ed54-4d41-a039-32b3db0de838,android,Samsung Galaxy S21,Android 12,3.2.0,b5ac21f5e3858a00df6c28e1,True,2026-01-31 10:28:03,2026-02-18 16:22:13,2026-01-31 10:28:03
d4f5687d-d695-4a87-9fb1-65baea6701a6,b597a1b5-f42f-4836-8401-2181c6bc44c8,ios,iPhone 12,iOS 15.1,5.2.17,3cb694ee95c0904849567220,True,2026-01-25 19:32:38,2026-02-05 08:33:05,2026-01-25 19:32:38
99f230ea-8fc8-4e71-86af-3e1a002ca6c1,529d2b20-0eb2-474d-8c64-626a01e7d48d,web,Firefox,Firefox 111,5.6.10,8570c93abcf8479d5bc8d41c,True,2025-04-06 08:09:18,2025-04-09 14:45:28,2025-04-06 08:09:18
5b0d563f-4e71-405e-8ad3-74f4e9c7c61d,eeb96201-81ef-4d24-b4bc-a19446858fbe,android,Samsung Galaxy S21,Android 12,5.1.16,387b9380138f06b1546e6065,False,2024-10-02 12:20:02,2025-12-11 22:28:37,2024-10-02 12:20:02
5c456ca9-47d7-4f22-be62-8bc41b1925f0,eeb96201-81ef-4d24-b4bc-a19446858fbe,android,Samsung Galaxy S21,Android 14,5.9.4,9c571437e3194a7647c3c6f9,True,2024-09-09 23:42:29,2025-01-18 08:39:16,2024-09-09 23:42:29
5f1da561-4fb1-4c91-80f9-ab71bff8b7f3,9abd457c-de6e-431e-8c0f-3a3e471dc901,android,Samsung Galaxy S21,Android 11,1.2.3,6e9f6d26af58ebef8b760cf2,True,2025-07-04 06:25:44,2025-12-22 10:32:32,2025-07-04 06:25:44
faa89058-6ecc-49e9-b30d-d0591c6a79bc,c782967d-6fb3-4051-b2b1-ee11d4265769,ios,iPhone 14,iOS 15.0,1.1.20,19b93a87bfded2d4568ecc46,False,2025-03-21 13:52:58,2025-07-07 04:52:28,2025-03-21 13:52:58
108760f8-e7b4-47f9-9e07-3cd73cc34d5d,b26b5668-d09b-400d-8c52-0f4814941bfb,ios,iPhone 13,iOS 16.1,1.2.10,c516f6399861c599ef2fe7ff,False,2025-11-13 08:09:45,2025-12-03 08:36:57,2025-11-13 08:09:45
37e7af95-ff53-4405-b937-59658c546f9a,28767c03-3f9e-4dc4-93f6-1756d46172e0,ios,iPhone 15,iOS 16.0,4.3.8,ae3a47455e57eba564dd7c5e,True,2025-12-22 05:05:09,2026-03-08 21:19:06,2025-12-22 05:05:09
c0ecaa44-1da5-4b35-bda5-39b1d0059a7f,7a3a0edf-2216-4611-8cb8-3cc6553102c9,ios,iPhone 12,iOS 16.0,5.0.12,eb2dc841ba526fff431adcc6,True,2025-08-30 08:46:30,2026-01-15 21:11:17,2025-08-30 08:46:30
a0767564-d5df-466b-b9dd-508def129793,12ae66f3-e3b0-40cd-b077-83101cf6f051,ios,iPhone 13,iOS 14.0,1.1.8,c59449738695dd860e4e1bc3,True,2023-09-04 21:29:46,2024-01-16 11:12:52,2023-09-04 21:29:46
e48a6377-f11f-47e8-939f-199c7476b975,12ae66f3-e3b0-40cd-b077-83101cf6f051,android,OnePlus 9,Android 13,1.0.20,954fa3ed640cde32f38f93fb,True,2025-03-02 21:25:47,2025-05-30 07:43:56,2025-03-02 21:25:47
b352de8d-05d7-406c-b95b-7bde339ea004,4f4131fa-a4e8-44ed-b527-9674ceab0e0b,android,Huawei P40,Android 11,5.8.6,bfe03079fb2664284b2f2bd9,True,2026-02-09 05:17:19,2026-03-07 22:14:08,2026-02-09 05:17:19
9d00a9c6-bf6a-4f82-8e0c-be92f3adc32a,4f4131fa-a4e8-44ed-b527-9674ceab0e0b,android,OnePlus 9,Android 13,3.1.4,11babc739684b7b7c55581b8,True,2025-08-08 18:28:31,2025-10-24 23:42:07,2025-08-08 18:28:31
4cbf75ea-f7d1-43a1-b804-b7e63d82828b,935e73cd-e08b-44b2-875f-b4da59503870,android,OnePlus 9,Android 11,4.1.0,4fbec3e3ece1418473651e71,True,2026-02-03 04:35:46,2026-02-22 00:43:14,2026-02-03 04:35:46
a633d74e-22fc-401e-9e5c-b4a4909893cb,cd3991f1-77ed-4130-be83-f33377852935,ios,iPhone 13,iOS 14.1,1.5.6,ea8b7a1665d564aae503ea93,True,2025-07-13 05:05:21,2026-01-09 10:07:25,2025-07-13 05:05:21
63618716-34d4-46a4-9391-476029c94457,b557ed56-8b5c-4088-aef8-c9c73385dc05,android,Samsung Galaxy S22,Android 11,2.9.20,bda70f31c8b7c3e8901f08ba,True,2026-02-23 15:40:34,2026-02-28 01:04:19,2026-02-23 15:40:34
9930beab-1454-4764-985c-bc93bda4548e,b557ed56-8b5c-4088-aef8-c9c73385dc05,web,Edge,Edge 123,1.9.8,7a511480b127904bc85cdcc0,True,2026-03-01 21:03:58,2026-03-03 07:26:39,2026-03-01 21:03:58
e7a9649d-8653-4fff-89ce-fe8123c22d01,6b5b0cf4-fc2e-40c1-9b9f-d77d1cb44d34,android,Samsung Galaxy S22,Android 13,4.5.13,5ec820504543c242cf717a50,True,2025-03-17 13:05:12,2025-06-16 04:46:56,2025-03-17 13:05:12
8be2345f-4d5c-411d-933a-70f2bdc8d85e,13331659-579f-44bf-a03e-aa2d9b6f720b,android,Huawei P40,Android 12,2.9.13,07856af37a361d934bdad3c2,True,2025-11-09 07:00:15,2026-01-31 17:57:22,2025-11-09 07:00:15
08c46b87-9c4d-46f7-b5dd-5aabcf8eac9f,d323a2d3-d87c-4ace-baea-03708befd94f,web,Chrome,Chrome 119,4.6.5,a07c938ff87f5a8519575b23,True,2025-06-07 12:59:18,2025-10-22 11:43:33,2025-06-07 12:59:18
d4ab596e-2253-429e-befc-792c91bf472d,d323a2d3-d87c-4ace-baea-03708befd94f,web,Firefox,Firefox 119,3.9.9,a739b4c7ee55aace409e609b,True,2025-06-15 05:30:01,2026-01-30 03:31:47,2025-06-15 05:30:01
919dbfa7-4ac3-438b-833e-1bd54f504661,76c4cdd4-1a30-41ef-8720-2ad6289e7239,ios,iPhone 14,iOS 17.5,5.4.8,328dae9c64d4dca6b8bbcc02,False,2024-07-28 08:37:13,2025-07-31 16:00:30,2024-07-28 08:37:13
49e8c1d9-0a29-4b50-87a0-12b52f24be57,2fc42626-6c46-4127-bf75-efc7cd0fe83a,android,Samsung Galaxy S22,Android 13,4.5.17,a409809153aaf8cb7e5a88e3,False,2024-01-14 07:07:37,2026-01-06 07:18:48,2024-01-14 07:07:37
22d1826c-905f-4b7b-babe-d87ea4d743a6,2fc42626-6c46-4127-bf75-efc7cd0fe83a,ios,iPhone 12,iOS 14.1,2.3.14,237cb36055c38289383a1cea,True,2024-01-05 11:10:23,2025-10-02 18:29:39,2024-01-05 11:10:23
b4ea9706-e99a-479a-af36-d3d0c3591a4f,5445a0f0-d6f7-49e5-b74e-1d874c6cac83,ios,iPhone 12,iOS 14.4,1.7.8,d03d6b207d673f1d9684a6b1,True,2024-05-31 08:23:30,2025-05-10 06:48:52,2024-05-31 08:23:30
3dbbf14b-05a7-4da8-b9c7-b0ce1e353c53,455d6798-8dfa-48be-8afd-e07f7c4f6949,android,Samsung Galaxy S21,Android 13,3.1.15,3644131b9f6061f1ffd572b9,True,2023-09-17 19:17:01,2024-10-21 08:19:22,2023-09-17 19:17:01
c111b2da-6b6e-4b4f-809b-8a2c5a5ee838,845a20ab-fd6d-4081-a95f-541188668806,android,Samsung Galaxy S22,Android 13,3.2.15,d02ed8af65efd11b1a6ea7cb,True,2025-02-10 06:51:26,2025-02-26 01:15:20,2025-02-10 06:51:26
5e2b256a-438a-4401-88c6-bc319b079760,845a20ab-fd6d-4081-a95f-541188668806,ios,iPhone 12,iOS 16.2,1.5.16,c81ced8ff630fcbe25865cd9,True,2026-03-06 16:42:17,2026-03-07 09:59:07,2026-03-06 16:42:17
53293415-8a0c-48b2-8b5a-35cf433db2a0,eb8196b0-085d-451d-bbf4-4ce63198dfab,android,Samsung Galaxy S22,Android 13,2.4.16,c64764dbbfd471385e688db6,True,2026-02-04 12:15:52,2026-02-13 11:54:02,2026-02-04 12:15:52
c9328a28-94e7-4213-b9ad-ce9ecbd447b6,7468e851-1546-4041-b2bb-72499697c6b7,web,Firefox,Firefox 116,3.0.9,284ae676544a9588dc7242c5,False,2025-06-24 00:41:20,2026-01-27 18:31:09,2025-06-24 00:41:20
3f55e46e-080a-4909-a0c8-0ca06c451480,8a8ed62d-e94c-4017-9a03-e80c3fb14d7e,android,Samsung Galaxy S22,Android 14,5.7.15,67713f1bdf46be752b4826bb,True,2026-02-03 03:24:15,2026-02-08 07:01:58,2026-02-03 03:24:15
a4e644e3-0b22-4173-82a8-8f1ddbbd20c3,cf4ecab1-d275-4302-8779-7590837289e0,web,Chrome,Chrome 124,4.8.15,f489a63fcf9cbcd11c17b280,True,2025-01-23 03:28:32,2026-02-22 14:26:37,2025-01-23 03:28:32
45b868f9-af26-410f-ad84-5fd5d8f606ba,cf4ecab1-d275-4302-8779-7590837289e0,android,OnePlus 9,Android 12,2.6.11,d0ca5f6ff6b0b168a519f0d1,True,2024-07-25 21:37:48,2025-10-04 14:28:38,2024-07-25 21:37:48
c974ba22-519e-40b3-92ec-e9a40b8a7e27,fbba1a87-59d6-46a6-a719-cc522508dec6,android,Huawei P40,Android 12,5.6.10,8d2812c4fee5fe7d32d669fc,False,2025-12-17 05:00:06,2026-01-20 19:13:15,2025-12-17 05:00:06
041b12c8-b2fb-4efe-93fe-329e3299e506,07334b3e-1e86-48be-a64e-ca399354f9be,ios,iPhone 13,iOS 14.5,1.9.13,1dca9fa5312a2d7970e16f58,True,2025-12-09 04:33:33,2026-02-02 18:26:12,2025-12-09 04:33:33
6e5ada42-1634-4594-b89f-678929e16ad0,07334b3e-1e86-48be-a64e-ca399354f9be,android,OnePlus 9,Android 13,1.2.11,d0354cd77de0fa6196507728,True,2025-11-15 08:56:42,2026-03-02 08:17:38,2025-11-15 08:56:42
471d7ad8-d598-4f94-b7fd-36f1e44866da,07334b3e-1e86-48be-a64e-ca399354f9be,android,OnePlus 9,Android 12,5.0.17,481956db2f49bf96ae4d1aee,True,2026-03-02 05:43:39,2026-03-03 12:32:55,2026-03-02 05:43:39
fb7e55f1-e8cf-4fc0-bbe7-fbd697bccbb6,18683489-9b40-4b3c-9f67-2bdd346663d6,android,Huawei P40,Android 13,4.8.20,967ee9ee8ef3c7f4a1db5221,True,2026-02-23 21:14:34,2026-02-26 11:51:07,2026-02-23 21:14:34
2fadd699-d491-43f4-a786-e688d1d23735,0a60d150-2bb5-4b69-a835-69ead99296c8,android,Huawei P40,Android 13,1.1.0,abecfe89cc47f2807e0b68eb,True,2025-12-14 01:53:04,2025-12-19 13:49:42,2025-12-14 01:53:04
02424df6-05ae-478e-90e5-22bd1b51dcff,5590dae2-e545-4249-a4d3-0af4bd7ba63d,ios,iPhone 15,iOS 15.4,3.0.12,e3dcefa10e91d58fda699dee,True,2026-01-06 11:41:34,2026-01-30 02:41:05,2026-01-06 11:41:34
e854fce7-6648-4132-9385-09fe62bc0576,5590dae2-e545-4249-a4d3-0af4bd7ba63d,android,Huawei P40,Android 13,2.3.15,d775926baea3110ea074a0eb,True,2023-11-11 11:27:48,2024-03-29 16:26:11,2023-11-11 11:27:48
9358bae6-b54b-4caf-a49d-ef0ac39aad36,5590dae2-e545-4249-a4d3-0af4bd7ba63d,android,Huawei P40,Android 11,4.9.3,1de231ef43d01acbb195cfde,True,2024-01-06 05:37:19,2024-03-02 14:43:12,2024-01-06 05:37:19
93c5666e-9c42-45a2-aff2-f216440f2d5b,98436ecf-1790-4267-980b-47754565b3d3,android,Samsung Galaxy S22,Android 12,2.1.1,2998e19fbefecf54cf4a4f5d,True,2025-02-21 01:27:41,2025-08-11 01:06:38,2025-02-21 01:27:41
d2125d65-45ec-4087-8e0c-66bcd898083c,f46cd904-74b2-49b9-98bd-33ab38f4d914,web,Firefox,Firefox 113,2.1.14,b01bf4d77e1cc5ddb7f06c79,True,2023-08-05 04:42:53,2025-11-02 18:19:01,2023-08-05 04:42:53
f9ab159b-b121-4b9f-8b63-1fe962380577,1b48b969-fbf7-430e-8620-0dea2e84046b,android,Xiaomi Mi 11,Android 12,4.4.13,24734c4652951404b3f59656,False,2023-09-02 17:41:40,2024-09-09 05:19:36,2023-09-02 17:41:40
1e467a43-84ef-4dd1-9bcd-dd7d0ff5612e,1b48b969-fbf7-430e-8620-0dea2e84046b,android,OnePlus 9,Android 11,2.3.18,74ddb876fe169b106fb61306,True,2025-11-13 22:02:04,2026-02-03 07:23:42,2025-11-13 22:02:04
da197917-77e3-4510-8f46-f74ef49bfd86,6c1d1a6e-52a4-4120-b979-43ca383fe135,ios,iPhone 12,iOS 16.1,1.4.15,77e2b3c383070a06d162e5d6,True,2025-02-08 01:41:41,2025-03-30 11:25:39,2025-02-08 01:41:41
a31271fb-22d6-4709-9f7b-baa96392cf54,4b0b6337-58d6-40ab-a082-2702758c1c7c,ios,iPhone 15,iOS 15.2,2.3.15,d7867e119eb17e2f102f9c54,True,2025-03-26 00:24:51,2026-02-12 13:48:21,2025-03-26 00:24:51
09ea558d-88e5-4217-9e77-1d7acdfd3483,4b0b6337-58d6-40ab-a082-2702758c1c7c,android,Huawei P40,Android 14,1.8.10,481f52877f8735ab33d5e423,True,2024-12-12 16:46:27,2025-04-08 01:43:49,2024-12-12 16:46:27
6efcc594-f26f-4970-905e-79f6a2a6513c,ecc0f803-5306-4981-a2d5-94fec08c7c59,web,Firefox,Firefox 125,2.3.7,e3cca3fdf359cad659d3bfb0,False,2025-05-06 09:54:45,2026-02-10 20:31:21,2025-05-06 09:54:45
53cb813d-2cb7-4730-8e72-ffbd1ab3ac92,ecc0f803-5306-4981-a2d5-94fec08c7c59,web,Edge,Edge 124,3.8.13,dd53aaa71b7a5c61a4d71025,True,2025-09-10 12:31:03,2025-10-04 15:24:53,2025-09-10 12:31:03
1774ee10-d0b6-4e4e-857c-796a7526894b,252ed51a-f88b-4489-9e08-e7c98fe924b8,android,OnePlus 9,Android 12,2.3.14,ea568fe43a212bbd19b6d560,True,2025-12-10 05:16:51,2026-01-08 21:53:40,2025-12-10 05:16:51
323d6ad8-e6d8-451b-98ad-1b3843cfbfc6,68c92663-02af-44b0-bb2c-7e23a669d2b4,android,Xiaomi Mi 11,Android 14,3.0.7,9f1bc5307a9e84183894cfdf,True,2026-02-03 10:32:32,2026-03-06 19:33:49,2026-02-03 10:32:32
cbad48b2-94b9-4758-a279-ea513bb7add5,d910dfa7-de33-412b-be9b-b1304b7b95e5,android,Samsung Galaxy S21,Android 11,5.2.4,31442f62a7627ee539736791,True,2026-02-27 21:15:50,2026-03-02 19:07:47,2026-02-27 21:15:50
2559267b-2605-40f4-b3d0-53ed27df3eea,6950e132-064e-41e9-8eb1-bbbf543b40eb,android,Xiaomi Mi 11,Android 14,4.7.5,61b15e994e13b108da7aae8d,True,2026-02-27 18:04:33,2026-03-05 02:52:38,2026-02-27 18:04:33
98668ce5-9d00-41f3-a099-5a1ff1445005,fcf6a066-8bb4-4b87-89eb-e5835a5bc19a,android,OnePlus 9,Android 11,1.6.5,a8f86478b206c8307201df85,True,2026-03-08 02:48:12,2026-03-08 07:44:35,2026-03-08 02:48:12
801bbdfe-c3be-4efb-b7c1-5497a19f553a,fcf6a066-8bb4-4b87-89eb-e5835a5bc19a,web,Firefox,Firefox 124,4.0.20,2447e1c94059a0f9d3a860f3,True,2026-03-08 15:06:18,2026-03-08 21:35:50,2026-03-08 15:06:18
f418c618-5b80-4531-815b-eb088ce8e1e9,fcf6a066-8bb4-4b87-89eb-e5835a5bc19a,ios,iPhone 14,iOS 16.5,1.8.19,e04938011f25326e2c178364,True,2026-03-06 17:49:30,2026-03-07 18:28:23,2026-03-06 17:49:30
17b9d6e6-a8b8-4061-a4eb-6b7828adc2a7,34ffab0d-b4b6-4054-8205-64c10fcc6067,android,Xiaomi Mi 11,Android 14,3.0.0,3822f8f7f8d7e507d08f5072,True,2025-04-16 02:13:03,2025-06-20 17:10:30,2025-04-16 02:13:03
318e3b40-f4cb-404f-a352-69b27f6de624,34ffab0d-b4b6-4054-8205-64c10fcc6067,android,Xiaomi Mi 11,Android 14,3.2.10,a23e23ff28a4e5e1f53bb229,True,2025-04-20 08:10:30,2025-11-22 18:00:29,2025-04-20 08:10:30
0e34c293-f9b4-41e6-b061-d0c135de4bfe,34ffab0d-b4b6-4054-8205-64c10fcc6067,android,Huawei P40,Android 14,5.7.8,b104174c7f2a2d9231e1ad6f,True,2024-02-27 13:33:06,2025-03-07 00:50:06,2024-02-27 13:33:06
608309d5-6278-4159-b929-e0e8cb1da67b,0c757f2c-8cbf-42c9-aee4-e3d3da83c9e3,android,Xiaomi Mi 11,Android 13,4.4.1,60ee710c6078ada811d2309b,True,2024-10-23 08:05:26,2025-01-13 19:59:17,2024-10-23 08:05:26
d0dd9217-0214-4e04-a64b-a16f295ae86c,86845cc2-6a71-4a58-8d20-1df37a80ad10,android,OnePlus 9,Android 12,5.6.12,16adfef0111aac024989afd6,True,2025-10-05 23:10:45,2026-01-29 12:15:01,2025-10-05 23:10:45
7883e13c-b639-4e87-ac2e-4c77503216cb,86845cc2-6a71-4a58-8d20-1df37a80ad10,ios,iPhone 12,iOS 14.1,3.4.20,c891f5c9d60c9e6b5ae4683e,True,2026-01-01 01:59:14,2026-02-16 16:59:11,2026-01-01 01:59:14
9c3b4693-b12f-436e-8db3-8af4c94ec15e,fc8c629b-500b-4dce-ad0e-02ac2a5ebf65,android,Xiaomi Mi 11,Android 14,5.7.20,0567b756a3f0bed6d21fe407,True,2025-10-20 05:45:25,2026-02-28 20:33:54,2025-10-20 05:45:25
3b7464c5-13ca-4f02-8e74-82174ac78d96,f169d306-eae1-48ab-9602-f010d4997c26,ios,iPhone 12,iOS 14.2,5.5.4,52a4e58221d7062d00f32bea,True,2025-08-04 03:22:20,2026-01-12 17:43:22,2025-08-04 03:22:20
0aa1cc00-5a9f-4ef9-9d7e-9c313ba5e496,a1248473-f09e-4b80-b9b3-9c02f086afab,android,Xiaomi Mi 11,Android 13,2.8.6,773e3d44dabba5a16533f218,True,2025-09-18 09:39:50,2025-12-25 06:43:27,2025-09-18 09:39:50
84bc2146-482d-43b1-8033-c9fbd54b3dfd,a1248473-f09e-4b80-b9b3-9c02f086afab,ios,iPhone SE,iOS 16.1,5.2.18,3e6fb8deb1f9436c471d9431,True,2025-03-08 04:03:55,2025-04-02 00:02:20,2025-03-08 04:03:55
b76dcae8-ffe2-4906-918e-d596ff56d1eb,67518aa2-60b5-46ab-acdd-1973aaad0d08,android,Samsung Galaxy S22,Android 14,3.4.0,30af62b6bbe5f8e1d0fa823d,False,2024-02-28 05:04:31,2025-03-09 13:35:58,2024-02-28 05:04:31
95448600-684e-410a-a15c-040bf1ab7efb,f6f6e3cc-bdfa-4c03-8d03-4c0935fb34fb,android,OnePlus 9,Android 13,4.3.3,ff291f599a491fbf03904558,True,2024-09-28 20:21:19,2025-09-09 05:38:54,2024-09-28 20:21:19
01fac8a2-6c36-4973-90e6-f10e3241bd5b,f6f6e3cc-bdfa-4c03-8d03-4c0935fb34fb,ios,iPhone SE,iOS 15.1,3.5.0,52c5b76fe8cbbcd5c901d39e,True,2025-06-04 14:55:53,2026-03-07 09:13:52,2025-06-04 14:55:53
4f56849c-cdd9-453b-894b-d960242a16e4,cbc6c4e1-6271-4b4b-842c-38293c6afbc4,ios,iPhone SE,iOS 15.2,5.1.5,79288ae6a794de89e27241a9,True,2025-07-01 05:24:38,2025-08-31 05:12:10,2025-07-01 05:24:38
536b4fc3-9024-473e-959c-a4b80e71a85a,cbc6c4e1-6271-4b4b-842c-38293c6afbc4,android,Xiaomi Mi 11,Android 14,2.9.3,6e132448f980c3e08d43a2b6,True,2025-10-22 05:24:33,2026-02-12 06:22:04,2025-10-22 05:24:33
2c126f28-de40-46c8-8216-e01de82f4455,cbc6c4e1-6271-4b4b-842c-38293c6afbc4,ios,iPhone 13,iOS 14.5,4.6.12,c3a06c549993b9262bd3db15,True,2025-03-20 04:16:45,2025-12-23 22:07:02,2025-03-20 04:16:45
faeefb16-41f5-4bef-ab4d-6ca42d935a8a,7a6062bd-6f2c-4809-8519-c882a2abd785,android,Samsung Galaxy S22,Android 13,3.4.2,ef83e9487dc424fef67d7801,True,2026-03-01 08:05:56,2026-03-07 13:44:01,2026-03-01 08:05:56
0f5676eb-a32e-4f23-961c-2f28bd37e4a1,7a6062bd-6f2c-4809-8519-c882a2abd785,android,OnePlus 9,Android 13,4.5.4,71d052d86625c278da431443,True,2026-02-27 05:11:12,2026-03-03 02:19:46,2026-02-27 05:11:12
25b6ccec-88af-4a1b-becd-069235dd3d45,a819ffec-b7c8-41a7-89c6-7800233c1552,android,Huawei P40,Android 12,1.2.4,7df04020a02b57b916a54c97,True,2026-03-01 18:48:53,2026-03-08 20:44:45,2026-03-01 18:48:53
de3e7760-f0c6-4c47-9d83-6517a314de11,a819ffec-b7c8-41a7-89c6-7800233c1552,ios,iPhone 12,iOS 16.5,2.8.3,60d27b5eb977cd15badca7b0,True,2025-12-28 21:45:44,2026-02-14 18:28:41,2025-12-28 21:45:44
1b7844fb-55cd-472e-80c1-708ee07f932b,a819ffec-b7c8-41a7-89c6-7800233c1552,ios,iPhone 13,iOS 14.5,5.7.10,8498cf1975cf49b95198edf2,True,2025-08-14 16:36:13,2026-01-29 01:05:54,2025-08-14 16:36:13
91ed07b9-77d7-40ea-811e-76d65f5cc38a,266a01bc-eef2-400c-9eb8-048ebe243359,android,Xiaomi Mi 11,Android 12,3.1.18,1bf2433cabb65ec24608bc12,True,2025-06-27 04:37:49,2025-08-30 02:15:53,2025-06-27 04:37:49
9d224a97-dbc0-4552-8d8d-3cdcd23f1e41,28f256c8-3c05-49cd-a77a-5d5416840785,web,Firefox,Firefox 117,5.7.7,c6c2b950f34e1c09c0a90779,False,2025-10-25 21:53:40,2025-12-01 21:10:39,2025-10-25 21:53:40
54629acf-86dd-4bcb-9cd5-2e820f3b08f3,28f256c8-3c05-49cd-a77a-5d5416840785,ios,iPhone SE,iOS 14.2,1.8.14,275ccd9f197cbd76bd3f92ee,True,2025-12-27 18:18:18,2026-02-23 06:15:53,2025-12-27 18:18:18
e2e30c05-ea03-4fef-b144-7e77ea20b5b0,1bdf6c57-b806-40d6-8572-ad7cc48eba69,android,Xiaomi Mi 11,Android 12,2.1.18,41c6441fc911c30560abf6c7,False,2023-12-16 13:29:24,2025-10-12 23:05:31,2023-12-16 13:29:24
464d7e47-b90f-419b-b64e-a29fcc9f2098,11c6ed3b-50f1-46ba-a3de-7bdf83a9b4a6,android,Xiaomi Mi 11,Android 11,1.8.6,e7886888bf3f5d7eea1048cc,True,2026-01-09 12:04:21,2026-02-03 07:01:47,2026-01-09 12:04:21
bc031553-0dde-49bc-91b5-c5066af4c991,11c6ed3b-50f1-46ba-a3de-7bdf83a9b4a6,android,Huawei P40,Android 14,3.9.5,5475084a13e90e32f43d59e1,True,2026-02-26 16:24:12,2026-02-28 22:10:28,2026-02-26 16:24:12
8f63dd82-9836-4c67-bf46-f6e32688dbdf,ae0d5ef3-2898-4590-9cbb-95259b0f2f25,ios,iPhone 15,iOS 17.4,3.0.9,1395ee5d16583d64d2a7206b,True,2025-10-19 13:52:32,2026-01-24 04:32:59,2025-10-19 13:52:32
9c3d5ddc-8593-43b4-8c4f-857fb891370e,6b0acd99-fd5e-47d8-8744-193946803538,android,Huawei P40,Android 11,1.7.15,a84b0f2e7c6bd1bbefa9474c,True,2026-03-07 00:59:18,2026-03-08 04:34:05,2026-03-07 00:59:18
0732e04e-5a79-4458-a3f7-5b658cbf25d5,38b70a73-8248-4ce2-9a2f-14a30d0d9842,web,Chrome,Chrome 118,2.1.17,c26798f55ba9691e60c3b579,True,2025-04-08 22:49:57,2025-05-01 11:23:24,2025-04-08 22:49:57
5c56c425-f101-40f5-a020-af46ab732242,3db79d39-684b-42e9-9627-7f3fee3a6792,web,Firefox,Firefox 123,5.2.1,5e23a8ea28a1de1507958146,True,2025-03-24 23:54:10,2025-10-05 19:39:06,2025-03-24 23:54:10
cc415eec-7cad-4744-96cf-d50fbe97352b,3db79d39-684b-42e9-9627-7f3fee3a6792,web,Edge,Edge 115,4.1.6,0d82ce2eb54f48085d758fa6,True,2026-02-11 11:32:20,2026-03-02 21:36:14,2026-02-11 11:32:20
2fe5a1f8-52cd-4d15-93b7-0fde10066250,315a3355-d3fd-4b92-9b4a-c7aef35e6424,android,Samsung Galaxy S21,Android 12,2.3.6,32b2228811695b9ce09d5878,True,2025-12-05 23:47:48,2026-02-07 15:36:58,2025-12-05 23:47:48
9eee2a31-82db-4122-8084-70467e2305b5,315a3355-d3fd-4b92-9b4a-c7aef35e6424,android,Xiaomi Mi 11,Android 12,5.2.4,373dd3cad1868ca6f8ae8d70,True,2025-08-30 16:41:11,2026-02-01 13:58:57,2025-08-30 16:41:11
1bf0aad2-f2fa-4405-96a3-2723a56e0466,8889358b-41d2-46ca-9619-278a6872636e,android,Samsung Galaxy S21,Android 11,5.9.4,4eee8def424a44e391cf41b9,True,2026-01-20 03:23:02,2026-02-09 21:59:38,2026-01-20 03:23:02
e8c78889-1988-49b9-8814-626463213ed6,6c75074c-9b71-4cb6-ad88-2c15dd447097,android,Xiaomi Mi 11,Android 14,3.6.19,9a8685fb29da406ebcdbecc1,False,2025-12-05 08:55:25,2026-03-07 23:58:14,2025-12-05 08:55:25
e6b34ae3-fc3b-47cd-8c1f-0acc62d6442e,9e99624d-1034-425f-8c67-e2eff6cd3fb9,android,Huawei P40,Android 13,1.2.20,c9ccccd09766bbd2a402e30e,False,2023-12-30 13:01:18,2025-11-22 22:43:15,2023-12-30 13:01:18
8b587b65-bf2c-4d98-a8d3-c3d08aee5f1a,9e99624d-1034-425f-8c67-e2eff6cd3fb9,android,Xiaomi Mi 11,Android 11,3.3.19,7c39aa93cd9d56c6da8387e1,True,2024-10-01 22:01:54,2025-05-21 10:28:17,2024-10-01 22:01:54
5cb7dc1f-c990-4276-9ecb-c7cbc2579ea2,0d3d1970-b220-401d-a649-ae91b5be553c,android,OnePlus 9,Android 12,3.6.10,6f3249c8f26d669cfef7924e,False,2024-12-16 12:35:15,2025-07-31 10:04:23,2024-12-16 12:35:15
d0b670a7-d090-4eaa-b832-ab718463282a,0d3d1970-b220-401d-a649-ae91b5be553c,android,Samsung Galaxy S22,Android 12,2.8.9,598631b41b56a252e77d2711,True,2024-05-16 12:18:14,2024-07-27 05:57:36,2024-05-16 12:18:14
e3e62d9c-13e3-4a2e-9c4b-09a4c5920b47,0d3d1970-b220-401d-a649-ae91b5be553c,ios,iPhone 14,iOS 15.0,2.0.3,f7f5c8ac4b026dc1149a292b,True,2025-06-25 03:27:42,2025-10-14 08:58:19,2025-06-25 03:27:42
b98cc14a-19e3-497a-85c0-326ff3ae79a8,b9247a19-4df9-4378-aef3-6b0dd2b82268,android,Samsung Galaxy S22,Android 12,4.7.9,232433764e95d69fb420f650,True,2025-11-06 10:34:55,2025-12-25 21:03:13,2025-11-06 10:34:55
781df436-763b-4718-a3e4-5639c8ea3830,b9247a19-4df9-4378-aef3-6b0dd2b82268,web,Edge,Edge 122,3.9.16,f1b58de18364dade2ace5316,False,2025-02-02 02:29:51,2025-12-25 03:13:19,2025-02-02 02:29:51
cec95779-80bb-4bb4-95f0-7c73b0bf0b36,9b39f173-bdfe-4ee4-bed7-41a62cf3da6c,android,Samsung Galaxy S22,Android 14,4.4.3,0d95c5829c31173917f4012c,False,2023-06-27 08:43:16,2025-06-12 01:38:09,2023-06-27 08:43:16
486cc411-f277-4c76-9814-41329b04b197,224728a3-b084-43f9-9330-b5dc5d7c581e,android,Xiaomi Mi 11,Android 14,1.4.12,a95e6af0ea039f123ca8b6c6,True,2025-07-10 10:50:34,2025-12-14 07:08:40,2025-07-10 10:50:34
31d71183-1676-4be3-8689-96cd7733f66d,224728a3-b084-43f9-9330-b5dc5d7c581e,ios,iPhone 15,iOS 16.0,5.3.11,34fc62fcaa969a3e504d9348,False,2026-02-23 01:24:21,2026-03-03 17:29:03,2026-02-23 01:24:21
490354e6-9983-41ba-a3b2-3cf41525121f,901ccf7a-da6f-4719-92db-3421a5b3fe43,ios,iPhone SE,iOS 15.4,5.5.1,9d2e80b1cf19b997714f3382,False,2025-05-21 23:10:56,2025-12-17 05:57:35,2025-05-21 23:10:56
485e3ed6-73a0-4ffa-931a-09df551f955c,901ccf7a-da6f-4719-92db-3421a5b3fe43,android,Xiaomi Mi 11,Android 11,4.1.12,e0bdf0b63dc630b3b7759426,True,2023-12-26 08:48:58,2024-04-09 19:40:09,2023-12-26 08:48:58
df671564-e28b-4286-99ad-da6e304d49b8,a8b1f61d-6da7-4296-ad9d-26098f1e1f26,ios,iPhone SE,iOS 14.2,3.1.19,e90adf1b906f9d6cc5284d4c,True,2024-10-30 02:51:39,2025-11-05 12:22:10,2024-10-30 02:51:39
32c420b3-2e7e-4ffb-ad74-dada123a3fc6,a8b1f61d-6da7-4296-ad9d-26098f1e1f26,web,Edge,Edge 111,2.5.18,469c325628c3e08da6da876c,True,2024-12-30 22:00:34,2025-05-01 05:43:19,2024-12-30 22:00:34
4f680f88-a018-491a-963c-65f949d8f222,a8b1f61d-6da7-4296-ad9d-26098f1e1f26,android,Huawei P40,Android 14,2.3.18,3b3bb02048f627aef1a59bce,False,2025-12-10 23:27:01,2025-12-11 04:29:48,2025-12-10 23:27:01
13cdb7da-a09a-4f19-bb62-3a1c5dad7061,102643e6-3c83-44e3-80ad-51f1a305feaa,ios,iPhone 15,iOS 16.5,1.1.14,5cdbd9eda15b32365f7e9c72,True,2026-03-06 11:09:08,2026-03-09 02:45:20,2026-03-06 11:09:08
ab8ba574-8276-4cd6-b38c-c3de03929163,9f6a56b6-04f0-4a81-ba27-25b3858c5598,android,Xiaomi Mi 11,Android 11,5.0.10,c828f79cecb3057dfea2bb01,True,2024-09-22 22:00:54,2025-02-06 07:04:02,2024-09-22 22:00:54
983ccf00-2a51-405c-bcb4-848d5812972d,9f6a56b6-04f0-4a81-ba27-25b3858c5598,android,Xiaomi Mi 11,Android 11,4.7.9,19bf1cf10eee080c1c54a1a9,True,2025-08-15 12:23:57,2025-08-24 14:45:32,2025-08-15 12:23:57
0004366e-0330-4d81-808e-e98a97f28603,e56ff95c-0f04-4d78-9758-0dfb88bf16b2,ios,iPhone 14,iOS 15.2,1.0.2,cf3ad996639757c3ada20d71,False,2026-03-02 16:28:17,2026-03-09 06:18:06,2026-03-02 16:28:17
2d038a34-f526-4808-95ee-d23cfa0f9806,e56ff95c-0f04-4d78-9758-0dfb88bf16b2,android,Samsung Galaxy S22,Android 14,4.5.2,5ae0d0dd6006db4b64d23637,True,2025-12-10 21:14:09,2025-12-17 02:02:36,2025-12-10 21:14:09
b7e520bc-9b31-469b-88e1-f76e2a936ad1,4188f1eb-ed6f-460e-bb0c-12606e194101,android,Huawei P40,Android 14,4.5.7,22244c7535bb234716f915ce,False,2025-08-01 02:32:02,2025-11-20 21:44:20,2025-08-01 02:32:02
160f18bb-2504-44b2-b2c9-af78f8338cbb,4188f1eb-ed6f-460e-bb0c-12606e194101,ios,iPhone 12,iOS 14.1,5.1.12,a5c05734bec2643c916b68a5,True,2026-03-03 09:56:08,2026-03-05 09:50:38,2026-03-03 09:56:08
3aa1ad07-f14d-403d-8b1a-1123e2b5e26f,6332a724-53da-47ed-81ee-88c07ee30ca2,android,Samsung Galaxy S21,Android 14,2.3.18,8a996e1cf68eacbd7eb44a10,True,2025-11-07 13:17:34,2025-11-15 16:59:21,2025-11-07 13:17:34
b5077afe-3ad7-494f-938f-036ab0dc2c6f,6332a724-53da-47ed-81ee-88c07ee30ca2,android,OnePlus 9,Android 12,3.6.20,e4a522e86a24099821c4b570,True,2025-10-19 15:03:34,2025-11-22 10:58:08,2025-10-19 15:03:34
632f1c04-aace-4b2a-89e9-61cf87014d12,6332a724-53da-47ed-81ee-88c07ee30ca2,ios,iPhone 14,iOS 16.0,2.0.7,e8d914534b9430db5d8d9ea1,False,2025-08-23 22:57:06,2025-12-30 09:28:22,2025-08-23 22:57:06
d3de4398-dde0-4e76-9a91-7a4e0265e1ef,57935135-67cc-4bbb-85ce-8eac835f6b77,ios,iPhone 14,iOS 16.4,3.6.20,0f7552d094feee8c92d5454a,False,2026-02-22 16:34:16,2026-02-28 22:26:55,2026-02-22 16:34:16
b007a416-79aa-4017-a9e9-18eb11b4cc4b,57935135-67cc-4bbb-85ce-8eac835f6b77,android,Huawei P40,Android 11,5.4.13,6d16223a7c3036fc7b2f948b,True,2026-02-17 19:33:00,2026-02-25 01:20:47,2026-02-17 19:33:00
3d268563-881e-4937-af86-ee0122f43d25,20412fd4-99d6-4d0b-9356-ae6579e40e49,ios,iPhone 14,iOS 14.3,5.2.7,082ae69db2eae35a7334ac74,True,2025-05-26 13:10:39,2025-08-04 15:22:25,2025-05-26 13:10:39
f9cf80fe-31fa-4f6e-9cd2-3a51313828f9,5b08abb5-2fac-451d-9b70-86e56fc7bb9a,ios,iPhone SE,iOS 15.1,5.8.4,8a3b849c41bb5aea52894b70,True,2025-11-03 10:25:04,2026-03-08 05:28:11,2025-11-03 10:25:04
a828bd81-a6a3-49c1-a6c0-147249067ff4,5b08abb5-2fac-451d-9b70-86e56fc7bb9a,ios,iPhone 12,iOS 14.4,5.4.16,13ea071946ff6700180f1c0a,True,2025-08-12 13:54:06,2026-01-18 12:05:55,2025-08-12 13:54:06
95a4fbe4-4719-4fda-a327-5fc96f9608b6,5b08abb5-2fac-451d-9b70-86e56fc7bb9a,ios,iPhone 14,iOS 16.0,1.9.18,f94cbdb85fd958c894e1c734,True,2025-03-09 05:40:09,2025-11-17 07:47:20,2025-03-09 05:40:09
3f79d153-52f7-407c-bd88-5e1118a4c77c,ddaac6ef-0bb4-4f47-93b9-db464269f883,android,Huawei P40,Android 11,3.0.19,7eb639b36a77f5e65df82bff,True,2025-07-17 17:12:05,2025-11-24 00:12:36,2025-07-17 17:12:05
39a7b652-890a-4580-a42f-a45230397835,ddaac6ef-0bb4-4f47-93b9-db464269f883,ios,iPhone 14,iOS 16.5,3.2.3,0289539a8fa73b7a25ba3ea0,True,2026-01-02 02:16:39,2026-02-01 02:16:57,2026-01-02 02:16:39
1d80a4fd-3078-462d-9f87-edbe3d0def53,ddaac6ef-0bb4-4f47-93b9-db464269f883,android,Samsung Galaxy S22,Android 12,4.6.20,9f76039d34b8a784d81b488f,True,2025-09-02 17:02:36,2026-02-26 11:42:08,2025-09-02 17:02:36
eb55be47-b6b8-4704-93de-6b275a5147cc,59961fbd-3a0f-4b6e-892c-a1a36ff38b71,android,OnePlus 9,Android 14,4.1.2,b15362d85b2c8f5954ba363d,False,2025-09-04 13:19:43,2025-11-26 00:38:46,2025-09-04 13:19:43
2f743b7c-9889-41a3-a4ec-24f01ffcfc74,59961fbd-3a0f-4b6e-892c-a1a36ff38b71,android,Xiaomi Mi 11,Android 11,4.6.13,13b7eb61977fa96f763a7fda,False,2025-12-30 04:26:29,2026-01-31 03:50:05,2025-12-30 04:26:29
ff28f2a9-b4b3-48ff-b28b-5c01410782a5,13581ffc-d691-4f71-ad3b-f9a370fdf0f0,ios,iPhone 15,iOS 14.0,4.6.7,cc5e57252adceccb2fba913a,False,2025-07-09 11:25:52,2025-09-11 21:48:06,2025-07-09 11:25:52
084a11c1-df8c-4b17-969f-51c550c50d3b,87147015-25d8-4fdd-b8d4-81755b0504bd,ios,iPhone SE,iOS 14.4,3.1.11,c4f497a5274569fbe39dc0eb,True,2025-06-24 23:02:00,2026-02-07 11:45:12,2025-06-24 23:02:00
50a38afc-b92c-4fd4-8324-640c8443f639,87147015-25d8-4fdd-b8d4-81755b0504bd,ios,iPhone SE,iOS 14.3,2.9.12,bbad1cbbf4909a9b45d05597,True,2025-08-07 15:39:32,2026-01-11 10:44:49,2025-08-07 15:39:32
779148db-aced-4fcd-8ad1-a330d6be7c68,740f0200-2eb9-409e-982e-e4fa42e85427,android,Huawei P40,Android 11,5.8.18,885d3a8c8b2131ed4193a8e9,False,2024-05-23 03:12:50,2025-02-24 01:49:35,2024-05-23 03:12:50
554e0211-e144-4506-a241-9fbb59ba2d90,292fa4cd-802e-41c3-aad3-a855183dc787,ios,iPhone 13,iOS 15.0,5.7.12,9ea7108a36589ec4b4ea747f,True,2023-07-02 06:41:56,2023-12-30 21:36:52,2023-07-02 06:41:56
4fd04497-c0ae-460c-be73-cf9353d0e94d,292fa4cd-802e-41c3-aad3-a855183dc787,ios,iPhone 13,iOS 15.5,5.9.18,a17cfd9791c21076c01d2874,True,2025-09-13 03:54:43,2025-09-21 17:16:47,2025-09-13 03:54:43
a7de3ae6-822b-413b-b7aa-b4dbd7866e84,a2821d24-9678-4453-bcc9-e52cb663f0d4,web,Edge,Edge 110,2.4.16,a836be3b12cd65df0e6893bd,True,2025-09-08 15:07:18,2026-01-31 03:54:02,2025-09-08 15:07:18
36c037fc-0733-444f-bf73-adb27ece1482,a2821d24-9678-4453-bcc9-e52cb663f0d4,android,Huawei P40,Android 14,5.5.10,465ce759e75f3e0fb92e39e7,False,2025-07-30 17:57:09,2025-08-29 03:34:34,2025-07-30 17:57:09
2ec57db4-9a1e-4c87-81a9-64390ab84d92,75636446-72e6-4c5b-b8a9-7c7aaf2ff5a5,ios,iPhone 14,iOS 15.5,4.8.6,da128d684addaea0ed325b80,True,2026-01-11 22:39:04,2026-01-21 18:59:09,2026-01-11 22:39:04
e0624670-603f-4bdb-a80e-dc4a136e9d43,75636446-72e6-4c5b-b8a9-7c7aaf2ff5a5,android,OnePlus 9,Android 14,5.4.1,feddb11a3d6a18834f1cae72,True,2026-01-03 05:27:47,2026-02-05 12:59:54,2026-01-03 05:27:47
1106ebb1-394a-42cc-a3e1-27177f238553,75636446-72e6-4c5b-b8a9-7c7aaf2ff5a5,android,Xiaomi Mi 11,Android 11,2.5.18,81458a90850bedff9699d544,True,2025-12-29 18:25:15,2026-02-03 02:14:52,2025-12-29 18:25:15
8e482d01-7445-4a78-9634-f3279df56630,a490ad60-0f48-4543-a463-006a7cb4f658,ios,iPhone SE,iOS 14.3,2.9.16,b8d833d1d73417071d78fd74,False,2026-02-04 14:01:15,2026-03-04 20:28:07,2026-02-04 14:01:15
157f15bf-4a59-48e3-8bbd-e667855dbf8c,9de06834-47ae-4316-9e2d-c8d871deed40,android,Samsung Galaxy S22,Android 12,3.2.3,ae925e909fc6a2346ccdb3f5,True,2024-09-28 17:31:50,2024-11-26 01:00:12,2024-09-28 17:31:50
e80098d3-a204-469f-8436-f77e288cad4c,9de06834-47ae-4316-9e2d-c8d871deed40,android,OnePlus 9,Android 14,5.3.11,ac3c3ef0e793119aa024826e,True,2024-10-18 13:26:57,2026-01-28 00:45:33,2024-10-18 13:26:57
bfec3525-b584-4ed0-9736-d55a2c1dfcf2,0ad4ec22-c44a-4428-bc00-2b56a4ef0c25,android,Samsung Galaxy S22,Android 14,4.0.20,760871417df105478f3e9ed5,True,2026-01-26 13:44:41,2026-02-26 16:51:28,2026-01-26 13:44:41
c097bc5b-4e31-474a-8170-646f8484cf71,c53b2c9b-f660-42a1-be60-211d27ac6094,android,Huawei P40,Android 12,5.1.20,8cd379f274e3327ba43c7290,True,2025-08-13 04:26:47,2025-11-19 21:51:30,2025-08-13 04:26:47
0998ef25-1f50-4d74-8838-74f36b45ce58,8b793065-c07a-4610-b07f-44b62060f50c,android,OnePlus 9,Android 13,4.3.7,15f0b8865c48280842f98bbc,False,2024-11-17 07:18:02,2026-01-15 06:48:56,2024-11-17 07:18:02
ef222c61-a7bd-47ad-8bc0-fe2990e8952c,ee77d5e2-063c-484d-9a57-7da390b64958,ios,iPhone SE,iOS 17.5,5.4.8,1ad19acde501d13d2a2cf3f9,False,2024-09-21 18:24:07,2024-10-26 05:04:54,2024-09-21 18:24:07
7788cd32-3a73-4eaf-b573-955427a924db,df2b4f80-a4d5-4642-b296-7c8b844df311,ios,iPhone 12,iOS 17.4,2.5.20,cf2140a77734a09d3c75a212,True,2026-02-14 08:15:28,2026-02-18 21:03:44,2026-02-14 08:15:28
4aa31aad-0123-429c-88bf-0d887285e11b,aead8816-5018-429f-9200-e2d2d0e6ce5c,android,Samsung Galaxy S22,Android 11,1.6.11,7f70ce6c228f961925028d8e,True,2024-09-26 10:11:09,2025-10-16 04:21:36,2024-09-26 10:11:09
c0328881-3efa-4cfb-bcde-6f2f045cef5e,1ac46e17-924f-4685-b520-999fb7c8fa99,ios,iPhone SE,iOS 17.4,5.4.10,03cd059e7da6f33b5f21fce5,True,2025-06-10 15:40:28,2025-11-17 20:24:28,2025-06-10 15:40:28
7fd252c3-6c86-42b8-94c5-609d1f2f26ea,1ac46e17-924f-4685-b520-999fb7c8fa99,android,Samsung Galaxy S22,Android 14,2.9.15,a07fc82c02b08ab46dc561f8,True,2024-03-13 15:09:24,2024-12-15 09:43:11,2024-03-13 15:09:24
e0ad6bb1-59df-4f47-987a-3433adef10bf,1ac46e17-924f-4685-b520-999fb7c8fa99,ios,iPhone 15,iOS 14.4,4.5.7,70f4379a34330b23fe8773c9,False,2024-12-13 07:18:18,2025-06-11 16:10:40,2024-12-13 07:18:18
79c10a6a-16bf-4858-be86-efc9f079bcdc,753fb247-03cc-4e8a-9726-5c5f90225165,android,Xiaomi Mi 11,Android 11,4.3.20,1426879b0c093f0cf10f0d3e,True,2025-09-19 18:25:14,2025-12-23 10:17:31,2025-09-19 18:25:14
9a098d94-5ae2-4cf4-9336-6f37f2a06195,753fb247-03cc-4e8a-9726-5c5f90225165,android,Samsung Galaxy S21,Android 12,1.9.12,5173aeaaaac27c69ba7ddae3,True,2025-02-01 18:16:05,2025-06-14 08:22:10,2025-02-01 18:16:05
10edb73a-3502-4950-bf72-327ceba6f5b6,753fb247-03cc-4e8a-9726-5c5f90225165,android,Samsung Galaxy S22,Android 14,5.7.7,72b5592f90514631a67c4d89,True,2025-09-13 03:54:16,2026-01-02 12:10:13,2025-09-13 03:54:16
6fd62c4b-2300-4c5f-84bb-e06630d6b262,eed0f5b8-4b68-4217-bfb3-aa75b0bae192,android,OnePlus 9,Android 13,3.9.14,006d8599e2a7223dcd7e2815,True,2025-12-15 20:11:35,2026-01-23 19:03:35,2025-12-15 20:11:35
5069e382-8ec8-4dff-bcf9-9f5e6b781b64,3347ee2e-adb2-4c92-b846-b0503d7c36f3,android,Xiaomi Mi 11,Android 12,3.6.20,f82bf41953649e8a2e59f736,True,2024-03-23 10:47:36,2024-12-09 11:20:23,2024-03-23 10:47:36
aa693d74-ce0d-4882-be80-bb773b86d6f1,b9c1d138-3d85-482f-929a-a0f828acc9c9,ios,iPhone 13,iOS 14.0,3.0.13,6a613d919fe0b95f5376e07e,True,2026-02-01 00:29:33,2026-02-03 08:14:11,2026-02-01 00:29:33
6923c8e4-45cc-40e7-8139-af431967bab5,b9c1d138-3d85-482f-929a-a0f828acc9c9,web,Chrome,Chrome 115,5.1.8,00593bfd66f8c3b2c23d7dda,False,2025-11-02 09:56:33,2026-01-26 06:57:04,2025-11-02 09:56:33
336e0f2f-9d26-494a-af94-5737c88f7582,b9c1d138-3d85-482f-929a-a0f828acc9c9,ios,iPhone 15,iOS 16.5,3.2.3,85f1455949aa39057f49e214,True,2026-01-18 18:50:19,2026-03-08 22:32:45,2026-01-18 18:50:19
a3c52aa3-68eb-4e19-9174-21338ab91648,4d778be3-4c12-4413-8c2e-7f12c1519ee6,android,Samsung Galaxy S21,Android 13,4.6.9,e8f38564b9812287722dbc46,False,2025-05-26 22:29:14,2026-01-20 21:10:08,2025-05-26 22:29:14
21b3b5fc-132c-4fff-a862-3ed1de6af1c5,4d778be3-4c12-4413-8c2e-7f12c1519ee6,android,Samsung Galaxy S21,Android 13,3.7.12,b939516daa25010ada56c4d5,True,2025-12-02 02:02:57,2026-02-15 23:10:37,2025-12-02 02:02:57
a41971ac-7f51-4427-b2f4-46e7f8646d7a,4d778be3-4c12-4413-8c2e-7f12c1519ee6,android,Samsung Galaxy S21,Android 13,1.3.20,f70841745b4a4d80612771d2,True,2024-06-19 10:49:32,2024-10-31 07:24:17,2024-06-19 10:49:32
d0917769-b35c-4eb4-88e2-aab700a0de6f,a478a379-4180-4004-9b62-d40121b81116,ios,iPhone 12,iOS 17.5,5.8.12,f5921e93b6debce084c7a80a,True,2024-02-04 01:15:42,2026-02-08 15:52:22,2024-02-04 01:15:42
92300df9-149f-495f-954f-a2c9193d6a56,55066b9d-e9fc-42f9-9373-14dd4b67f02b,ios,iPhone 14,iOS 17.0,4.2.10,a94de826fbc5aae3d9195dec,True,2024-08-02 00:18:29,2025-08-27 04:12:31,2024-08-02 00:18:29
127fe3a7-30b8-463f-8006-e591e9dc6a0b,400560a0-bb76-4aa6-85ef-8e936211c027,ios,iPhone 12,iOS 14.5,4.8.3,d9b76477d34a8130a65dba71,True,2025-09-02 11:20:30,2025-10-02 17:57:08,2025-09-02 11:20:30
937003fc-3900-43e9-adcd-2ab7eb610bdc,c3dcb740-0005-4c4f-bec7-1801a388a5f1,android,OnePlus 9,Android 11,3.6.3,df33a33f9d8de4fcb0699ff3,True,2025-05-13 23:50:59,2026-01-29 13:53:25,2025-05-13 23:50:59
2b36c34f-fc0d-40c3-8e9a-e46d41230b5b,3a6012fb-3f37-49c5-b29a-45ffd7c59028,android,Huawei P40,Android 11,1.3.9,b10abe79076c78db299de121,True,2024-07-13 02:57:04,2025-03-27 11:54:01,2024-07-13 02:57:04
ed0a40dc-37c3-4e6c-8aa4-bd90fb2888ed,3a6012fb-3f37-49c5-b29a-45ffd7c59028,android,OnePlus 9,Android 14,5.9.5,05fe31aceb98a20fee308fd8,True,2023-12-26 19:35:04,2025-10-20 21:49:05,2023-12-26 19:35:04
9a0f965c-bc7f-483b-ae2d-80bcc5384ab1,0b379d1f-759b-4d1c-acc2-d022a9ecb80b,web,Firefox,Firefox 118,1.6.7,a86f4c7c178b883c7354c135,True,2024-12-29 09:07:31,2025-01-18 15:36:31,2024-12-29 09:07:31
cdc49493-eb35-4902-a7bb-6ef91107750f,0b379d1f-759b-4d1c-acc2-d022a9ecb80b,web,Chrome,Chrome 124,3.8.5,7a83b21b971051c07a097fc0,False,2025-03-25 12:21:59,2025-07-11 23:56:42,2025-03-25 12:21:59
a771f179-b140-427d-b4dd-fc8c10954fc1,0b379d1f-759b-4d1c-acc2-d022a9ecb80b,ios,iPhone 14,iOS 15.4,1.1.13,c8d8e898ec843f31af52d180,True,2025-03-07 01:33:29,2025-03-16 21:59:50,2025-03-07 01:33:29
f3b3b8e9-424a-4fdb-8413-04d60e643db5,9adc3379-4d98-487f-bbad-4733d98864da,android,Xiaomi Mi 11,Android 12,2.4.8,2cc9a25b388edc603eb9bb4a,True,2026-01-18 01:17:05,2026-02-12 13:44:12,2026-01-18 01:17:05
9397e18c-6b87-434c-a956-4bccf061bcd4,12a9c14c-5956-4064-b674-9741f1fe0b8d,android,Samsung Galaxy S21,Android 14,1.1.10,8c77688cc3c8261f8e8c8f48,True,2025-10-15 10:08:32,2026-02-16 16:13:47,2025-10-15 10:08:32
1887bab4-a123-4e2c-9113-3d2c1de28575,8343ce0b-da8b-4bcf-89b7-c4cb3f9a46ac,android,Huawei P40,Android 14,2.4.1,da75c07217f1db70a7fec00c,False,2025-06-03 01:15:44,2026-01-14 07:16:26,2025-06-03 01:15:44
9ade41bb-08d2-44b0-9ced-e5d763e0aafa,8343ce0b-da8b-4bcf-89b7-c4cb3f9a46ac,ios,iPhone 12,iOS 15.3,3.9.20,1edf0653908a0c95286e26e0,True,2025-10-15 12:50:07,2026-02-05 07:54:11,2025-10-15 12:50:07
7c595e72-1d9d-4874-a304-997cf182f034,a4ce2959-0674-4c74-b4cb-9c8a79133cdf,android,OnePlus 9,Android 11,3.3.15,fabbad10261a6afab2c5d1a8,False,2024-04-09 05:38:55,2025-02-24 09:12:54,2024-04-09 05:38:55
d05975d9-f8ac-412b-ae61-7d42b48b3ab8,2b5107a5-f707-4b87-9ca8-712647c03c21,android,OnePlus 9,Android 12,1.7.12,d0baba83b7115849907dee84,True,2026-03-01 07:28:29,2026-03-06 17:18:30,2026-03-01 07:28:29
912563b5-fa2c-46b3-bb98-bea01a8384ee,1742682b-4505-4bb1-9c3e-97ed6781ccca,android,Samsung Galaxy S22,Android 11,2.7.3,b1a183faf42bfe8be36071d4,True,2025-09-14 08:37:30,2025-11-09 13:56:34,2025-09-14 08:37:30
7557825f-8381-4024-a04f-b402efc94a3f,a4748ac0-19ee-4034-8290-3f26055139f9,android,Xiaomi Mi 11,Android 12,1.0.12,83eecfa62f313915273f7685,True,2024-07-21 19:39:26,2025-06-05 15:00:19,2024-07-21 19:39:26
a38342af-a2eb-4e89-98c6-460bd2fde89b,b0b39ec0-6e6e-422b-8fd1-1922388af78f,android,Samsung Galaxy S21,Android 11,5.8.14,d58411a4b6285b66303c05df,True,2025-03-16 16:05:55,2025-04-23 19:39:22,2025-03-16 16:05:55
c85a6c5a-7096-45ba-b853-37ac116486eb,6ae076f0-93f1-4711-a09f-c2a7051e481c,ios,iPhone 13,iOS 15.0,5.1.11,d57006fb089724ca6fc46502,True,2025-07-31 06:21:42,2026-01-07 23:54:39,2025-07-31 06:21:42
f0ba590a-620e-4e40-a199-47fa04441c95,6ae076f0-93f1-4711-a09f-c2a7051e481c,android,Xiaomi Mi 11,Android 14,4.9.19,c07105f1b642dfea02fc964c,True,2024-04-10 08:54:15,2025-10-24 03:24:31,2024-04-10 08:54:15
9937e029-56ff-4ab6-b1cb-01dd8b950fd9,34cd827e-c80d-44ad-aefc-bddea444b5da,android,Xiaomi Mi 11,Android 11,3.7.10,ab2fabd6f9456ad14f7b4318,True,2026-01-05 10:37:23,2026-01-09 03:58:02,2026-01-05 10:37:23
54f71fb5-c095-4f73-b06d-3d1e9600c1b3,3b213595-8b77-4218-b22a-20b98ba7dfd8,ios,iPhone 12,iOS 14.1,2.3.3,926e2f5a16b0ddc8037dd8e5,True,2024-04-21 06:57:12,2025-07-24 09:28:50,2024-04-21 06:57:12
da6faa18-4e91-4326-a5b9-f002ec194f21,dcbc78d7-093d-4a11-9454-b292be679e7b,ios,iPhone 15,iOS 14.5,2.6.13,9e7f55c349cc1ae857b89382,False,2026-03-04 04:43:57,2026-03-05 07:16:36,2026-03-04 04:43:57
ccc044aa-c925-4064-9473-3df505f224c7,dcbc78d7-093d-4a11-9454-b292be679e7b,ios,iPhone 12,iOS 15.5,3.3.13,8f6e537a6baa6456474a13fd,True,2026-03-03 05:48:59,2026-03-03 16:08:40,2026-03-03 05:48:59
5e1dd456-d69f-4eb2-9cc0-e707b42812e9,b44eecc1-bbe3-4b95-adfd-f4c59e231a8c,ios,iPhone 12,iOS 14.2,1.7.7,f8affccf243a0b3f6db653b8,True,2025-04-10 01:44:53,2025-12-04 19:07:39,2025-04-10 01:44:53
caf37385-48c3-4cc8-845c-c1fb25a3863a,b44eecc1-bbe3-4b95-adfd-f4c59e231a8c,ios,iPhone 13,iOS 15.4,1.5.2,31d3a260de151fd7d5995c11,True,2026-02-02 15:24:41,2026-02-13 21:44:47,2026-02-02 15:24:41
84e400c3-8045-4ff1-98e6-a31defc0423e,d159522c-c1ca-47bc-acb5-784cadf40ac5,ios,iPhone 13,iOS 15.3,4.2.3,af463aac05c6043481a60412,True,2023-12-17 18:00:23,2025-03-20 14:04:24,2023-12-17 18:00:23
fa0ebd54-5ff7-4f33-a981-6bb36ec238d4,46cb36cb-73a1-43ec-b85d-ced85a8d9359,android,Samsung Galaxy S22,Android 12,4.9.14,98bcabb21694c30bd4da5281,True,2026-02-05 16:48:45,2026-03-06 12:56:33,2026-02-05 16:48:45
04925175-313b-4da1-925e-218b76e2cf1d,2a4736e4-670b-4d28-9666-91c03f497c87,ios,iPhone 12,iOS 16.5,1.6.15,1cb5275c27543ebf1a3d0a52,False,2025-08-20 22:04:26,2025-10-12 06:14:20,2025-08-20 22:04:26
b6c802c8-fd93-4386-bfc7-a08ad03cabef,2a4736e4-670b-4d28-9666-91c03f497c87,android,Huawei P40,Android 13,2.1.1,331f427f00757ff03698bc7f,True,2025-12-06 03:02:34,2025-12-29 04:43:31,2025-12-06 03:02:34
269451ec-cf45-4067-982c-9cb9a7416dc7,2a4736e4-670b-4d28-9666-91c03f497c87,ios,iPhone SE,iOS 15.4,5.6.4,4e1f7df2511aaa5fdf8ca293,True,2025-06-18 18:58:35,2025-09-07 06:37:41,2025-06-18 18:58:35
0479066b-d61b-4d83-97e7-18ef4b52de95,e9298a52-5078-48ef-ab01-ecaa5a6e4121,android,Samsung Galaxy S21,Android 13,3.1.18,29f0207e7dc1ca8e0157bb97,True,2024-10-23 07:05:03,2025-01-24 07:56:39,2024-10-23 07:05:03
b1d50628-8462-42be-907e-e06f468452a7,e9298a52-5078-48ef-ab01-ecaa5a6e4121,ios,iPhone 15,iOS 15.0,1.9.7,e2f77d83c75251ef2634e0ca,True,2025-01-19 09:16:31,2025-03-02 14:21:15,2025-01-19 09:16:31
af4dbf1e-506d-40a6-8d3b-4d0db1014256,f5a23d1b-eea6-47b0-89d8-858739b22caa,ios,iPhone 15,iOS 17.3,1.7.0,3195941fc785576199fb4862,True,2026-03-03 20:02:12,2026-03-07 14:35:05,2026-03-03 20:02:12
dc6f2c11-e23b-4934-b7db-946f4eb4d342,2b1bdc78-fce1-4c8a-b198-8f3bc1499337,android,Xiaomi Mi 11,Android 12,1.6.5,2a823e5b29490d635392254a,True,2025-03-10 14:16:05,2025-09-16 16:26:25,2025-03-10 14:16:05
74b776f6-c625-4b86-9cf2-96611b7eac73,464164e9-add0-4412-80dd-70a146758133,ios,iPhone 13,iOS 17.4,5.9.16,6d6da66b11c6db0384dbd621,False,2024-07-22 15:21:04,2025-07-13 22:00:05,2024-07-22 15:21:04
fcd69135-5aa7-4129-bd30-065af87d24b0,464164e9-add0-4412-80dd-70a146758133,android,Xiaomi Mi 11,Android 14,3.2.18,6dc6fd74afabcb83aa922728,True,2025-11-21 17:24:52,2025-12-22 14:56:03,2025-11-21 17:24:52
41aedc6f-136e-487b-beaf-399052cb303b,464164e9-add0-4412-80dd-70a146758133,android,OnePlus 9,Android 12,3.3.19,f4f7dcccc51ce96a6df134b3,True,2024-05-28 14:05:09,2025-06-06 10:59:52,2024-05-28 14:05:09
0b8aec7e-69e2-44cc-84ff-3c25738212d5,f00b3348-cbf5-497d-9592-f30d0b3ce06f,android,OnePlus 9,Android 14,4.0.5,15ff13234a2608e336fd255c,True,2026-01-23 15:21:13,2026-02-09 07:19:07,2026-01-23 15:21:13
b477e554-5c51-445e-862d-2b87d265911a,f00b3348-cbf5-497d-9592-f30d0b3ce06f,ios,iPhone 12,iOS 16.0,5.5.20,af216286d3c5895bd5a2c245,True,2026-01-13 18:26:55,2026-02-19 00:14:15,2026-01-13 18:26:55
73d2fcbd-6675-4cfb-b29e-30837995ed5b,6f0b8b50-c48b-4abe-8ef9-b3052aa66463,ios,iPhone 12,iOS 14.0,1.9.10,b6aaa5cd6324a91e02ac71ce,True,2025-09-14 19:11:02,2025-12-12 08:36:29,2025-09-14 19:11:02
1b5559ad-8302-4ece-aa39-fde853abcd26,0f4deeb9-ac74-4a27-912d-d010baa16c0a,android,OnePlus 9,Android 13,3.4.13,12b1d394f1d0a327ab2d64cc,True,2025-09-13 07:44:41,2025-11-21 15:54:56,2025-09-13 07:44:41
86adbaae-5505-48e3-83db-a2b715eaa176,0f4deeb9-ac74-4a27-912d-d010baa16c0a,web,Firefox,Firefox 124,5.4.9,c5c181aa5892352acf20c9e8,False,2025-12-28 19:43:19,2026-01-28 14:05:06,2025-12-28 19:43:19
bc506b6d-2c23-4f56-a198-5c4de735df2e,e8e05c56-ff53-4cdd-ab98-27ae607f45e1,ios,iPhone 13,iOS 16.5,5.8.16,82c18dc2f14becd842b40efd,True,2026-02-05 15:20:33,2026-02-10 14:31:12,2026-02-05 15:20:33
e747a7f4-762f-46e1-a2f3-2af14a4c5f73,b1389aae-abf9-425a-9816-91b6ba4d652b,ios,iPhone 13,iOS 15.2,4.8.20,2e9f1fc35f5b9e8743a42f01,True,2025-09-17 09:54:51,2026-01-27 16:46:01,2025-09-17 09:54:51
0c6492e1-52c7-4d98-b44a-82b990b437f1,b1389aae-abf9-425a-9816-91b6ba4d652b,android,Huawei P40,Android 14,1.2.20,2812b959203aa9b4dd5a8ce1,True,2025-08-01 19:31:42,2026-01-25 05:28:20,2025-08-01 19:31:42
0b03bb00-e20f-4c04-8c2b-17984de160e3,b1389aae-abf9-425a-9816-91b6ba4d652b,ios,iPhone 14,iOS 16.5,1.9.14,f8b6230c0a2f7efde7eeb40a,True,2026-01-21 19:09:32,2026-02-24 03:32:01,2026-01-21 19:09:32
61985cd8-2059-4195-b530-a5be118a4e6f,01ec1e10-ab44-4751-b26a-47cf458f8908,android,Xiaomi Mi 11,Android 12,1.0.13,64fbe2a16188663abf1c8a62,True,2024-11-12 08:02:12,2025-09-19 13:23:23,2024-11-12 08:02:12
3367e6c9-6fda-4d3a-a569-6d8180ad8589,01ec1e10-ab44-4751-b26a-47cf458f8908,android,OnePlus 9,Android 14,2.7.10,bd3d9fd9833e7c900db4a29c,False,2025-09-30 18:51:51,2026-02-16 18:13:07,2025-09-30 18:51:51
6b48a98e-4e2c-497f-998e-c9f376a8bef0,6abc51c0-954e-44df-9437-3f78a8782ccd,android,OnePlus 9,Android 11,5.6.18,65603a68b10f6d6ccd8f9058,True,2025-12-11 18:53:59,2026-01-11 22:50:09,2025-12-11 18:53:59
7c917d13-42e6-4bd2-8e24-fa17fa27e684,522c13de-046c-4cab-8cc1-25cebc254b57,android,Xiaomi Mi 11,Android 13,5.9.20,513db8e6599724b610ff0be3,True,2025-06-06 10:48:28,2025-09-07 05:19:08,2025-06-06 10:48:28
3f4d60dd-ea6d-4fb3-94e0-07185c84cc53,ee23dd4c-d3e1-4ba1-b15e-13b09a874613,ios,iPhone 13,iOS 17.5,4.6.4,50941428a85837bb2e39b9cb,True,2026-03-01 16:02:35,2026-03-04 06:08:50,2026-03-01 16:02:35
0c5caad0-1059-4e31-aada-cd29fd5f5f1e,ee23dd4c-d3e1-4ba1-b15e-13b09a874613,android,Huawei P40,Android 12,3.6.19,4abe740fea24f9127279f464,True,2025-12-20 16:08:36,2026-03-05 20:03:10,2025-12-20 16:08:36
61629949-4129-4b05-bf62-649d4e3d18d9,44335d80-becf-4e27-8d2e-5b610af7fc74,android,Xiaomi Mi 11,Android 11,3.6.12,a93393bb96c7a4b8c4f0f0dd,True,2025-06-20 18:26:10,2025-12-31 17:40:25,2025-06-20 18:26:10
d86fcb9a-94ac-46f1-a355-a4e8276350aa,44335d80-becf-4e27-8d2e-5b610af7fc74,android,Huawei P40,Android 12,3.5.0,fa8aa8df4e22c90a906c9969,True,2025-10-02 08:32:20,2025-11-17 11:45:01,2025-10-02 08:32:20
9920fe5b-533f-43f5-8917-225328d1517f,d87f908b-1f8b-4e19-8cf4-efcda21e6042,ios,iPhone 14,iOS 15.4,4.7.13,3e0fde244d28219e1c507cec,True,2025-12-19 11:16:11,2026-02-07 06:33:19,2025-12-19 11:16:11
8b33909a-746d-43c4-a91c-8d62ce2aff4c,d87f908b-1f8b-4e19-8cf4-efcda21e6042,android,Samsung Galaxy S21,Android 13,3.8.5,6cb89786fdea26a200800db2,True,2025-03-26 09:19:14,2025-09-28 04:18:49,2025-03-26 09:19:14
b3c305e2-f1e2-4858-9c5a-3d6c86c522b3,786ee9f5-ee3b-4867-a41e-ff583ff36a3a,android,Samsung Galaxy S21,Android 13,3.4.0,d1b0c6320149a8c35926f8ff,True,2025-01-30 09:25:48,2026-02-19 15:41:57,2025-01-30 09:25:48
824c904b-9227-4279-8acf-c715e92f1dcf,786ee9f5-ee3b-4867-a41e-ff583ff36a3a,web,Firefox,Firefox 125,4.8.12,2464f386262831aada490208,True,2025-08-17 00:31:18,2025-12-29 17:44:41,2025-08-17 00:31:18
fc1057bb-bdef-4309-80da-4770afa4c875,084106ca-c9ed-4f33-af37-ae1dda86cea8,android,OnePlus 9,Android 11,5.9.13,6bb7c3ff5a7267fd6ee11528,True,2024-04-15 04:08:18,2025-11-22 19:45:09,2024-04-15 04:08:18
42d7eb5f-56fe-430b-bdca-4beaf7c0cc3a,cf6295ba-207b-4a84-8e38-dd97cb3d1556,ios,iPhone 15,iOS 15.4,3.0.12,f6d5f39a86115a5c2478ed59,True,2026-01-05 13:40:20,2026-03-02 16:09:59,2026-01-05 13:40:20
01dc24bf-2daf-4b80-895e-9fb114641699,cf6295ba-207b-4a84-8e38-dd97cb3d1556,android,Xiaomi Mi 11,Android 11,4.3.5,dcc23c7ea0366e65e2ace9aa,True,2024-11-01 22:41:17,2025-01-11 23:56:42,2024-11-01 22:41:17
4c4d2907-fcec-4359-bd79-b864f4add4b1,9d621ee9-6d6e-4452-ad27-fba8096138ce,ios,iPhone SE,iOS 14.4,4.8.0,ad53878733f27e83b7a2a7cb,True,2026-03-03 02:44:05,2026-03-07 07:53:06,2026-03-03 02:44:05
eb711825-29a5-47b3-9548-e32540003bcb,9d621ee9-6d6e-4452-ad27-fba8096138ce,ios,iPhone 13,iOS 15.3,5.4.4,506c4597440fceb35d06630c,True,2026-02-15 12:12:03,2026-02-17 02:32:41,2026-02-15 12:12:03
d4ed34f7-1db7-48c6-89e8-06085f8f2905,ef095c14-831c-436f-80fd-8b178df351da,ios,iPhone 14,iOS 15.3,1.6.14,e3775766312e7457177d8c53,True,2026-02-10 06:29:50,2026-02-22 19:58:22,2026-02-10 06:29:50
9986bcee-accd-4074-8ee1-2a24a6e338fe,ef095c14-831c-436f-80fd-8b178df351da,android,Samsung Galaxy S22,Android 13,1.5.4,95fd8a8f11076defeb5c6228,True,2025-11-15 23:26:46,2026-03-05 03:29:43,2025-11-15 23:26:46
61973b61-0f3e-4d32-9e48-3ba336b185da,390884d3-e468-4ed6-8d35-64ec1c7cdee2,android,OnePlus 9,Android 13,3.4.18,42cbd608385cc0d03670ead9,True,2025-09-17 18:16:42,2025-10-29 12:24:50,2025-09-17 18:16:42
a39644e4-5603-4c62-9ca8-e1ce18e742ef,390884d3-e468-4ed6-8d35-64ec1c7cdee2,android,Samsung Galaxy S21,Android 12,1.9.4,9e9c09678fc04340211114f9,False,2025-01-12 09:03:30,2025-05-25 02:14:10,2025-01-12 09:03:30
06bdb222-9565-419a-be1d-63df8ffa43f4,ff107c5c-9186-4d7a-b2f3-c94f40c76b1b,android,OnePlus 9,Android 12,4.0.19,1473d3535aacef7f7dccf1d6,True,2025-01-30 20:33:33,2025-02-25 11:45:07,2025-01-30 20:33:33
5552a73b-0734-4788-93d1-bbf8a5c1d074,ff107c5c-9186-4d7a-b2f3-c94f40c76b1b,ios,iPhone 12,iOS 16.5,3.9.17,c4b315321d7b4dc437fafcc5,False,2025-06-27 04:21:03,2025-10-25 23:43:01,2025-06-27 04:21:03
ee6c5e95-7f4d-427d-9188-e62c8efb17e4,ff107c5c-9186-4d7a-b2f3-c94f40c76b1b,android,Huawei P40,Android 14,4.1.8,6b006fb0a84f641248bc9386,True,2024-02-11 22:08:10,2025-11-28 17:42:34,2024-02-11 22:08:10
3dda1980-53b4-41d7-8ca1-5964f0876748,d57ace9d-17c2-4eed-b145-ff6d3a98b0ed,android,Samsung Galaxy S21,Android 12,4.6.0,8315a9ce93a81244d3964be6,True,2025-01-13 10:03:52,2025-02-04 18:06:51,2025-01-13 10:03:52
e649e128-082e-425e-b537-414ea8b0bddf,b6fc12fa-3d62-46c2-afa2-74bfec231361,android,OnePlus 9,Android 13,2.6.4,7d5bb7cc855f5b2bed1330c2,True,2025-08-09 23:40:46,2026-01-15 07:02:13,2025-08-09 23:40:46
8713e23b-d799-421a-b3ae-29f345d821fd,e1129cd8-0480-4e18-affc-ab51bee184e5,ios,iPhone 14,iOS 17.1,1.4.18,d370f8aad49c79050ccc8a1c,True,2025-01-21 08:39:54,2025-08-09 03:59:44,2025-01-21 08:39:54
514aa784-21a4-4ff8-96f5-f0b322e4e4ef,15b6fe89-d84c-4296-99f2-0844823377fd,android,Xiaomi Mi 11,Android 14,5.2.12,0ca6be424b4fb9d08d7c1172,True,2024-07-21 12:42:25,2024-11-06 20:02:07,2024-07-21 12:42:25
4026d127-c7e3-4fe0-8c3a-1a8168e62e22,15b6fe89-d84c-4296-99f2-0844823377fd,android,OnePlus 9,Android 11,5.3.7,a3873885a08d6615ac94de77,False,2024-09-16 16:59:26,2024-11-04 14:19:37,2024-09-16 16:59:26
4c51d741-7b7a-4744-8026-c852db4b188f,15b6fe89-d84c-4296-99f2-0844823377fd,android,Xiaomi Mi 11,Android 12,3.4.1,42325bf68debc895c92e512b,False,2025-09-26 05:14:18,2025-12-20 14:47:10,2025-09-26 05:14:18
4d4793c0-27aa-48df-8cec-0ece46e947fb,99ef59d2-8bef-44a4-bbb5-9daa183cf06e,ios,iPhone 15,iOS 17.3,5.3.20,214782d7670dcecdc0387655,True,2024-02-24 18:49:36,2024-11-28 07:38:39,2024-02-24 18:49:36
b0710506-abd1-4984-af73-d9ffc61f8aed,99ef59d2-8bef-44a4-bbb5-9daa183cf06e,ios,iPhone 13,iOS 17.1,2.2.2,073f8ea4ea37155477f56df1,True,2025-04-28 01:28:29,2025-08-30 04:03:44,2025-04-28 01:28:29
3d49c324-186b-48ef-8083-709fbc66d8d0,d53ef284-40bd-412c-91ba-d2912745d0d4,android,OnePlus 9,Android 12,3.0.8,553f3545f089d46cdbec71a9,False,2025-09-30 09:16:49,2026-01-08 11:42:51,2025-09-30 09:16:49
1011b01b-3052-43c5-b5bf-0b13bcb0fbf5,937991d0-94bc-4ad7-a6be-c8db8aa60b20,android,Samsung Galaxy S22,Android 12,1.5.11,04698bf9ed6bfa8e1878ecac,True,2026-02-16 09:36:01,2026-02-17 06:39:36,2026-02-16 09:36:01
febbdeb1-7d75-43bb-b4de-b3573d55669c,7a6c91df-5393-4558-a525-129606e8f35d,android,Xiaomi Mi 11,Android 12,1.0.12,d4c2795df4934190dd429c94,True,2024-10-29 23:19:59,2026-01-11 12:43:10,2024-10-29 23:19:59
4db3a128-65eb-4d1b-a333-1a83ede6e23a,cb56d680-db51-4477-8ca9-b40fcd1325f8,ios,iPhone 14,iOS 17.0,2.9.1,836ba032a64cf39f7d8643e2,True,2025-10-15 17:05:30,2026-02-19 02:33:55,2025-10-15 17:05:30
5a8b7def-0ab4-433e-8ca0-5ce9e32a6fcc,1519b2d5-0acf-499b-bf1b-e3f8ecfde92d,ios,iPhone SE,iOS 15.2,4.8.13,5dfafa465e8ed6a92fa050b5,True,2023-12-09 00:18:54,2024-04-08 20:31:43,2023-12-09 00:18:54
9081c348-d355-4b82-a228-47188f04fce3,1519b2d5-0acf-499b-bf1b-e3f8ecfde92d,android,Samsung Galaxy S22,Android 12,3.3.2,59b3f421a3f1abe324c3afa5,True,2023-04-05 21:07:37,2024-07-03 13:40:46,2023-04-05 21:07:37
8729d816-7add-4272-968e-0a0872a6e027,002f103c-a174-4b35-915c-61d6c1ca7e0e,android,Huawei P40,Android 11,4.7.0,7e88a7171edb1fce7d284fa1,True,2025-02-07 14:38:42,2025-11-11 14:36:52,2025-02-07 14:38:42
585019bf-01c9-4e94-95ce-67526a0c0c6a,be6588c8-b83a-4016-aef0-157f0c716a3e,android,OnePlus 9,Android 11,3.5.1,94724101cb434d84dbb87df6,True,2024-08-03 19:41:58,2026-02-01 19:37:55,2024-08-03 19:41:58
2e12182a-1460-4223-a36d-648eecafcf2f,efd6442f-6aca-4276-92c1-4ece4bdc41a3,android,Xiaomi Mi 11,Android 11,3.5.10,1108441038d35b1a25e69a73,True,2025-03-31 22:56:57,2025-10-04 15:09:45,2025-03-31 22:56:57
44be27e9-48be-49b9-b0e7-21ff9644c349,6b373f15-a854-4d5a-bdd1-7bd0807cc5f0,android,Samsung Galaxy S22,Android 14,3.9.6,8f9a64b2fc321c704983a8a1,True,2025-09-16 22:54:00,2026-03-04 14:23:37,2025-09-16 22:54:00
144f81b6-c2fa-4dc3-99ef-c8e8f5227131,0feae717-871f-4660-9744-514d992a1d0d,android,Xiaomi Mi 11,Android 13,5.1.14,9bb86ed037ce268bb62fb01a,True,2026-02-18 03:16:04,2026-02-22 07:42:12,2026-02-18 03:16:04
b916d10f-9609-42a0-8d19-cc41e67557f8,93dafa58-8333-4d79-aa4d-998ab4807b12,ios,iPhone SE,iOS 14.1,5.0.20,9ef1c210dfa9d8361daa717c,True,2026-01-14 17:06:52,2026-03-02 03:03:48,2026-01-14 17:06:52
2419e560-13b3-4304-989b-2a4fe28c3e36,93dafa58-8333-4d79-aa4d-998ab4807b12,ios,iPhone 14,iOS 15.1,1.1.6,78e583f6ab8032f898da8cfd,True,2025-11-18 08:25:11,2026-01-03 09:17:53,2025-11-18 08:25:11
b85d7ca5-1019-404d-bb8a-3467a2eb775e,93dafa58-8333-4d79-aa4d-998ab4807b12,android,Samsung Galaxy S22,Android 12,4.9.8,d7c4d5331ebbb49f52c267d2,True,2025-12-31 06:03:58,2026-01-27 07:12:59,2025-12-31 06:03:58
eaad9182-6176-4abd-a54c-27e34f44d17d,99bd0d74-73f6-4a32-9a17-28b3aab8daa6,android,OnePlus 9,Android 13,4.0.15,7830d7e1a69bcca5b5dfc824,True,2025-09-15 16:19:39,2025-10-22 05:11:04,2025-09-15 16:19:39
52078095-bcf3-4cce-971d-263d4a4e32f8,7bec89b1-92e1-40f8-8519-e01f3ff24c3c,android,Xiaomi Mi 11,Android 13,2.4.1,d5b9d03dfea68207e9662d13,True,2025-12-18 04:30:16,2025-12-31 09:01:18,2025-12-18 04:30:16
4f1dd528-1cf2-40fb-b2e2-24c8c5f4d084,12f6ecaa-817b-4c72-bc21-4f1b861d9912,android,OnePlus 9,Android 12,5.8.9,61f28d583fb2d434f1820f5b,False,2024-06-04 16:23:24,2024-09-17 22:31:26,2024-06-04 16:23:24
e93fec80-cefc-4235-b66d-7bd6238ba7c2,3fcc8917-acac-4abf-8495-62d5270ce3e8,ios,iPhone 15,iOS 15.3,5.6.19,4831c26b203f6c14f0851c5d,True,2025-06-15 00:11:58,2026-02-25 18:16:19,2025-06-15 00:11:58
192d89ef-d566-411d-9709-17a3f9e9f517,bdf86d1b-1104-4a4f-a8dc-bde773009580,ios,iPhone 13,iOS 16.5,2.0.19,794b4dec1183da6aad4d3c54,True,2025-12-26 20:27:24,2026-02-27 10:55:20,2025-12-26 20:27:24
353243ed-c296-4c91-9a0b-a5d57729c432,bdf86d1b-1104-4a4f-a8dc-bde773009580,ios,iPhone 13,iOS 14.5,2.2.5,374b51919746cf449d6f5d61,True,2025-06-09 10:59:02,2025-08-19 20:50:48,2025-06-09 10:59:02
936462ab-ea7a-446c-901b-55134a1ae1a7,e5b15e18-1dc3-4517-b1ae-c6f8d58ec864,android,Samsung Galaxy S22,Android 13,2.2.9,ae152f2bcffddc4347760724,True,2025-11-19 01:32:04,2025-11-21 21:26:52,2025-11-19 01:32:04
e3e61be9-abae-4d86-b59c-d4d9aab2688f,843ebf59-ae78-40ba-a52a-45e024e30696,ios,iPhone 12,iOS 14.1,1.6.9,db3221918c09f60395b47911,True,2026-01-02 09:04:51,2026-01-30 00:41:37,2026-01-02 09:04:51
289423b5-7cec-417e-9730-3c6a4cec11f5,9248f686-f769-4b07-b409-54df2c9b1235,ios,iPhone 15,iOS 14.5,4.3.5,82c8ce6b6b2a6cd73aa0c98d,True,2024-12-31 18:34:35,2025-10-28 22:17:58,2024-12-31 18:34:35
96a832e3-a17a-488f-9545-084aecaec45d,9248f686-f769-4b07-b409-54df2c9b1235,ios,iPhone 12,iOS 16.0,3.3.3,6b0bbe29864504dbb1d4736a,True,2026-02-06 02:28:10,2026-02-15 04:53:50,2026-02-06 02:28:10
6f1ea6b8-0ecb-42a0-a386-1b01ae66c4b0,0018baea-938b-4ac0-a0fa-aec0071cc5f2,ios,iPhone SE,iOS 17.3,4.5.11,9d7ca03fdc8555cb561ab7cd,True,2025-03-06 00:55:28,2025-04-04 17:46:30,2025-03-06 00:55:28
847bccfc-8dd5-483c-ba6b-210f10131561,0018baea-938b-4ac0-a0fa-aec0071cc5f2,android,Samsung Galaxy S21,Android 13,4.5.13,09c6b0c80c0e53ec9b092189,True,2026-02-18 10:37:41,2026-03-08 10:12:06,2026-02-18 10:37:41
7034d174-56f1-409e-8a3a-07d147f4ebce,97d8e116-c9e4-45b6-bfcb-135e3451f8e6,android,Xiaomi Mi 11,Android 11,5.4.6,935b7a29ff56fe4b187ca23b,True,2025-12-21 03:55:39,2026-02-17 10:06:54,2025-12-21 03:55:39
ccbcb6a4-da6e-4efd-b846-b8e19b8ef3ee,3274d333-782c-413a-96e3-ddd53aba2898,android,Xiaomi Mi 11,Android 11,1.3.14,49324abadf698b9acb30d20e,True,2025-10-03 13:14:29,2025-12-05 20:07:05,2025-10-03 13:14:29
65985b95-f449-4fc1-a272-2c250d0d4914,3274d333-782c-413a-96e3-ddd53aba2898,ios,iPhone SE,iOS 14.5,2.4.1,f13ca9336c711231208dd190,True,2024-07-06 22:45:39,2025-11-27 17:02:41,2024-07-06 22:45:39
38d9c9b6-9ff5-4639-a1c9-7db07c0d0161,06014ae3-ad51-4e61-addf-d5dbe99abb95,android,Samsung Galaxy S22,Android 14,1.3.14,cb9c7b71ce2247d7f0ce6564,True,2024-12-18 07:40:29,2025-01-08 18:27:07,2024-12-18 07:40:29
d8e49dfa-2aa6-42d8-844a-c3e94b8e6c29,68468986-40d2-4fdb-830f-24b5acc4c697,android,Huawei P40,Android 14,4.9.10,4073973d91ef1c2fa77c0517,True,2025-07-10 13:42:54,2025-08-10 19:06:01,2025-07-10 13:42:54
fd5410c3-9857-4b77-b6d7-f3912794ab9e,b6a217a4-8685-4e75-9ff7-fc4263e236dd,ios,iPhone 14,iOS 14.5,3.8.5,3388ad3524c405de9785d50a,False,2024-03-22 20:01:03,2025-08-22 13:14:01,2024-03-22 20:01:03
ec7695ef-e14e-4c78-a0d6-68ceadef58d3,d068af8c-b77c-44ba-8ef3-fb397c5eb4a5,android,Samsung Galaxy S21,Android 12,1.8.5,26d78c7fc0af80fb3c3ec07e,False,2025-01-11 19:24:11,2025-09-17 04:32:01,2025-01-11 19:24:11
f873da19-e9c6-43f1-8a9d-98acabcc0d7b,ff8659f4-2bb0-4deb-b58c-b78d5245fcab,ios,iPhone 13,iOS 16.3,1.8.9,4da1855b0b51f604a4e633f9,True,2025-08-04 02:18:41,2025-11-13 21:08:39,2025-08-04 02:18:41
73235d7c-fba3-4e20-bc72-39335135bc8d,ff8659f4-2bb0-4deb-b58c-b78d5245fcab,android,Samsung Galaxy S21,Android 12,4.7.7,e18f67a4a05da002729e068f,True,2025-08-10 20:26:50,2025-11-15 02:59:32,2025-08-10 20:26:50
0b701f9b-8b04-445c-8466-fcd049803931,0f910524-901c-4dd6-bc86-ca4fa95de0c2,web,Safari,Safari 17.1,5.0.1,6275019ba74c1923d14dcffb,True,2026-01-12 10:12:48,2026-01-29 12:27:44,2026-01-12 10:12:48
34f75c32-4665-4363-b241-547bb370eb7e,e93eb8b9-a648-434b-8ab9-2afdb2899fc2,ios,iPhone 12,iOS 17.5,4.7.8,0c5391c1a0cf5cd7130b1056,True,2024-08-27 23:25:43,2025-03-22 01:17:12,2024-08-27 23:25:43
dbf245a1-855c-425b-945f-4f9bf5127053,b3abe8b4-2aec-4484-a8af-44f977ed85a4,android,Xiaomi Mi 11,Android 14,1.8.13,6e751432450366b8d7f9d56f,True,2025-02-19 01:47:46,2025-12-27 20:25:26,2025-02-19 01:47:46
8483ed25-e036-4d33-99b6-9aaece668912,244419cc-853d-41a6-a390-9ab890c99647,web,Safari,Safari 17.1,4.3.13,03548fac30fcb6a0cf7fea00,False,2026-02-11 03:35:29,2026-02-24 02:16:19,2026-02-11 03:35:29
6f474461-d204-4b62-bf40-342a56365597,244419cc-853d-41a6-a390-9ab890c99647,ios,iPhone 14,iOS 17.3,1.3.17,690da872634bf58446c49ffd,True,2025-04-06 13:15:24,2025-07-16 16:41:41,2025-04-06 13:15:24
b9dccca2-d4ae-4859-8d57-e8acfc2b182f,01e1d45b-b263-4760-a24f-7f52b937c2c5,web,Chrome,Chrome 118,5.8.16,465f0209017a99ae242e9aa7,True,2026-01-26 13:11:01,2026-03-08 09:03:24,2026-01-26 13:11:01
f36b3cf5-4292-4792-9b26-758959340a1b,01e1d45b-b263-4760-a24f-7f52b937c2c5,android,Huawei P40,Android 14,1.5.5,2161be0c864da63bd4188642,True,2025-08-20 18:16:16,2025-09-07 09:00:32,2025-08-20 18:16:16
f924dc95-a139-4e9e-a284-e521ae5b6ce8,2d11562f-775f-42d5-bcc8-e9667d54716e,android,OnePlus 9,Android 12,4.2.6,adf5724a1f638bb9e98e17ad,True,2026-02-05 19:32:15,2026-02-27 00:03:23,2026-02-05 19:32:15
b412f944-8850-4860-85d9-c02b42ae4e9b,2d11562f-775f-42d5-bcc8-e9667d54716e,android,OnePlus 9,Android 13,3.4.1,de7f5de87b650ab786c7c2e7,True,2025-03-13 21:01:25,2026-01-26 14:22:05,2025-03-13 21:01:25
e7c851b9-4bf6-46bd-86c3-bc28b9a74f5c,67dfd423-afd5-40aa-be54-1238f8e22f91,android,Xiaomi Mi 11,Android 13,3.3.10,ca0309351f530f177cfdcf27,True,2025-08-22 06:28:05,2025-09-21 15:57:08,2025-08-22 06:28:05
fae42694-3fcf-4b26-b202-02c5109bc46a,67dfd423-afd5-40aa-be54-1238f8e22f91,ios,iPhone 12,iOS 14.2,4.8.9,c65da90a31c35af949b80c0e,True,2025-07-27 15:15:40,2025-11-10 10:48:44,2025-07-27 15:15:40
78fbd817-d460-4fef-a29b-b2be9421f271,32bf99e4-f372-4f46-985b-bf688d7035c9,android,Samsung Galaxy S21,Android 14,3.9.4,8c0b0f82de290e1cfb1bbe32,True,2025-06-10 01:03:43,2025-08-15 08:28:13,2025-06-10 01:03:43
d7550907-737b-4623-ab03-83d08a95235a,32bf99e4-f372-4f46-985b-bf688d7035c9,web,Chrome,Chrome 117,5.3.0,c50da2218b43355b7741dc77,True,2025-07-18 07:22:37,2026-01-23 18:50:28,2025-07-18 07:22:37
d95d4222-1179-425e-bfb4-a599414f2a72,cc56c277-874c-4cab-becb-830fc0731023,android,Xiaomi Mi 11,Android 14,5.2.16,83654d2012f2621c29f9a247,True,2026-02-28 19:12:55,2026-03-04 17:38:10,2026-02-28 19:12:55
0c0ca92d-6e29-4c4d-80c4-bd5f53c09d87,e59a6671-6eb1-4e0b-8a21-cd2c3a28ef3f,android,Xiaomi Mi 11,Android 11,4.8.17,1cb1baa3488f031b7380e023,True,2026-02-02 11:50:10,2026-02-20 15:07:18,2026-02-02 11:50:10
f74a1a09-d189-4bc7-9e12-ef1e4223b699,e59a6671-6eb1-4e0b-8a21-cd2c3a28ef3f,ios,iPhone 12,iOS 16.2,3.3.8,a0aa2f3e0f7d2ee0d03ede75,True,2025-12-14 15:25:37,2026-02-10 03:41:49,2025-12-14 15:25:37
b48db5b4-51ce-4f51-a05e-37bee1912bcb,e59a6671-6eb1-4e0b-8a21-cd2c3a28ef3f,web,Firefox,Firefox 110,2.0.18,65cb2a8a3a57644ed33d0026,True,2026-01-15 00:15:51,2026-02-01 12:23:45,2026-01-15 00:15:51
6355f6e3-edac-49ed-a937-7f91bd10ea48,561007ef-214b-4322-adef-3058727dbc6a,ios,iPhone 13,iOS 16.4,5.0.0,877d92f95c1124cf92133671,True,2026-03-03 12:15:48,2026-03-09 02:10:12,2026-03-03 12:15:48
7d5c7b45-9c3e-451f-9357-1455e7df9bb3,561007ef-214b-4322-adef-3058727dbc6a,ios,iPhone 15,iOS 16.3,1.4.9,c43dce34d3678d6530fe0a8d,True,2026-01-17 19:48:50,2026-01-24 12:07:20,2026-01-17 19:48:50
145fb4f1-d946-4276-a1e2-efb67cda17a2,f27caab2-a4f4-4887-b1fb-7064c2110fd5,android,Xiaomi Mi 11,Android 13,4.3.13,f109496315cbf11b75e46002,True,2025-11-25 21:02:41,2026-01-03 05:36:54,2025-11-25 21:02:41
b1de4d2b-454f-42bf-8325-53a0e061a4db,f27caab2-a4f4-4887-b1fb-7064c2110fd5,android,Samsung Galaxy S21,Android 13,3.1.20,d9b6589aae1628553167c580,True,2025-03-18 18:32:59,2025-12-03 19:44:17,2025-03-18 18:32:59
f0d15163-b127-48f2-9617-09e472674cb3,f27caab2-a4f4-4887-b1fb-7064c2110fd5,ios,iPhone 14,iOS 14.5,2.7.18,5814899305091d6543f4a86e,True,2024-10-28 05:03:08,2024-11-21 10:55:22,2024-10-28 05:03:08
0ce6f246-09f1-4da7-b275-a1d8d3a00e51,580b4ea1-9aca-438d-b0e8-52bfdfb9b19b,android,OnePlus 9,Android 14,3.4.18,86b5f3e8bc75d73e065a0bec,True,2024-01-23 02:07:13,2024-03-12 00:36:56,2024-01-23 02:07:13
2203982d-4733-4748-a9dd-6d2439055ed1,dfb89f42-7581-459e-8b58-f343b6366576,android,Samsung Galaxy S21,Android 11,4.2.5,c5a3aeca90ebba7f4a891f5b,True,2024-12-29 13:15:08,2025-08-07 12:47:44,2024-12-29 13:15:08
c67fcb68-b779-41b1-9f76-80c9a56f5aec,dfb89f42-7581-459e-8b58-f343b6366576,ios,iPhone 12,iOS 17.5,4.7.17,41be2cc22ffd347cfff81b51,True,2025-03-05 18:11:48,2025-04-18 07:45:15,2025-03-05 18:11:48
85506680-a9ed-43f6-99e1-e19d47391e4f,ea58568d-5587-46f1-893e-3f9b2269497c,ios,iPhone 13,iOS 15.0,3.5.8,a76db5fcc9ecb4a3dd982a13,False,2024-12-09 13:06:56,2025-10-12 03:58:47,2024-12-09 13:06:56
352fca4b-006b-4fee-8dc8-886ef42139e4,ea58568d-5587-46f1-893e-3f9b2269497c,android,OnePlus 9,Android 13,4.9.18,1150f74e7dbbaaf4f13afc66,True,2024-06-05 01:57:17,2024-10-19 21:26:54,2024-06-05 01:57:17
cec161ed-5f2a-4a51-88a9-c0a23d5f9e5f,ea58568d-5587-46f1-893e-3f9b2269497c,android,Samsung Galaxy S22,Android 13,1.5.15,9d5e24607bcd153d98ea163a,True,2024-07-11 13:11:24,2025-02-21 16:14:24,2024-07-11 13:11:24
ff5feee0-685d-46b0-bde5-8c54d3ef293d,82f39448-da30-4474-9f34-2ab0fc308e58,android,Samsung Galaxy S21,Android 14,4.6.1,1bfeb0bce121924117ad3ee6,False,2025-01-20 03:37:47,2025-08-09 07:12:50,2025-01-20 03:37:47
9bca0c38-94c9-4901-842d-8e853c260fab,82f39448-da30-4474-9f34-2ab0fc308e58,android,Samsung Galaxy S21,Android 14,3.3.12,b0644a92a5a6b0dd1b816a2e,True,2025-06-04 20:57:51,2026-02-23 06:59:53,2025-06-04 20:57:51
d2c9df95-6aa1-4319-80a5-d4a6d72cf2a4,61629944-7129-43c2-95c6-29f8d40a30c9,android,OnePlus 9,Android 11,1.5.10,afab2fa1974448e90ce1f23b,True,2025-07-15 17:34:24,2026-01-18 22:52:40,2025-07-15 17:34:24
d385f896-0af7-4624-8950-11b169ceacf7,61629944-7129-43c2-95c6-29f8d40a30c9,ios,iPhone 12,iOS 14.4,2.9.15,89267e4632b86dcdd28ac301,True,2023-05-28 16:00:32,2024-06-22 15:57:41,2023-05-28 16:00:32
18f1ff75-05ec-465e-a551-e71b3628240b,61629944-7129-43c2-95c6-29f8d40a30c9,android,Samsung Galaxy S21,Android 13,4.8.2,e1ac24bbfd3963667583a4e2,True,2024-10-28 11:29:22,2025-09-16 07:04:44,2024-10-28 11:29:22
d5d04941-2e33-44c7-beb4-badc6162fcda,cd04d143-6b44-493d-8421-f6cb0537eb76,android,Samsung Galaxy S22,Android 14,4.1.13,be48cd23a84a132a1d01f0d4,True,2025-12-12 07:27:14,2026-01-14 01:13:30,2025-12-12 07:27:14
790ae891-c11c-40ad-a04f-694fd77c4b76,943884f7-1e96-4372-9079-59f50577d34e,android,Xiaomi Mi 11,Android 14,5.9.15,24f0e5bb8f3f8e67a825441c,True,2025-12-05 20:56:15,2026-02-19 17:12:09,2025-12-05 20:56:15
65037c49-4884-455d-8a2d-eb5c6e6924ea,943884f7-1e96-4372-9079-59f50577d34e,android,Samsung Galaxy S21,Android 14,1.1.0,622862cda9e3be73d366331d,True,2026-01-12 13:00:04,2026-01-16 22:52:42,2026-01-12 13:00:04
c69af04d-a752-4fd0-baa2-b1ec135c67ed,a2cbba87-14f6-4db2-b416-f55cd144f06e,android,Samsung Galaxy S22,Android 12,5.4.14,ab72434e8a1b9765ff197a16,True,2026-02-18 09:25:52,2026-02-20 02:40:47,2026-02-18 09:25:52
6ee8756e-ccfd-4527-b964-83893ec60490,a2cbba87-14f6-4db2-b416-f55cd144f06e,android,Samsung Galaxy S22,Android 14,3.5.20,f381392649da2bc570247e65,True,2025-05-21 19:37:55,2025-10-20 07:05:39,2025-05-21 19:37:55
1ed218be-101a-496c-8589-a5346ab5727b,db80ed3a-905d-43ce-8c17-6cd1869d78f8,android,Xiaomi Mi 11,Android 12,2.9.8,6ef72e8e91bd8a18c98e17da,True,2024-05-10 02:53:41,2025-12-05 07:31:43,2024-05-10 02:53:41
adaa22ba-6ab7-4082-a8c3-255c5f49783f,c3ae82db-050d-4757-bfd8-673ae897b1a4,web,Chrome,Chrome 111,3.1.19,bb9c360e191a1b729ff49508,True,2025-03-05 16:19:51,2025-08-26 09:58:14,2025-03-05 16:19:51
39970f68-79f0-4cc1-8559-0b995148aab8,c984da1e-8b2c-4224-916f-67ef9941c292,ios,iPhone SE,iOS 14.0,5.4.4,d711787bea307cc56862b57d,True,2026-03-06 19:11:04,2026-03-06 21:06:11,2026-03-06 19:11:04
7404da1e-8c70-40a2-9535-6f056c9a6556,7be35f6a-67ae-49c7-a2be-fafedee44cde,ios,iPhone 12,iOS 17.4,5.6.10,8aed262c97621e9b24dbcfca,True,2025-08-12 08:26:59,2025-09-24 08:01:31,2025-08-12 08:26:59
2f4ef16d-ccbf-4477-9c10-31a6e223b0c8,7be35f6a-67ae-49c7-a2be-fafedee44cde,android,Xiaomi Mi 11,Android 14,2.8.6,c3223c21f7d6056936b50a01,True,2025-09-04 12:17:05,2025-09-19 15:50:45,2025-09-04 12:17:05
4a427f08-3b87-4a04-bc88-9364c2d9213c,69d0af8f-5a5b-47e0-8d29-5cca3d03d074,web,Chrome,Chrome 124,4.5.8,60c881fe66ef46348d743eca,True,2026-01-28 23:56:45,2026-03-08 23:09:19,2026-01-28 23:56:45
da8ef794-ba65-4117-a4ef-4707778a2dea,06370d16-fbbc-4171-9cfd-ec72beda42eb,ios,iPhone 13,iOS 14.0,5.7.12,99b6a0e8ee668080cd518090,True,2026-02-25 12:04:12,2026-03-07 21:05:37,2026-02-25 12:04:12
bd079952-296e-46d2-aa81-b5ee87cfa5b0,06370d16-fbbc-4171-9cfd-ec72beda42eb,ios,iPhone 12,iOS 17.1,5.1.0,2c5ad5faa7b3d04498202cc9,True,2026-02-21 21:03:40,2026-03-01 03:05:21,2026-02-21 21:03:40
6c37bd30-bca7-4da8-adf6-e9b3dbe34d8b,d41b98e3-84b0-40c0-b318-ed837a9b2460,android,Xiaomi Mi 11,Android 11,5.0.16,af758889694b287fa080732d,True,2025-07-18 23:36:19,2025-09-07 18:08:15,2025-07-18 23:36:19
c6f2f052-8f8d-4a6d-a14b-0cc10c0d7b28,1298588e-0cf8-46dd-b1a6-4832d550c172,android,Samsung Galaxy S22,Android 11,5.5.6,281612df177521758400e633,True,2026-02-05 07:36:47,2026-02-12 01:48:08,2026-02-05 07:36:47
3d18b9a3-559f-4641-b562-21d215bc6447,be55a1bd-3a54-4d50-8859-0bc6771a581d,android,Samsung Galaxy S22,Android 11,1.4.1,51cb3697701824b9938dcca3,True,2025-03-09 03:15:39,2025-07-16 04:15:05,2025-03-09 03:15:39
4628fc53-a51e-4ad3-b78c-30d9539607a9,d1bd76f5-0fc7-4772-a5e0-ac8f872f2b34,android,Samsung Galaxy S21,Android 13,5.8.5,937a16c6efa67bfb4751d4d2,True,2024-04-17 02:59:23,2025-04-21 08:36:23,2024-04-17 02:59:23
6a495b8d-8c15-4d6b-bcb1-5c566a8958c1,d1bd76f5-0fc7-4772-a5e0-ac8f872f2b34,web,Edge,Edge 124,4.2.13,e88efbc56c23614241c529bc,False,2024-09-08 11:31:13,2024-10-26 23:14:21,2024-09-08 11:31:13
253ceb9a-4b16-4727-bf7b-2a8edcd2d162,d1bd76f5-0fc7-4772-a5e0-ac8f872f2b34,android,Samsung Galaxy S22,Android 12,3.8.2,ea2f2b79ff79d1e9fcdac25f,True,2026-02-18 02:17:15,2026-02-20 03:07:42,2026-02-18 02:17:15
d62c6bdf-16d8-4a95-a488-b5c32de48847,8c1030ad-30bc-4e5a-809d-6fe4bbad3728,android,Samsung Galaxy S21,Android 11,4.7.7,b62d1c97755f3498247f70b1,False,2025-12-02 00:10:38,2025-12-08 10:19:25,2025-12-02 00:10:38
3afd7521-1dc4-4c8a-be1d-b652d877bfa5,8c1030ad-30bc-4e5a-809d-6fe4bbad3728,web,Edge,Edge 120,2.5.16,9c2d9a5c0a3e513eddc3c543,True,2025-12-06 22:31:44,2025-12-26 20:19:05,2025-12-06 22:31:44
0011c41f-4bdb-4383-9ae6-9038949f331e,bfd6942b-124a-442a-876a-4d5cf322bcb9,android,Samsung Galaxy S21,Android 13,4.0.5,59286271adec853908702862,False,2025-10-16 16:44:42,2026-03-03 03:03:12,2025-10-16 16:44:42
11c92eaf-c53d-4dc1-af7a-89c928c0ea19,bfd6942b-124a-442a-876a-4d5cf322bcb9,android,Huawei P40,Android 14,4.8.19,05a7b726aa9108fa8ae68b21,True,2025-11-03 22:18:49,2026-03-04 03:36:48,2025-11-03 22:18:49
154b46cf-8a20-4015-9fbd-9368504c2b8a,bfd6942b-124a-442a-876a-4d5cf322bcb9,android,Xiaomi Mi 11,Android 13,4.8.13,1ad65bcd4f91ae9ebc3c9af1,True,2026-02-15 22:53:31,2026-02-20 17:36:39,2026-02-15 22:53:31
08464039-133a-414b-802b-a5bca7234444,936fba4f-a6ae-4524-a11c-23719d085885,android,Samsung Galaxy S22,Android 11,1.1.19,9aaca4f01d4228b3f8331590,True,2025-10-18 18:06:36,2025-10-22 19:59:04,2025-10-18 18:06:36
f11aafc6-2da6-4279-9b07-ba4bcd433b96,936fba4f-a6ae-4524-a11c-23719d085885,android,Xiaomi Mi 11,Android 13,1.9.12,88672a92cd9ec9f3a9f2b9a8,True,2025-12-22 14:58:13,2026-01-19 18:44:48,2025-12-22 14:58:13
ebcca52d-e63a-46a3-8fcf-a3f11f583f90,936fba4f-a6ae-4524-a11c-23719d085885,android,Samsung Galaxy S22,Android 14,4.8.12,8839f8e3687b876a5960abe0,True,2025-10-07 17:31:24,2025-12-18 19:18:52,2025-10-07 17:31:24
b00e2b1e-6e2a-4060-bd0b-818865c3dd04,bd51e460-3bed-474a-8662-25b642fad674,android,OnePlus 9,Android 11,1.6.12,3a84045138245e92fa719aee,False,2024-07-15 21:59:43,2025-02-05 16:45:15,2024-07-15 21:59:43
861ff93f-2554-422f-a843-ff0e348b8065,bd51e460-3bed-474a-8662-25b642fad674,android,OnePlus 9,Android 14,5.5.16,18a8e519b4f0652c4c90094c,True,2024-04-24 08:17:05,2024-11-09 17:35:07,2024-04-24 08:17:05
b4437185-cfde-4d35-86b1-1dbcfa8d8ff5,47e24826-6cf2-4318-97f3-c140dbba3da6,android,Samsung Galaxy S22,Android 14,4.0.8,c7b6fdf2c82cfdfd59dac6e8,True,2024-03-01 01:57:25,2025-04-05 16:59:38,2024-03-01 01:57:25
ea48e8fd-3273-4940-b318-a90dc60dd24a,47e24826-6cf2-4318-97f3-c140dbba3da6,ios,iPhone 14,iOS 14.2,2.4.4,978d4197d07680e49f8646a9,True,2025-07-20 10:05:16,2026-02-18 14:45:38,2025-07-20 10:05:16
29006e1c-563c-4d92-841e-c438e5e59e44,47e24826-6cf2-4318-97f3-c140dbba3da6,android,Samsung Galaxy S21,Android 14,4.0.13,7665efda1f4c438185502966,False,2025-09-30 08:49:54,2025-11-19 19:59:02,2025-09-30 08:49:54
97224f93-9b4e-48a3-b2bf-2ab0123cf3e7,c80bedb8-ee54-48ff-959b-c7fec17729d3,android,Samsung Galaxy S21,Android 14,4.2.3,2d26ae841df51d34042a31c7,True,2025-07-13 15:58:45,2025-09-24 05:20:24,2025-07-13 15:58:45
4e74f0c7-8389-4d93-b4de-2485db674942,c80bedb8-ee54-48ff-959b-c7fec17729d3,android,Samsung Galaxy S21,Android 12,2.8.11,2ece6cd8f29c117554d51362,False,2024-07-25 16:12:41,2026-01-13 06:06:27,2024-07-25 16:12:41
d5c246ba-2ee0-483d-8653-4466b13589a2,0fe2cc4e-ff01-4aa6-9853-7f99f2b29b8e,android,OnePlus 9,Android 13,5.7.20,9933cb7e5c77a9248bd6294e,True,2025-08-28 15:48:54,2025-12-05 22:29:06,2025-08-28 15:48:54
359b39e0-8462-4f26-8223-64474f1f6c77,0fe2cc4e-ff01-4aa6-9853-7f99f2b29b8e,android,Samsung Galaxy S22,Android 13,4.7.13,f64240f72cf446b8d6b7188d,True,2025-06-29 13:40:58,2025-07-04 01:16:46,2025-06-29 13:40:58
ed1e7516-9436-48ef-b6a5-67f1cb595fcf,718b7666-deef-4f06-8d2f-373f6f378ae2,android,Xiaomi Mi 11,Android 11,5.3.15,cabfcc204d2a81369f125980,True,2024-02-17 00:29:34,2025-09-11 21:02:46,2024-02-17 00:29:34
79a8d397-5396-4fbc-8c83-fbd5acdbdc5e,dce1c769-be4e-4426-a5d5-3d43df4a050f,ios,iPhone 15,iOS 15.5,5.2.6,778f1cc0191c1c6f2b9f9d0f,True,2025-07-10 00:04:02,2025-07-27 01:59:43,2025-07-10 00:04:02
cb118ae7-9f59-4935-b1b6-d5aad8bf79ad,bd04bb5b-e3e0-410b-985a-52004cba5f05,android,Samsung Galaxy S21,Android 12,5.4.3,4e87d241fc2379234d434cb2,True,2025-11-27 22:46:03,2025-12-20 21:37:25,2025-11-27 22:46:03
78572327-07ad-46bb-8695-2d8f87129689,4adbd19b-ea6c-4895-a4bf-8887c4b84909,web,Firefox,Firefox 118,5.0.12,929fdfb33a41616af9c27f33,True,2024-09-18 07:28:19,2024-11-26 07:26:40,2024-09-18 07:28:19
f8c9bb5c-6e3e-4500-b7af-43cd698eba4d,4adbd19b-ea6c-4895-a4bf-8887c4b84909,ios,iPhone 12,iOS 14.2,1.3.4,e03a2b729972669476ca0748,False,2024-11-20 04:11:35,2025-03-31 04:46:18,2024-11-20 04:11:35
f7c67c0d-9412-485b-abc6-7cafbf9f9137,4adbd19b-ea6c-4895-a4bf-8887c4b84909,ios,iPhone 13,iOS 14.4,5.5.5,1e729acd7d6efe3209926898,True,2025-02-06 02:25:54,2025-04-15 14:12:02,2025-02-06 02:25:54
f8727df8-41ed-4827-a5bf-1ec6db8d054d,e5b4d922-e746-4550-9985-a3920b5cd446,ios,iPhone 15,iOS 15.3,4.7.2,9e2eba4afbfe0ab1cd299f5e,True,2025-09-24 08:35:30,2026-01-03 03:20:46,2025-09-24 08:35:30
ec05ba1b-329f-4536-ae62-0b915e1c7716,5aebc2e2-d0ac-4737-bc83-f6c8101476a6,ios,iPhone 13,iOS 14.3,2.1.3,57041a7849d4a709a4e4bf1b,True,2024-05-25 23:57:55,2025-01-09 03:39:34,2024-05-25 23:57:55
fc08e3e8-0e32-42ff-814e-3cfc36029af5,235fbe53-1c0a-4b37-8d6c-81afed92394a,ios,iPhone 15,iOS 17.3,3.6.2,0db8151aeb9add8b4416569a,False,2024-04-07 07:24:12,2026-02-23 05:19:01,2024-04-07 07:24:12
a98b0c8a-5df9-4a55-bc65-b64091be5605,a0651c3c-9e45-46fb-87ad-94f80b71a2e2,ios,iPhone 14,iOS 16.5,4.7.15,72aadf55fca3744d4dc49ca3,False,2026-01-13 08:43:30,2026-01-30 19:52:56,2026-01-13 08:43:30
c8d03c5e-3fc3-4c18-be27-dafbe9b9c5bc,893e2469-0093-4bdd-b5aa-97a5ee1da21c,android,Huawei P40,Android 14,2.4.3,95d087b18f48f94c5350f0d5,True,2025-06-11 06:05:25,2025-09-12 21:19:36,2025-06-11 06:05:25
1cc2bd33-0f58-4633-bb13-b3fa89332be6,823703f2-15d8-4725-a5bf-70c135204b4b,android,OnePlus 9,Android 14,2.1.14,b01d016d600de5ac807f96a7,True,2024-03-31 08:38:15,2024-10-11 07:48:27,2024-03-31 08:38:15
2ed284be-994c-457f-abd5-0099a73c0fc2,823703f2-15d8-4725-a5bf-70c135204b4b,ios,iPhone 14,iOS 17.4,4.5.9,38abf0d48bd27bbd7c79e86d,True,2025-08-05 05:05:15,2025-12-30 20:13:57,2025-08-05 05:05:15
a2354bd5-4ce3-465f-bd18-2edf606752d4,823703f2-15d8-4725-a5bf-70c135204b4b,android,Xiaomi Mi 11,Android 14,1.7.19,400ee52481ded5ab363bdd9e,True,2023-09-12 04:36:36,2025-09-02 20:15:10,2023-09-12 04:36:36
eb349bf2-a888-471c-b1e4-d99b0cef921c,285a21c5-ea75-43f4-83c2-07ede92587e9,ios,iPhone 12,iOS 16.1,4.8.10,a5db9243635049ede9ada905,True,2024-01-09 06:43:48,2025-11-26 15:29:44,2024-01-09 06:43:48
b82c2622-7bec-4d9c-9e46-21b1af60f494,c80bb5be-178f-4117-9604-1bc846ed7423,android,OnePlus 9,Android 14,3.4.9,c5f4aafe18df438de69f6042,False,2026-03-06 05:26:16,2026-03-06 13:27:56,2026-03-06 05:26:16
d06d6dec-16d1-49fb-83ad-d08c51ab8123,c80bb5be-178f-4117-9604-1bc846ed7423,ios,iPhone 14,iOS 16.0,5.6.6,b5669305f780b4b2d26e1b58,True,2026-03-07 19:44:49,2026-03-09 06:38:41,2026-03-07 19:44:49
917bf913-6f53-4c37-bdbf-c8bf604dde82,fc103bae-7e3e-4a16-a9bf-79539d63ed8c,android,Samsung Galaxy S21,Android 12,2.5.10,3c08e5b03d0d89a26d256a29,True,2026-03-01 02:54:09,2026-03-04 15:16:40,2026-03-01 02:54:09
308bea17-4742-40b2-926f-f30df6db56a5,fc103bae-7e3e-4a16-a9bf-79539d63ed8c,android,Xiaomi Mi 11,Android 13,1.6.10,5050dac8c50c283248ea6dca,True,2025-10-31 12:19:41,2026-01-31 23:32:53,2025-10-31 12:19:41
100e095d-6d22-4bed-9a0f-5a45a49b375d,fc103bae-7e3e-4a16-a9bf-79539d63ed8c,android,OnePlus 9,Android 12,3.9.10,5c6c2a4786880bb5bab0d461,True,2025-06-01 00:52:36,2026-01-04 15:46:56,2025-06-01 00:52:36
9709591c-678c-4817-8502-73670055ce36,4e056087-a393-401b-b7f5-e580812e8469,ios,iPhone 15,iOS 17.0,3.2.15,ab5658fbc3313918f3655d6c,True,2024-09-18 09:48:28,2025-12-18 12:01:57,2024-09-18 09:48:28
efa70b98-1a8f-4bf6-ba58-10491563793a,b2b5980d-5e6e-46d8-8762-052298765b29,web,Safari,Safari 16.3,4.7.12,9ca227eb2dc5d9d7ea897ef9,True,2026-01-29 05:51:31,2026-03-06 10:54:20,2026-01-29 05:51:31
7c1df225-2e7c-462d-b70d-17f49c7461b7,b2b5980d-5e6e-46d8-8762-052298765b29,android,OnePlus 9,Android 12,3.5.15,c1c43d37fd743768f97adc1c,True,2026-02-13 06:02:58,2026-02-28 18:12:37,2026-02-13 06:02:58
599da142-66e4-4562-8f73-5279821dc8c5,c9546b6f-60ea-42e8-aa18-1457d352df18,ios,iPhone 13,iOS 15.5,4.7.19,9aefbf885b474b82ace20213,True,2026-02-25 10:15:45,2026-03-02 17:28:25,2026-02-25 10:15:45
f8805d3f-7e14-4b79-af26-b06695c30329,c9546b6f-60ea-42e8-aa18-1457d352df18,android,Xiaomi Mi 11,Android 14,4.8.3,29651b7e15da7ac056288de0,True,2026-01-31 22:04:56,2026-02-23 21:23:22,2026-01-31 22:04:56
777bd558-19e2-4d21-a6f4-709b8e211f46,c9546b6f-60ea-42e8-aa18-1457d352df18,android,Samsung Galaxy S22,Android 14,3.5.11,88d82138cf009656d276b7cb,True,2025-11-12 15:09:22,2026-02-13 10:03:55,2025-11-12 15:09:22
0c7567e6-a1c4-40b1-8f81-e511cd57206e,5e668b73-cb25-410c-96fe-4637bc2d3952,android,Samsung Galaxy S22,Android 12,4.3.8,e200b6371857291ee2a88d76,False,2024-06-29 00:59:34,2024-11-18 18:21:09,2024-06-29 00:59:34
d25b6a57-bb79-4d08-b5b0-3d9a787b9ebf,5e668b73-cb25-410c-96fe-4637bc2d3952,android,Samsung Galaxy S22,Android 13,4.4.13,ef1f2094518be365fbdedce8,True,2025-03-18 09:42:33,2026-02-25 22:00:30,2025-03-18 09:42:33
6adaacec-d99b-46a1-9734-b0f5d28b3f58,5e668b73-cb25-410c-96fe-4637bc2d3952,ios,iPhone 12,iOS 17.1,1.1.5,cd46dd72edae90c0522a215d,True,2025-06-06 01:36:08,2025-08-31 05:06:08,2025-06-06 01:36:08
96e2f91b-c0b1-4157-8d65-57566ae71369,a173fed2-13d3-4c32-a389-c41fcc2ec8b3,ios,iPhone 15,iOS 14.4,4.8.10,559e869eccd512c03c7f8049,True,2026-03-02 05:43:19,2026-03-04 09:48:59,2026-03-02 05:43:19
57df1701-7106-4cf7-8a0a-5d1c97e0b4b9,0ca78d13-5382-40da-874d-b49724bcb5d3,android,OnePlus 9,Android 11,3.5.5,cc0089b61ae223c2f63342e0,False,2025-10-08 10:22:34,2026-01-27 06:11:14,2025-10-08 10:22:34
8cc8eccd-17c5-46af-8394-2d8b1bc9d3e2,0ca78d13-5382-40da-874d-b49724bcb5d3,android,Samsung Galaxy S21,Android 11,5.6.12,264cffb413da4660db3b665b,True,2025-08-17 18:32:49,2025-11-01 05:44:22,2025-08-17 18:32:49
6c566c51-bdac-4e12-be52-4de8325ad560,01afc3dc-695f-4190-b7df-38dbb6e5b423,android,OnePlus 9,Android 13,2.2.16,fa93616bbb4cfe5548c59b80,False,2026-02-04 06:33:10,2026-03-06 12:35:38,2026-02-04 06:33:10
326bcba0-2c04-402b-bf10-032fe7edde4e,01afc3dc-695f-4190-b7df-38dbb6e5b423,ios,iPhone 15,iOS 15.1,5.5.16,159ecc19bd6e2d884ddde22f,False,2025-02-06 17:46:56,2025-03-20 13:13:44,2025-02-06 17:46:56
74ecaca8-0ac9-4e33-8c63-4024302c5c62,b7824393-7e0a-4089-b1e1-e7db53a7d0ef,ios,iPhone 12,iOS 16.3,1.9.7,a775dd09254b07656fe89abf,True,2025-06-25 06:22:29,2025-10-07 08:07:45,2025-06-25 06:22:29
433ae358-cc76-4d33-a4a6-e3485bca94d9,b7824393-7e0a-4089-b1e1-e7db53a7d0ef,android,Xiaomi Mi 11,Android 12,5.9.5,1a4c3cfd3d96112e3dae0170,True,2025-03-27 02:33:23,2026-02-25 00:14:44,2025-03-27 02:33:23
bb4bb515-9ab5-4e2c-9aff-7241096a177a,b7824393-7e0a-4089-b1e1-e7db53a7d0ef,android,Samsung Galaxy S21,Android 14,5.9.20,3da32438777cb7ec95761bc4,True,2024-09-30 18:45:11,2025-09-10 19:43:25,2024-09-30 18:45:11
67e1a5ce-2a00-4ded-abef-a8333e906062,4ded053a-4825-457d-8228-37a3cc0a5e32,android,OnePlus 9,Android 14,1.3.4,5aa5e360ac1477505397511b,True,2026-02-14 00:51:31,2026-02-18 19:07:14,2026-02-14 00:51:31
315ca55c-24e4-41e9-9e87-e9a2d0ac9ff7,4ded053a-4825-457d-8228-37a3cc0a5e32,ios,iPhone 14,iOS 14.0,1.4.0,9fcf24c45be863508a70861d,False,2025-11-04 13:21:43,2026-02-20 21:04:05,2025-11-04 13:21:43
7d184b9a-4f4f-4340-9ec7-85e56563f577,4ded053a-4825-457d-8228-37a3cc0a5e32,android,Xiaomi Mi 11,Android 14,2.4.0,6e47eef9059dfafecfb8a3d6,True,2026-01-10 10:15:39,2026-01-16 22:49:04,2026-01-10 10:15:39
e822e7c6-9de4-41d2-a890-f1ee2b66d4ac,a92c904a-53cf-42b9-b9e6-333c7a0ce57b,web,Firefox,Firefox 123,1.3.19,6e8a9ae9d54a74e3b318fc28,True,2025-11-18 09:08:59,2025-12-07 23:22:45,2025-11-18 09:08:59
fa433bdb-eb16-4b32-a4d7-92d92f4c90e9,a92c904a-53cf-42b9-b9e6-333c7a0ce57b,web,Chrome,Chrome 110,2.8.4,01e6c9ba5fd5e467fab26ab1,True,2025-12-11 12:06:40,2026-01-18 08:04:56,2025-12-11 12:06:40
49d902f2-153e-44f0-9215-790a544e4687,3f8842fa-0103-41c1-accc-e64939acd315,android,Samsung Galaxy S21,Android 12,4.5.13,7b87bd7da984c5b9a937bdbe,True,2025-05-20 07:11:11,2025-12-28 00:39:18,2025-05-20 07:11:11
42304b92-5621-4ca5-a5cb-1b455591a43a,3f8842fa-0103-41c1-accc-e64939acd315,android,Samsung Galaxy S22,Android 13,4.6.0,e76b0887f654c7468e61d479,True,2025-12-21 11:56:43,2026-01-06 08:10:54,2025-12-21 11:56:43
431562ef-57eb-4b32-847f-1ff6d5e3fa38,bfbdf455-5406-4484-9e20-cd0779075b30,android,Huawei P40,Android 14,4.7.17,0017601f5cd3fa1367847478,True,2025-06-03 11:57:26,2025-11-14 18:59:31,2025-06-03 11:57:26
2e6a0cf3-cede-4405-9f21-db1e31543549,bfbdf455-5406-4484-9e20-cd0779075b30,ios,iPhone SE,iOS 15.2,1.5.15,d3f523faed00ee9e3b6f9ca5,True,2026-02-07 03:41:10,2026-02-16 19:21:12,2026-02-07 03:41:10
f52ccc42-a947-460c-a96e-c8725349257c,bfbdf455-5406-4484-9e20-cd0779075b30,ios,iPhone 14,iOS 15.4,2.7.5,cc8d65164642191bf9070015,True,2025-09-23 03:00:40,2026-02-11 13:13:52,2025-09-23 03:00:40
6f6ca212-0cbd-470e-a7df-cead0aef83b7,619b8758-4dc1-4d60-aa5c-1ef1696f594f,android,Samsung Galaxy S22,Android 14,2.1.5,fc2be070e38fa90a40c02e39,True,2026-03-07 19:02:49,2026-03-08 00:40:28,2026-03-07 19:02:49
456b9a9a-eb5b-41b0-b090-f31fc707596e,762776de-8dc2-46e9-9228-955caa0ab27e,android,Xiaomi Mi 11,Android 14,4.9.4,135b487bf7db15eda2230477,True,2026-01-25 23:01:20,2026-02-23 04:00:14,2026-01-25 23:01:20
ece0d267-e7e6-4690-afd6-606076112b4b,d91a1009-f340-45f2-addc-9e70617129b4,android,Samsung Galaxy S21,Android 13,2.1.14,728464489af306b4596a14b8,True,2025-04-06 01:29:02,2026-03-01 02:04:07,2025-04-06 01:29:02
7fc75638-93a6-46b1-83ef-6da7c7e98c6b,b3a4e43e-aec5-491a-900b-ac6d429beec2,ios,iPhone 15,iOS 14.0,2.1.2,bb3e000ae17b810edb3196e1,False,2025-12-22 16:17:29,2026-01-23 21:51:35,2025-12-22 16:17:29
30bf2505-c42e-4376-b884-7211b6a58a8c,b3a4e43e-aec5-491a-900b-ac6d429beec2,ios,iPhone SE,iOS 16.0,3.8.7,5e3cc15539c6c20968142b6a,True,2025-11-06 01:26:36,2025-12-18 21:22:03,2025-11-06 01:26:36
0fdefb9c-6ea8-496a-915c-09c172343bb5,15583612-8c11-43f2-a82d-6f1483fcbb34,android,Xiaomi Mi 11,Android 11,3.6.14,db30cccdb3f44e86b0b4c56c,True,2026-02-17 18:38:11,2026-03-07 07:54:11,2026-02-17 18:38:11
cea23aeb-6d33-4dc9-bd6a-84d39a1521c7,15583612-8c11-43f2-a82d-6f1483fcbb34,android,OnePlus 9,Android 14,5.6.19,75ee7de9c5428c319cbb9e8a,True,2026-02-17 22:27:57,2026-03-01 02:03:03,2026-02-17 22:27:57
35403e5d-eb50-4984-97f6-155731cb67a0,867be804-0664-46ea-ba90-02917a15d73e,web,Chrome,Chrome 110,3.6.5,47a4fbc715133f63d3a927dd,True,2023-10-14 11:05:11,2025-12-25 17:00:48,2023-10-14 11:05:11
3ccb4038-b202-401d-994f-33e961ca17ed,867be804-0664-46ea-ba90-02917a15d73e,android,OnePlus 9,Android 12,4.5.4,c2671da1f64be5e81f2d339d,True,2024-06-28 23:53:41,2026-01-27 02:35:57,2024-06-28 23:53:41
25a295b6-f816-47b7-ac76-4e969de01636,867be804-0664-46ea-ba90-02917a15d73e,web,Safari,Safari 16.5,4.7.2,f88c58213c6ae1d3bd07990d,False,2025-11-30 11:15:25,2025-12-13 20:13:46,2025-11-30 11:15:25
422fc242-8ec1-4a61-aaf9-d6768a85198e,eab10ccd-0907-49c9-bc30-d6140622a04a,android,Xiaomi Mi 11,Android 13,5.8.11,9574f6ac545c830c04aa4f78,True,2025-12-02 09:50:29,2026-02-24 02:09:54,2025-12-02 09:50:29
c4475497-a5d8-466f-b857-f7de427a4bca,49e84003-3835-4377-9ab8-cee451ddd9f1,ios,iPhone 15,iOS 14.1,1.4.16,9a99d6be5e3221ac552b349b,True,2024-03-04 23:50:49,2025-01-11 03:03:55,2024-03-04 23:50:49
ec6fdc7f-3bdc-4b4a-a920-242aff736d20,fba1b0fc-25a5-4e5c-b0d2-ec05f35467a1,ios,iPhone 12,iOS 16.1,1.8.15,6e5b84b6f1e89042dd0b0f6f,False,2026-01-05 13:39:01,2026-02-11 02:40:59,2026-01-05 13:39:01
eb6494de-b850-41f5-a203-75781a8dacbf,4cefece8-dcec-4e3b-b429-160084feefaa,android,Huawei P40,Android 11,5.0.3,422cc5bea9f1fb346ea6bf91,True,2025-06-06 19:04:45,2026-01-08 03:02:16,2025-06-06 19:04:45
5347c48c-27d7-4aa0-b30b-59dc589bc2b5,a07b1c47-6f69-462f-be1d-1cd6b4e99e1f,web,Firefox,Firefox 118,2.7.12,e4cc51f73b1d082176ea3224,True,2025-11-09 12:58:08,2025-12-20 07:50:13,2025-11-09 12:58:08
334dea08-d30f-42da-be6c-2f6d114680b1,a07b1c47-6f69-462f-be1d-1cd6b4e99e1f,android,OnePlus 9,Android 12,4.7.8,0029df82a8a159a7979180bc,True,2025-06-23 01:00:04,2025-08-27 23:17:34,2025-06-23 01:00:04
fee977c4-5f68-4d26-bc14-a19653c5c67b,d60c3897-b2de-4184-a596-40d41d844036,android,Samsung Galaxy S21,Android 12,4.3.8,4f83dad702c5d8fc30f81c91,False,2025-07-15 03:49:54,2025-09-12 14:14:00,2025-07-15 03:49:54
70478888-9796-44c5-a251-7c34fd50972d,d60c3897-b2de-4184-a596-40d41d844036,ios,iPhone SE,iOS 16.2,3.6.16,c198bf7aaac38b5fdff75fc2,True,2025-02-20 00:07:44,2025-06-27 12:12:06,2025-02-20 00:07:44
27cafd2b-18b8-4d37-b360-10bc4abff7e1,c7f7771e-971c-4794-b763-6a986464f332,ios,iPhone 13,iOS 14.2,2.8.3,76979d4f89ab38428d63fa14,True,2025-09-12 06:12:18,2026-01-17 10:08:06,2025-09-12 06:12:18
11e7a265-a89b-45b9-9008-a4b97af6f43d,60e33580-9b56-4084-88c3-ea811aedadfd,ios,iPhone 14,iOS 15.4,5.9.12,f4a7691f3f71fd64f5ccdc82,True,2026-01-11 00:45:26,2026-03-02 14:29:45,2026-01-11 00:45:26
8f8cb755-5564-4674-8706-24451895d2ee,000a5cb2-2a06-4693-b063-03212c74a359,android,Samsung Galaxy S21,Android 13,4.0.0,484c3a0bf99146b0ea2af009,True,2025-07-28 18:21:56,2025-11-14 16:50:58,2025-07-28 18:21:56
a1c0187d-7833-44aa-9b73-b931b437385c,771c4a45-0582-4519-8b07-df2756c4ab84,android,Huawei P40,Android 11,1.5.0,791e438f2877509a716e533a,True,2025-01-01 06:38:04,2025-05-16 07:30:44,2025-01-01 06:38:04
bf0f7a25-7e0a-4ca8-892b-39ccb53cc6d3,771c4a45-0582-4519-8b07-df2756c4ab84,android,Samsung Galaxy S22,Android 13,3.4.20,cb6af6f78a077fb5a900a56c,False,2025-05-21 03:35:26,2025-10-24 09:14:38,2025-05-21 03:35:26
98377fda-b488-4152-a471-f57c5455b24e,71c2eeaa-2b62-4f89-b0a8-a0fa02c67e5e,android,OnePlus 9,Android 11,3.8.6,ec2a317bf0f26520edc46166,True,2025-05-30 20:08:41,2025-12-28 10:24:25,2025-05-30 20:08:41
074fd325-07e5-4227-ac55-b08808fecb73,71c2eeaa-2b62-4f89-b0a8-a0fa02c67e5e,android,Samsung Galaxy S22,Android 12,5.5.11,5bf25a6f7d12fa67f5828d6e,True,2025-05-07 10:47:57,2025-07-29 07:50:24,2025-05-07 10:47:57
62e1e064-cb17-49f0-83c2-ce7742d70bb4,da8a3b89-d811-41e9-9906-7cd88bd11204,ios,iPhone 13,iOS 14.3,3.5.6,8a2e4d6d659d872bba7d2dae,True,2025-02-13 09:47:46,2025-09-03 01:47:09,2025-02-13 09:47:46
6a181fca-6846-4f9e-975f-1e31b88d516c,da8a3b89-d811-41e9-9906-7cd88bd11204,ios,iPhone SE,iOS 14.4,1.2.3,099ad90b96663810c724359b,True,2024-10-04 06:30:45,2026-02-05 01:54:26,2024-10-04 06:30:45
cc69da47-d9f7-4ca9-a24f-5c7e5fdae0a7,da8a3b89-d811-41e9-9906-7cd88bd11204,android,OnePlus 9,Android 12,5.2.11,4ae65dcb0f3f66eb28853be9,False,2024-02-17 20:30:52,2025-08-15 09:51:58,2024-02-17 20:30:52
77e61ffb-1ff1-4608-aa29-0f6156f0b956,9c11dae3-ea72-46ec-932e-4b65e0103a7b,web,Safari,Safari 18.3,5.9.11,c49d66ce0a35837266f25ce9,True,2026-01-13 10:29:00,2026-03-05 14:00:49,2026-01-13 10:29:00
934da6eb-6504-434d-8a49-59313ca87c2b,e4134973-1147-4d2b-9244-1cefbea95efd,ios,iPhone 13,iOS 15.2,4.0.19,4d476bdb29235601daf5a4ca,False,2025-11-25 20:32:21,2026-03-07 21:43:05,2025-11-25 20:32:21
d82981ff-e613-4d1e-81c6-411c649e2ce8,e4134973-1147-4d2b-9244-1cefbea95efd,ios,iPhone 12,iOS 15.0,3.0.16,2b8ea40208447dd509411bd4,True,2025-01-20 19:49:28,2026-01-07 10:49:14,2025-01-20 19:49:28
0163efb3-1775-4210-9ee9-e81f646bed6a,971da417-bbfd-4159-8706-9e312543c601,web,Chrome,Chrome 111,1.0.8,ff46677fd53235618a298357,True,2025-10-06 23:06:58,2025-10-20 19:04:10,2025-10-06 23:06:58
84c83115-b06a-4133-a287-468fafbfd66d,971da417-bbfd-4159-8706-9e312543c601,android,Xiaomi Mi 11,Android 12,5.4.0,ca9de4855855883fdc2b6821,False,2026-02-23 08:35:31,2026-03-05 10:07:25,2026-02-23 08:35:31
342ba75e-6580-4457-85a7-89ca28dca4d0,5f73a34e-840c-4b85-92ab-58c18136acdb,web,Firefox,Firefox 122,1.0.19,40ed0dd5ec34374b6b14360b,True,2026-02-28 18:21:13,2026-03-04 16:39:56,2026-02-28 18:21:13
d7906dea-1218-41ac-a0fd-afa87a1b7ba0,ae3fd0f0-e61c-4362-b19d-faee25065222,ios,iPhone 13,iOS 17.4,4.0.12,c2ecf53377f1f193f8e77045,True,2025-07-18 01:06:21,2026-01-22 10:57:01,2025-07-18 01:06:21
9e2f8068-f4be-44a8-a4fb-81560ca041ed,ae3fd0f0-e61c-4362-b19d-faee25065222,android,Samsung Galaxy S21,Android 13,4.5.1,a64f30672391ce3339883c92,True,2025-06-14 15:36:05,2026-02-09 09:50:53,2025-06-14 15:36:05
cb510921-4a4b-4aca-b517-0c3d3a766637,ae3fd0f0-e61c-4362-b19d-faee25065222,web,Edge,Edge 120,1.0.5,ae4b8da728dca51c9b9269ac,False,2025-10-25 22:05:57,2026-01-28 04:06:23,2025-10-25 22:05:57
b11d094c-40ed-4a6c-bbbb-5ded354a3839,531dfdef-1e9b-440c-a246-de092b14ded2,android,OnePlus 9,Android 12,4.8.13,266c0debbe532243f922db63,True,2025-09-22 23:45:05,2026-01-11 04:14:31,2025-09-22 23:45:05
0bb7abd8-1d73-40c7-b572-3185ddebae02,531dfdef-1e9b-440c-a246-de092b14ded2,ios,iPhone 13,iOS 16.3,1.2.8,e3f75227371cf3e35730f3a2,True,2025-11-17 13:08:28,2025-12-04 15:43:57,2025-11-17 13:08:28
6d570937-cebc-4a96-8a64-e85c4d690bc3,144cf15a-1142-4565-a99b-39286b16e87a,android,Huawei P40,Android 12,2.4.6,84f9c279c474989ea233f515,True,2025-09-12 07:29:02,2025-12-16 16:12:47,2025-09-12 07:29:02
8ffa9604-6149-4d65-8cf2-47300ecdc612,144cf15a-1142-4565-a99b-39286b16e87a,android,Samsung Galaxy S22,Android 11,3.9.11,d3b07dafb247a0ed1d6262e0,True,2025-05-25 18:02:46,2025-07-28 13:59:06,2025-05-25 18:02:46
c341eeae-203d-40af-a73f-54df78b36f4d,cc319d45-99d4-4a95-a8c8-e74a3e1c925f,web,Chrome,Chrome 122,5.4.14,261ff030ae218bb031f7ebdc,True,2024-06-24 17:06:55,2026-03-06 18:06:25,2024-06-24 17:06:55
b82780f1-66ee-4ef7-940c-bec11d0ea0e0,8dee8367-7e52-4259-98b9-898b1cb434db,ios,iPhone SE,iOS 14.2,2.4.9,4dbfea5bb46a9e2267a57ef6,True,2024-06-24 12:23:05,2025-05-14 21:10:53,2024-06-24 12:23:05
eb09791a-2bfb-469d-bbe3-4588f6b53b5c,8dee8367-7e52-4259-98b9-898b1cb434db,android,Samsung Galaxy S22,Android 13,3.3.15,9f1ab3230e5e3fd3b5eb0996,True,2024-01-17 12:36:07,2025-07-31 17:13:18,2024-01-17 12:36:07
cc84c656-fd7e-40dc-bb47-bc417fb83e5c,8dee8367-7e52-4259-98b9-898b1cb434db,ios,iPhone 12,iOS 17.0,1.9.12,d9c9297b12565cb6ba3c5809,True,2025-02-14 01:25:07,2025-02-18 10:24:28,2025-02-14 01:25:07
1102d086-f343-46af-ac01-9c6a1586bfe3,f3759809-0881-4706-94f7-065aac6a66c7,android,Samsung Galaxy S22,Android 13,5.9.18,c6ec28d81ba55fb97aaf3eef,False,2026-01-14 02:40:03,2026-01-30 00:36:03,2026-01-14 02:40:03
74a009e9-5091-43dd-b99b-b8514c71256c,f3759809-0881-4706-94f7-065aac6a66c7,android,Samsung Galaxy S22,Android 14,4.4.8,948cfba74efbf0ef040bed25,True,2025-11-26 22:19:46,2026-01-27 06:59:46,2025-11-26 22:19:46
7de4a95a-1ec0-47de-aca4-cbcd2276daa6,44ffeb27-f1b4-4bf2-b0f8-488bab03c248,ios,iPhone 12,iOS 16.1,2.2.1,1db7c220df93b883d24d39f8,True,2024-12-23 14:39:19,2025-09-15 19:27:57,2024-12-23 14:39:19
db8956cb-ae15-421f-bf38-fbc90b0846a9,44ffeb27-f1b4-4bf2-b0f8-488bab03c248,android,Huawei P40,Android 11,3.1.2,eae79947324cb1564fac4034,True,2025-07-13 14:50:36,2025-10-16 07:28:58,2025-07-13 14:50:36
0d476ef7-f1cb-4441-bde4-0b509c7d94f8,555d4569-374b-447b-9a1a-832bb0083d28,android,Xiaomi Mi 11,Android 13,5.2.8,7b5d5cf7ca36667c0e683541,True,2024-11-07 19:15:22,2025-10-15 08:10:55,2024-11-07 19:15:22
14f73d8e-138d-48b8-88ba-db3d9ff4af0f,555d4569-374b-447b-9a1a-832bb0083d28,android,Samsung Galaxy S22,Android 14,4.5.9,622aa5effc6df1a78fd245d0,False,2025-03-03 17:59:20,2026-02-26 03:05:45,2025-03-03 17:59:20
6b1b0fed-4b17-4a43-8592-14800f30d11c,6988a68a-075e-49f5-901d-6bebd6587aca,android,Samsung Galaxy S22,Android 11,1.9.18,4f80a11283e71d41e4dc7064,True,2025-09-23 10:37:30,2025-11-03 12:41:41,2025-09-23 10:37:30
d94195d3-bac4-47a0-865e-95054cc19159,6988a68a-075e-49f5-901d-6bebd6587aca,android,Samsung Galaxy S21,Android 12,4.2.16,449bed03273419e49cf8ee1b,True,2023-12-05 06:40:12,2024-04-15 09:08:05,2023-12-05 06:40:12
6a8719e8-d032-40db-b41b-bc7c106e61bf,1d01f9b1-f37b-4980-91a0-94b02ce4191b,ios,iPhone 12,iOS 17.5,5.1.1,621a60f109e8a677ead49208,False,2025-05-03 00:42:53,2026-01-05 21:29:07,2025-05-03 00:42:53
d01a3cbb-8e2b-4a3d-88f1-e54900e83494,1d01f9b1-f37b-4980-91a0-94b02ce4191b,ios,iPhone 12,iOS 14.1,2.7.15,9a062a9b7945fc2ab7fd29ae,True,2025-07-07 18:56:33,2025-12-20 09:07:20,2025-07-07 18:56:33
edfd4ef2-7072-469e-a0b9-84c6969b5cc7,ea735485-5bae-4358-8895-1453e302215e,web,Firefox,Firefox 111,1.0.17,77a3d5b2a63729612125689d,True,2025-11-15 01:50:47,2025-12-02 07:15:14,2025-11-15 01:50:47
eb8d76c5-cf63-4521-99d9-4209304ea39f,c00f6687-3e66-455a-93cc-7453bbac8c0e,android,Huawei P40,Android 14,5.1.16,a51d13a24e43e15f785cc962,True,2025-10-24 17:34:27,2026-01-22 09:06:29,2025-10-24 17:34:27
ee1ca0e7-d7c6-4757-8995-12b10c1a53a8,6c066ecc-5e7a-4b19-8033-4d5edac31fb3,android,OnePlus 9,Android 12,4.9.12,8e7ae6fa2daad0165b014fec,True,2025-10-14 22:07:10,2025-10-24 11:54:18,2025-10-14 22:07:10
606a0ab6-ffc6-46f9-83c8-5473392f7140,6c066ecc-5e7a-4b19-8033-4d5edac31fb3,android,OnePlus 9,Android 13,3.3.6,ae18af16583e4c3522048213,True,2026-03-01 01:48:36,2026-03-05 23:25:03,2026-03-01 01:48:36
b31ef705-c3f9-4cc0-9e7e-acfc27df912c,80dbc4c8-241e-42bc-92ca-3688fb32ebec,android,Samsung Galaxy S21,Android 12,2.0.2,36e9424e3c7000f53d76fd0f,False,2025-11-20 10:01:26,2026-01-26 07:22:18,2025-11-20 10:01:26
3701306c-9c90-45ed-b9f2-9cd70f2982e4,103d38b1-46ec-4497-9e8e-5791107316c3,ios,iPhone 12,iOS 17.1,4.1.13,d7f4479a205046944941c1ce,True,2025-09-11 11:02:14,2026-01-24 12:10:33,2025-09-11 11:02:14
6a8a7618-a372-47e9-bd79-d21882a4d02c,4303728b-524d-471a-b4bb-d070fb78fd43,ios,iPhone 15,iOS 17.0,5.5.7,68f698ae95a84e16da35460d,True,2024-02-26 09:22:46,2025-02-08 22:12:21,2024-02-26 09:22:46
aab32453-1150-4b1f-b634-3659b2a17c3e,4303728b-524d-471a-b4bb-d070fb78fd43,android,OnePlus 9,Android 12,3.9.7,47f27cd23e7ceed09f761985,True,2024-03-21 09:46:17,2024-06-23 18:02:39,2024-03-21 09:46:17
37990cea-9d82-4374-9166-ebba8211796b,4303728b-524d-471a-b4bb-d070fb78fd43,android,Huawei P40,Android 13,3.3.12,fedecab5e67994296b08ecf7,True,2024-01-01 12:42:56,2024-08-14 09:22:21,2024-01-01 12:42:56
20b0e0af-a6ff-4041-a87e-9137a359fb37,2253f17e-7479-42b8-8448-1bcf86b9bfa3,android,Xiaomi Mi 11,Android 11,5.6.12,ee66118dd9a50604a6412d31,True,2025-09-18 11:27:04,2025-12-23 06:21:34,2025-09-18 11:27:04
c8ae2f40-46c7-4860-bddc-6ab598dce736,2253f17e-7479-42b8-8448-1bcf86b9bfa3,web,Chrome,Chrome 112,1.6.19,a82c58e2ce91a9f1e3d39307,True,2025-08-14 20:17:19,2026-02-28 18:21:15,2025-08-14 20:17:19
b55ecba3-43ab-458c-a704-2d9b28634af1,c2ec550d-7fd1-4604-89fd-a4167a0f1481,ios,iPhone 15,iOS 14.1,4.7.2,957818af30e9afac14816a53,True,2024-11-13 15:33:52,2025-09-15 07:47:15,2024-11-13 15:33:52
64cc4c17-b95a-4ea4-8dd6-d2dc070470c9,efaade38-a164-4121-aa18-ab7daae7cc67,ios,iPhone 13,iOS 16.4,2.6.11,51041e11be2e1804fe403e1a,True,2026-02-07 06:15:50,2026-03-02 10:47:23,2026-02-07 06:15:50
34731c3e-f128-423d-a72c-93e4a15264cd,8dc3f223-bbeb-4bfc-b6f5-dca9175959e4,android,OnePlus 9,Android 12,3.0.13,9dc9e2465dc62bd464768786,True,2025-04-07 06:43:40,2025-07-07 16:37:11,2025-04-07 06:43:40
5eeedddf-9c0b-4e6b-9487-7bfece215f15,3aa959dd-150b-49ac-9dfb-2f684d51ac48,web,Edge,Edge 118,4.7.9,bce16b4f29391d7749307946,True,2025-09-22 00:56:44,2025-10-17 19:49:07,2025-09-22 00:56:44
5935415f-e70a-4957-9e68-8331553dca75,4f80510a-7484-4ed1-83df-098c201ea74d,ios,iPhone 14,iOS 15.0,4.0.10,d33b78c18977a0ca506b20c8,True,2025-12-25 00:18:07,2026-01-28 06:50:56,2025-12-25 00:18:07
18faa0c7-92cc-40fd-982c-a2c162543192,4f80510a-7484-4ed1-83df-098c201ea74d,android,Samsung Galaxy S22,Android 13,2.1.0,0a3041e2ed2996b8c90f8088,True,2025-05-22 14:16:20,2025-08-03 21:32:25,2025-05-22 14:16:20
f2257ff6-1064-4c61-b0a5-6256cdee74b2,bf86caca-6cc9-48df-bde6-34d32f52512e,ios,iPhone SE,iOS 17.0,2.9.1,1d3d9ca6677fb549e2b50321,True,2025-12-08 00:03:20,2025-12-15 12:31:45,2025-12-08 00:03:20
37eb02cb-02e9-4a15-9aad-b4c06a9df9d4,bf86caca-6cc9-48df-bde6-34d32f52512e,ios,iPhone 12,iOS 14.0,3.0.10,041982e64d0c58b66a652492,True,2025-06-11 13:41:11,2025-11-28 11:21:04,2025-06-11 13:41:11
ed27543c-7fc9-4f3e-9258-83538b9e5d24,0caaa75f-8fe6-45e8-b0ff-ffb39da6d1c3,android,OnePlus 9,Android 12,4.6.14,e72fad96b2abcd1a3ab719d9,True,2025-10-25 01:25:26,2025-11-16 08:22:18,2025-10-25 01:25:26
53ba8636-d453-469b-9d88-c451677d82a4,8d3f3a71-b2aa-4d1d-8c34-97294ab8257a,android,Samsung Galaxy S21,Android 14,5.5.5,72b52fd7fa0908acee593632,True,2026-01-03 14:43:27,2026-02-06 12:21:20,2026-01-03 14:43:27
dff8b1c4-d191-4f81-b156-4b895b2faab1,c8f0ce13-fdb1-4d11-93a1-fc214093d497,web,Chrome,Chrome 114,3.3.11,72e469b17c220984a3f3fdb1,True,2025-04-17 03:25:01,2025-11-14 20:32:35,2025-04-17 03:25:01
59348b6d-282a-4843-a9e0-8e71e651f8ea,c8f0ce13-fdb1-4d11-93a1-fc214093d497,android,Samsung Galaxy S22,Android 14,3.8.10,75d869e77edbee229fb0bf7a,True,2023-06-20 10:54:06,2024-10-10 17:14:29,2023-06-20 10:54:06
4c4ca212-24eb-468a-83fd-f8fea66fb9a8,e33363b1-ea00-4dae-b7a3-f69b843699d1,web,Safari,Safari 16.2,3.7.7,d24868a7231386725c5d4c1f,True,2025-11-08 20:52:35,2026-01-03 10:59:28,2025-11-08 20:52:35
a312adcc-b388-418d-b859-e6c7f2c299de,3fa5b882-d898-4c16-9ebe-de08b2c33744,android,Samsung Galaxy S21,Android 13,3.2.13,518378f9b7d6843dde999006,True,2024-06-15 16:21:12,2025-11-08 23:08:07,2024-06-15 16:21:12
710abd1d-d3ec-488f-aa98-2fc45dd872c9,3fa5b882-d898-4c16-9ebe-de08b2c33744,android,Xiaomi Mi 11,Android 11,2.2.13,deb060d3f2b4ae30f3e51e5b,True,2023-08-11 21:43:07,2024-06-11 21:27:19,2023-08-11 21:43:07
bdeaf461-c8c4-4510-a424-7f6d7110ea0e,3fa5b882-d898-4c16-9ebe-de08b2c33744,android,Samsung Galaxy S22,Android 13,2.8.18,37cc594ca22ec842763bee74,False,2024-06-12 10:47:26,2025-10-23 14:26:43,2024-06-12 10:47:26
5dc5ba73-91f6-4287-b4aa-d40f273b90e3,96380049-a4a5-405e-a4b4-e66c187b27b3,web,Firefox,Firefox 125,3.2.15,242d391451ce8848ba93b70a,True,2024-12-02 01:28:50,2025-03-25 17:37:04,2024-12-02 01:28:50
f3e33e67-befa-4229-a681-c601c23266bd,96380049-a4a5-405e-a4b4-e66c187b27b3,android,Samsung Galaxy S22,Android 14,2.6.8,8f9bf355c0a04301a0b61b87,False,2025-08-17 22:59:32,2025-12-10 10:14:21,2025-08-17 22:59:32
ad409594-b1d0-4910-88bf-8eeed67d22df,40d9f7fe-e14a-40c3-8b44-ba412420b1f0,ios,iPhone 12,iOS 16.3,4.1.10,16bd19fe9afb4114f4298ef3,True,2025-07-02 06:30:42,2025-09-11 09:47:05,2025-07-02 06:30:42
6a12ffdf-83bc-411e-be04-d471e774a6be,40d9f7fe-e14a-40c3-8b44-ba412420b1f0,android,Samsung Galaxy S21,Android 11,2.2.12,df4de95f3afc3cf9b39184db,True,2025-05-04 06:07:17,2025-08-09 20:46:49,2025-05-04 06:07:17
06e4386b-5ea5-49f4-98ba-f3a6dcdf1d0d,78f24ef5-9b02-4b24-9d88-4ad03e4a3eec,android,Huawei P40,Android 13,4.9.10,de4c2ed5ab5a037e23a371ef,True,2026-03-05 11:17:41,2026-03-08 07:32:42,2026-03-05 11:17:41
031df70c-d314-4247-a2ef-00e676463905,6633f5ac-6989-464b-8d75-309e41f52c13,web,Safari,Safari 17.0,4.0.9,be7a5c30e2a5eafcf1373d0c,False,2025-05-20 00:03:47,2025-06-16 12:45:39,2025-05-20 00:03:47
da26a51f-12d5-403c-847d-97593ac8bb7c,6633f5ac-6989-464b-8d75-309e41f52c13,android,Huawei P40,Android 13,5.7.3,54abbb53c6599554c4961687,False,2024-04-16 06:33:10,2024-07-20 16:17:48,2024-04-16 06:33:10
e267b6a4-699c-4f37-abe4-e9a088135b6d,6633f5ac-6989-464b-8d75-309e41f52c13,ios,iPhone 13,iOS 15.2,2.8.7,7f93a6d2ff3788220c3c159c,True,2025-06-27 15:53:39,2026-03-02 05:33:50,2025-06-27 15:53:39
dd457059-25f4-4c54-8fe3-f88d01b4b5bd,aaabedac-6c80-4d5c-ba65-8d395d03b4df,android,Xiaomi Mi 11,Android 12,3.8.0,087d662cb0aa7b6c06610de3,True,2026-02-14 14:45:11,2026-03-05 23:17:11,2026-02-14 14:45:11
8938532c-4b3a-4040-8c6c-05e554ffb036,aaabedac-6c80-4d5c-ba65-8d395d03b4df,ios,iPhone 15,iOS 14.3,4.4.19,8ad726a7d5f113a824a3abb3,True,2026-02-06 14:15:48,2026-02-16 20:43:32,2026-02-06 14:15:48
a1236e0f-12bb-4f7c-a093-88cfa27959db,71c06741-d50d-4a9d-ab90-ff3cdb49d2fe,ios,iPhone 14,iOS 17.5,4.1.19,3762941ad853a035c5e1d3a6,True,2025-11-18 09:49:42,2026-02-08 11:37:04,2025-11-18 09:49:42
db3d1c07-3332-44fa-a4cc-40757ed9eab2,71c06741-d50d-4a9d-ab90-ff3cdb49d2fe,android,Samsung Galaxy S21,Android 12,4.7.10,2876a3958ec3226b558c07e8,True,2026-01-02 09:56:42,2026-01-06 06:26:42,2026-01-02 09:56:42
a21ea256-bb2c-41e8-8418-35d64efd13e9,6e1be757-dbe2-4ed9-a0a7-90bf7361d210,ios,iPhone SE,iOS 16.1,2.9.0,05ae0d264c392cbeba1ecf79,True,2025-03-27 08:03:14,2025-07-22 17:17:41,2025-03-27 08:03:14
6f78a5a5-39d3-49c3-abec-82da7963d518,6e1be757-dbe2-4ed9-a0a7-90bf7361d210,ios,iPhone 13,iOS 14.4,1.1.12,06992c79eb9e1f391e0813a2,True,2025-02-21 20:23:32,2025-04-10 23:10:05,2025-02-21 20:23:32
b13bbe70-1435-42de-8ffd-84dee562f758,744e1894-576b-4f0c-a596-b7b88b9b56de,android,Samsung Galaxy S22,Android 14,3.3.18,4f434b942ddc161f45a0f902,True,2024-11-24 05:09:45,2025-10-16 15:37:16,2024-11-24 05:09:45
c0228cd3-efbc-4667-bb31-7c7afa09ca4c,f3d10a7d-be58-4b90-bc6c-e93317c1d9cf,android,Samsung Galaxy S21,Android 14,5.2.18,36c4b2e7e8fceb351f56dcf4,True,2025-04-12 21:48:16,2025-05-13 08:50:50,2025-04-12 21:48:16
c19512fa-c7f0-4fdf-9c9c-776f290534f9,f38e15d1-87f8-462a-bee1-934f18634221,ios,iPhone 12,iOS 14.5,4.4.13,ad71c0914588c0b88a0d3106,True,2024-04-29 23:49:04,2025-05-30 14:01:05,2024-04-29 23:49:04
5151d576-c058-4651-8db7-833f001c06ad,ffabeccf-b933-4374-b015-a30d91be70f5,ios,iPhone 15,iOS 15.1,2.0.4,84ca7a7dd20ced591b0a1db2,True,2026-03-08 21:38:49,2026-03-09 05:31:45,2026-03-08 21:38:49
33a097cb-6f5b-4613-a8c2-3653d891084a,3740d901-2b57-4b30-9fe1-b6c2e9e92ba4,android,OnePlus 9,Android 14,4.3.15,12851e6d9f36d4790e4294b7,True,2026-03-01 22:28:49,2026-03-05 13:42:45,2026-03-01 22:28:49
b35a2964-364b-4987-ad90-f04abb025938,3740d901-2b57-4b30-9fe1-b6c2e9e92ba4,ios,iPhone 12,iOS 15.5,4.0.15,e5cc24df8d1d5123963e7120,True,2026-02-16 00:58:52,2026-03-05 23:54:24,2026-02-16 00:58:52
75561e44-1072-4bbd-9962-33e5c26ee33b,3740d901-2b57-4b30-9fe1-b6c2e9e92ba4,ios,iPhone SE,iOS 16.5,2.5.8,4294dcf9bef71a03e4f64511,True,2026-03-06 20:42:51,2026-03-07 01:49:40,2026-03-06 20:42:51
43eddb3f-ceaa-490c-be93-782eab61a79a,a8bf5990-d9d1-46e9-b861-7de50ed63553,android,Samsung Galaxy S22,Android 13,1.6.19,7243cd5330bdf90de06c8cc6,True,2024-05-23 14:31:52,2024-11-20 21:13:24,2024-05-23 14:31:52
4c3ba88b-6fef-4890-93c3-df7739e52cf6,dea9cbf1-aede-44ac-8056-fcd23f4f0aba,android,Huawei P40,Android 11,4.0.5,b81cd8aa86b7cd5e1345c160,True,2025-12-01 18:03:01,2026-01-26 08:22:00,2025-12-01 18:03:01
b91931d4-169b-433f-b86f-75cdf1eeaa0e,dea9cbf1-aede-44ac-8056-fcd23f4f0aba,android,Huawei P40,Android 12,2.4.2,d22a2374687834532dc16129,True,2025-05-06 16:16:53,2025-06-22 02:31:28,2025-05-06 16:16:53
ad125708-9a9e-4f6d-87ca-c1ae1b1fff5c,ad29ca94-1a3a-4649-b51d-c74f25fb6210,ios,iPhone 14,iOS 14.2,5.6.15,4f6bf26caa7086e3c29fabaa,True,2025-02-07 04:02:02,2025-06-08 23:50:18,2025-02-07 04:02:02
2e61597c-5fa4-4e4f-ad8e-1b28842b0937,2ffc3376-9229-4bbf-ab73-47b5f6ef02d1,ios,iPhone 12,iOS 14.1,2.3.2,676d058bc3f377108f35b927,True,2024-03-03 17:29:59,2024-10-02 09:58:32,2024-03-03 17:29:59
04e029db-8946-4da8-a4e5-62ce901a5dd0,263464b9-88bf-4f15-be60-045d96fee690,android,Huawei P40,Android 14,1.8.3,5dceeb4bbe1dea8e4a9b35e7,True,2026-02-01 18:15:53,2026-02-13 03:29:38,2026-02-01 18:15:53
