kyc_id,user_id,document_type,document_number_hash,document_country,verification_status,rejection_reason,verification_attempts,submitted_at,verified_at,verified_by,risk_flags,created_at,updated_at
9e6d876a-bb4f-422f-ab3c-632b9b679423,6df2f683-42c2-4065-aeb2-d5439ad4f0f2,passport,e3892015a9481041fdc70fa985084e1a,SA,verified,,1,2025-10-17 23:48:40,2026-01-10 15:03:17,system_auto,,2025-10-17 23:48:40,2026-01-10 15:03:17
af75d094-db7d-4caf-a24b-bd7dbe9d69fe,9872dcd8-4069-4cac-9129-8df19c724d39,passport,dea2af22974572ef05f5408e5fedb6d1,SA,verified,,1,2024-03-28 10:38:29,2025-03-29 21:24:48,system_auto,pep_match,2024-03-28 10:38:29,2025-03-29 21:24:48
55a811db-bec5-45ec-b8a7-632a220ae18a,894e21f2-95f0-47b1-9942-b4a2592a470d,visa,2ce12009cef495e311986b30c9b7fe40,AE,pending,,1,2024-04-21 03:51:12,,,,2024-04-21 03:51:12,2024-04-21 03:51:12
4c9f81a9-abcc-4b5f-913f-97143b56999f,74de62a3-32e1-434b-823b-ebfdfd74cf01,passport,a53fb305fb31c040150357a92d986fcb,SA,verified,,1,2025-11-22 22:38:53,2026-03-09 09:09:19,system_auto,,2025-11-22 22:38:53,2026-03-09 09:09:19
950c0907-3bfc-41af-8c73-9dd271d7d4d1,2aa2c801-7569-4837-a2a5-9e52c444fe9a,passport,05f5eb25db08566d251167fee589ba2c,EG,verified,,1,2026-03-03 04:55:47,2026-03-06 15:20:00,system_auto,,2026-03-03 04:55:47,2026-03-06 15:20:00
70bbeb5c-6b24-46ff-8887-8fa4d1093798,fcaa3dc3-eca3-4e3f-968e-85a1bcecc4b4,passport,1cbed8265d8b1e05acf17f1d2b5ac61b,SA,verified,,2,2026-01-18 13:20:41,2026-01-28 00:37:59,system_auto,,2026-01-18 13:20:41,2026-01-28 00:37:59
d90be6cd-47eb-4420-8f80-5ef05d032416,fc134194-e6e1-411b-8f98-efa5a316e9fb,national_id,55ce11bb80d843a251b051028e78dae8,EG,verified,,2,2025-08-26 14:44:27,2025-12-17 18:34:09,system_auto,,2025-08-26 14:44:27,2025-12-17 18:34:09
7b4cc67f-4cc7-4344-8981-cc0db993420b,6e99372f-d33b-48c9-8976-72a47ba7fcb1,emirates_id,3771991b7a22a2c8777dcd066b9f1423,AE,pending,,1,2026-01-21 23:28:35,,,,2026-01-21 23:28:35,2026-01-21 23:28:35
da72b400-3553-434b-b6c1-b156a3ccb04a,3399de2a-32cd-4493-93f8-312e94daeb97,passport,0b25ade986a825526e57da8d19fd4b07,SA,rejected,face_mismatch,1,2024-12-01 19:21:26,2025-11-01 02:19:21,manual_review,,2024-12-01 19:21:26,2025-11-01 02:19:21
529f6edc-191f-4cbe-8616-7b130c129ded,d58dec0f-140b-4181-a3bf-5c07b5e90ffe,passport,ec944a7c068caa4c5d28a3a78754b1d8,SA,pending,,1,2026-01-15 10:36:21,,,,2026-01-15 10:36:21,2026-01-15 10:36:21
7f642353-7f3d-4eee-b97d-38f11f761fae,1efd7b0c-c563-4acf-b894-becf975d162b,national_id,38ef34639cb23d996af63b01271e7c3e,SA,verified,,1,2025-10-05 02:28:47,2026-01-04 08:18:51,manual_review,,2025-10-05 02:28:47,2026-01-04 08:18:51
84ca33cd-3962-4e5e-a9fe-3bbe6f2ff1c5,ed21e22d-781e-4e4c-a5cd-a100200fea88,national_id,409ef2cfe0b4c48c47dd29fc12d3227c,SA,verified,,1,2026-01-27 07:47:59,2026-02-25 16:15:24,manual_review,,2026-01-27 07:47:59,2026-02-25 16:15:24
dc547fd3-4eae-4149-83ba-a2bdc8fc1304,8f1802ce-f182-43f7-98cc-36c4d49112e0,passport,e907c97b64246d1b8fcb12b59f1b061c,QA,verified,,1,2024-09-10 07:12:53,2025-03-02 14:48:40,system_auto,,2024-09-10 07:12:53,2025-03-02 14:48:40
2a16c10b-2c9d-42cf-bf4f-021f021f8a2f,eab23ea2-f35d-476e-b841-d2dbf207b083,iqama,edc69131736c8b9ab20854ff7590713a,SA,verified,,2,2026-01-29 03:40:07,2026-02-05 20:37:16,manual_review,,2026-01-29 03:40:07,2026-02-05 20:37:16
636596ef-8378-4a22-887d-50116439695d,179ee36b-f7d3-473a-b700-6f13b0446d28,iqama,ea73b187f1602b44111f2b32b0772d02,SA,verified,,1,2024-05-27 15:17:38,2026-02-28 18:47:08,system_auto,,2024-05-27 15:17:38,2026-02-28 18:47:08
4fa0f5cd-b671-4afa-9dc0-0b7b609d1bd1,33f7fa42-f36d-4059-bfb3-d3b9e90e5590,national_id,a6c0c3ee72d7a4fce7bcc23a206283ca,EG,verified,,1,2026-03-07 15:42:44,2026-03-09 10:00:38,system_auto,,2026-03-07 15:42:44,2026-03-09 10:00:38
7480d566-7c02-4fa2-9bd3-ed179d1c83fb,ff4bc11c-48a8-4e84-9df1-b9bf3e5adbc1,national_id,7c81ec3529914ccc04ea4f6ebd4fd87d,EG,pending,,1,2026-03-01 06:00:34,,,,2026-03-01 06:00:34,2026-03-01 06:00:34
2dfe6efc-1d4e-4f3f-9e22-cbae7caeed4e,7b4a6409-af3d-4503-b5a0-ed362a639635,passport,02cf41f85e0e23339229bb5225d5cca1,SA,verified,,2,2023-06-01 23:13:00,2025-05-07 22:53:32,system_auto,high_risk_country,2023-06-01 23:13:00,2025-05-07 22:53:32
9e140116-7414-4186-b6c3-1e4d856510f8,252965d5-1185-4a68-a239-79fdb74e9c0f,national_id,9aa23c7ee1fc69ffe3f2208db922c55b,EG,pending,,1,2025-06-12 10:45:43,,,,2025-06-12 10:45:43,2025-06-12 10:45:43
be544940-b878-437f-bbb6-16b14b08b8e8,7dca77bd-ec61-43ee-ac91-ca87804e0acf,visa,27811fad3aca5e7ae38ca95e7c66b11e,AE,verified,,2,2024-09-22 20:13:02,2024-10-24 23:42:57,system_auto,,2024-09-22 20:13:02,2024-10-24 23:42:57
75a08802-c520-4f33-bc10-802d427e115f,948444cc-edb3-4d3b-93eb-f9283cfa3b72,passport,f76ac3005b8a1ff04b9deacfc937a018,EG,verified,,1,2025-10-18 16:53:30,2026-01-13 18:51:30,system_auto,,2025-10-18 16:53:30,2026-01-13 18:51:30
2ddcd3b9-70ce-41af-adfc-cfed90d47315,9ed711af-de2b-4cae-9686-bd6b000fa67c,passport,6d091fb5bd5825f802072a4280fcf30a,EG,verified,,1,2026-01-10 06:24:00,2026-01-29 11:13:14,system_auto,high_risk_country,2026-01-10 06:24:00,2026-01-29 11:13:14
cf3055f2-334f-4146-a6b1-6ac981e7177a,cab8cf99-7a2e-4372-adb7-8ae264fec597,passport,47349fa9d4f84ce7f7cd990aba73ed4c,EG,verified,,1,2024-06-12 22:05:21,2026-01-15 18:08:38,manual_review,,2024-06-12 22:05:21,2026-01-15 18:08:38
2e7b634a-082f-4d0c-ab78-3f82dd540482,d2bff048-94cc-45e5-9fa1-ca8b89386d2c,national_id,682d1f3a86cac5fc86f6f8f09888778b,EG,verified,,1,2024-08-16 19:52:56,2025-06-21 08:04:05,manual_review,,2024-08-16 19:52:56,2025-06-21 08:04:05
017329e0-836f-4551-920e-e1fd09a87d75,0a079478-6143-43f1-9522-0f810bb23d2d,emirates_id,7bd45aec66274182f4eb7e5625bd6021,AE,verified,,1,2026-01-02 11:57:57,2026-01-10 20:36:53,system_auto,,2026-01-02 11:57:57,2026-01-10 20:36:53
ff087b14-2a1c-4a18-b84f-fab935af9133,5ad6e36f-816a-4c1a-88df-38cb956ed9c2,national_id,91031761590280ab60be4b6957fcdcd1,EG,rejected,incomplete_documents,2,2025-10-29 04:24:45,2025-12-12 23:36:19,manual_review,,2025-10-29 04:24:45,2025-12-12 23:36:19
a3680155-8c0e-487f-b35b-45b3cdbcf66b,5c825c61-d8d4-4f42-af2b-be31e08c339a,emirates_id,80c0d6cb8778a8d606edf9868dfdca03,AE,verified,,1,2025-07-31 01:39:21,2025-12-01 16:44:54,manual_review,,2025-07-31 01:39:21,2025-12-01 16:44:54
c2cbe44e-8c33-47b1-beb8-b00307c747cc,0cb72df8-3fc1-4a88-a8bd-e81e9a42bc66,passport,ecd6751ff07e9df900839a586bd58399,EG,verified,,1,2024-08-16 03:25:41,2025-03-08 16:32:10,manual_review,,2024-08-16 03:25:41,2025-03-08 16:32:10
99d34e29-0a27-46b8-960e-56ae77b49659,fd03c381-3cb9-49e7-82b9-90f9deb8e35c,passport,c16906565965ed193bb7ee3196b33981,EG,verified,,1,2024-04-30 00:02:45,2025-02-26 06:26:32,system_auto,,2024-04-30 00:02:45,2025-02-26 06:26:32
aa5e386a-d668-415a-b6d5-b8eabae9ba6f,784e489b-f1ce-4767-bbf0-0b6d0ca6e226,passport,87e23bd07b40420a83813441de14bd41,AE,verified,,1,2025-08-24 14:37:53,2026-03-07 11:28:40,manual_review,,2025-08-24 14:37:53,2026-03-07 11:28:40
1ff7f65d-a6dd-49b8-a30a-34ec50abdedb,cd1e2ab9-ecbe-43e1-a233-df51d31ec94c,passport,b236f7f53b66a1e56ddf7092a4f3ec68,SA,verified,,2,2025-02-22 00:51:21,2025-02-27 20:17:21,system_auto,,2025-02-22 00:51:21,2025-02-27 20:17:21
40025da1-48d6-42d0-933f-e86cbcc300bf,09daed4c-da09-4309-a836-38904c6211de,passport,460b701980d34b3211ae0ac458733ebd,EG,verified,,1,2025-09-12 15:16:07,2025-10-01 01:54:17,system_auto,,2025-09-12 15:16:07,2025-10-01 01:54:17
e833ebc4-7e42-4fef-9601-ef8bada6bb58,5665ed2c-69aa-4768-957b-27cfe9a3d9c8,emirates_id,5a7c1e0f62f606842fa5034e38acdceb,AE,verified,,1,2024-12-08 09:45:51,2025-10-18 19:05:24,system_auto,,2024-12-08 09:45:51,2025-10-18 19:05:24
de1a2c16-3b36-41e8-955f-9b66ca079e85,d910ea07-edcd-4120-bef2-1dee520be547,national_id,968db1f2d3b96ce00d0aa4faebf6ec49,SA,verified,,1,2024-12-29 04:52:39,2025-10-04 00:45:33,system_auto,,2024-12-29 04:52:39,2025-10-04 00:45:33
99bfbe82-7f7b-48cb-8a86-131b27a2f7a8,c6a70cad-2481-4ba2-85d1-31d913f587ce,national_id,770632c1b952911a0d514fac85e0e50b,SA,verified,,1,2026-02-04 07:15:08,2026-03-06 05:05:46,system_auto,,2026-02-04 07:15:08,2026-03-06 05:05:46
f871688e-d4b5-42a4-bb57-6eae14aed379,2e5ce170-87e7-456c-9518-6d7254dd85d6,iqama,9759e07ce9f83bd3a3be820d00f99351,SA,verified,,1,2024-04-24 05:58:44,2024-10-08 17:14:53,system_auto,,2024-04-24 05:58:44,2024-10-08 17:14:53
1915ed7b-9e86-4b29-b712-e75d7bfddff7,60bca671-5595-453e-991c-f7aaa5e9f247,emirates_id,9e1f267f78a46455fced7e8cf1282ecd,AE,verified,,1,2026-02-16 06:20:58,2026-03-04 11:16:27,system_auto,,2026-02-16 06:20:58,2026-03-04 11:16:27
919fac59-1dc6-4812-aed9-2c92daf8eb93,550931d4-75f4-48af-9ad8-b542d2c5dcff,passport,29b689010947d8bd888b3d33522c31d8,EG,verified,,1,2024-07-19 20:01:05,2025-11-12 10:15:25,manual_review,,2024-07-19 20:01:05,2025-11-12 10:15:25
8a8994f5-8ae1-4eea-93f6-5422bfd857b3,85f49eb7-9508-4ee0-a362-fc7ac5c5a356,national_id,b661743dc23589ef4ba75557b7af89f8,EG,verified,,1,2025-12-24 09:43:02,2026-01-29 17:01:55,manual_review,high_risk_country,2025-12-24 09:43:02,2026-01-29 17:01:55
c5779727-1cac-461d-8ada-2c624913c307,61e25ef8-252d-475f-bf95-78f6a5a3d831,passport,3984bccd73bfa93ec94a042fa13ee65e,EG,verified,,2,2024-02-03 01:38:40,2024-03-05 15:08:44,system_auto,,2024-02-03 01:38:40,2024-03-05 15:08:44
42f33b79-fb9a-4206-b5e2-d0e36cd917da,909bea60-b9fa-47b6-b37a-661fa155587d,passport,ca8fe79b430277c870a95c2d5064056e,QA,verified,,1,2025-07-06 09:29:35,2025-09-30 04:05:20,system_auto,,2025-07-06 09:29:35,2025-09-30 04:05:20
232b64f2-10bc-40e0-a509-58aa304ebe1c,0d1bcf09-8ef6-47c9-8bc8-9366e5e67c41,passport,86f330cfe7261efc9369015a73aca9f0,EG,pending,,1,2026-02-24 18:47:36,,,,2026-02-24 18:47:36,2026-02-24 18:47:36
9f5ca954-b118-40b8-bc79-8958f3bc7d2b,c4d1bb8a-dafd-4e20-903b-45960a79456f,national_id,3bea7887d0d948c1ab6c7d97edfabc83,EG,verified,,1,2024-12-15 15:50:03,2025-11-02 19:50:46,manual_review,,2024-12-15 15:50:03,2025-11-02 19:50:46
0aff8644-30e0-411e-9c6e-886ac9cfc312,ae20df6a-33df-4912-88df-052a28c8cf26,iqama,93270182442c734ea026600e82e82723,SA,verified,,2,2025-11-28 00:54:20,2026-02-01 03:43:37,manual_review,,2025-11-28 00:54:20,2026-02-01 03:43:37
30911631-a9ea-418f-965c-0f71ebe86c01,c583871b-ecdf-4ec9-9782-89d61a21b218,national_id,0e11b6e0a2ac5ae915802f6cf7f3e9b8,EG,verified,,2,2025-03-09 17:21:04,2026-01-13 16:09:53,manual_review,,2025-03-09 17:21:04,2026-01-13 16:09:53
57744d7c-c2e0-4012-a741-ecb25e618bcb,c2d960e5-56b3-4d8a-9962-9751b5162306,visa,,AE,pending,,1,2025-02-14 00:57:46,,,,2025-02-14 00:57:46,2025-02-14 00:57:46
460cc789-006e-4a7e-b81e-6d229afbc406,53976d12-d1bf-4f54-8f30-d0831b4bf01a,passport,81342aac2d23f75d446aeafae4cbe464,EG,verified,,1,2024-11-29 11:54:28,2025-07-27 13:39:50,system_auto,,2024-11-29 11:54:28,2025-07-27 13:39:50
86e1c981-1adb-4168-b019-e771bb468448,5604ea9a-516f-4c0d-bc4a-ab107570a9af,passport,96ddd47ea036c67691adf18e3d423962,QA,pending,,1,2026-01-15 10:46:14,,,,2026-01-15 10:46:14,2026-01-15 10:46:14
e4a2f6bf-e690-4040-a4ec-3853076e7b0f,ec394e67-ba9c-4f97-a28e-90702ae4e804,national_id,807e3fe3d1f25a0277bc39d631fd279c,SA,verified,,1,2025-07-29 17:03:59,2026-01-23 22:25:25,system_auto,,2025-07-29 17:03:59,2026-01-23 22:25:25
38fbf01a-0382-457f-9e0c-de32dc59b319,a8dff8c1-a264-49e6-978d-c9e7e7ad693e,emirates_id,38198c696e5d74f01208703437bb7f83,AE,verified,,2,2025-11-11 23:52:06,2026-01-29 19:05:13,system_auto,,2025-11-11 23:52:06,2026-01-29 19:05:13
6582e273-f8b3-4945-aeb5-792ef4694c1a,c82ca392-591d-4906-b3a7-d66ffd94c84c,passport,5008f4d032bbdc16778bc2f219042e10,QA,verified,,1,2025-04-26 05:20:18,2025-08-08 13:19:41,system_auto,,2025-04-26 05:20:18,2025-08-08 13:19:41
ceed6846-42d5-4c05-ac9e-48b804b51c37,e6a9aade-6823-4758-8065-d0bdf072cba8,national_id,667bc95a5accf0cdd355ff49e61f3e84,EG,verified,,1,2026-03-01 11:54:56,2026-03-05 09:14:56,system_auto,,2026-03-01 11:54:56,2026-03-05 09:14:56
0d3d636b-d776-4dab-9c99-632f7ecf756d,54714b96-cc2f-413c-b486-8eca6ad5d7ff,national_id,0cd73a3c490746a36d15d0837c6c9b8d,SA,pending,,1,2024-07-05 04:48:59,,,,2024-07-05 04:48:59,2024-07-05 04:48:59
542a99a7-9512-40aa-a82e-c15d616392db,5d046d5c-8da1-4270-ae19-2aa8158c6f20,national_id,14bed313cfcab932eefb896f030639b0,SA,verified,,1,2026-01-18 10:00:03,2026-02-24 23:16:45,system_auto,,2026-01-18 10:00:03,2026-02-24 23:16:45
14c525e7-f2ed-4e50-af0b-feed3bb55221,dde2cf41-cc0d-41a9-9f3d-740099397dd9,qatar_id,6225f2f370413c1e18ec6b8487aefd7d,QA,verified,,1,2023-08-23 21:49:36,2023-11-24 09:20:48,system_auto,,2023-08-23 21:49:36,2023-11-24 09:20:48
9dc9f6fa-8119-4336-aea4-0e0b3236a1f2,46fe8991-bde7-47eb-b40d-8eabbca26f0c,passport,055b1d3f97b6eb0cc64fcfa82cf8125b,AE,verified,,1,2024-09-26 10:58:02,2025-08-14 13:06:12,system_auto,,2024-09-26 10:58:02,2025-08-14 13:06:12
919a4f00-e432-40c9-bb08-4d40c365c8a5,04f01485-f92a-4096-bd74-f21cc23e01ee,passport,ddfb9908de194481cc51132042351c08,EG,rejected,face_mismatch,1,2025-11-16 04:51:16,2026-01-01 14:25:29,manual_review,,2025-11-16 04:51:16,2026-01-01 14:25:29
19c269d1-b457-4cdd-b21f-abf6eb098924,e5bb2e75-7cc5-455c-b5f1-beccdb9e32af,passport,85a66724e51bf7994a20799f6d98395d,AE,pending,,1,2025-06-12 21:50:39,,,,2025-06-12 21:50:39,2025-06-12 21:50:39
fd49722a-7038-4cf1-a44b-dd1e83add06d,8de92119-cd14-4235-9e16-343b1f226157,passport,bf8f6f609083b5882680af4ed82d4c23,AE,verified,,1,2025-03-22 03:35:50,2026-03-01 14:29:00,manual_review,pep_match,2025-03-22 03:35:50,2026-03-01 14:29:00
ade8e80d-6d9d-44d6-b9c0-2be31a36ca6b,b0d4a861-16e8-434e-b6ca-296d2f7969e5,national_id,b80a82a2173b2b732cccfb7ee6f30cf2,SA,verified,,1,2025-12-25 22:55:57,2026-01-03 23:38:22,system_auto,,2025-12-25 22:55:57,2026-01-03 23:38:22
6ee0a912-173c-408c-a44b-931f23a9fbd5,6a08917c-ee43-4130-bcdf-25ed2b9c9fb4,national_id,910aa74f30064134e3b5afb91969fef5,EG,verified,,3,2024-12-18 17:38:26,2025-12-15 22:42:02,manual_review,,2024-12-18 17:38:26,2025-12-15 22:42:02
86e36ab1-4c68-46f2-be02-22c3ea78f678,e05d2bdf-fc10-4de0-9274-e87d403b12ad,passport,3c28a4344c21a8012dd14b5b9b08a889,AE,verified,,2,2026-02-09 05:29:58,2026-03-05 10:33:31,system_auto,,2026-02-09 05:29:58,2026-03-05 10:33:31
6fff9e86-34e4-4c92-ab48-bf9c5faf91f6,3c3b93a8-5698-49a4-a2e9-661f8015bbae,national_id,c629cfc4735f9a149ac6b134f4b0a5fe,SA,pending,,1,2025-07-31 21:28:26,,,,2025-07-31 21:28:26,2025-07-31 21:28:26
367b7b85-893d-410a-bbb0-84595dba3ef2,525e129f-ad13-4065-9b80-a2c25375c86d,visa,caa43285e8cf29529073fa45b8684615,AE,verified,,2,2025-05-14 02:07:44,2025-06-15 10:48:37,system_auto,,2025-05-14 02:07:44,2025-06-15 10:48:37
a7efc619-349b-482a-bfb2-99f7be73227a,380c5b3c-4785-4eec-b3ab-4f7a2e024124,visa,4ace0f3225589c3d4245d6ac54312011,AE,verified,,2,2024-09-13 09:19:20,2025-01-28 14:25:08,system_auto,,2024-09-13 09:19:20,2025-01-28 14:25:08
4bfd4831-39da-4182-a080-293faad78a2a,0863ae79-4937-4099-a26d-e57d50c6f918,passport,8516b8a15ae8858f2c4ff000a55b0c33,EG,rejected,information_mismatch,2,2026-03-02 22:08:47,2026-03-04 03:26:34,manual_review,high_risk_country,2026-03-02 22:08:47,2026-03-04 03:26:34
ced7291a-860e-4865-b94b-eb33b4c05f5c,0c0596e7-06a7-41ef-99f3-ec020dae02b1,national_id,d2f06c6fd953dc4f2f3e15a83685d0e6,SA,verified,,1,2025-11-17 04:12:49,2026-01-10 15:49:45,manual_review,high_risk_country,2025-11-17 04:12:49,2026-01-10 15:49:45
396468b9-f7cd-45f3-9a5f-984469e0e0a6,b4fb38a6-3af8-484e-af88-27fcf7b4c2b6,passport,b1fdad238aa5cf93f36d8aa6f82b96c6,KW,verified,,1,2024-12-03 17:42:43,2025-12-20 16:09:14,system_auto,,2024-12-03 17:42:43,2025-12-20 16:09:14
e8cef068-a949-4eda-9d10-7bf6ca311b2d,93f9ee11-0080-4afd-a135-5cfdfabdd0b0,emirates_id,ea0309e1000131ddf1d58f772622be3f,AE,verified,,1,2026-01-21 17:00:43,2026-02-25 04:32:29,system_auto,,2026-01-21 17:00:43,2026-02-25 04:32:29
ed11f6b8-6b0e-4962-ba26-52a08068a70c,596bdafd-3c85-4c4f-bcac-ed9b71a50701,national_id,b77e0fc2dbeb5514b618907ea2bf4f93,EG,pending,,1,2025-02-21 15:23:29,,,,2025-02-21 15:23:29,2025-02-21 15:23:29
218f0b65-1f34-4aec-96ba-dd84c04f31e9,5917b2a9-af1e-42c6-997d-2eb44a0040d4,national_id,e0758f7a5704c5d6ff8c45d33e71e3e8,EG,pending,,1,2025-08-26 13:24:36,,,,2025-08-26 13:24:36,2025-08-26 13:24:36
c358c39a-6987-4d7e-b18c-5363e72a2977,8933ee94-1558-4826-aff7-9408e86a297e,passport,06588ffbe4fb0b59cf360948553c9719,SA,verified,,1,2025-09-25 20:32:08,2025-12-21 05:37:09,system_auto,,2025-09-25 20:32:08,2025-12-21 05:37:09
09214c32-3085-4282-a4e6-d487c00a38bc,2e5bbb64-29dc-46c2-9e8d-dddf3676700c,passport,ce17d584cb40d01b21dca52d85f80b18,EG,verified,,1,2025-10-09 16:44:34,2025-10-26 16:25:17,system_auto,,2025-10-09 16:44:34,2025-10-26 16:25:17
39551c11-6dc5-4f50-931f-c1afb86e36c0,55c9f6a3-72c1-4993-8f5f-d52d251a4b8c,visa,72df91955e2f2176640c8a9c0d2fb3ac,AE,verified,,1,2026-03-08 23:59:27,2026-03-09 04:24:36,manual_review,,2026-03-08 23:59:27,2026-03-09 04:24:36
854142d9-5dc6-4063-bdad-51114bf8775c,51b0941b-8333-46c7-a212-ba6db8ce18be,passport,0891c1996922384d16d1900f11b576e9,SA,verified,,1,2024-01-12 05:21:48,2024-02-20 01:35:35,system_auto,,2024-01-12 05:21:48,2024-02-20 01:35:35
af41461c-4079-40a3-9298-4c41b9b4276e,9c7f84db-3141-4ee9-9ec7-ddd29e151ed0,national_id,3e26684280c88327b21b26a3784fa96e,EG,verified,,1,2025-02-22 00:26:15,2025-04-08 21:24:25,manual_review,sanctions_check,2025-02-22 00:26:15,2025-04-08 21:24:25
7689136f-f9cd-4d66-86f7-2a9388fcded8,43990b65-8278-48dc-9dd5-96b663138ed1,emirates_id,5f3f793ebb29b79a22c161557b984896,AE,pending,,1,2024-03-17 21:23:12,,,,2024-03-17 21:23:12,2024-03-17 21:23:12
ef79b9b1-a92f-48c6-9394-f634ddeda25c,8386d830-ae19-4d5a-a39d-c1e87892b966,passport,11f16033a71417514beb19132e69d3e4,SA,verified,,2,2024-10-26 07:29:23,2025-06-02 14:18:38,system_auto,,2024-10-26 07:29:23,2025-06-02 14:18:38
e6c86171-6adb-4623-8f09-94ad1f3352e3,96d0440e-5e47-4969-943a-6eaa9ec5969d,passport,72fbbb8ff6d320c91a290c8e06111b11,KW,verified,,1,2025-08-13 00:34:16,2026-01-18 15:00:21,system_auto,,2025-08-13 00:34:16,2026-01-18 15:00:21
cc9686a1-6212-456d-a56a-34e88523109d,029a070b-4781-4288-8bcf-cf0f41849ed6,iqama,3b35aca9911f23b5ebc0cef3f0cc1e0b,SA,pending,,1,2025-11-13 06:14:57,,,,2025-11-13 06:14:57,2025-11-13 06:14:57
dba56fed-dd69-4ed9-a1f9-6d15d5f47cab,39a367a7-1619-423f-86cc-3d53a0a2edc6,national_id,fb0d55265999f99f759c6c815e1bf442,SA,verified,,3,2025-08-22 17:04:15,2025-09-03 21:05:18,manual_review,,2025-08-22 17:04:15,2025-09-03 21:05:18
c6041b53-7371-43b6-bf5c-572215b4919c,d8fca2de-7a18-4145-88a6-e660efc58c7e,passport,4c396df64af4f8a6746d65d3962f16a9,AE,verified,,2,2025-02-25 09:26:18,2025-08-14 16:43:47,manual_review,,2025-02-25 09:26:18,2025-08-14 16:43:47
9af4fd73-cd40-426f-b78d-2567547813c1,40dc1b36-06c8-4bc1-a9d7-8c9767e0b411,qatar_id,722ca19374fdce0cc5cbbf3d683aaa12,QA,pending,,1,2025-12-18 03:27:00,,,,2025-12-18 03:27:00,2025-12-18 03:27:00
064ce62d-eccc-4551-8edb-ae4949c210e0,09a02265-aa8a-437e-a69f-f2b95561bfc9,national_id,c9b3aab66b0a54ec842929f4cfefde63,EG,verified,,1,2026-02-08 06:15:49,2026-02-26 00:07:59,manual_review,,2026-02-08 06:15:49,2026-02-26 00:07:59
2d5e2de4-0551-4e14-bdec-059ac4fbedfe,19fde24b-e7dd-476f-ac33-1ea120df2968,national_id,deddbb1e7a7c045118f5588ae2bb153b,EG,verified,,1,2026-02-27 22:38:44,2026-03-08 11:41:30,system_auto,,2026-02-27 22:38:44,2026-03-08 11:41:30
fffda30e-e73b-405b-8c3e-4bdf41921813,2d183a01-d058-4983-9e51-8e65cf275fa7,visa,2ee7eed47b1377b8de70a83cd6cbb472,AE,pending,,1,2026-01-28 20:47:48,,,,2026-01-28 20:47:48,2026-01-28 20:47:48
f04608cc-ad13-438c-9a46-3a8fc91471b0,b15e5c0f-3574-411b-b034-dcf3a86a5a7e,iqama,8e52f9a60a4f78b90e32540f11f02737,SA,verified,,1,2026-02-03 04:25:37,2026-03-08 21:32:09,system_auto,,2026-02-03 04:25:37,2026-03-08 21:32:09
266710ad-a21b-4fc2-93dc-f4f4af1a1afa,4465cf90-cf65-4438-87c8-375e184cff08,passport,a4216d94ca06f8e1cf43514cd9dc954d,EG,verified,,1,2026-01-02 09:28:06,2026-01-11 06:06:13,system_auto,,2026-01-02 09:28:06,2026-01-11 06:06:13
f37a19cf-0781-4a7f-92df-48014bb6a976,cee9a9f9-ebaf-4088-8393-a68119a58694,national_id,2f8b91c7b561f8730f0457b7494d3102,EG,verified,,1,2025-10-01 21:14:54,2026-01-23 10:40:13,manual_review,,2025-10-01 21:14:54,2026-01-23 10:40:13
9dff9534-1df8-4296-931e-b1c66ed06b7b,023c89b0-c430-4ee6-9910-d8ae8fc7e9ea,passport,1db1c5d14abc2e9253c64df6441cf54e,EG,verified,,3,2025-10-16 22:12:19,2026-01-01 02:55:21,manual_review,,2025-10-16 22:12:19,2026-01-01 02:55:21
f833d2f8-9df6-426a-ae62-4052d4aeb310,38120f52-844a-42b2-b801-d61a83d75d43,passport,f1a431d7fc2f609258a55bd1e75a0682,KW,verified,,1,2025-03-06 08:25:12,2025-08-02 19:17:51,system_auto,,2025-03-06 08:25:12,2025-08-02 19:17:51
aac6234b-bc85-4911-9eec-fc0bf078a7be,d2a10b72-2a2b-4821-81ce-8a7beae44596,iqama,633c68e001a35a8ab89f6a3524e8ea09,SA,rejected,suspected_fraud,2,2026-02-03 09:30:18,2026-03-08 15:33:00,manual_review,,2026-02-03 09:30:18,2026-03-08 15:33:00
11b2f018-7686-4537-9639-84000482be9e,ba58e1c9-e221-4fb7-986d-c9e0f463c97e,qatar_id,2898b9dd784683749339277e22a808d2,QA,verified,,1,2025-05-28 07:06:40,2025-09-07 19:16:20,system_auto,pep_match,2025-05-28 07:06:40,2025-09-07 19:16:20
e65167c8-e1b4-4220-afc3-618f3c11ac32,8a8a961c-ef85-4f91-b952-d84d5272fce9,qatar_id,e6afd5a4f54291aa47e3700f9b7f4d74,QA,verified,,2,2024-04-11 17:29:51,2024-11-16 09:02:20,system_auto,,2024-04-11 17:29:51,2024-11-16 09:02:20
1dba81a0-0ce9-4c25-9edc-82f226952550,8dc9cc94-7dc6-42e1-ae0e-25e14c3e254b,iqama,72b4fc5bbcc5ee4f9f967c350462a165,SA,verified,,1,2024-10-13 06:30:14,2026-02-11 17:51:09,system_auto,,2024-10-13 06:30:14,2026-02-11 17:51:09
28f56f5a-780e-4ce9-859b-35f1afe33c5e,b84c8c95-53e5-49aa-81aa-7774b009e507,passport,0de99d11b84d986ef8bd78956edd0b23,SA,verified,,1,2026-02-21 16:07:50,2026-02-26 17:17:59,system_auto,,2026-02-21 16:07:50,2026-02-26 17:17:59
4557e6d7-6920-4b0e-b56e-737d722d4063,3e2ced41-079a-46eb-9ce5-13fe0548842c,passport,437c414342e5b86049a41502565d6f99,EG,verified,,1,2026-02-11 16:37:38,2026-03-02 15:28:50,system_auto,,2026-02-11 16:37:38,2026-03-02 15:28:50
0f27de4e-637f-42b9-8a5d-22410896546b,9fe716fd-39d9-42ec-ae49-c487f4cbe972,passport,922ed816cc3c7bddba5b9a9c2695c269,SA,verified,,1,2023-12-13 03:00:04,2025-03-21 07:16:01,manual_review,,2023-12-13 03:00:04,2025-03-21 07:16:01
8cc9ab32-7573-4bca-ae2f-6afbaf9e9d26,bab6b04d-4f6f-499e-8c1a-21a59330f95c,national_id,538ae27de769aafa3ac652532318fb85,EG,verified,,1,2026-02-10 11:27:54,2026-03-01 09:05:45,manual_review,,2026-02-10 11:27:54,2026-03-01 09:05:45
980aa064-a385-4f44-8130-f9e28e55f6b7,da515910-f17d-4bcc-a887-0b977dbd9489,passport,8ae9b0103c4937bfc34241722887639e,KW,verified,,1,2025-01-21 05:17:21,2025-05-03 15:56:28,system_auto,,2025-01-21 05:17:21,2025-05-03 15:56:28
8b34240e-1fc1-4a23-8684-efd17980a586,fdfe0663-da70-47cb-b017-c8c402797087,iqama,8576888a1f26c7846141dcccd91da2e4,SA,verified,,1,2025-06-21 11:43:05,2026-02-09 09:20:18,manual_review,high_risk_country,2025-06-21 11:43:05,2026-02-09 09:20:18
820cb848-0dd8-419b-b7a0-352e804563a0,7d88d8c1-1e7b-45c5-b80e-8dbd7efd9d00,passport,4c25cb9cebb76136da9e12cf0c7e7824,QA,verified,,1,2025-07-27 03:35:54,2026-03-08 14:18:43,manual_review,,2025-07-27 03:35:54,2026-03-08 14:18:43
de2b732f-37df-4972-ac3f-4012f1a8399f,92bb03db-6e9e-4d3a-ada5-859e29e925a9,passport,52d5abe914d1873ebbc7b90404be2998,QA,rejected,document_unclear,2,2024-06-02 21:49:26,2025-10-16 00:43:54,manual_review,,2024-06-02 21:49:26,2025-10-16 00:43:54
a378ae4a-6746-4378-ac42-f4639cab93f7,983374a9-fa0b-4cac-8510-5ea00acf4f92,passport,01dafdb7e132f8d5bf344fd5ded034cb,SA,verified,,1,2025-12-22 16:03:21,2026-01-30 05:29:39,system_auto,,2025-12-22 16:03:21,2026-01-30 05:29:39
232500c7-6da3-48aa-b8e8-cdd351cf3b74,4f9f4287-1088-4dc4-a998-0d5ffcdf49b3,iqama,415120566e3a818645844871ab3bbff0,SA,verified,,1,2025-05-22 21:18:01,2026-02-04 19:54:33,manual_review,,2025-05-22 21:18:01,2026-02-04 19:54:33
2b735a34-9283-47ad-bf27-1473d7032041,0fb2b47d-6492-4b16-986c-a33a95345dce,iqama,5a9c4de82c3b905f0aa90bf74b56c9ec,SA,verified,,1,2024-09-26 03:09:10,2025-08-10 20:32:33,system_auto,,2024-09-26 03:09:10,2025-08-10 20:32:33
1c72a5ea-64fd-459e-999f-bde1dac253c4,79509e25-be20-41ef-9d21-bc14e44ded1c,passport,6d2e73c494ed604272081ed266e79807,EG,verified,,1,2025-11-17 02:52:27,2026-03-03 15:39:47,system_auto,,2025-11-17 02:52:27,2026-03-03 15:39:47
37d7fb63-7eb8-48ac-b5a9-40706d103484,035ced32-91d8-40b4-bec2-ea17be7ca93c,passport,8338caf7dce9f49d08ed82ff02910e3e,SA,verified,,1,2026-03-01 19:54:58,2026-03-04 00:01:40,system_auto,,2026-03-01 19:54:58,2026-03-04 00:01:40
68e93cc4-3e1d-4257-aec9-57cfedde0ddb,31bae564-e08c-4b81-90a3-c40cac31f9d1,national_id,e1b4a815d37c99e18bde0a70fd4f53f1,SA,verified,,1,2026-03-07 14:51:22,2026-03-08 06:54:57,manual_review,,2026-03-07 14:51:22,2026-03-08 06:54:57
fdd1de60-a333-4209-aedf-00dff5d36dd3,14926170-3b97-404b-a7d7-5f916ccc26ea,passport,e73d999bc31088313ced45048261a4e5,EG,pending,,1,2026-02-15 16:13:52,,,,2026-02-15 16:13:52,2026-02-15 16:13:52
8b8900f8-ad99-459b-9b5d-e0af4cc195d8,9795bf68-1f45-4326-b220-edf9abdd085d,iqama,eb692ae9577e91e7ad10b38bd55faceb,SA,verified,,2,2026-03-09 03:55:30,2026-03-09 06:30:04,manual_review,high_risk_country,2026-03-09 03:55:30,2026-03-09 06:30:04
88f0114a-bfc2-43fd-9b3a-0c632cbfe5a4,f1cad000-1201-47af-a6d5-54a6ee56f658,passport,8eed9f505de3889c1b17b1f1b3d145bc,AE,verified,,1,2024-03-20 23:25:32,2024-09-22 06:31:04,system_auto,,2024-03-20 23:25:32,2024-09-22 06:31:04
a22919bf-1687-4683-ba78-aeedf7ce0257,9909e703-7643-4f96-9f00-2e65d28a95b1,visa,027dab6efc2f9054e431e537ea5089f1,AE,verified,,1,2023-06-30 15:45:52,2025-12-06 14:08:32,manual_review,,2023-06-30 15:45:52,2025-12-06 14:08:32
d12f174b-72b8-46b9-a9f4-7af0f1bb8240,22ebbfe6-53b8-490b-b73a-971b0bd8998e,passport,64668cb8db80da445b45f51aa4c9580a,SA,verified,,3,2025-11-01 16:34:21,2026-01-06 18:50:37,system_auto,,2025-11-01 16:34:21,2026-01-06 18:50:37
2f9d60d2-b470-4eb8-a17c-487db284393f,6490c583-6e90-4875-8001-317ac6d975a1,iqama,be627c7d07f2a157f935a9807baff6df,SA,verified,,2,2025-06-15 15:36:39,2026-03-02 23:40:18,manual_review,,2025-06-15 15:36:39,2026-03-02 23:40:18
1c39ed79-bd2a-4328-829a-942bd2a611ef,5659c88d-1f20-430f-9e99-52b0eab5cb90,passport,2af15892e5b910908bcc29c95f39473e,SA,verified,,2,2026-02-24 23:55:13,2026-02-25 23:17:58,system_auto,,2026-02-24 23:55:13,2026-02-25 23:17:58
fc6d6fd8-e860-40ad-a3cd-143baf6d10b4,8dadea0e-7555-41db-941f-97efafa148ab,visa,ff961318050a7d23727def78f16fe43d,AE,verified,,1,2026-01-17 03:51:49,2026-01-25 18:26:52,system_auto,,2026-01-17 03:51:49,2026-01-25 18:26:52
e7e27847-c70e-4fa0-af35-bff6361cc56c,8324a3d9-d328-4777-a04d-0bb51194f9e0,passport,ae1db60176d3c811ec8bd1700e9dbd4c,EG,verified,,1,2025-05-27 15:22:13,2026-01-03 20:40:58,manual_review,,2025-05-27 15:22:13,2026-01-03 20:40:58
50af273b-0bde-4a72-8479-9f24ca69968a,b8b2e5fc-b52b-4ef7-874b-cfc21124d94e,national_id,c1420c3ca0849003a9dedad532426203,EG,verified,,1,2025-12-25 15:46:32,2026-01-21 02:04:34,manual_review,,2025-12-25 15:46:32,2026-01-21 02:04:34
398c6457-0a8e-433d-baa1-f7e31c9439cc,11f64f72-94ad-49e7-bb29-4e0ba4e8dfd9,civil_id,de66c0e6a0f26a08d0ca225490d0eb6d,KW,verified,,1,2024-11-16 03:48:35,2025-01-11 13:31:41,system_auto,,2024-11-16 03:48:35,2025-01-11 13:31:41
3985d981-b801-4e02-b899-d77e4c164fbc,006bb2bb-ee6f-4405-b797-ae68476dca29,iqama,249e9a9f03abb1310e78e8dd631227ef,SA,pending,,1,2024-07-14 01:07:04,,,,2024-07-14 01:07:04,2024-07-14 01:07:04
9188c43b-e1e3-47cf-ab6d-d87da3a2efbf,cd6cac3f-bafb-4691-a744-499d976482b4,qatar_id,f113d267d5e059c042895df62309df0e,QA,pending,,1,2025-07-07 03:39:32,,,high_risk_country,2025-07-07 03:39:32,2025-07-07 03:39:32
2e1586ac-3238-4f12-bcc0-907fe014d557,c346f363-c11a-4ed0-bf64-25949c2c660a,emirates_id,9715a2ea89c1e1c756c3f8fb5d31a3b8,AE,verified,,1,2024-07-05 17:22:00,2026-01-09 04:03:00,system_auto,,2024-07-05 17:22:00,2026-01-09 04:03:00
126b6334-93c9-4095-b3b3-9bd33d6eb375,d80f6980-56e9-4433-83ed-315992a9e400,passport,,EG,verified,,1,2026-01-05 14:25:22,2026-02-08 16:15:54,system_auto,,2026-01-05 14:25:22,2026-02-08 16:15:54
c482a354-07b8-4cf9-bde2-2e7741ae8ad8,9dab281b-835c-4800-ba27-62a89affac11,passport,9e7c521a0d857c0571b0eb5c84ed41e4,EG,verified,,1,2025-11-23 15:47:44,2026-02-18 17:14:52,system_auto,,2025-11-23 15:47:44,2026-02-18 17:14:52
3c061e0c-8c9c-4b1f-88c3-ee0d7f11ffaf,184a385a-9619-49cb-9d31-63d23cdbeffe,civil_id,7511d05ef2aa9cda3e272d9a58464e1d,KW,pending,,1,2025-03-04 08:45:51,,,,2025-03-04 08:45:51,2025-03-04 08:45:51
d3b096fa-d38e-495c-8be7-cabff91b66e2,0cf534b1-57dc-40a8-8a61-a1decc550ac8,national_id,5ec5600fb1b6d9610f6a42c4d07fd903,EG,verified,,1,2024-08-26 15:26:13,2025-10-01 03:26:54,system_auto,,2024-08-26 15:26:13,2025-10-01 03:26:54
abc53367-fec2-495f-ba52-e60e5b432959,fe28e782-7e02-49f4-b28e-5ae295b6ba59,national_id,81158556897a7836e92c3774d1302996,SA,verified,,1,2025-01-10 01:55:23,2025-04-19 11:28:13,manual_review,,2025-01-10 01:55:23,2025-04-19 11:28:13
cbdca39a-c471-4b41-ad24-94ccb0d37279,5d746a3b-d9f1-4520-aa9a-aa3e89ac6b59,passport,a7ed5386f53ceb29ee1cd9eb49f54d5c,QA,verified,,1,2025-10-13 21:24:31,2025-10-23 03:42:45,manual_review,,2025-10-13 21:24:31,2025-10-23 03:42:45
46b4699c-b1fe-4769-b296-be69db16d4aa,267ffe2c-c7b2-44cf-8902-a843764b1e4a,national_id,b2da3acaf9245a85bd297f76161b420d,SA,verified,,1,2026-01-10 03:22:00,2026-02-27 12:41:00,manual_review,,2026-01-10 03:22:00,2026-02-27 12:41:00
2af0ade5-eb3c-4a8e-bb48-52189e68c232,aa635df2-76a1-4ac5-9072-4d57aaebb2e5,emirates_id,e433c0501babbbdc0c6f3109edd68f1b,AE,verified,,1,2025-01-29 15:40:20,2025-11-09 05:15:01,manual_review,,2025-01-29 15:40:20,2025-11-09 05:15:01
b60bd2c5-1cf9-46a4-905b-b41e99b1b8b9,1cc12c3b-46e2-40ba-b109-d27897fe26e6,iqama,57bd160be6836927c94a0e4ea33b20b3,SA,verified,,1,2025-07-06 03:52:54,2025-12-05 15:13:46,system_auto,,2025-07-06 03:52:54,2025-12-05 15:13:46
12877319-9166-48f9-9cab-bab85606909d,a3ccfc50-0a57-4ddd-80c3-8577d8055140,visa,9f822f38dc8d4aa43c1381dfd1e06f46,AE,verified,,1,2025-08-21 03:55:31,2025-10-12 05:15:07,system_auto,,2025-08-21 03:55:31,2025-10-12 05:15:07
776e1d99-5f6a-45f5-a6a0-12abec87a255,1f9402e9-fbfb-4a46-ad40-aab717fa141c,passport,64bbd3fe3214d2cf6e59aa4f49e931d7,SA,verified,,1,2026-03-07 19:09:28,2026-03-09 07:07:13,system_auto,,2026-03-07 19:09:28,2026-03-09 07:07:13
e4d237ba-a648-4649-a0cc-833890923489,efcf509b-1903-4f0b-8fab-b2ea2c625e5f,passport,d64500cd7152599f0cdb007371410fc2,EG,verified,,1,2025-07-03 16:26:12,2026-02-24 15:03:38,system_auto,,2025-07-03 16:26:12,2026-02-24 15:03:38
7c88da7d-d76c-42a9-9724-3a0e555f5898,eee31a90-03bc-4a61-9f1d-42feccb5e29a,passport,a35e8899892baae041532f72eaa6a5b6,EG,verified,,1,2025-07-08 15:44:56,2025-10-29 11:04:35,manual_review,,2025-07-08 15:44:56,2025-10-29 11:04:35
3e54c457-205f-407c-be09-312f5c9fff64,3779745a-25e8-48f3-ad32-8a7bc0597e9a,iqama,d30070b25bf8a3c4d4245945c73a6b59,SA,pending,,1,2025-08-19 18:59:06,,,,2025-08-19 18:59:06,2025-08-19 18:59:06
c5a32578-5b07-468b-92e9-8730eb69c799,e572085a-08f9-4450-9452-79b71ede5491,emirates_id,cc9479456d12e254ff8284a8abc21fab,AE,verified,,1,2024-05-27 21:13:27,2025-08-19 04:13:12,system_auto,,2024-05-27 21:13:27,2025-08-19 04:13:12
35c8a153-71f0-41c2-9cf2-565a4062f993,82fc5ebc-53d3-456b-8404-1fba76c52c77,emirates_id,b40c2821dbd10761ca710649c3c4ac44,AE,rejected,incomplete_documents,2,2025-12-29 23:15:28,2026-01-17 13:31:24,manual_review,,2025-12-29 23:15:28,2026-01-17 13:31:24
1a652019-caa8-43ae-89dd-01ab81a29204,0af853cd-64e2-4c46-86ef-8e43f46af5c1,national_id,ab1dcd877ea118e9517fc14a53200627,EG,verified,,2,2025-06-13 18:32:56,2025-12-27 05:57:21,system_auto,,2025-06-13 18:32:56,2025-12-27 05:57:21
dfb2f426-c98c-4730-adb3-5040c63e8690,aff1a1aa-77b6-4636-8858-cf2524ac177c,passport,0cefbb3739063b0962153bb2c53efa1f,EG,verified,,2,2024-02-03 03:29:51,2024-03-07 15:23:34,system_auto,,2024-02-03 03:29:51,2024-03-07 15:23:34
408ec693-40af-495b-886d-b16a2ec07cf0,ff1c21d0-0ed0-46dc-83c0-78a423ab5edc,visa,f698ca2e46e9e657c1590a697726fc70,AE,verified,,1,2025-12-30 14:50:37,2025-12-31 01:26:43,manual_review,,2025-12-30 14:50:37,2025-12-31 01:26:43
335e9a44-59ac-4d5c-9b0f-5b2beb865acd,ab1b572e-9b89-49d5-ad9d-2d10f76b3184,passport,cec4f403e761a27be0e0f598c5aa03e9,EG,verified,,1,2025-06-23 03:39:14,2025-07-23 02:31:35,system_auto,,2025-06-23 03:39:14,2025-07-23 02:31:35
a506644e-c06b-4b0c-99b3-3209d1bee8d1,2f989c66-a6cf-4b73-9fcd-a07f5c4bb4e0,national_id,9a99e1181392b8bd6c72b6af981e6cdd,EG,verified,,1,2024-05-31 10:28:30,2025-05-24 05:21:47,system_auto,,2024-05-31 10:28:30,2025-05-24 05:21:47
cff80621-b4c5-4107-910a-be268175ede5,ee9e2051-d7a6-4a17-aa02-fe66ef049ca5,iqama,6355b8a2f905500e3d90d95509e341e4,SA,verified,,2,2025-08-29 10:19:08,2026-01-28 17:09:39,system_auto,,2025-08-29 10:19:08,2026-01-28 17:09:39
ef1d8386-4d7c-4894-853d-fb6d8f628751,d1e20767-8ee8-4661-9d2e-4527d4db3eec,passport,d3d20ffe76708aea3506b852e31522a8,SA,verified,,1,2025-11-27 18:04:19,2026-02-01 09:35:37,system_auto,,2025-11-27 18:04:19,2026-02-01 09:35:37
7bab41d6-30a3-4f37-bff4-987e8301a4fc,d39ca56a-ae65-4150-a750-e1702d515add,passport,038cc165fd01ad0787d5cae2b700c1b1,QA,verified,,2,2024-07-07 04:30:13,2025-05-08 18:17:39,system_auto,,2024-07-07 04:30:13,2025-05-08 18:17:39
8bbda700-98d6-4942-9cf2-1f0de649cfac,b2f4d961-9b9c-4c6d-bb7c-7e759d0bedbf,passport,8374109b192176eee61aab97dec1e683,EG,verified,,3,2025-02-05 18:13:56,2025-07-16 10:20:35,manual_review,,2025-02-05 18:13:56,2025-07-16 10:20:35
ee37d885-cd8b-4580-8952-1b9b02b5d181,df5dea6e-46a8-4782-a21a-345a61aa3130,passport,1a93c2f04d687112fe30464ce63b6d17,EG,verified,,1,2026-01-10 13:01:49,2026-02-13 19:58:25,system_auto,,2026-01-10 13:01:49,2026-02-13 19:58:25
1fecccb0-c262-4175-bb8c-004f6ed55f94,7a51bb9e-67c8-4399-b06d-5f3ebf177cc5,passport,dc55bce8ca784f032e63625d36e52ecf,AE,verified,,1,2025-02-07 09:05:44,2025-06-05 06:32:45,system_auto,,2025-02-07 09:05:44,2025-06-05 06:32:45
8ad0c659-2104-4f83-8148-7b6154c8661c,5ff5dd2b-2aa2-4ce8-9f62-4eab31411181,passport,df1edc5601fb10a21c4b18612c04a435,AE,verified,,2,2025-05-06 20:11:54,2025-09-19 04:56:20,system_auto,,2025-05-06 20:11:54,2025-09-19 04:56:20
00f1c9b2-8943-44b5-8e57-5d32dfbd0356,d61af336-76d7-4fd9-a64d-1a8c6cba32fd,passport,7657755e4242e0ac6b54e04f674cc79d,EG,verified,,1,2025-02-22 00:24:46,2025-04-21 23:10:28,system_auto,,2025-02-22 00:24:46,2025-04-21 23:10:28
2871caa4-70b6-49a7-a179-8bbfeffdc44e,a2b5e04c-094a-4e69-b715-f278dce19204,visa,6fda21e96c170ab08c5183aab36c7b42,AE,verified,,1,2023-12-29 19:27:32,2025-02-28 12:57:09,system_auto,,2023-12-29 19:27:32,2025-02-28 12:57:09
cfb023d3-c559-4efa-a8a2-6a3897d2c168,462ea0b5-7459-4728-8899-97500037a677,national_id,099b1d2769507c33425350055bccab8b,EG,verified,,1,2026-01-31 22:34:37,2026-02-09 14:14:44,system_auto,,2026-01-31 22:34:37,2026-02-09 14:14:44
6066db59-a9bb-4893-a3b7-6642c6c0088b,f0d5151d-7b30-4ce9-9595-9e2327f27c61,iqama,,SA,verified,,1,2025-03-27 10:53:47,2026-01-09 22:41:29,manual_review,,2025-03-27 10:53:47,2026-01-09 22:41:29
05c1c91a-d768-4c4f-bb4d-6b75028c3cff,6681cfa7-35ee-4c1c-be93-f8412c93fa37,national_id,90bb1cfcf01027edcc40d35571ced60f,EG,verified,,1,2025-09-03 23:17:35,2026-02-27 08:11:46,system_auto,,2025-09-03 23:17:35,2026-02-27 08:11:46
2c52da13-deb3-440c-a7be-2924113b1b95,42a327b3-413f-461d-8fbe-762c97155f48,passport,4e2305bee838850e6997049b2a64b88c,QA,verified,,1,2024-07-19 11:33:34,2025-02-25 12:19:52,system_auto,,2024-07-19 11:33:34,2025-02-25 12:19:52
1fa248b2-6ee8-47c9-b595-8c1d8b6629a9,e0340ee8-833a-4224-98d0-495ff3c5ca8e,passport,30f538cad6fa5e726aae3905e030826e,KW,verified,,1,2025-08-07 17:55:40,2026-01-21 21:34:23,system_auto,,2025-08-07 17:55:40,2026-01-21 21:34:23
a3f74b1b-9403-416e-b24b-181fcbfcd208,f511589f-a5c2-418e-9b94-7457535dfffb,passport,95cdbb1f48a559c1389d357fa38abbfb,EG,verified,,1,2026-03-05 15:01:24,2026-03-07 22:59:18,manual_review,,2026-03-05 15:01:24,2026-03-07 22:59:18
56c76c20-c9d0-4775-beae-60d7cf4e91dc,4c1d5fdf-d5f9-4ad1-b417-0db4d494cbb4,passport,11a9320ff67027f69d6ce85f5896677b,AE,verified,,1,2026-03-07 23:53:41,2026-03-08 06:54:28,system_auto,,2026-03-07 23:53:41,2026-03-08 06:54:28
9c70f3b1-0d76-40bd-83c5-d7efdc14d737,490dd998-40e7-415f-ad25-f8ab6eef7e9d,passport,7e480caba94c4bdd56f8ffcecf65a58d,EG,verified,,1,2025-09-17 03:32:37,2025-10-16 15:28:17,system_auto,,2025-09-17 03:32:37,2025-10-16 15:28:17
36262229-ef1a-4257-bc2f-2d00f35eae98,ad01f222-12b1-47c2-8b23-102f2bae28bb,national_id,86b457acbf6fefc185c3569e1fafaf07,SA,pending,,1,2025-10-05 12:57:53,,,,2025-10-05 12:57:53,2025-10-05 12:57:53
aabff20e-d70b-43b4-9a62-75945c8baedd,2e57e34e-e9fd-4647-aee5-a17cc225ab87,civil_id,a279897d154d99cfb407ef84f9eba4c3,KW,rejected,face_mismatch,3,2026-02-09 04:56:16,2026-02-12 19:03:31,manual_review,,2026-02-09 04:56:16,2026-02-12 19:03:31
400fdc0f-67a6-465a-8ccf-828bfea9766c,7dbf605c-f722-4e5c-a4d4-c5cf742fdc19,national_id,43a1afda6ea97435ac2f863d48e47833,EG,rejected,face_mismatch,3,2025-09-23 08:27:26,2025-10-16 06:49:00,manual_review,high_risk_country,2025-09-23 08:27:26,2025-10-16 06:49:00
04a37789-906b-4160-9a98-7fe3029f5312,da787497-e7a7-44dd-94d4-c801290c61a9,iqama,09c0670088a697091a3b8a422dc05c68,SA,verified,,1,2025-09-04 11:16:10,2025-12-15 14:25:19,system_auto,,2025-09-04 11:16:10,2025-12-15 14:25:19
6dbee889-af82-42b6-9197-419b63a6250a,16872f91-706b-41da-b896-e4754c858176,national_id,9686c1e49b9ee12d32f9a1dfc8b86587,SA,verified,,1,2025-11-07 23:32:52,2025-12-17 10:35:47,manual_review,,2025-11-07 23:32:52,2025-12-17 10:35:47
2c23fc20-4d22-4075-a86b-06f93b82c7ef,70ac243d-3054-4c94-b056-42901b1e9d5f,national_id,764f07180f0cc582fd625845f0a06dce,EG,verified,,2,2025-07-03 23:35:40,2025-09-04 12:11:14,system_auto,,2025-07-03 23:35:40,2025-09-04 12:11:14
e130ec75-f435-40fa-b1e4-43c48735699a,694b785d-38c8-4557-8c34-e8b7e5aa24b2,passport,147c53d9c19469ecae01956cdb65b941,EG,verified,,1,2025-08-31 12:21:17,2025-11-19 19:42:07,system_auto,,2025-08-31 12:21:17,2025-11-19 19:42:07
c5a68871-262f-4083-9d4b-1b3d5ec8409a,1095fb40-165a-4518-8559-6d7b603eb3ee,emirates_id,fed5f3c6c1179de9d0fbc17f0214bb0d,AE,pending,,1,2025-03-28 17:11:47,,,,2025-03-28 17:11:47,2025-03-28 17:11:47
8de586df-9a27-41ef-832d-2edd785f58fb,81675af1-a30f-4626-b4bd-64c323480a56,emirates_id,ca98a03983fdd77070e316b0de3a71a3,AE,pending,,1,2025-11-30 23:36:13,,,,2025-11-30 23:36:13,2025-11-30 23:36:13
6e22850d-90e2-412c-8e21-5a859417a347,5a11819c-7f89-48a8-8b9e-09f148dda0ed,passport,597bd5644c2b2cc83c0cfd10a5e77c0e,EG,verified,,1,2024-06-07 08:42:09,2025-02-28 19:32:02,system_auto,,2024-06-07 08:42:09,2025-02-28 19:32:02
f0057111-28c2-494e-8652-12ca3d450f17,3dd4eb17-22af-42e6-ad79-60637a76da35,passport,e49a688d1ceb3f3128ea584502bf33fc,EG,verified,,1,2025-08-20 10:31:08,2025-12-22 05:15:43,system_auto,,2025-08-20 10:31:08,2025-12-22 05:15:43
df716dc9-3e3e-430a-83c6-958c1258a13a,6c5fab71-2289-48f5-b5ac-66c69122b7c3,passport,2cd525d63bf61af5f02ff918c558abcc,SA,verified,,1,2025-03-26 06:23:47,2025-11-11 01:13:25,manual_review,,2025-03-26 06:23:47,2025-11-11 01:13:25
928ff0c1-a603-49ac-ba70-870b58c74862,e5ce0656-216f-467c-b962-a49430bf4fd5,passport,866a44ae14a192ef14aada8d4c5070fa,AE,verified,,1,2024-12-26 11:19:05,2024-12-28 14:57:54,system_auto,,2024-12-26 11:19:05,2024-12-28 14:57:54
a14c8894-8ca1-4cd8-8f3f-321d604c3223,3d455120-f3f4-438c-a333-88f9c9770166,passport,645e1fdee9bb74a51140c93b5a9b7c32,SA,verified,,1,2026-01-14 07:19:31,2026-02-19 01:31:01,system_auto,,2026-01-14 07:19:31,2026-02-19 01:31:01
a55709bb-76b0-4965-a797-61ae44821e31,db26a01d-762b-4e1d-a7f5-b3c47ffd7937,national_id,ceddf20e8855d64c080cf2915dc1b52a,SA,verified,,1,2026-02-11 14:50:10,2026-03-01 15:30:25,system_auto,,2026-02-11 14:50:10,2026-03-01 15:30:25
093cf3ab-e360-43d4-b1be-ed45633e5885,be97971c-a194-49c2-97d9-fd3b1e2984a2,passport,6f05a64f021f67b83380b25150d610ce,QA,verified,,2,2026-02-15 01:16:52,2026-02-20 00:39:37,system_auto,,2026-02-15 01:16:52,2026-02-20 00:39:37
103990eb-427e-425d-b997-deb32efc3d69,143cca8f-e91c-4468-ba1b-0e3e82adb5f8,civil_id,b4d1d3bef7c318a57fdb987889c7a355,KW,verified,,1,2026-01-01 02:44:34,2026-02-26 22:44:41,manual_review,,2026-01-01 02:44:34,2026-02-26 22:44:41
20dab1fd-af84-4d2b-97b0-4ab8aa484ec5,3c829917-67d3-4ace-b278-ff8df67ade05,emirates_id,f43e3dd3a66d87c6d9d45c39d6696b77,AE,pending,,1,2025-02-13 03:19:07,,,,2025-02-13 03:19:07,2025-02-13 03:19:07
9eb4c5d8-c042-49be-ab72-7117f75100c3,a3b3bcf7-981f-49dc-881a-c92f3fdf49e4,passport,9ea9cf8cdfe7f64278d78cf4f2bbfea3,SA,rejected,face_mismatch,1,2025-12-06 20:47:49,2026-03-07 04:25:22,manual_review,,2025-12-06 20:47:49,2026-03-07 04:25:22
57ee4af0-b215-4696-8503-d7d326d82a33,aaf39ec1-40ac-4c2f-95f8-b28f54204018,passport,4109dc927c1642b7e0cdd2a92ac25f4c,EG,verified,,1,2026-03-02 23:06:45,2026-03-03 03:24:58,system_auto,,2026-03-02 23:06:45,2026-03-03 03:24:58
348f8a72-4ecb-4cfa-b406-3e2fae4986b9,34d7038c-863f-448d-bb4f-41dbcb9e7bbc,passport,b1ba33a62f0147b0d083b725c6b55386,AE,verified,,1,2025-07-12 22:01:51,2025-07-19 05:29:39,system_auto,,2025-07-12 22:01:51,2025-07-19 05:29:39
e3e21390-bbd0-4d16-9f0a-91fabf261451,b17e845c-d453-42e2-8ca1-3ec44ae1f3ce,national_id,4a6fe60c0a28ef3cbccfe7bc3667b1a9,EG,verified,,1,2025-06-09 05:47:50,2025-11-01 16:52:57,system_auto,,2025-06-09 05:47:50,2025-11-01 16:52:57
2852b07d-9e15-4255-8c36-2c2164688933,7f81ac79-04f6-4126-9dc6-565657c2afc1,passport,522b34acce9b4e166ec5fb2adc9935a4,SA,pending,,1,2025-10-12 10:48:03,,,,2025-10-12 10:48:03,2025-10-12 10:48:03
5c659caa-2a0e-4efe-94cf-337a543d2167,cfe9af36-fad4-4ea5-9e5c-92828572f687,passport,5c05361236db064324cb98f20497894c,AE,verified,,1,2026-03-08 20:14:12,2026-03-08 20:46:21,system_auto,,2026-03-08 20:14:12,2026-03-08 20:46:21
e5906e17-8ef0-4afd-b6c1-59a0ce465534,d6787ad6-66e3-42b9-bb67-eb2755372507,visa,ceb81163446d851017ec9cbb14b81c0b,AE,verified,,1,2024-11-20 11:03:15,2025-09-19 10:09:07,system_auto,,2024-11-20 11:03:15,2025-09-19 10:09:07
e3ac01ab-391f-41c9-9f66-f3e7f39c61cb,2dc94679-b510-4f85-92a6-f102e095f2eb,passport,c07c24c9aae209b0fb5102ba48aeab61,AE,verified,,1,2026-01-15 05:35:43,2026-01-26 04:17:05,system_auto,,2026-01-15 05:35:43,2026-01-26 04:17:05
6b84bec2-6255-475a-aa3f-ce243b38720f,6872f645-0673-43da-9ea2-22f5e1e361e8,passport,0efb1604a4d97cf5320791e3c26f5d97,EG,verified,,1,2023-09-28 20:30:18,2025-09-15 23:51:45,system_auto,,2023-09-28 20:30:18,2025-09-15 23:51:45
8e37ca30-0cfb-42d2-a568-a6bf86c00132,360816a7-253c-41da-84dd-38dceb6fa054,national_id,8c745a37998a1e0c15921659f2f2d292,EG,verified,,1,2024-09-27 19:54:24,2025-02-02 22:46:24,system_auto,pep_match,2024-09-27 19:54:24,2025-02-02 22:46:24
c70d03ef-3e72-432f-a674-f10ce0b2684f,c018f761-5ad1-4991-a84e-04f5cbac0fee,emirates_id,5117db7fde0aa710fb138b4829e28b9e,AE,verified,,1,2025-08-26 23:59:35,2025-10-31 07:00:05,system_auto,,2025-08-26 23:59:35,2025-10-31 07:00:05
82c3001f-9ecc-4491-9449-7abb8c1674da,f8181c0c-930a-44ce-905c-98ca3f907629,passport,a60275a0ff9737066527414064934aa0,SA,verified,,1,2025-07-10 06:04:27,2026-02-24 18:45:25,system_auto,,2025-07-10 06:04:27,2026-02-24 18:45:25
4190a4c3-d13e-4b73-bdf7-3c5c4383f51e,3afaed0f-25c6-4808-977f-efb0157938df,passport,95317f03eff7cbebc51769bc2b773b8e,EG,verified,,1,2025-05-24 06:59:14,2025-08-08 13:04:31,system_auto,,2025-05-24 06:59:14,2025-08-08 13:04:31
f52abc48-586b-4e5c-b93d-5b5279df12d3,85277796-c4ff-484c-b5c0-3dd8a1d66cee,passport,39c901cdc3b1d2d6b88601dc4390d5b6,EG,verified,,1,2025-02-25 23:07:26,2025-09-29 22:28:40,system_auto,,2025-02-25 23:07:26,2025-09-29 22:28:40
a244f08e-442b-4f35-a9d3-0c0ee862ba47,ed41d254-13bc-4459-82ad-d90c25f492f8,passport,b4c382e4c8a0e3537b9ae45936594f2a,EG,verified,,1,2025-07-02 07:09:12,2025-09-30 03:00:09,system_auto,,2025-07-02 07:09:12,2025-09-30 03:00:09
994c80df-9288-47a6-92df-f190d5ca1b5b,166787d2-3c61-4398-84f7-6500b97621dd,iqama,14e1bc5eec150e0a24674e531aaf6bb2,SA,pending,,1,2025-12-04 02:38:23,,,,2025-12-04 02:38:23,2025-12-04 02:38:23
694b607d-495c-4ac2-b8aa-d63745eed1d2,46c44bd5-7b75-49ff-bbef-c2a2266a1da9,visa,0adb21b3eba592167ec11ffee46d587f,AE,verified,,1,2025-07-23 07:27:45,2025-09-28 14:44:03,system_auto,,2025-07-23 07:27:45,2025-09-28 14:44:03
517b972a-425d-449f-a2ce-5543e8388602,53dc757c-5577-4b6d-84c8-aaa89a20eae3,national_id,4ddf686ef28c0dba7d5eb798cbc7268e,SA,verified,,2,2025-11-12 09:00:08,2026-01-16 11:23:20,system_auto,,2025-11-12 09:00:08,2026-01-16 11:23:20
93f7bbe3-3725-4dae-b642-d7b234844bba,258267ff-789e-46be-b34c-eb37aa63cd70,national_id,91a9f32c7d85397f99a7052144ee714f,EG,verified,,1,2024-08-05 00:44:29,2026-02-12 11:20:38,manual_review,,2024-08-05 00:44:29,2026-02-12 11:20:38
4667f0a9-e33b-430c-95b4-17e82b862dac,3b46cf47-82cb-4e88-94bd-eb964baf7172,passport,eb81830dcaeef8396cc5a1f2602bea02,EG,verified,,1,2024-11-16 16:49:39,2025-02-02 23:34:53,system_auto,,2024-11-16 16:49:39,2025-02-02 23:34:53
8d189f2a-117b-4443-8c4c-315f07cdc501,b576841c-5200-41b2-b562-f02b15ec9779,passport,d6089532c5913ca41fd9557a9ebe5fbb,EG,verified,,1,2026-03-06 21:32:17,2026-03-07 12:31:01,system_auto,,2026-03-06 21:32:17,2026-03-07 12:31:01
d49ff985-a387-4f13-92ca-1e833eaf67f9,4e7197e4-5c79-4ba2-9815-333e5fdb9206,qatar_id,d269f7e97f8dd5016a9b39b998ff1ada,QA,verified,,1,2026-02-18 00:40:06,2026-03-09 09:46:40,manual_review,,2026-02-18 00:40:06,2026-03-09 09:46:40
d22ec533-5d1f-4b26-aa87-229548110c41,c9432547-a0e1-43f9-9816-74dc843ce1b0,passport,9b99457de6bbcf831f92694fb3d2cc38,EG,verified,,1,2025-06-19 00:56:23,2025-12-10 09:38:41,system_auto,,2025-06-19 00:56:23,2025-12-10 09:38:41
d7e6d12d-6545-4cae-a7c4-d9afbb39f7d2,c22a5b6d-fd4b-4091-9463-1fd9d577efa8,national_id,08412d68b97db1896ac058d8edb4b5d2,SA,verified,,1,2025-02-21 18:24:22,2026-01-30 21:07:07,manual_review,,2025-02-21 18:24:22,2026-01-30 21:07:07
531cfb3d-a155-4899-a0c3-f41d075ba0bc,9e56fcbe-4796-4409-ab13-a01057046619,passport,ddee74c14936540a25e5f99ecb33aa22,AE,pending,,1,2025-01-21 23:39:39,,,high_risk_country,2025-01-21 23:39:39,2025-01-21 23:39:39
87abb4da-a310-4492-a2e5-78954368b0ee,ef104b37-ab88-425f-ac23-b10b1a2a7099,passport,c32c5fd183ff43a3d2426d6667bc56e7,EG,pending,,1,2025-08-21 01:02:06,,,,2025-08-21 01:02:06,2025-08-21 01:02:06
f7a2b627-b0e0-406f-9dae-9d1062c9c352,e15b4cfb-b938-4cd7-ac9b-c5d4636318d3,national_id,dd07ad75af0d9332b3189206cdc64d97,SA,verified,,1,2026-02-19 10:42:07,2026-02-27 21:45:08,system_auto,,2026-02-19 10:42:07,2026-02-27 21:45:08
f8952fd4-dbb8-4fd7-babf-f2639fe5f809,cec9b502-e80b-41aa-be45-729b5dfbb77e,national_id,de90c04578d485ae6700ea28954a3235,EG,pending,,1,2025-07-08 00:18:58,,,,2025-07-08 00:18:58,2025-07-08 00:18:58
397b66e6-3f1c-4d67-882b-f2c0a82bbb41,d891924c-d1f6-4a93-a849-cd36b83f5874,national_id,4126eb972599edde83a5646c998d542b,EG,rejected,document_expired,2,2025-12-18 10:54:52,2026-02-11 03:35:17,manual_review,,2025-12-18 10:54:52,2026-02-11 03:35:17
98c20b7d-e653-4136-b9e5-c4ed7837c05b,8a014b35-3055-4748-9b0b-c51587b49996,passport,93bc7018704fd61ff11a1b944b840d66,SA,pending,,1,2025-12-08 00:21:59,,,,2025-12-08 00:21:59,2025-12-08 00:21:59
53f2bf60-359b-4f1a-a1a2-923bda0780d7,c046c812-1536-4bcd-97e2-e33e0cd0eea1,iqama,669913af181eaaa28eb7c11de904708d,SA,verified,,1,2025-03-22 09:49:49,2025-12-10 16:34:34,system_auto,pep_match,2025-03-22 09:49:49,2025-12-10 16:34:34
e52b4967-d5da-46c6-b901-d1418dace316,ba90e89e-6167-492d-9ad4-5803c9a97a5b,iqama,f321c3044374d0ed572b676fb2edfff9,SA,pending,,1,2025-12-23 08:23:59,,,,2025-12-23 08:23:59,2025-12-23 08:23:59
c7850f79-a79e-44a6-8fc7-f788c0a0472f,c31c637f-c77b-401a-9773-15a6f838ff2b,passport,d4f9908906e9565b68fd66820aebf4cd,EG,pending,,1,2026-01-24 08:04:35,,,,2026-01-24 08:04:35,2026-01-24 08:04:35
4f754b4c-baa7-4487-964e-3719f2766fde,c28725fb-5f63-4d28-8690-efd7cccb935c,national_id,f54e04fac47bdf474f627882e958ac1b,SA,verified,,1,2024-12-06 19:08:20,2025-10-26 10:24:50,system_auto,,2024-12-06 19:08:20,2025-10-26 10:24:50
8f78af09-c955-4234-be1d-1da94d22af18,cf4eeec5-4dd8-466a-bbc6-fad23533cb74,passport,c5228f7772828a8f7a13488906832aa3,KW,pending,,1,2024-08-12 12:40:02,,,,2024-08-12 12:40:02,2024-08-12 12:40:02
c223a009-6e53-4c86-a95c-e1e2b10320a5,c6c4fde2-36b4-48d6-9022-1328cacde280,iqama,a533b1fafd11e5076dbac6d6792f445a,SA,rejected,document_unclear,4,2023-10-30 14:03:35,2025-09-26 09:41:38,manual_review,,2023-10-30 14:03:35,2025-09-26 09:41:38
b63c5ce7-e41e-4025-8da9-c8f66957a03b,2bc3f632-07c6-4171-b568-dc4773f886bf,iqama,5ebc8b651a3e426d5c4ed90d07e8efd5,SA,verified,,1,2026-02-17 17:40:33,2026-02-26 11:05:16,system_auto,,2026-02-17 17:40:33,2026-02-26 11:05:16
b6db3cff-4fdd-4ab9-8034-e2cc46230137,093f8947-397e-45bd-964d-0841140dcb6c,passport,78ad135b64bf96bbfcc989cb83dfe009,SA,rejected,information_mismatch,3,2025-11-13 12:14:08,2026-02-21 05:01:59,manual_review,,2025-11-13 12:14:08,2026-02-21 05:01:59
285b24ff-3f12-4449-b4cc-ffb27191502e,c64160c2-8922-4565-bca5-1c8f0153380a,national_id,db72d48272f3eadd353991fa5ee5d61c,EG,verified,,1,2026-03-03 19:11:36,2026-03-07 15:22:08,system_auto,pep_match,2026-03-03 19:11:36,2026-03-07 15:22:08
2621fbb7-c679-4f7d-aae9-ebd309438af3,8f15b158-08cd-4e6b-9b1b-ce9b33096a9c,passport,214603f13008bcc3390ab5173e915d16,SA,verified,,1,2024-12-18 09:15:46,2025-04-15 16:40:48,system_auto,,2024-12-18 09:15:46,2025-04-15 16:40:48
e28b5200-925c-4c26-aa7b-6534d5a9b584,dc164038-fee4-4f4b-8c51-154d0f4fc0c4,national_id,81bb6d9b307cf2cd8505f6da1a87b9ca,EG,verified,,1,2025-07-04 01:33:19,2025-10-09 13:09:10,system_auto,,2025-07-04 01:33:19,2025-10-09 13:09:10
b0627e46-0fd7-4bf6-82b1-57d82b64394b,02b86c2f-ec67-4d77-82eb-c7605f72ef86,passport,95d3e1f86fcbc6d5454b3d64023b8bb7,EG,verified,,1,2025-09-01 06:40:26,2025-09-21 22:18:48,system_auto,pep_match,2025-09-01 06:40:26,2025-09-21 22:18:48
170a8eb8-47c9-4979-aa9d-6f6e228f162a,bf5ed946-7528-425f-b5fd-19873180341f,national_id,31a9ef52a2244b6245449c1babd9d64f,SA,verified,,1,2026-03-04 05:36:00,2026-03-05 08:39:40,manual_review,,2026-03-04 05:36:00,2026-03-05 08:39:40
c767c4cd-c85a-4634-bd40-de810a34c187,626d4c0e-ed86-425f-a397-cea18d8b0a66,iqama,8c96a28073e536ed2c7a6d7bb1ac1029,SA,verified,,1,2025-03-21 12:35:37,2025-09-04 13:03:52,system_auto,,2025-03-21 12:35:37,2025-09-04 13:03:52
0f08bb76-7618-4a24-ad11-8d8bc0e7814b,3e9d54a1-cff5-4b7d-936f-77cdb501aaa6,passport,cd610370434dd03eae61961de09662e5,EG,verified,,1,2026-02-26 07:55:04,2026-03-05 19:30:06,system_auto,,2026-02-26 07:55:04,2026-03-05 19:30:06
99365d26-a995-4ff2-b82d-7888de3de1ee,a11e3ea3-2068-4bc7-9eb7-bcadbbb26647,passport,78143e967f851c094aeec2972d025684,EG,verified,,3,2026-02-19 09:08:03,2026-03-02 06:14:20,system_auto,,2026-02-19 09:08:03,2026-03-02 06:14:20
a0a371f5-fe20-4463-9b56-4599aadc8e4c,3b454def-0660-4f25-bbe7-9e4f73bcd66f,passport,9702e2cdaca088902a4605556a7d0dc9,SA,verified,,1,2025-08-07 10:53:38,2026-01-25 06:36:31,system_auto,,2025-08-07 10:53:38,2026-01-25 06:36:31
0deb41b3-d34b-4970-9865-040114ec0220,1ddbb425-85fe-4fa5-a790-17b473f59a0f,national_id,8491666cbeb0ec7bc557d80d879967d1,EG,verified,,1,2024-09-28 06:06:57,2025-06-04 22:11:36,system_auto,,2024-09-28 06:06:57,2025-06-04 22:11:36
183fcdda-ee55-4fb2-aa50-7e432aa86024,72967dfc-ddb7-41d5-b1b0-149439d56256,national_id,8bbdfb42750140b8285472ebec5af387,EG,pending,,1,2025-09-02 08:22:48,,,,2025-09-02 08:22:48,2025-09-02 08:22:48
771656a5-5841-491c-9477-f2e1bacf3ff3,98e82bfd-4a65-4800-ab0d-d8e250f0ddd8,passport,fd1e8d400e2e5bbf0fe5c5e9b51738a9,SA,pending,,1,2026-01-13 19:55:20,,,high_risk_country,2026-01-13 19:55:20,2026-01-13 19:55:20
45850207-efa7-4001-b080-01df58a2c592,41a09323-b825-4c35-addc-6140c06a8cc1,national_id,eacb7b13f791e235bc6bf02895ab6943,SA,verified,,2,2025-06-05 17:04:51,2026-02-17 09:01:19,system_auto,,2025-06-05 17:04:51,2026-02-17 09:01:19
a483295a-2d36-48f3-a283-fe1f07770227,0253804d-c179-48cc-82b5-ae3c9d667b1f,national_id,,SA,pending,,1,2025-11-11 23:08:32,,,,2025-11-11 23:08:32,2025-11-11 23:08:32
eeb3bed7-3bff-41cc-931f-f59c926a78a6,daf158bd-1189-40d0-b2e8-85fe9d71e49b,national_id,e45f40afa5ba6193a8e01ca55fc54657,SA,verified,,1,2025-04-16 12:25:26,2026-01-31 22:03:04,system_auto,,2025-04-16 12:25:26,2026-01-31 22:03:04
28b18e74-e19b-488d-83b4-1bc4f5dfd5a2,0628c969-fa3f-459f-8216-c01191e3303a,national_id,64f62915374921dd9054b82c34f9ce7b,SA,verified,,2,2024-08-25 06:21:11,2025-07-29 10:15:39,manual_review,,2024-08-25 06:21:11,2025-07-29 10:15:39
2d091f09-d4b5-4131-90b3-286c0434002d,be3a8637-1c45-411f-aaf7-88893aef4c9f,national_id,f189e701821679a807f7982db8767408,EG,verified,,1,2026-02-16 08:31:15,2026-02-17 11:22:56,system_auto,,2026-02-16 08:31:15,2026-02-17 11:22:56
d24cf9e1-7f8e-41b8-8f6c-b17e11e778c9,cc31a7ba-ac69-4936-9c4e-cca04ee56de2,passport,66fbca21fd3eb8e6fcd3d424fbf97a1e,AE,verified,,1,2025-04-20 16:32:11,2025-07-19 18:50:29,system_auto,,2025-04-20 16:32:11,2025-07-19 18:50:29
ee0175db-ceb5-4c56-8048-6729b6139eed,c6311fd6-4867-4768-94f8-3cc8f051dab6,passport,a2097b98b2d2fa23e50009793b02bd01,EG,verified,,1,2023-10-08 13:30:50,2024-11-08 06:18:24,system_auto,,2023-10-08 13:30:50,2024-11-08 06:18:24
4fd277b3-5e92-42c3-9cdc-863268febfdc,f01add32-8f1c-4e67-9a94-576ac5492f5c,passport,ab6edf1db83c2f26e0cdbf737a33ebe6,EG,verified,,1,2025-10-30 07:33:38,2026-01-13 03:49:56,system_auto,,2025-10-30 07:33:38,2026-01-13 03:49:56
ee9ce434-5312-4de2-b0d2-2b39daf76597,cc7a92ed-dc5f-4514-9fc5-69ddbb02556c,national_id,a8bb8415b0165209bfb6a17288351cb0,EG,verified,,1,2026-01-12 02:29:20,2026-01-23 19:20:55,manual_review,,2026-01-12 02:29:20,2026-01-23 19:20:55
81319571-2901-4541-8139-13386e17bc5d,48501fc4-5422-41ce-8179-e088138a9916,passport,0bfd55004a81d423a36f412ab0aec2c5,KW,pending,,1,2024-12-30 22:44:10,,,,2024-12-30 22:44:10,2024-12-30 22:44:10
0004a159-14d6-4929-9943-4dd0aa667107,45856839-851d-4784-b467-89b3e76be9e3,civil_id,69d13965be92c3ccb285dd0ce400fccf,KW,verified,,3,2025-05-27 22:08:45,2025-09-12 18:55:55,system_auto,,2025-05-27 22:08:45,2025-09-12 18:55:55
446718f3-7e35-4308-90ab-f2b84be9a24f,d594817b-b223-4479-84f5-6bc2049e7073,passport,39b15256ef9bd733cd49279f0f50f5b5,EG,verified,,1,2025-02-18 16:20:54,2025-10-05 05:29:38,manual_review,,2025-02-18 16:20:54,2025-10-05 05:29:38
55ff8160-b720-4714-819f-f51d7ef54b0d,25edb3be-bda4-4c4a-9ba3-ce7cf14e2d11,visa,cc87013c55950972aa67dd86e19bd0b4,AE,verified,,1,2025-04-25 12:45:07,2025-12-09 19:31:10,system_auto,,2025-04-25 12:45:07,2025-12-09 19:31:10
c660f4db-3150-4673-b3fd-e844693a7ccd,7e06f200-d04b-47db-89f7-3287d554dde7,national_id,340eea917fd49f05b5153a3156c277c6,EG,pending,,1,2026-02-11 05:51:40,,,,2026-02-11 05:51:40,2026-02-11 05:51:40
016d26ab-bf24-4771-bad5-025edd43cc33,8749ab62-6243-4d06-aea6-c1fd32f7d4e9,iqama,97b57b99babdf1b9f17fb1af7e5173fa,SA,pending,,1,2026-01-04 04:06:38,,,,2026-01-04 04:06:38,2026-01-04 04:06:38
4457abbc-ebf0-4fe6-82b0-c2be9c697ebc,a5975656-c6ad-4482-95d2-c437502d3d6a,passport,2bd17695144017deb0a94c6b88e5f513,SA,rejected,information_mismatch,2,2026-01-13 14:48:29,2026-02-12 13:55:44,manual_review,,2026-01-13 14:48:29,2026-02-12 13:55:44
4cea8f4b-2b5c-4dd4-9d5f-81aebfddde90,7f81895c-fd09-4a8f-9a5a-47be1f592aa8,passport,be804d1cc6565be1f2543de40cf4d177,EG,verified,,1,2026-02-03 20:12:26,2026-02-19 03:20:58,system_auto,,2026-02-03 20:12:26,2026-02-19 03:20:58
ba382e07-5be6-485d-9acf-c7d3ff999bba,3a5a1bf0-5581-405f-9079-b5229cfc1104,passport,59da77f2dbfb27aff968b8155b9bdb04,SA,verified,,1,2025-11-17 12:43:46,2026-01-15 16:41:57,system_auto,,2025-11-17 12:43:46,2026-01-15 16:41:57
0d20f380-e7e1-46e8-8f2e-fb9a3f972240,a5d46cbc-278f-4dbf-af06-eae4ab87893d,qatar_id,494eb10a0679c0248cf15e8b3f0ca46f,QA,verified,,1,2024-11-26 14:13:38,2025-11-30 16:44:04,system_auto,pep_match,2024-11-26 14:13:38,2025-11-30 16:44:04
db0ae872-900f-4d2f-a835-c49fa04ac378,d29edcdc-df95-44c8-873f-b473e9602e66,national_id,8720d0d120f1f304d4baee9a75874ea4,EG,pending,,1,2024-02-22 17:32:33,,,,2024-02-22 17:32:33,2024-02-22 17:32:33
bf31bf60-276a-40fe-9128-9baafd335aad,e5dd3bd3-6ddb-47b8-8240-7cdbc6b08a17,national_id,96eca3a08b5c1f3bb87c4821da2c24fe,EG,pending,,1,2025-04-01 17:45:49,,,,2025-04-01 17:45:49,2025-04-01 17:45:49
ebdfcbe0-bc82-4657-9f88-0b6abc6f592e,001b9628-73ab-4424-8d6b-6d8ccae21c89,national_id,6a4ac472062a9e6b1d3a9c185470226c,EG,verified,,1,2026-03-02 15:18:32,2026-03-07 16:50:06,system_auto,,2026-03-02 15:18:32,2026-03-07 16:50:06
b102b2f2-278a-47a9-b8a0-534e8ea28b35,3c234dd5-e9e5-4cb8-8471-99597f97f63e,national_id,6fa82479a7191dea3609fc3ecdea7264,EG,verified,,2,2025-09-09 17:15:48,2026-01-17 17:59:17,system_auto,,2025-09-09 17:15:48,2026-01-17 17:59:17
ab643816-f9db-4711-94e5-00ebd8976a22,7298c72d-9bf5-4cb2-89c2-ea560f2f1283,visa,c8d014f1100941a02aeae5026c1d1f48,AE,pending,,1,2026-03-06 05:41:39,,,,2026-03-06 05:41:39,2026-03-06 05:41:39
f7e29797-b489-4375-a167-90ce7d3f01a3,7cd04544-7a08-4204-968b-f48195634308,emirates_id,5fee27c437a62e33546772741ed7e313,AE,verified,,2,2025-07-10 23:14:56,2025-08-30 11:13:29,manual_review,,2025-07-10 23:14:56,2025-08-30 11:13:29
7807f1d3-b5d6-4370-9553-8135149ae418,ffe35f6e-2150-4453-ab16-aecd64dc5c26,national_id,696d184e653257c550f646e0adf1f40d,SA,rejected,face_mismatch,2,2024-06-27 15:07:29,2025-02-14 13:06:52,manual_review,,2024-06-27 15:07:29,2025-02-14 13:06:52
13096397-0f17-45d5-8063-195a6e415a58,b3493bb6-1e02-44b5-9317-3969479abf6e,national_id,74a6ebb5c500a37e8e1bd425417f1242,SA,verified,,1,2025-02-08 13:20:16,2025-07-07 03:18:16,manual_review,,2025-02-08 13:20:16,2025-07-07 03:18:16
6b9edd86-c0ee-4933-a5db-c12e8fa30d00,fa7d0250-8692-4b3f-a3a1-1f99f4b0b3fd,iqama,a1fcd59cd8ce20c47d812a771cdd7a87,SA,verified,,2,2026-01-31 16:16:46,2026-02-04 02:44:14,system_auto,,2026-01-31 16:16:46,2026-02-04 02:44:14
a8663408-475f-4fbb-8fc3-5a1b33aacff6,62418a34-cb1e-43fa-ae65-4a7acbed205b,national_id,ad35c74f20c462164f78cb6f123070fc,EG,verified,,1,2025-04-14 06:48:44,2025-09-27 20:17:45,manual_review,,2025-04-14 06:48:44,2025-09-27 20:17:45
488f0a89-ba3e-4084-ba17-18a9c39606d0,4001d67f-ebec-48bd-b8d7-e271a0b612fb,passport,ffe3ea21a133b2aa714d9e473c75d1cd,SA,pending,,1,2025-02-22 20:28:24,,,,2025-02-22 20:28:24,2025-02-22 20:28:24
73ddb821-e526-4a88-9113-932d8cfc40b6,a9d3c417-d956-4934-9b8b-42841862781d,passport,e4c1a361d228b72c275bd2b7e65ccd58,QA,verified,,2,2026-02-17 08:21:37,2026-03-01 01:42:54,system_auto,,2026-02-17 08:21:37,2026-03-01 01:42:54
cc101194-ef8e-4bae-99ab-2e6691df3282,3643de6c-60a8-4e1d-861d-9f8fe2a794ce,passport,6d82a3bbdda95af3485420516da432bb,EG,verified,,1,2026-01-29 06:59:52,2026-02-15 03:50:11,system_auto,,2026-01-29 06:59:52,2026-02-15 03:50:11
4fdab57a-5b24-4b71-892c-cf7a8091f9e1,cdef5631-eb95-46da-9cee-d136c2812861,passport,50f22c370f18b2c53a846411fcca0f37,SA,verified,,1,2023-12-23 07:51:49,2024-05-25 21:15:04,manual_review,,2023-12-23 07:51:49,2024-05-25 21:15:04
f7bf6791-91e7-4b61-b484-1e1d5cb36b4c,91d9ede8-7f21-4057-b5b7-400bea406228,iqama,43bfa59546611f26ef30e9e0479f1ee9,SA,verified,,1,2025-11-03 17:05:10,2025-11-13 17:08:38,system_auto,,2025-11-03 17:05:10,2025-11-13 17:08:38
2517458b-0031-42e3-9e46-052951c44d09,2724e57c-8d1c-4018-82a8-56b9aa2f96f1,emirates_id,275dd944e1215f40c8ef4d8100545510,AE,verified,,1,2025-08-10 10:29:56,2025-09-27 10:19:34,system_auto,pep_match,2025-08-10 10:29:56,2025-09-27 10:19:34
23fa0fe8-e886-408a-a496-7deda8dd8ea0,19441b15-c6f1-43b9-a8b6-e41ae3e460ee,passport,5c7cf6228596a10b6ea230112947b302,SA,verified,,2,2026-02-26 07:21:04,2026-03-01 04:32:54,manual_review,,2026-02-26 07:21:04,2026-03-01 04:32:54
adad5f19-f977-4083-bc47-067c1ac99c95,29ec0c00-4763-4da2-8978-09dd8bf24da9,national_id,437ec8a98699c18f3180f47bc24eefe7,SA,rejected,face_mismatch,3,2026-03-06 07:01:11,2026-03-08 04:48:21,manual_review,,2026-03-06 07:01:11,2026-03-08 04:48:21
bb39b990-b7c7-42d3-b235-ebf61d642ea4,30439880-d1d1-42a7-b74c-871cac5bdeb4,national_id,7a3bff38cd456370a21811c0c5130352,EG,verified,,1,2025-08-25 04:42:55,2025-12-19 13:42:25,system_auto,,2025-08-25 04:42:55,2025-12-19 13:42:25
e9d0138a-3c1d-4626-a751-e6c56a849e5e,41cd5dff-5c88-4792-8043-0018f7229012,national_id,c34da47d77b91aabe771040c75b9804c,EG,verified,,1,2025-12-05 05:19:22,2026-03-01 00:48:18,system_auto,,2025-12-05 05:19:22,2026-03-01 00:48:18
17cabe4b-0afd-4d4d-8816-059b076c0c30,a57adb4b-0e82-4a41-8ea8-43440997e1f7,visa,d39d650995cdcb0f773d43e81037a050,AE,pending,,1,2024-06-24 21:06:03,,,,2024-06-24 21:06:03,2024-06-24 21:06:03
8e500f51-4bdd-4aba-a5de-83891b99c81e,21652980-9687-41f2-af19-cc11b3cddc4a,national_id,b95c07975014e3e1b67badaec444195d,EG,verified,,1,2025-09-15 04:04:37,2025-11-29 02:06:51,system_auto,,2025-09-15 04:04:37,2025-11-29 02:06:51
348cd07c-5978-4e5a-8ac4-555633e48faf,322744f9-2923-47d3-bc43-6f4caf61da9d,iqama,38ddb6a18cbf1e7b33c725479882b29d,SA,verified,,1,2025-06-25 04:17:06,2025-12-11 12:20:40,system_auto,,2025-06-25 04:17:06,2025-12-11 12:20:40
495bd014-b325-4a83-aba6-972c93137e92,8ade8990-4d0b-4c3e-a75f-efca918bba37,iqama,5cfd0020d06494264e877f31bb82453a,SA,verified,,1,2024-11-07 09:01:40,2025-11-28 07:07:41,system_auto,,2024-11-07 09:01:40,2025-11-28 07:07:41
155a5097-a6fe-4626-8a29-788d63747944,62fe0385-1132-408a-b9a8-6cb3699be990,passport,bc558eea5380f332a2b8eeca2eed3568,AE,verified,,1,2023-11-13 03:25:42,2024-01-06 19:04:23,system_auto,,2023-11-13 03:25:42,2024-01-06 19:04:23
3097431f-59e2-4af0-ad84-c183de50d4ec,5d5f58d1-22c3-4697-a190-88d22633d9bf,iqama,610c77c51162b37da4ea9703e8a55a7e,SA,verified,,1,2026-01-22 20:51:30,2026-02-25 01:38:30,system_auto,sanctions_check,2026-01-22 20:51:30,2026-02-25 01:38:30
17071ff7-a137-4082-9f64-52c10463f556,7e610cf2-14ed-47bc-9489-388ad9d3de34,civil_id,18045ac7cc37af83861b5fdad48b9926,KW,verified,,1,2024-11-02 19:56:16,2025-05-06 01:51:54,system_auto,,2024-11-02 19:56:16,2025-05-06 01:51:54
f453732c-843a-43b5-aaa0-f4923a72d733,bf54cc8b-1c40-4e32-92f3-2188f61256e6,qatar_id,7034bdf5c45e7c99ccdda0aad9c2843a,QA,verified,,1,2026-01-29 21:58:54,2026-02-18 00:33:21,system_auto,,2026-01-29 21:58:54,2026-02-18 00:33:21
9549f119-68c4-43d0-8705-2c02a21e5609,b0d92491-695e-4228-a67c-516ac48c3a54,passport,4deb439d40b52c1f72fd4df2a98132b9,SA,verified,,1,2025-05-10 00:43:29,2025-07-27 18:38:57,manual_review,,2025-05-10 00:43:29,2025-07-27 18:38:57
76581740-ac24-4bed-9697-22cb8dcdcca9,8ecad25e-8081-4de5-bf12-8cf77ed39adb,passport,fad44845ab55068f7ac9c9af7f036e34,SA,verified,,1,2025-01-07 01:23:56,2025-08-29 04:16:13,system_auto,,2025-01-07 01:23:56,2025-08-29 04:16:13
18b7d536-9199-4210-a2bd-85bcf39f0d27,40f24426-afb2-4d8a-9915-5d0aaeaf816b,passport,2121d6bc3726ed5e3ff1de2d7aaa8ff3,SA,verified,,1,2025-12-26 00:00:29,2026-02-26 17:39:16,system_auto,,2025-12-26 00:00:29,2026-02-26 17:39:16
58f0cff2-dce3-4ee0-bc40-326ca0dfcff3,4b4daf6f-3339-42c4-b41a-01b40d58bd8f,visa,fab094d431a85b7cdf4f3190feab35f6,AE,verified,,2,2025-11-24 15:36:55,2025-12-02 11:24:26,system_auto,,2025-11-24 15:36:55,2025-12-02 11:24:26
c4bfdb21-047f-45d0-9153-89be6a05fb54,16e5925c-46b2-4751-892e-dc480ae57587,iqama,e46187739cac4e74d779094b4aeeb579,SA,verified,,1,2024-12-12 02:16:54,2025-07-27 17:01:50,system_auto,,2024-12-12 02:16:54,2025-07-27 17:01:50
8ca88847-c237-432d-9191-83512c3bb989,625c4825-dcce-4fe4-802d-3fc5ed9bb292,passport,8469a546f04bb44a795eb36d5466a691,EG,verified,,1,2024-09-13 10:25:31,2025-12-17 00:36:23,system_auto,pep_match,2024-09-13 10:25:31,2025-12-17 00:36:23
b4818ae5-10e3-4a5a-986e-c6d3c887e2c6,b1ef9f6b-ab82-4fa5-9d62-6f9bfd2dc965,passport,66c94f4d64314d0bcaf4c86fab77b047,EG,verified,,1,2026-01-27 11:28:04,2026-02-04 15:19:14,system_auto,,2026-01-27 11:28:04,2026-02-04 15:19:14
ab860dce-d273-4916-9f41-6ce0c4ea3611,87f2c442-f9d9-48a2-98dd-2493f64dc850,national_id,ccb4224d4fa271a87c7c08598ba71df9,SA,verified,,2,2025-12-02 12:32:54,2026-02-04 18:48:46,system_auto,,2025-12-02 12:32:54,2026-02-04 18:48:46
3474f092-a8ef-4ff6-a7a4-35d2870fec17,72806902-36f1-48b5-85ae-339d891fe9e8,passport,c2316459bfaaf0c917f041e17ddb2e52,EG,verified,,2,2025-05-08 17:12:42,2025-07-06 01:08:43,system_auto,,2025-05-08 17:12:42,2025-07-06 01:08:43
aac472e6-be35-4796-959e-5949f28d3cc2,172e11e2-892a-46e4-95f2-9acf8d86ec46,passport,286a1fcac6ea5a7d6ed4be204a67f2db,EG,verified,,1,2026-01-05 17:11:35,2026-03-02 07:33:46,system_auto,,2026-01-05 17:11:35,2026-03-02 07:33:46
04085e83-7744-45e9-a347-4734edbab33f,1f97c87d-f38c-4b49-aac8-b302e0c556a4,passport,ae8f721124b206722a45dc0f8a4e27b2,QA,verified,,1,2023-07-31 14:32:18,2024-01-11 02:06:20,system_auto,,2023-07-31 14:32:18,2024-01-11 02:06:20
71bf6b0e-e5c6-403c-9dc9-29b1a5b8ecf0,d8ac13f2-7ee7-48ae-85cc-b3189d484016,national_id,b9b3ed137665871bf5ce3e2a6267346f,SA,rejected,document_expired,2,2025-09-26 09:57:16,2025-11-15 15:12:43,manual_review,,2025-09-26 09:57:16,2025-11-15 15:12:43
3fbe80c7-c39a-4c67-a741-d78457a09be7,170d4ec8-f12d-4edc-a908-ac67a4e602c5,passport,45d082ac8ac7c8c38e31fce13e740a28,AE,verified,,3,2025-12-26 22:20:27,2026-02-13 02:53:48,manual_review,,2025-12-26 22:20:27,2026-02-13 02:53:48
d74f04e5-0438-4cba-8337-6cf7977b74b8,154071c4-6613-419f-938d-349881edd200,national_id,f71260f20748d390cb9782c83b0fba32,SA,verified,,1,2025-07-24 11:55:18,2025-09-19 03:50:09,manual_review,,2025-07-24 11:55:18,2025-09-19 03:50:09
38e7cadc-c598-48ed-8969-432c90ebf249,04c68c13-e654-4df7-b45b-9d49a61ac95a,national_id,c6a5db9b16e8cd7ee1d470eeff506646,EG,verified,,1,2026-02-06 14:50:49,2026-03-06 04:21:24,system_auto,,2026-02-06 14:50:49,2026-03-06 04:21:24
391c2d9d-bf21-49a0-b502-8c0294ad64b1,9a9d112a-e811-4e49-a566-2082c0623f18,iqama,f5e311a3719401763bea24f880343e68,SA,verified,,1,2025-04-02 11:34:47,2025-05-28 23:35:50,system_auto,,2025-04-02 11:34:47,2025-05-28 23:35:50
2ebfb672-f0c9-4f26-b221-ddaf1a1808df,58d2b491-f815-4206-a935-969b95886b83,national_id,e52def66506285cae1f1d32959bc713e,SA,verified,,1,2024-01-28 09:26:35,2025-03-25 11:11:21,system_auto,,2024-01-28 09:26:35,2025-03-25 11:11:21
a77e3ad6-bebe-451b-978f-493d264ae61c,cff44768-7bbc-443f-8e2a-88a5d7693549,passport,ad20f1715d495c8961c754ca4cbe88a0,SA,verified,,2,2026-02-10 14:58:29,2026-03-02 14:11:28,system_auto,,2026-02-10 14:58:29,2026-03-02 14:11:28
814d8427-a03f-41ae-8e49-8f52ef58ebca,05dffd82-e5f3-4771-91d1-ae6a82aa81af,national_id,98c287946f1d7cba996f39185c20f136,EG,verified,,1,2026-03-09 10:18:58,2026-03-09 10:24:05,system_auto,,2026-03-09 10:18:58,2026-03-09 10:24:05
13884dbb-cae3-42fb-8c6a-3f9263cc1553,78bb6246-7c96-4f3c-90fb-f4bd5aedfde8,passport,e026d60d9d96f4bcd1b8d7467a932798,QA,verified,,3,2025-11-02 05:06:12,2025-12-15 05:49:58,manual_review,,2025-11-02 05:06:12,2025-12-15 05:49:58
e7283c31-7834-445c-8e41-4f90362a8a4a,18cacb12-83e8-4e56-8fe0-0683a8d13fcf,national_id,9d39e84f9c00a85e55b7ef1b143b18d1,SA,verified,,1,2025-06-10 21:00:03,2026-02-26 16:59:37,manual_review,,2025-06-10 21:00:03,2026-02-26 16:59:37
d9b481d9-3157-4971-a100-4274c30e9c4d,94948254-3eb1-45a7-8325-3b8e8df393f3,national_id,1ccdd3f10e2d90f448e61410d2d74534,SA,pending,,1,2025-04-22 22:21:47,,,high_risk_country,2025-04-22 22:21:47,2025-04-22 22:21:47
4518165a-437a-4d22-8278-4887fd21be68,3b2eceaf-6838-4ad1-a3fa-16a94e43643e,passport,bf3980988a37446e2785aee9d40e2324,EG,verified,,1,2023-10-28 08:24:31,2026-02-05 20:24:37,system_auto,,2023-10-28 08:24:31,2026-02-05 20:24:37
cf933930-a208-441c-b576-003f4ad29613,31cb4000-d215-41ea-8360-b8e60677a56b,qatar_id,ab9740ca049ba94bb4d80ad4824f3056,QA,verified,,2,2025-05-08 06:12:39,2025-06-22 08:55:54,system_auto,,2025-05-08 06:12:39,2025-06-22 08:55:54
f9d76efb-d0f1-465f-a1fa-5b7c6bed1ea8,81bf0bb1-d326-4c80-b9b8-9d444861dbb5,visa,5e7ae4cfb095208282d36cc570b65753,AE,verified,,1,2026-03-01 04:24:49,2026-03-08 04:53:17,manual_review,,2026-03-01 04:24:49,2026-03-08 04:53:17
4f0ae1c4-d104-45bb-8e24-51df71077c93,11d4989e-c140-4522-a8fb-7c4c3b59c51f,visa,8244a7e077625e67be401b600057afc0,AE,pending,,1,2023-07-13 19:23:53,,,,2023-07-13 19:23:53,2023-07-13 19:23:53
2d7694e5-d511-4ca7-97d3-0312984cee0f,d3fda395-50b6-4c5d-ab54-6c0dc091265c,national_id,270d00fc6e4011048c3bfd8118560d2d,EG,verified,,1,2025-11-10 09:31:57,2026-01-26 12:20:07,system_auto,,2025-11-10 09:31:57,2026-01-26 12:20:07
8a035768-1c1e-4a37-af18-389dd9defe49,bb7625ab-a020-4e9f-8662-b0d3bbe02203,national_id,3eb8d82ac782564c1c307ab92b68b0f4,EG,verified,,2,2026-01-20 12:36:48,2026-02-20 05:57:51,manual_review,,2026-01-20 12:36:48,2026-02-20 05:57:51
983dc961-8445-48a0-b1de-bc1496dd7527,8d98e46c-a3bb-4d4e-8729-b6ef6664a5d8,passport,c6d5b1d225c98d8f46099c1fa581b065,SA,verified,,1,2025-12-31 02:47:06,2026-01-22 18:39:05,manual_review,,2025-12-31 02:47:06,2026-01-22 18:39:05
986f301f-8f5f-4bf6-8a02-295f933e9029,baf03ca4-b564-489d-97c1-da7edd0a6f3f,national_id,0ca14d56892acbfe350b3085c946a01a,EG,verified,,2,2025-04-01 22:29:11,2025-07-04 16:34:12,system_auto,,2025-04-01 22:29:11,2025-07-04 16:34:12
e99d19b5-d854-44bd-87d7-ea916bcb356f,323ccbac-563f-479d-96bc-3b3e66c24afa,national_id,797c52a6fb1de1565ea76da720c65b7e,EG,verified,,1,2025-07-17 05:01:07,2025-10-26 12:06:20,system_auto,,2025-07-17 05:01:07,2025-10-26 12:06:20
74c716f7-dcc3-4feb-a63a-50fb56e5ab60,cabbac0f-11b4-42bc-afdb-71ad67bc901c,national_id,c5bc512834f85fabd89e77c1d0601033,EG,verified,,3,2023-11-20 23:17:10,2026-02-25 22:21:41,manual_review,,2023-11-20 23:17:10,2026-02-25 22:21:41
97dc0ce5-683d-46a4-8c70-0617c444a419,5ac01201-8bad-469c-9f4d-ce4ef8054a94,passport,040b10feb8c3d3a9f21806145420405e,EG,verified,,2,2025-03-31 08:47:44,2025-10-13 03:48:10,system_auto,,2025-03-31 08:47:44,2025-10-13 03:48:10
3f73ea1c-6f63-4c8f-b9b6-6ea1cb13af8e,238eac29-fcd4-42c8-8704-efd2827a2d7c,emirates_id,dbd6517c16146796e65bb537ec6d905d,AE,verified,,1,2026-02-28 14:37:07,2026-03-07 17:22:46,system_auto,,2026-02-28 14:37:07,2026-03-07 17:22:46
c2c1c120-a640-4918-af57-a09a356cf6c7,2356e31d-e0d7-445e-b8bb-7a7b6a3c4d96,national_id,e7959317924cd136421cbac305010a75,EG,verified,,1,2025-08-25 12:25:29,2025-10-16 16:16:51,system_auto,,2025-08-25 12:25:29,2025-10-16 16:16:51
748447d3-a8ff-4511-9944-8a73b98966a4,6be3bbb2-a279-48dc-b678-499b9e075fc2,national_id,afc4d42fdab74fe2b772726af8bc23cb,EG,verified,,1,2026-01-27 06:13:40,2026-02-05 17:40:38,system_auto,,2026-01-27 06:13:40,2026-02-05 17:40:38
7862039a-b3cd-485d-861c-a49d0f85e6b7,3ac33c5e-c922-45d3-9f15-ff0d68627f07,national_id,fa7439dc8a5cd5ef9bd146169469804d,EG,verified,,2,2025-05-27 15:49:56,2025-06-02 14:05:21,system_auto,,2025-05-27 15:49:56,2025-06-02 14:05:21
44ee85b5-ad97-42fb-a771-0d824706ec06,47c6b1fa-2939-4d13-b09e-bbde1c4d99b9,passport,1dd3970d5015dee5066cfe6ce25fb00f,EG,verified,,1,2025-12-30 18:26:38,2026-02-13 17:22:09,manual_review,,2025-12-30 18:26:38,2026-02-13 17:22:09
4cf3d356-70e5-423e-8237-7194a18a8fbe,372781b5-1586-4f55-8e0d-be05c5b51028,passport,b9347004fcaa4e85ef238d6b42b5ac85,EG,verified,,1,2026-01-25 04:39:01,2026-02-20 22:48:30,manual_review,,2026-01-25 04:39:01,2026-02-20 22:48:30
da606151-0173-40c1-b52c-bb114598dd39,fc6c4755-4f89-4455-abe0-c9d1fe15e3e2,national_id,417b0ff2d697d1befeb2a401f22caf8a,EG,verified,,1,2025-04-10 17:03:32,2026-03-09 02:30:31,manual_review,,2025-04-10 17:03:32,2026-03-09 02:30:31
3189332e-2f0c-4125-83ef-a9de26ace008,599bd27d-b38c-487f-927a-68616b307301,civil_id,9937dd204be172a4372267cf5b9c61d0,KW,pending,,1,2023-06-12 18:51:12,,,,2023-06-12 18:51:12,2023-06-12 18:51:12
8795a2de-cebf-474c-bbe1-c33596d751e0,32987ed6-0376-4110-9cb2-a8131f10f44e,passport,9d69be4a49abc2e39f724f9c3659e6b6,KW,verified,,1,2026-02-10 04:29:08,2026-03-05 22:01:56,manual_review,,2026-02-10 04:29:08,2026-03-05 22:01:56
5e005418-8c43-45b5-b42b-3da632a73917,964d1dd0-3268-45e7-a724-f0ec4fc68f7a,iqama,96b5d94440554073aad35fa2710c29ca,SA,verified,,1,2025-07-26 23:48:45,2025-09-16 11:18:27,system_auto,,2025-07-26 23:48:45,2025-09-16 11:18:27
4157656a-0205-4a74-bdd8-ecc8810e1e86,a2142d2d-7694-4c6f-80b4-f031de040ee5,iqama,6c7ac5e922ebc470f2a457947c82952c,SA,verified,,1,2025-08-09 19:14:26,2026-01-07 11:19:56,system_auto,,2025-08-09 19:14:26,2026-01-07 11:19:56
fd950ff0-c6bd-4c62-86d6-eebb6284264e,2f311261-5323-4bb3-a8bd-8c34e9cda5ac,national_id,2252d46d1a63cf68091b794fb0e75f8b,EG,pending,,1,2025-12-25 21:20:13,,,,2025-12-25 21:20:13,2025-12-25 21:20:13
70b375a6-898e-4cbe-943d-e2923042bd6c,0bdbc406-338f-4d12-9ef0-6d6c846885b3,national_id,c1e6950e464ac72c105ebb74aca4fa5c,EG,pending,,1,2024-06-04 07:54:42,,,,2024-06-04 07:54:42,2024-06-04 07:54:42
997f88d3-36cf-4500-876c-ed74689a4b28,51e577e4-c3f6-4d5a-9699-daf238b5ff42,national_id,8a0724f7371f494ffd5d10fd98e23837,SA,verified,,1,2025-10-10 15:04:36,2026-02-02 19:14:01,system_auto,,2025-10-10 15:04:36,2026-02-02 19:14:01
4f6152ba-0d31-4958-b74d-db3ad6aa4f9e,649dacbf-8891-42c2-b6e3-e96d317f784a,passport,ffaf0da1e33caa207440cfec7159e230,SA,verified,,2,2025-11-10 19:14:09,2025-11-13 02:29:15,system_auto,,2025-11-10 19:14:09,2025-11-13 02:29:15
18f07b2f-d973-4a98-9979-3eb318dbbd70,deaff3b8-2423-4de4-abc4-af04e2803a19,visa,7162953f84a88bd8509562e753d8ffc4,AE,verified,,2,2023-09-07 01:08:41,2025-01-06 05:28:20,manual_review,,2023-09-07 01:08:41,2025-01-06 05:28:20
c1ed843e-6f0c-40b1-b8a8-6f1348561533,9556b64f-b031-4a1a-be93-4be8ac7c60c5,visa,0523565a31a1d366f82a989b835ecfb6,AE,verified,,1,2025-03-08 06:45:18,2025-06-10 15:10:10,system_auto,,2025-03-08 06:45:18,2025-06-10 15:10:10
4e535f3d-74c3-4834-a03c-7eae3bf76c99,b66b3187-cfe9-4adb-8821-738c545ba517,passport,3981960ab9bdb39cb5c2fa5e4d28f5fc,AE,verified,,1,2025-06-28 22:39:43,2025-08-02 18:23:25,system_auto,pep_match,2025-06-28 22:39:43,2025-08-02 18:23:25
daaf57ca-b2ab-4dbc-ad58-06049598cb77,07222053-51eb-47be-9498-ae6c4dfcf791,visa,40ff31d28bc1ab8dc62b605ba6889c88,AE,verified,,1,2024-12-12 14:10:04,2025-07-05 00:57:05,system_auto,,2024-12-12 14:10:04,2025-07-05 00:57:05
27c4377b-2296-40b5-8283-0c1d3a61cbbf,5cd16f67-2c89-4dfd-9ce4-699f96b9b7de,qatar_id,58e41bdb16669d3a40ac1ceb1a758f79,QA,pending,,1,2025-11-26 17:22:49,,,,2025-11-26 17:22:49,2025-11-26 17:22:49
dcb14138-a43d-4533-a955-3a034a753592,864a57e4-b1f6-47f0-a608-d5ed31c9bbe1,national_id,ba1af375fdba7f848ffdfd7bb105ad8f,EG,verified,,1,2023-08-21 01:35:34,2025-03-08 22:50:28,system_auto,high_risk_country,2023-08-21 01:35:34,2025-03-08 22:50:28
5591a084-0330-4ee3-a372-9709d867ca65,8b74139e-e07b-450a-923f-0f7e1347d13a,visa,e9e007c1064ef1ab6fb130320f38a0e3,AE,verified,,1,2024-08-21 12:04:15,2026-03-04 14:51:33,system_auto,,2024-08-21 12:04:15,2026-03-04 14:51:33
9f4bea71-31be-4c87-9a2d-d2db2b0ed486,f217784c-4dce-4489-8ad9-cb9ece72525d,visa,757f8d3e43fb0bf7f003a9627dd81612,AE,verified,,1,2025-01-24 03:43:09,2025-05-26 14:47:10,system_auto,,2025-01-24 03:43:09,2025-05-26 14:47:10
9917b283-fd8c-4a24-a72d-cab635114e0e,9a5e6c53-d04d-4419-a293-2840ab0e46e7,passport,f0fb710f9633c9ecdefe024c87e8fcee,EG,verified,,3,2026-02-09 23:45:47,2026-03-01 04:57:18,system_auto,,2026-02-09 23:45:47,2026-03-01 04:57:18
a4a8509b-069c-4ff7-b024-6ee55b10ca49,f1cc0a86-57ca-4efc-8b7e-17b95abf1935,iqama,9dc716aca93b39c68a2f1b658811ee33,SA,verified,,1,2025-10-29 23:36:43,2026-03-03 11:25:42,manual_review,,2025-10-29 23:36:43,2026-03-03 11:25:42
fe08bd08-9a75-42eb-94ef-201b6dbf065c,255f070f-1563-460b-b232-e275dea42ab2,emirates_id,c4819fb55a81c39b4ffa0076cc01f77d,AE,verified,,1,2024-09-16 23:22:15,2025-05-13 19:14:31,system_auto,,2024-09-16 23:22:15,2025-05-13 19:14:31
88886ae0-b578-4db3-8309-e65b6de86d89,7df8583d-3cf3-4499-926d-132afb21e1c6,national_id,c333849c36ee5f48499e2bc6bbf40233,EG,verified,,1,2025-12-14 15:31:18,2026-01-21 05:53:44,manual_review,,2025-12-14 15:31:18,2026-01-21 05:53:44
27e68e40-40e4-4758-92b1-8815fba79911,0309738b-ac78-4d41-9027-c3414f7404f0,passport,bce1af846443fcd8251a920d9a38f0a1,EG,verified,,1,2025-09-02 18:02:33,2026-02-01 08:09:03,system_auto,,2025-09-02 18:02:33,2026-02-01 08:09:03
f2a09665-f1ac-4812-bd16-2deb99a29980,4e829cf0-b509-46a2-96bb-8e3024660b91,national_id,20fbb4ef85ff291a4b524758b54ffce4,EG,verified,,1,2025-03-21 12:51:33,2025-10-09 00:34:27,system_auto,,2025-03-21 12:51:33,2025-10-09 00:34:27
e0860ede-7293-4bb9-8375-d91fcddd51d5,a986cb8f-f1e5-4025-8653-002ed6be8eff,passport,d1ac8b8c1fbb065afa6fe8049b37b1e2,SA,verified,,1,2025-09-24 16:19:51,2025-11-26 18:23:26,system_auto,,2025-09-24 16:19:51,2025-11-26 18:23:26
26547a00-4b45-42a7-b8ae-90af96d0a5fe,1adbb67f-e957-45fb-b32b-9711247a233a,visa,023c028746ff85b79761ab7d955c02cf,AE,verified,,1,2025-11-28 06:22:48,2026-01-06 18:35:58,system_auto,,2025-11-28 06:22:48,2026-01-06 18:35:58
72fcdaf4-a7d9-4c47-bc41-a5222f79e3c4,505ec57e-df56-4ee2-aa8f-1932bae48731,national_id,2fb138da54a0b9bfe28957ec67ab47b6,EG,verified,,1,2025-09-04 01:08:58,2025-10-09 23:46:46,system_auto,,2025-09-04 01:08:58,2025-10-09 23:46:46
f6270305-e6a1-4081-8fb1-011c841c9f09,2ce6253a-1922-4d97-bda0-be7c5920c7da,qatar_id,915bd24637842c1b15fa3d926776162a,QA,verified,,1,2026-02-18 12:12:09,2026-03-06 22:47:15,system_auto,,2026-02-18 12:12:09,2026-03-06 22:47:15
cb6b96be-5be9-43e6-bd80-38ef1988dd51,03e94af8-9595-492a-b288-e32a6c25d7a0,national_id,258feafbf404281dfc68a4100f6e22a4,SA,verified,,1,2025-10-16 17:47:24,2026-02-14 22:00:40,system_auto,,2025-10-16 17:47:24,2026-02-14 22:00:40
2236f111-212e-4e2a-a0ea-7924849f10f0,8aa04db7-6ede-406b-a96a-6d641c83fcda,national_id,cbce36a01b379aac2e9b45d6366fa7e7,SA,verified,,1,2024-07-05 12:31:50,2025-11-08 06:41:21,manual_review,pep_match,2024-07-05 12:31:50,2025-11-08 06:41:21
54528ad2-dce9-4588-8a10-fc5b8c554a7c,29e73184-c617-44af-b7fa-843e77668687,national_id,10cdc020f91376a7cc70f893839de3f9,EG,verified,,1,2025-08-02 09:15:18,2025-11-15 13:57:45,system_auto,,2025-08-02 09:15:18,2025-11-15 13:57:45
5ef47103-9c54-4298-af71-00bb3b96d951,84e3f4e0-506c-4931-8a64-4ee6064b7758,visa,16b9c6fb4de23e8d5d3b0e99924811e5,AE,verified,,1,2025-09-06 20:13:40,2025-11-17 15:11:39,system_auto,,2025-09-06 20:13:40,2025-11-17 15:11:39
3516d323-8403-4286-abbf-207ef4f1bee9,b166422c-223d-4e93-9f17-623897f16b1b,passport,a6db94612e7a74808febe815de9fac10,SA,verified,,1,2024-02-13 04:36:32,2025-04-03 18:08:29,system_auto,,2024-02-13 04:36:32,2025-04-03 18:08:29
572127c8-15b4-4d38-a50c-b5a49b2958df,befc8c95-2f10-4a97-98e9-f3ba4e7a8227,passport,,KW,verified,,1,2025-08-23 23:13:18,2025-09-13 10:47:36,manual_review,,2025-08-23 23:13:18,2025-09-13 10:47:36
9051c18c-5d18-4124-873a-23aeaaba7f60,04071ce5-2c59-4b60-b365-926441131bf4,passport,4c461c7bf9c10190cacdacac6fb11ed5,AE,verified,,1,2025-09-01 02:20:22,2026-02-27 03:01:41,system_auto,,2025-09-01 02:20:22,2026-02-27 03:01:41
2dfcfa72-cbdf-4635-8ff6-8df5ae5cee9e,7435f0d1-49c8-465a-8cf5-b55886b3212f,national_id,5a90d9e0968d9bb8893ec675d738ddf5,SA,pending,,1,2025-12-21 03:10:03,,,pep_match,2025-12-21 03:10:03,2025-12-21 03:10:03
5143ec34-c784-417a-8dd9-15f57c62a862,725fb8df-03bc-4a0d-918e-b137dde575d2,passport,126a0178b22af55118870e5cf553f7b6,SA,verified,,1,2026-02-22 03:07:06,2026-02-22 04:43:53,manual_review,,2026-02-22 03:07:06,2026-02-22 04:43:53
226fb090-b711-4cc1-9c3a-32f70d7683b8,74ff7465-b3fa-4d49-9085-535168297fa1,national_id,7da537dbd5b1e7bf3d84d65c9f7618f5,SA,verified,,1,2025-11-08 06:48:57,2026-02-16 12:04:06,system_auto,pep_match,2025-11-08 06:48:57,2026-02-16 12:04:06
9fcc1ff5-1cf6-472f-b6ff-8e3a2cf80067,ae54a833-d1e6-4b76-86c1-35fa65b91407,national_id,97d143214177ea68489a55bb38c94735,EG,verified,,3,2025-09-24 06:22:49,2025-11-21 19:21:26,system_auto,,2025-09-24 06:22:49,2025-11-21 19:21:26
7c7cf59c-02dd-4abe-a85d-9979aa4d2d48,3d294f53-ea61-44c7-8e77-8517da2da0a9,passport,b8715ca0423d509d1d29a2a0fe0d48bb,SA,verified,,2,2026-02-21 20:03:51,2026-03-01 19:54:47,system_auto,,2026-02-21 20:03:51,2026-03-01 19:54:47
14385510-ebde-4108-b6af-23b0f71a4ad8,12facd86-9604-4a38-b55e-13ae3ea7b285,iqama,30743ee421373f2aa4d6b9852e4afdd8,SA,rejected,suspected_fraud,4,2023-08-16 00:22:41,2024-12-08 20:49:27,manual_review,,2023-08-16 00:22:41,2024-12-08 20:49:27
861a83c6-1313-47da-a8dd-1ec91d16573f,cbd3696c-215d-41fc-9d4b-66633404467a,national_id,150b023d7d0ad8e16b777469a1646437,SA,verified,,1,2024-10-03 19:33:23,2025-08-24 03:29:39,manual_review,,2024-10-03 19:33:23,2025-08-24 03:29:39
104a4a2c-3b8a-4d0f-aea1-4e15bc347e92,21d3e1db-cb52-438f-87a3-22826a4fc34c,iqama,37a37e4860491ac46853c7e2a052311f,SA,verified,,1,2025-05-13 08:25:33,2026-03-02 16:43:51,manual_review,,2025-05-13 08:25:33,2026-03-02 16:43:51
e1091fb2-34f3-4823-9396-3850afd18174,08e53a63-d281-4fc2-9e61-19ce79704735,passport,255d6b98486fb8880bd75ebc54adbdf9,SA,verified,,1,2026-01-24 16:27:54,2026-02-22 04:46:25,manual_review,,2026-01-24 16:27:54,2026-02-22 04:46:25
94541066-bc05-4177-b235-af6fbc4db6ca,38b6abdd-7a19-4ede-b33a-b5d982ffb19f,passport,a41c618618da09cbc10052e76b92793b,EG,pending,,1,2026-02-11 17:30:31,,,,2026-02-11 17:30:31,2026-02-11 17:30:31
eab9d817-bfd1-4d87-b1e4-7f9aa81e5633,c4bab984-73fe-457d-93cc-59586383f877,passport,eb289a5abb7d730494e18ea11cf7ca8f,SA,verified,,2,2025-09-13 20:22:38,2026-01-31 08:49:42,system_auto,,2025-09-13 20:22:38,2026-01-31 08:49:42
e2a84ab8-a39f-4516-a687-27ce6e7dc7aa,73b52caf-6c34-4bdf-9376-893d6f01d778,passport,191de9eb6a3eda74d0374924e620569b,EG,pending,,1,2025-06-22 08:41:43,,,,2025-06-22 08:41:43,2025-06-22 08:41:43
4ab49b58-015f-4389-9357-4272af61bb73,2fe4a342-239f-45f4-b822-e4bae34937a5,passport,e3bb4ef711ba0fb0ee8821ac71645845,EG,verified,,3,2025-04-02 11:34:52,2025-04-29 13:32:42,system_auto,,2025-04-02 11:34:52,2025-04-29 13:32:42
2a335528-45cd-45a3-943e-194743fe697b,4458af26-f60f-46f6-8235-b009691df412,passport,523fd557eef46ed553953a0653e2775d,EG,verified,,1,2025-09-02 11:46:30,2025-12-12 08:21:31,system_auto,,2025-09-02 11:46:30,2025-12-12 08:21:31
cf512e85-bf03-475e-8245-8f4eaa0cb618,e8089ebe-5c7a-453c-b325-1470bef903f9,passport,3a0f5afeb0aad6d317e71150c22ff483,SA,verified,,1,2026-01-31 02:02:44,2026-02-22 01:04:19,system_auto,high_risk_country,2026-01-31 02:02:44,2026-02-22 01:04:19
6d81cb06-647f-45f0-8d7e-3a54fc502c07,79ae9d3a-9c20-4559-80df-59e1cab92736,national_id,ed884f67d237699e8fe262042c8ce2e2,EG,pending,,1,2025-11-24 19:54:09,,,high_risk_country,2025-11-24 19:54:09,2025-11-24 19:54:09
b7711700-2291-43ad-8888-75177384c395,e7b12d13-aaad-4996-95b0-84bd2a506185,passport,acba510d4f5c080904449024f95e1373,EG,pending,,1,2025-03-16 07:07:52,,,,2025-03-16 07:07:52,2025-03-16 07:07:52
4c0d426d-b6e1-435f-b2cf-87f91a304a69,af2d5120-7d89-4ce0-acaf-0863eb2d4f0b,national_id,3ae1cc5df2ec6334b0d50ce95d82fc8d,EG,verified,,1,2026-03-07 05:31:07,2026-03-08 04:32:45,system_auto,,2026-03-07 05:31:07,2026-03-08 04:32:45
62f9ca23-f093-47a5-b8fa-d2923fe38120,9f0baae4-d90f-4aa4-8e83-52ae6b32c1fe,passport,7205bd0fc2bdcc84f7dd670077fac83a,SA,verified,,1,2025-09-24 23:53:31,2026-01-06 18:36:17,system_auto,,2025-09-24 23:53:31,2026-01-06 18:36:17
09da3149-a346-483f-9d85-a8ef5ffa57b5,bbd821cc-a4bd-4d16-b940-45920460b6c6,national_id,31e0f7e0b88dfa56d4e40d036352f7b8,SA,verified,,1,2026-02-08 04:21:30,2026-02-12 23:01:41,system_auto,,2026-02-08 04:21:30,2026-02-12 23:01:41
a9bbd8fa-fef8-4218-b561-df80d5858caf,3434044a-db41-407e-b4a0-c47da071f2fd,national_id,c9da9968905d1c91f9fe3a2dade0a496,EG,rejected,face_mismatch,2,2026-01-06 19:20:21,2026-01-21 04:24:57,manual_review,,2026-01-06 19:20:21,2026-01-21 04:24:57
4046ed24-bd64-4e6b-93ae-afbf175a1ec1,f15bf5a7-6f69-4465-8e95-ed92090da332,national_id,822281fd7500c4bf10fa72a6236d2602,SA,verified,,2,2026-02-07 11:27:41,2026-02-26 19:36:03,manual_review,,2026-02-07 11:27:41,2026-02-26 19:36:03
9dcfacc6-e0fb-4f9d-9eac-13a6430fd250,61d05953-03b8-4cc7-a676-53d5450c6a69,national_id,618570819b829914411b228b1b97826d,SA,rejected,incomplete_documents,4,2023-08-14 19:25:55,2025-10-15 09:51:02,manual_review,,2023-08-14 19:25:55,2025-10-15 09:51:02
3b18489e-1b95-4d3e-b8ff-87216a688420,cf1b8a78-d3e2-480d-8aaf-6eb7829cdcef,passport,8453d00aeaf5a63d6ab1cce83e29cb28,KW,verified,,2,2025-08-20 21:05:29,2026-01-17 10:32:02,manual_review,,2025-08-20 21:05:29,2026-01-17 10:32:02
2f7bbe21-3411-43b5-b9f8-7ca31fe60ef6,b5bd1d4b-e575-4b93-89da-dca485c985e7,iqama,cd53fd0c257f7955ddd7b1e65fb9c644,SA,verified,,1,2026-03-07 21:52:35,2026-03-08 23:07:49,system_auto,,2026-03-07 21:52:35,2026-03-08 23:07:49
a711c70e-650d-43e2-a443-f844dcba1ef4,a4dbbf1b-83e3-4731-b00c-a786deadc47a,emirates_id,ce557089fb384ba3129a463623eed017,AE,pending,,1,2025-11-30 14:43:52,,,,2025-11-30 14:43:52,2025-11-30 14:43:52
c90bea49-d58b-446b-9f6a-7ee391876c14,c7a6fc4c-e9f8-4bfa-aca8-4578426f1ce0,passport,56ff043e060c0fe18ad488d94598eeb9,SA,verified,,1,2026-02-02 17:45:23,2026-02-06 07:45:48,manual_review,,2026-02-02 17:45:23,2026-02-06 07:45:48
de91bb52-93f7-4299-bf2e-3a853e7d43f0,67370f0d-b45e-4c7c-8f7f-bd0c74140040,passport,2c2907e96eff37ea21fc54cfd4e1703d,EG,verified,,1,2026-01-30 11:17:04,2026-02-16 21:18:47,system_auto,,2026-01-30 11:17:04,2026-02-16 21:18:47
331ed98a-0420-45a2-ad1e-66fe7c937841,5b496235-c3dd-443b-9e7a-d0356f44e3ae,national_id,641141628458ca642e066f352a1fb39f,EG,verified,,1,2026-03-08 08:01:48,2026-03-09 07:07:20,system_auto,,2026-03-08 08:01:48,2026-03-09 07:07:20
e8ab0952-5f13-44de-b8cb-4f5b762e275b,36a1c6f6-d580-4f7b-a0f0-efe5577aa422,emirates_id,50fe930cd74bc525d0aeaa6ee19da7ae,AE,verified,,1,2025-12-03 00:03:29,2026-01-25 11:57:07,system_auto,,2025-12-03 00:03:29,2026-01-25 11:57:07
c7fe6b94-eac5-4265-9943-2efc7288e1f1,337b9bce-79ea-463a-98f7-b7c05a758dfe,passport,3882d2fbb0e2bf704eef96afff6a2889,EG,verified,,2,2026-03-03 17:19:30,2026-03-06 20:26:17,manual_review,,2026-03-03 17:19:30,2026-03-06 20:26:17
9ee4023a-34f1-4eeb-8a68-a16ffd07c43a,90783b01-4ad3-44c2-ac22-72357d094ab0,passport,,EG,verified,,2,2025-11-03 00:18:48,2026-02-09 16:07:53,system_auto,,2025-11-03 00:18:48,2026-02-09 16:07:53
551d9981-cb43-4375-8b76-657343c045f2,afabe3bc-5b0a-4d42-83f1-5b9cc998b1e5,passport,845d478082e4e4418fcb81cdcd4178b6,SA,verified,,1,2024-05-23 10:33:18,2025-08-29 14:21:17,manual_review,,2024-05-23 10:33:18,2025-08-29 14:21:17
e1b8cac7-9715-484f-9dd9-155c42792133,4faeec5e-11be-4e8f-be2e-4fff98c9321b,passport,c7b7931eff0ffd928865386a904a90aa,EG,verified,,1,2023-04-15 16:29:07,2024-01-10 13:23:06,system_auto,,2023-04-15 16:29:07,2024-01-10 13:23:06
31d86708-d558-4cbd-aa91-4b94b4c46375,b0838a48-f57e-4756-ba36-50b78ec0a558,emirates_id,9228e4873f4d96c810331a47f09ff0ab,AE,verified,,1,2024-12-24 07:02:55,2026-02-19 02:58:40,system_auto,,2024-12-24 07:02:55,2026-02-19 02:58:40
f12245b6-bf91-4963-826f-2c2438ad39fc,51b81847-eff5-4798-a588-0fbac019a455,national_id,398648c358a8324a1060bc4dd3e4be09,EG,verified,,1,2025-06-05 08:58:52,2025-06-12 18:41:05,manual_review,,2025-06-05 08:58:52,2025-06-12 18:41:05
59772e00-2253-4cf6-afd9-afadbec8e0d8,7c58cfeb-7b42-48f1-8658-7bad43a1c500,passport,775b7d5a97be02e01b341f6835d3f6a4,SA,verified,,1,2025-03-26 06:07:11,2025-03-26 14:12:51,manual_review,,2025-03-26 06:07:11,2025-03-26 14:12:51
8c5804cb-8c28-4e45-b053-cf6a42846f79,f67ebf72-f1b5-41fa-b9b8-7aacc41d3012,national_id,b786440094e84cb8c7cf14359d485a3b,SA,verified,,1,2025-06-15 16:54:55,2025-08-15 02:13:09,system_auto,,2025-06-15 16:54:55,2025-08-15 02:13:09
b389e3fd-e01a-4424-ae8f-25cf6b91b34e,4209f913-94cc-4324-8429-8b2a2543ce5a,visa,6d9131d3900f21df339d97da5d9f0aa9,AE,verified,,1,2026-02-17 00:36:17,2026-02-21 21:04:25,system_auto,,2026-02-17 00:36:17,2026-02-21 21:04:25
d4a3394a-0a86-48f3-9b48-45fdd04fe45f,3dec21b6-cc3b-4648-b7a2-364f78bb9ee8,visa,e413ad78196d158fd2beeb78d03622bb,AE,verified,,1,2025-11-11 04:46:58,2025-12-22 08:43:09,system_auto,,2025-11-11 04:46:58,2025-12-22 08:43:09
68ad2328-98a0-4be3-b612-cf1caa7fec67,4420cf96-82a5-4d87-aca2-0e93b5bd8171,visa,8a162880bdc39386f7c85e5ed2cdaf3e,AE,verified,,1,2025-09-12 00:02:29,2026-02-02 18:09:51,manual_review,,2025-09-12 00:02:29,2026-02-02 18:09:51
a3de3ebb-efec-4b60-92b2-5fc9817b0ea7,144b3aa8-1cc4-403b-a209-94f83fafdcfb,national_id,487ba01f8f28210bed5d2f11c1a462bf,EG,verified,,1,2025-02-21 19:49:43,2025-11-12 14:56:55,manual_review,,2025-02-21 19:49:43,2025-11-12 14:56:55
e5e93b16-1811-4c8f-bc80-9bf2438faaa6,6ce0a702-40b1-422f-80cb-77706382e1c7,passport,b57f2da91ca9cf645a63580fe1e186da,QA,verified,,1,2025-05-02 03:29:19,2025-05-17 14:39:35,manual_review,pep_match,2025-05-02 03:29:19,2025-05-17 14:39:35
c84f669c-4a79-46df-a02c-2f2343472080,e37d9399-8d6b-49a1-aa9b-a9e787bf1bb3,qatar_id,3d3dc0b0b6c1da8f0c3187cbf4fab760,QA,verified,,1,2025-09-18 03:57:05,2025-09-22 14:46:47,system_auto,,2025-09-18 03:57:05,2025-09-22 14:46:47
8735eb68-8b76-4456-996b-c1e300d459bf,0b22a174-585e-4b99-9ed6-932b83b625f4,passport,947f70a15cbb8ffc20b3f895a5acde97,QA,verified,,1,2025-01-17 21:12:38,2025-05-01 19:38:46,system_auto,,2025-01-17 21:12:38,2025-05-01 19:38:46
ed3cd4be-09db-4052-a9ec-0778b43e3c61,cede806f-28b8-44da-a8e1-3007c66987fc,passport,9d8094bf858700e28570f125fc94fed5,EG,verified,,1,2025-09-14 01:56:45,2026-01-27 03:51:16,manual_review,,2025-09-14 01:56:45,2026-01-27 03:51:16
3f978235-2757-4093-9ad0-97cb507e7949,3a6b7ac4-4d04-41ba-9240-743a61a469c3,passport,e6e95cfb6b448017457c0a77b6555385,SA,rejected,suspected_fraud,1,2024-07-01 04:58:19,2024-10-15 12:43:51,manual_review,,2024-07-01 04:58:19,2024-10-15 12:43:51
6747090e-95e9-4a4c-a581-c1e8edb711e1,d33c7b20-d6ae-4aff-8465-3f758332e367,national_id,e2b4a1b22cc8131eae2f792792f3010a,EG,verified,,1,2025-12-13 02:51:53,2026-02-16 11:03:59,system_auto,,2025-12-13 02:51:53,2026-02-16 11:03:59
2895e8fa-7ad9-4eb9-a81d-09b62667c624,203e2aff-59bb-4e63-b5c4-698d84e67dca,national_id,4f439fc7277e40076a40606256b0d0ae,EG,verified,,1,2026-02-02 12:12:31,2026-02-09 18:48:43,system_auto,,2026-02-02 12:12:31,2026-02-09 18:48:43
0a92ccb4-ba79-4551-a0a4-743c7fb0d3a6,f01fe988-0f2b-4f73-bd91-55aa1d4348b4,passport,038a6d2307c9b94b87c450b75b324e1d,EG,verified,,1,2026-01-07 00:34:06,2026-01-26 15:07:04,system_auto,,2026-01-07 00:34:06,2026-01-26 15:07:04
69853170-296c-4af8-9e0e-ee0fdf4adf99,582bc816-2084-435e-8abc-4741d3e6cfac,emirates_id,ac6d590c04d25249a1fb096d09849c0b,AE,pending,,1,2025-07-17 07:33:31,,,,2025-07-17 07:33:31,2025-07-17 07:33:31
df62750d-324f-4199-86e2-64e3279075cd,3f27fbe0-f285-4ee1-9f94-580cd623fe7f,passport,b2a67c1b0ccf462b71b97e3fec3f04da,EG,verified,,1,2026-02-27 10:42:38,2026-02-28 18:06:03,system_auto,,2026-02-27 10:42:38,2026-02-28 18:06:03
0d0a532f-09d3-4d99-bc36-e3a38107a749,ab2a8cf1-2541-4315-8ac6-c5798889039e,qatar_id,07c52076a6d3f8543ae0b05462aef625,QA,verified,,1,2025-06-21 12:42:16,2025-09-24 10:29:52,system_auto,,2025-06-21 12:42:16,2025-09-24 10:29:52
4f36f94a-4916-4a3f-92d9-6b02c599310c,b423287c-e9d0-43b3-ba3f-3658f91e2e9e,national_id,3ef25c4aedad5a6ab0614ee947a551dd,SA,verified,,3,2025-04-17 23:54:38,2026-03-03 03:09:02,system_auto,,2025-04-17 23:54:38,2026-03-03 03:09:02
51324858-eb34-4b59-9ee0-e0522edac019,13fa70e2-97af-4605-9f55-967f6318e65a,national_id,5cfc6dcf02b2eea1bdf8f432aa825fd8,SA,verified,,2,2025-12-16 06:45:49,2026-02-15 11:45:03,system_auto,sanctions_check,2025-12-16 06:45:49,2026-02-15 11:45:03
f365965e-dd01-414e-9e6f-955fba1581cd,320b2ead-2160-48f0-a829-49a14bca861b,passport,75b249305e82bb1feac57df5aaa7a1ed,EG,verified,,2,2025-08-19 14:05:38,2025-12-04 09:49:39,system_auto,,2025-08-19 14:05:38,2025-12-04 09:49:39
86092144-ecf7-4fbd-89f5-615a48595098,69fa5ef5-60e3-4082-b8f3-ca0486240d96,emirates_id,063f3570a7e8a2bdac7225d69e9b4766,AE,pending,,1,2025-12-05 18:25:36,,,,2025-12-05 18:25:36,2025-12-05 18:25:36
d5afdf4e-dde8-4256-8d94-2c70c2ed98ef,09d776dc-ad73-4ddb-b601-bd27aa0482bf,national_id,361627c78061023a8bd6beb8b3acad62,EG,verified,,1,2025-06-01 06:23:00,2025-11-16 02:21:30,system_auto,,2025-06-01 06:23:00,2025-11-16 02:21:30
4aef2aaf-63fd-473c-9cd2-00bdd4fe72e8,78929651-1a12-48b5-a890-332b8e255fc6,visa,0c940411a3eda4b97758f2f37d4ff341,AE,verified,,1,2025-01-03 14:09:14,2025-10-16 20:59:51,system_auto,,2025-01-03 14:09:14,2025-10-16 20:59:51
fbf947a3-d50c-4ec2-bb62-4c22e89100c6,e20060ce-c30f-40b0-9137-2fb625da5802,passport,e4abf1c1371c704b4b90737084bfb65d,EG,verified,,1,2025-04-27 18:10:16,2025-07-02 05:56:57,manual_review,,2025-04-27 18:10:16,2025-07-02 05:56:57
6daf13d9-a1e6-473d-a5da-ce7f0675b37c,7fe55106-d06e-48f9-ad85-e434a1bad718,national_id,91921d14ea59282e1c1c944d8181a428,EG,verified,,2,2025-03-29 20:02:36,2025-10-30 13:00:43,system_auto,,2025-03-29 20:02:36,2025-10-30 13:00:43
2801300c-0371-4998-9da9-1cb3c067de0b,bf8b5fb6-b6e5-4433-b8d0-abd65eaad686,iqama,92029f7109cf45ed1d4138963064cd7e,SA,pending,,1,2025-07-20 20:45:54,,,,2025-07-20 20:45:54,2025-07-20 20:45:54
935e0445-7966-4218-8b60-117f5b5673d0,d1baab9e-5831-4f6c-8b78-9b2488bb3ed8,passport,4d822455884c8140636232a4b24367de,EG,verified,,1,2025-11-18 02:38:55,2025-12-18 09:09:04,system_auto,,2025-11-18 02:38:55,2025-12-18 09:09:04
ca98dbba-2d53-4462-bd0d-30398c8dda5e,8b07fc13-2807-49e5-94c5-0df9314e0cc9,qatar_id,b220cb22333c76143879fe47399c8cbf,QA,verified,,1,2026-02-09 23:19:44,2026-02-12 19:16:07,system_auto,,2026-02-09 23:19:44,2026-02-12 19:16:07
c1a18db9-99dd-4954-805b-3ada878be444,f671b6c9-aebb-4041-bc32-92353eb2494a,national_id,06921ec2dff971c0b10e4af313ddd7df,EG,verified,,1,2026-02-15 16:23:28,2026-03-08 09:43:02,system_auto,,2026-02-15 16:23:28,2026-03-08 09:43:02
ed8d417f-c368-4ee3-8f60-b631245fb05a,2d22375b-32ab-46a8-aaad-6199a147a9fd,national_id,83bb85b7a68820b42bdd72d236595485,EG,verified,,1,2025-01-14 23:28:26,2025-02-18 18:49:18,system_auto,,2025-01-14 23:28:26,2025-02-18 18:49:18
ee66871b-50ac-4dba-bd68-57f79837e6b9,b89f72b7-d931-4278-83c3-79df0b5a2693,national_id,a4fa8c57dad86467f7551c6c653ee22e,EG,pending,,1,2025-11-26 22:39:58,,,,2025-11-26 22:39:58,2025-11-26 22:39:58
e2c356c0-382e-45e0-be3f-b665b73c56b4,74ce2a7f-b89f-4cb9-a591-c9d93fdcc490,passport,8006365c388c9fdf6107d77c659df805,SA,verified,,1,2025-08-16 03:40:50,2025-10-12 05:05:56,system_auto,,2025-08-16 03:40:50,2025-10-12 05:05:56
3eae9de2-c0ea-4c75-a421-5fa224067609,2a9fbcb6-fbf9-4997-8bb8-d16b99f6c2a9,national_id,02d8483e3d0b414fd57e4e154da55c80,SA,verified,,1,2025-09-06 18:38:16,2025-09-29 12:38:27,system_auto,,2025-09-06 18:38:16,2025-09-29 12:38:27
49276eca-7111-46de-8a38-312bf107cb41,5b5d7b5d-88a0-4fb6-96ee-c74171a0e3fa,passport,970b010ef12002745f7cc0c737feb29e,QA,pending,,1,2025-11-03 18:19:39,,,,2025-11-03 18:19:39,2025-11-03 18:19:39
7c960a7d-a6ec-4b2e-9d3d-bf8f0ff10450,1c226a65-4262-404c-84cb-62b27cd60f8c,visa,,AE,verified,,1,2025-12-30 06:02:58,2026-02-28 23:36:43,system_auto,,2025-12-30 06:02:58,2026-02-28 23:36:43
c69a6347-273b-40ea-9f8e-4947d4c828e8,beb0ff5d-6bd2-4296-8e2d-42fbde3f4f36,passport,0091d665a74ed7bf4ad7656982459f7e,SA,verified,,1,2024-05-09 19:42:41,2025-01-15 11:21:58,system_auto,,2024-05-09 19:42:41,2025-01-15 11:21:58
20b75fe6-f84b-4226-abb1-b7d5a7a01259,5e418b26-c40e-4db1-a8e8-e2e01543d0ea,passport,112f2807f0a92ef0d4d6ab37776a9564,KW,verified,,2,2023-12-01 22:44:18,2024-05-22 05:43:25,manual_review,,2023-12-01 22:44:18,2024-05-22 05:43:25
3dd2491a-7d7f-4dc5-b01b-53cc2f1f3af1,b49acb65-da3f-46a6-8739-2e1b90602e86,passport,34386d83878bef27f6183f5fa2ed023e,QA,verified,,1,2025-05-09 07:40:49,2025-10-31 15:18:36,system_auto,,2025-05-09 07:40:49,2025-10-31 15:18:36
78523aff-2559-40f2-bde4-479b16cd4246,f08dc473-54b3-4ee4-8ce2-6420a94807e2,passport,fdf927eb047b7dd82879af3bd3e1147b,AE,verified,,2,2026-03-08 07:48:53,2026-03-09 00:08:50,system_auto,,2026-03-08 07:48:53,2026-03-09 00:08:50
b503505a-1086-42c6-9c40-7d3addefcf63,d3c16dcc-ec37-4e5f-8338-50b182ed6bfe,passport,ee942d49c3849277ea689d8a202ba665,SA,verified,,1,2026-02-10 11:11:41,2026-02-17 10:20:15,system_auto,,2026-02-10 11:11:41,2026-02-17 10:20:15
df25fb37-18a0-40a6-b313-4d9b0859f007,f7a11a59-a2ad-4ebe-b4d2-76f0b86fac2c,emirates_id,c7ed16bafce5c7af079903408f47cfa1,AE,verified,,2,2025-09-04 13:40:00,2025-11-25 20:15:54,system_auto,,2025-09-04 13:40:00,2025-11-25 20:15:54
58048bdf-9eff-49c1-a378-a1252ef78159,72fe0b58-f23b-4d63-b482-29cfe5a96cd5,passport,5bc247ada1114ad7cc0b77261e52c49c,SA,verified,,2,2026-02-23 07:43:23,2026-02-28 04:54:44,system_auto,,2026-02-23 07:43:23,2026-02-28 04:54:44
dc5940fc-3633-4394-a4d3-c34c1ccd6b54,ff80b586-0393-4d0b-91dd-4a671cacc812,passport,b6b0dcc43f7ac83107cdc4b0c6f32d57,SA,verified,,3,2025-08-17 02:26:16,2025-09-06 22:04:54,system_auto,,2025-08-17 02:26:16,2025-09-06 22:04:54
46046327-96b8-4a27-8589-edc95817fe39,dea2e2fb-4643-4dc7-9908-c01b81c95653,national_id,4dde53821531d9e8665809201ee4bff6,EG,verified,,1,2025-09-29 21:13:02,2026-03-02 21:15:40,system_auto,,2025-09-29 21:13:02,2026-03-02 21:15:40
ad5813e4-c29f-4038-860a-55740ea6d6a0,207e3845-8a67-4e00-9bf2-c34bac006117,iqama,f9ddca856345f3b1efe315e9d88c037e,SA,verified,,3,2026-01-10 06:03:31,2026-01-16 07:07:20,system_auto,,2026-01-10 06:03:31,2026-01-16 07:07:20
eee35f4f-6c4e-49af-b427-cb3e8876d1e2,b2455d7d-802c-49d1-b0b6-caf524607797,national_id,9b409d39e1729a44b604d7e5f87c1a35,EG,verified,,1,2025-09-23 19:21:06,2026-02-10 21:26:54,system_auto,,2025-09-23 19:21:06,2026-02-10 21:26:54
1a7d6a7c-5735-41b6-ae6f-6d760215c6ea,27c04acd-a332-4a5c-a406-2feaf6a5b48b,passport,b23c8425320111ed1a8ccac077cb32b9,QA,verified,,2,2025-06-13 13:07:06,2025-06-14 15:37:36,manual_review,,2025-06-13 13:07:06,2025-06-14 15:37:36
5ff85227-4444-4eb3-b6c0-f4a571c57167,cf1a59ab-e6d6-4ec3-be8f-3e5188952822,national_id,6db29fd88737e6ab6aa354f69d1b8b8c,SA,verified,,2,2026-01-28 06:23:59,2026-02-15 14:28:23,manual_review,,2026-01-28 06:23:59,2026-02-15 14:28:23
31d6293f-6757-4ecd-a0bf-b6f301bfc3a5,10ce3ec6-29b3-435e-956b-64b065ded397,national_id,0f4779754d6fff757400f37bb96b0904,EG,pending,,1,2025-07-28 19:22:19,,,,2025-07-28 19:22:19,2025-07-28 19:22:19
add5295f-164f-4a64-9ae4-05f16a56ca48,b6b3af61-3611-4ab5-a0e1-cd5937322378,emirates_id,ae3e21824d7beee0a6bbc3df7263e41b,AE,verified,,1,2024-10-08 20:10:07,2024-12-04 09:26:56,system_auto,,2024-10-08 20:10:07,2024-12-04 09:26:56
19b28c4c-2ba7-4a59-8271-fd328b93329f,f3cf5d91-7358-4110-835b-f2cb571a0d42,national_id,90003622a41e6d11c4cf225924648b98,EG,verified,,1,2026-02-18 03:02:24,2026-02-25 07:26:35,system_auto,,2026-02-18 03:02:24,2026-02-25 07:26:35
634ddebc-abc3-4db2-92a9-0b39c0db8e44,66205045-b717-418f-bcc8-fa6de3678c23,emirates_id,ba6973c6218089246cf3afbd3920d826,AE,verified,,2,2025-07-09 10:17:55,2025-09-26 08:56:52,system_auto,,2025-07-09 10:17:55,2025-09-26 08:56:52
77d88498-0f12-4d00-ad9e-bdc3bbbfbf71,7b16f812-9b8f-4db4-bd92-15285983d010,national_id,782c75264e3d580efb7d6b51b7877f77,SA,verified,,2,2024-05-04 08:55:02,2024-12-02 01:06:15,system_auto,,2024-05-04 08:55:02,2024-12-02 01:06:15
61f4705d-70d7-4bf2-b423-4174696b945c,5ff43f8f-4470-4e2a-847a-a07269fe864f,visa,50d0f2b6c46325c86b00df9d37469da4,AE,pending,,1,2025-12-02 02:18:46,,,,2025-12-02 02:18:46,2025-12-02 02:18:46
fc01a5dd-4637-478d-9519-00a28e2773b9,1040f3e6-9a50-4f7e-8fc2-61be173729ff,qatar_id,007e11a6d042a59928971e16a57952c9,QA,verified,,3,2025-10-08 04:14:54,2026-01-31 10:40:50,manual_review,,2025-10-08 04:14:54,2026-01-31 10:40:50
5f386240-2a39-4460-ab13-c86c3b71975e,ab11188e-c0e9-46e0-adc0-02ddf69b011e,visa,19b9a28de470a6bfb3dd1837c69659c2,AE,verified,,2,2025-09-22 22:13:32,2025-10-21 00:32:52,system_auto,,2025-09-22 22:13:32,2025-10-21 00:32:52
8fac758d-36cf-41bc-966b-ef4117fb9964,9a627ab6-dff5-4260-8089-0a4a2e3b0b3a,passport,f3e936cdd97740cda66e1fda47785255,EG,verified,,1,2025-01-04 17:51:23,2025-03-28 02:56:36,manual_review,,2025-01-04 17:51:23,2025-03-28 02:56:36
bdea00b0-5bc4-43b4-acf2-71e3b757e54c,5aa5556e-c6d2-46d1-b889-1d29fac20b82,passport,6d39a030aec4120ad2b5ba00f91e7852,EG,verified,,1,2026-02-15 14:51:38,2026-02-17 11:29:09,system_auto,,2026-02-15 14:51:38,2026-02-17 11:29:09
8a421990-19e9-4cf9-ad11-5047304ecfa2,f3240aa3-7a24-4fd9-9cda-a4db3063278e,passport,f3a48a657a18f1c92a3bc24b89dbd30a,EG,rejected,information_mismatch,1,2024-11-28 01:28:45,2025-02-01 02:54:52,manual_review,,2024-11-28 01:28:45,2025-02-01 02:54:52
9aa3c085-a376-4f12-8722-e9190c058acd,ef5138b9-fd4f-4cdb-982e-d747c9c15eb2,passport,5bfeeab1793a90ffa3e3b837a823641e,EG,verified,,1,2024-02-25 21:28:41,2025-12-05 01:11:23,system_auto,,2024-02-25 21:28:41,2025-12-05 01:11:23
4d6c9698-588e-4678-b54f-13cdfdbd4b84,1edd9132-a6ca-4cbc-bfdc-1d6e63d50b47,passport,b2f13ffdd2accf768080db4e04c0a5cb,SA,verified,,1,2024-12-07 00:02:51,2025-07-23 17:58:23,system_auto,,2024-12-07 00:02:51,2025-07-23 17:58:23
0ea0d7b6-7ba0-4b72-92f7-3f43cdd294dd,4e1677a5-e4d7-4d3b-8b41-52e3207edf1c,civil_id,9456840e8d908c4811371a3a475fef9c,KW,verified,,1,2025-11-25 04:44:25,2025-12-12 21:21:58,system_auto,,2025-11-25 04:44:25,2025-12-12 21:21:58
e35c18e2-e164-4418-8ae8-9564c8d79686,deac7d28-7b9c-42ef-b6f5-87f87406ca57,emirates_id,1789f7d4d416c89e55ad5125adf76cc7,AE,verified,,1,2025-04-24 07:00:59,2025-12-06 15:57:46,system_auto,,2025-04-24 07:00:59,2025-12-06 15:57:46
df6c198e-19f2-465a-839f-4ae2c036fed0,5451ead1-24e4-4b09-b17c-6615e97d9e41,national_id,4b40b6fbcf217ef2089b32b968450ec7,EG,verified,,1,2026-03-02 12:04:58,2026-03-08 08:44:55,manual_review,,2026-03-02 12:04:58,2026-03-08 08:44:55
22776cd6-c424-4d3c-9bac-c923718eece3,d6800bd4-e1c4-44b7-aaec-b46fd965fe1e,national_id,6f1b4c399499baa533357f8f4932dd61,EG,verified,,2,2025-06-30 12:23:59,2025-08-12 00:49:10,manual_review,,2025-06-30 12:23:59,2025-08-12 00:49:10
5d94a720-1891-4849-8bec-222f2b26b48e,7bc3c6bd-8117-4f5b-8a2b-8e51a82d00e9,iqama,33a45e52709e1f2712d4ed648e297dc9,SA,pending,,1,2025-05-07 20:21:14,,,,2025-05-07 20:21:14,2025-05-07 20:21:14
29819022-350c-4c60-8e64-30342df83129,82ce433b-f7b1-4521-8cab-f08038fde0eb,national_id,5e640e85297247575e19d9b7fcdc44fa,EG,verified,,1,2024-11-24 23:00:03,2025-10-06 18:47:34,system_auto,,2024-11-24 23:00:03,2025-10-06 18:47:34
978491ce-0522-4bce-8084-bf4ed1c742a3,45257120-4da1-4842-b1c1-7d184f3025e5,national_id,c8a0f418fa2add3224537887b4d8aca3,EG,verified,,1,2025-10-23 23:22:28,2026-01-02 08:46:03,system_auto,,2025-10-23 23:22:28,2026-01-02 08:46:03
769db7d3-142a-4b6c-8431-95b9c5cf9bf7,e16447ad-0fa9-4a0b-8a1f-1af05104ae98,national_id,6230cce767012e33e0df4362eda988be,EG,pending,,1,2026-01-09 09:48:28,,,,2026-01-09 09:48:28,2026-01-09 09:48:28
76653bcb-18c9-4302-ae9c-3969fab6773c,56ca13a0-4c3b-4450-9835-0da9311258be,passport,84f928fecc0eeec63fa6fc232ad5ea72,EG,verified,,1,2025-12-06 21:47:05,2026-02-09 07:31:06,system_auto,,2025-12-06 21:47:05,2026-02-09 07:31:06
e1d7b3e4-2e4e-4864-bbc6-e407ea87930e,9a25223f-6fe4-41bf-a30d-16d01bccafc8,passport,cf4dc63b9cbd93b51363c628f48113ef,SA,verified,,1,2025-11-18 18:45:49,2026-01-01 00:03:43,system_auto,,2025-11-18 18:45:49,2026-01-01 00:03:43
89c1b0de-d9cc-44bb-956f-607e28f97d54,baf38cb8-7519-4c48-b8b7-fab8aeb86867,national_id,803533b1d5b778730c9c4473d8fda489,SA,pending,,1,2025-10-31 20:25:42,,,pep_match,2025-10-31 20:25:42,2025-10-31 20:25:42
562e1727-f023-4412-9c04-8b6cd3a3fe83,e6f7b29b-7920-46e3-811f-7b8bdf116474,passport,37347b1648327a339fa585adf5851df4,SA,verified,,1,2025-10-20 00:55:38,2025-11-03 04:15:09,system_auto,,2025-10-20 00:55:38,2025-11-03 04:15:09
87385ccc-79a2-45c8-9ca0-71668f2cf6d6,a23bb9a2-c181-4987-9177-7f927d44d6a9,national_id,a8437f0d20302e84f7c75bf5d1107d18,EG,verified,,1,2024-01-06 10:11:36,2025-03-09 00:51:18,system_auto,,2024-01-06 10:11:36,2025-03-09 00:51:18
20320480-4599-417b-b09a-9a5e67241728,03a0dfdd-fb74-423c-aa8f-690978ab8d3d,passport,5974875ffbaade0880631401ea601f6d,EG,verified,,1,2025-03-13 12:00:44,2025-08-25 04:24:46,system_auto,,2025-03-13 12:00:44,2025-08-25 04:24:46
5574d52d-085a-4ae7-8871-eb2167cb225e,70178073-58d7-49f4-a8dd-016433b496df,iqama,6d448d74e216f84246c1967bb8b96caa,SA,pending,,1,2025-06-11 03:17:26,,,,2025-06-11 03:17:26,2025-06-11 03:17:26
6a26fb1a-2904-49c1-beaf-023a1040cd56,814ad686-28cf-40af-9ddc-196b1838886e,civil_id,1be0fbd0f660b0342fb48cf8889ee7e3,KW,verified,,1,2025-10-16 17:06:38,2025-12-13 18:55:31,system_auto,high_risk_country,2025-10-16 17:06:38,2025-12-13 18:55:31
ec64ff57-6839-4dc5-a962-1bef454f8112,013aa15c-8be6-44ec-9432-570c46dac6a9,passport,5392ba4c68c3720566996405b72924fa,SA,verified,,1,2025-09-14 20:32:04,2025-10-15 21:17:44,system_auto,,2025-09-14 20:32:04,2025-10-15 21:17:44
6c41900c-c75c-421b-b567-f215467299bd,6de817a3-b564-4b15-98d8-9cac2f67cd06,national_id,06049b35c81646bfcad2a21ff6f4aeaf,EG,pending,,1,2025-06-23 20:00:42,,,high_risk_country,2025-06-23 20:00:42,2025-06-23 20:00:42
902b57e2-f934-4a38-9515-721615fb76f2,2afd73fe-5d4f-4e26-b2d2-8c6ca3a94710,passport,58180e13f0661f8728590c11883a0661,EG,verified,,1,2025-06-25 21:28:28,2025-12-23 18:26:40,system_auto,,2025-06-25 21:28:28,2025-12-23 18:26:40
0ac42935-7129-49e3-9c95-6d5eaf2ba02b,a701b806-0950-4b85-9a70-927dbddb7d1d,iqama,9fd323586b2b80e8750386905d243a46,SA,verified,,1,2024-10-03 01:24:32,2025-08-07 22:14:33,manual_review,,2024-10-03 01:24:32,2025-08-07 22:14:33
59cfb2d1-8bf6-4a93-bb8d-f1ce001115ed,8003cf4e-4057-466b-b64b-8f4696f00224,passport,669197c89841db9ebe3a353ee33815c5,SA,pending,,1,2025-11-11 10:40:46,,,,2025-11-11 10:40:46,2025-11-11 10:40:46
a2263290-53fa-4926-b252-bf09323dbc6c,fb3d692e-fb76-49f0-a7f2-0dc972d4a775,national_id,d7bf7d00bc17f259ac6c5888e7204a55,EG,verified,,1,2025-08-26 12:29:25,2025-12-08 19:43:46,system_auto,,2025-08-26 12:29:25,2025-12-08 19:43:46
14761f87-dc24-4582-a660-260f418b2c26,9d62589b-6f1d-4cbe-b71b-f1d69540d946,passport,624920b2d0c8423518073d1f8ebf2978,QA,verified,,1,2026-01-03 20:25:55,2026-01-06 17:11:41,system_auto,,2026-01-03 20:25:55,2026-01-06 17:11:41
95a52516-51a8-4cd7-99ea-1ba9e720b5ba,c548f3d0-f9cc-459c-b397-5f552fb92c64,iqama,e6b79e7180ac2a5b0473a0a887fb7e56,SA,verified,,1,2026-02-06 13:44:15,2026-02-17 15:47:43,manual_review,,2026-02-06 13:44:15,2026-02-17 15:47:43
29b0b58a-bbc8-4898-bb4f-4a9d84640bfa,3f44b11e-1d9a-42ee-91d2-d14f6162cf00,national_id,cd55e18d8825de87d6fdd543c569caf8,EG,verified,,1,2025-12-27 08:32:52,2026-01-04 13:54:05,manual_review,,2025-12-27 08:32:52,2026-01-04 13:54:05
b8a0acbd-7ac7-49fd-af91-2c4d78b32ab2,d99ab78b-3a5f-43bf-8d05-bed6a9749319,passport,2e6db614da19caef1400866493fe80ff,EG,verified,,1,2025-10-11 20:50:26,2025-11-03 02:30:20,system_auto,,2025-10-11 20:50:26,2025-11-03 02:30:20
fe5ed246-0bfd-4c64-9ab6-397bb77a3176,1f517c08-9a8a-4562-91e7-47c5e3de6902,passport,ef08efd156f9ba5149317a6b3d3d9999,EG,verified,,1,2026-02-23 14:01:03,2026-03-04 09:22:54,system_auto,,2026-02-23 14:01:03,2026-03-04 09:22:54
084d1f9d-19fa-457d-9575-2c97f278fdab,0a2b9162-08fc-4153-80a1-9326486ee44e,passport,904a37e87c374de25b9ace8fee0e8d8f,QA,verified,,2,2026-01-01 12:10:50,2026-01-14 00:00:22,manual_review,high_risk_country,2026-01-01 12:10:50,2026-01-14 00:00:22
f1d32a20-8907-46f7-a478-04103a4f66b4,bed98fb8-d159-43cc-b1ef-3af3ba5f26a4,visa,a7da596ec82e62a6d1c0de2a16ab8dc0,AE,verified,,2,2025-03-09 03:10:23,2025-07-10 18:11:52,manual_review,,2025-03-09 03:10:23,2025-07-10 18:11:52
57fce09c-5cc2-4420-9e03-3ad6d85c6f05,dcf08bc8-bdb3-432f-a1fe-592dba14e971,passport,1c4391549ec83e3788937dcf0ed3aaa9,AE,verified,,1,2025-08-28 19:25:36,2025-10-06 08:00:00,manual_review,,2025-08-28 19:25:36,2025-10-06 08:00:00
5a0d9f04-c8ac-4f95-9e75-d0c88a96bd50,72d2f8e1-3417-48c4-a15f-aee591f4828c,national_id,a2c260c7139199a82cfeabaa57a4df4b,SA,verified,,1,2025-09-22 13:56:49,2025-10-04 02:21:04,system_auto,,2025-09-22 13:56:49,2025-10-04 02:21:04
c9c655f1-6419-45e8-be8e-df647e8fff71,97010ec3-e0e6-492a-aca0-6acd178584d7,passport,95ffb53222398edea7e8a47df4c10085,SA,verified,,1,2026-03-06 06:53:48,2026-03-08 07:35:24,system_auto,,2026-03-06 06:53:48,2026-03-08 07:35:24
5a68e19e-1c41-4880-8812-5f3f0afd0870,655a9577-f73b-4a0d-aa57-5bebb6f45e1f,visa,99b008cd81d11e366bc194d359d85182,AE,verified,,1,2025-12-29 09:51:05,2026-02-27 13:10:17,manual_review,,2025-12-29 09:51:05,2026-02-27 13:10:17
1e99be8b-fb05-40ca-9f88-8073822faa07,6d1f3e54-6dfd-4b1c-9773-59c60f2825d8,national_id,882efb6e2ed43c1d52b45025715bb76d,SA,verified,,1,2026-02-20 19:38:25,2026-03-04 21:58:06,system_auto,,2026-02-20 19:38:25,2026-03-04 21:58:06
73ead62c-c753-4d5a-9387-0cc8deb5762a,ee1a74fd-de8b-4384-88d1-196734364fcd,national_id,22a5882f2a0b8edadb82090ed0a0de8d,EG,verified,,2,2026-02-24 14:41:44,2026-02-25 05:31:28,system_auto,,2026-02-24 14:41:44,2026-02-25 05:31:28
20567838-eee6-44fb-8854-d19e8a12c085,df4d3a22-2b3e-41df-b7fc-d45da5091f38,national_id,61af56b0ecad678efeaf464da534663a,SA,pending,,1,2025-04-02 08:54:14,,,,2025-04-02 08:54:14,2025-04-02 08:54:14
882ed177-6c63-47da-a66f-0d9c1d232c99,31a804c9-2994-404b-af64-7df3a6505dfa,national_id,c20f627a1ac30fb8d3596713b1054658,SA,verified,,1,2024-07-09 08:05:50,2025-06-16 21:35:31,system_auto,,2024-07-09 08:05:50,2025-06-16 21:35:31
928ab926-0a57-4a6f-bd48-dc46c247a3e5,d628f513-2413-4683-9478-2824a72bf8a7,passport,542219dbf9372bc063ffa87a1f6c2d4b,SA,verified,,1,2026-02-13 15:57:00,2026-03-02 18:27:04,system_auto,,2026-02-13 15:57:00,2026-03-02 18:27:04
54c2d891-4a56-4c8a-b2ae-cd38e3b01bd8,3c6a69ca-badc-4152-ab91-852d79bbc746,visa,45207b48f91674cc795d48378283ed38,AE,verified,,1,2025-11-04 00:55:34,2026-02-24 08:42:32,manual_review,,2025-11-04 00:55:34,2026-02-24 08:42:32
d76f8f22-6f5b-4a39-bc04-385ad5f6b42a,d03d3f97-a9e7-4dd0-b7f7-8fcdc002e562,passport,dec1303c92cac359b3e1e1fa4d256871,AE,pending,,1,2025-02-15 09:53:11,,,,2025-02-15 09:53:11,2025-02-15 09:53:11
7c2394bb-3679-415e-9947-dc6d31e48534,ad7a97ff-5dee-41b2-a952-11ab79d8e4b2,passport,12c2c5085769bae24780996cc4254e7a,EG,pending,,1,2024-10-30 12:55:41,,,,2024-10-30 12:55:41,2024-10-30 12:55:41
ffacfe1b-8534-4322-b041-501fe1398f9f,f39933fa-724c-48aa-bdf1-0e146c7d095d,iqama,5bbaf3d4d9c6531a20e1bceb68e51295,SA,pending,,1,2026-01-08 11:16:22,,,,2026-01-08 11:16:22,2026-01-08 11:16:22
3dfdd00d-3d0e-4533-8be4-534e64035215,69b214ff-3fe7-4910-a460-9ad644db0394,passport,fcc86067defcf324977b81e7fafa0fce,EG,verified,,1,2026-02-13 22:05:25,2026-03-07 16:37:30,system_auto,,2026-02-13 22:05:25,2026-03-07 16:37:30
5d94e2aa-9414-4b33-942c-59eed5d31ab0,7bccf935-2f8a-45b7-88e6-9f3fef66d17e,passport,e2d3fa45655c6d86b2d51043ca81ca15,KW,verified,,1,2025-09-19 17:54:58,2025-12-10 22:44:34,manual_review,,2025-09-19 17:54:58,2025-12-10 22:44:34
3ad58992-a216-402f-9dc0-d4ca8a602870,07b6ee4c-7fc7-4616-8247-85a5b7c8f0a2,passport,cbc2102cbba96f4929fe540f106af8d3,SA,pending,,1,2026-02-16 09:09:46,,,,2026-02-16 09:09:46,2026-02-16 09:09:46
065c83a4-1c06-48ab-9871-657dfe018edb,0ef82914-a067-43d4-9de1-083505415611,emirates_id,5ec6c426e5ab1bb0f4cbf6c51b091d7e,AE,verified,,1,2024-06-18 19:28:06,2025-09-25 11:16:42,system_auto,,2024-06-18 19:28:06,2025-09-25 11:16:42
8e8396c8-ce34-4ff6-8eba-37966bd92558,b954cda0-43a7-4c01-80f6-edc9f37922e7,national_id,8285cfc90930bd07365a6f6f723c2382,EG,verified,,2,2024-08-18 22:25:36,2025-10-28 08:42:00,system_auto,,2024-08-18 22:25:36,2025-10-28 08:42:00
d8f6aecd-110b-45c7-b572-6f57bf494196,a8c91bab-1413-49c6-982e-866536888cae,iqama,818a0f983d94d43c67d91dfe89b8398a,SA,verified,,2,2026-01-04 05:29:59,2026-03-07 08:01:27,manual_review,,2026-01-04 05:29:59,2026-03-07 08:01:27
446f7da0-c8ce-4735-8e0a-02799e4d3cbb,9661b09b-b199-4ef1-aa0d-33d41231695b,passport,42b12cb5dcb3899e4789ac5be76132ad,EG,verified,,2,2025-11-26 19:30:46,2025-12-14 01:07:19,manual_review,,2025-11-26 19:30:46,2025-12-14 01:07:19
4faeda73-58c6-4a85-aa56-69cd8e4dc6f1,5bde0bcb-6724-4d17-be3d-8e7091f2d1a0,national_id,f821577572414ea9e58db599ff29a5f8,SA,verified,,1,2026-01-24 14:09:20,2026-02-11 11:45:09,manual_review,,2026-01-24 14:09:20,2026-02-11 11:45:09
5d9d2ba7-d960-42a6-83ca-0867da3bc8fd,790b9a2f-d68f-4bd2-bf45-11500bc96a62,national_id,72012d00f0f70e41e6b226463c61df53,SA,verified,,1,2025-10-06 08:26:53,2025-10-21 16:08:45,manual_review,,2025-10-06 08:26:53,2025-10-21 16:08:45
6b984269-21fc-4678-8059-a379993d685a,bfa711b3-3cfb-4da6-93d9-9ae809ad7f50,national_id,c1a0e87a1b5e2b9a4ff8559cf3a69ae0,EG,verified,,1,2024-06-02 10:41:58,2024-09-01 01:15:33,system_auto,,2024-06-02 10:41:58,2024-09-01 01:15:33
05f3ec96-109d-4678-b8b7-247c27ce4202,6ddf509e-ee53-4b84-88a4-e377fd37a776,civil_id,2671ae66698728b6766f979ca91514ae,KW,verified,,1,2025-11-24 07:26:39,2026-02-24 01:03:46,system_auto,,2025-11-24 07:26:39,2026-02-24 01:03:46
1bc8bc49-7fb7-428c-b71c-2b77050c89cf,7931ce6b-870c-4d2a-be74-52efc60b9a81,passport,e911786fcee8b3092ff188c1da102a4c,AE,pending,,1,2025-02-08 06:18:02,,,,2025-02-08 06:18:02,2025-02-08 06:18:02
c66b58fd-c836-49fd-8f54-d0742706b19b,5296936e-a86f-4315-a9cf-b86fab869999,national_id,4b40651bab68db9277fdfc36d798c5a9,EG,rejected,incomplete_documents,1,2024-10-16 06:21:23,2025-12-28 05:56:32,manual_review,,2024-10-16 06:21:23,2025-12-28 05:56:32
40e4cfb8-ebb2-4947-a0c3-e77ac63688f2,1894eb90-7252-4942-8c3b-1e3c92066675,iqama,f7d4469b4f7e3bf638b830990dcf999c,SA,verified,,2,2025-07-12 23:55:55,2025-12-16 10:43:05,manual_review,,2025-07-12 23:55:55,2025-12-16 10:43:05
90ab9878-e5bb-48a5-be6c-870fa2a268b8,76b75f9a-e579-4ddb-8cff-08dfdc4c42a4,national_id,e142524672cbed9362d9e57cf9b4090c,EG,pending,,1,2026-03-09 06:30:45,,,,2026-03-09 06:30:45,2026-03-09 06:30:45
adb5db68-6e52-4537-8978-0a93bef4d6d7,167deef7-7aa7-4d36-9347-6a7ec81f788a,passport,3ddb2ddef245eba3cb026f2ccd9c8c50,EG,verified,,1,2025-05-09 06:05:21,2025-09-06 20:15:10,system_auto,,2025-05-09 06:05:21,2025-09-06 20:15:10
99f38c26-f218-47d2-b150-46d3169ad420,fcdbcdc6-62f3-4c70-8c59-b5c3bb5d22f6,visa,864b5249072abe63bf1f6f2ae2d8c723,AE,verified,,1,2025-02-02 09:25:06,2025-03-02 07:42:20,manual_review,,2025-02-02 09:25:06,2025-03-02 07:42:20
b78e92d2-f3db-46f6-9b06-ced0d70e82e7,fa1564f6-5d4b-4bed-a45a-d76c686b3748,passport,528c895f8e702698dd58272c5177c1d5,SA,verified,,1,2026-02-22 23:21:32,2026-03-06 10:17:06,manual_review,,2026-02-22 23:21:32,2026-03-06 10:17:06
e9625100-d8cd-4af9-8790-24a0dd8e394f,cc5f2c13-507e-4b36-b25c-e81e0d3fdf78,national_id,cf762673427fd74935ae7174b806d6fd,SA,verified,,1,2025-07-31 01:16:52,2025-09-07 22:09:26,system_auto,,2025-07-31 01:16:52,2025-09-07 22:09:26
5e241453-97c0-44e6-8559-9d989edf0dd2,a04229ac-7565-4107-8b7d-cdc79e696f35,passport,0fbb6ebafe643e5ba0e4ce4611c02b3e,EG,verified,,1,2024-10-05 17:03:45,2025-09-11 17:46:03,system_auto,,2024-10-05 17:03:45,2025-09-11 17:46:03
2f7cc24a-01a8-4947-bef3-381e63c4e9cb,42bee440-6246-4a65-b5c3-b51cd499d88b,national_id,5e66744a7da7fc5cccff108b075b2e09,EG,verified,,1,2024-05-23 04:47:51,2025-03-02 20:14:43,system_auto,,2024-05-23 04:47:51,2025-03-02 20:14:43
3fb3b7cd-2b48-4fd0-8664-2a89de0c8de3,6a6f4f7b-d514-4e28-b23f-935b527bd105,iqama,7f1f6ecb5abe885d0ca0e710cfb3cb8b,SA,verified,,1,2025-10-24 20:40:19,2026-02-21 14:51:22,manual_review,,2025-10-24 20:40:19,2026-02-21 14:51:22
6fc6e867-0110-4f27-bccc-87537dd6d011,7f1ade6c-402b-453c-b7f3-145e75a66728,iqama,1cc532493cb29876b28ad668f4a63da5,SA,verified,,2,2025-07-08 13:06:17,2025-07-27 14:17:28,system_auto,,2025-07-08 13:06:17,2025-07-27 14:17:28
28c26dbd-0415-403c-902a-d3596ef2cbfe,987fab15-80f4-417a-a8e9-89c4ed0d5261,civil_id,d33e846c054c3b40f0dd750fd3efa181,KW,verified,,1,2025-09-17 17:42:22,2025-10-03 22:44:42,system_auto,,2025-09-17 17:42:22,2025-10-03 22:44:42
ec77cad6-3fbb-4ef9-96a2-406bd14925a9,77195dd6-f1be-44d4-9ebc-22e92aa542b8,passport,ca81746df5033b38f92494afdf5224cd,EG,verified,,1,2025-11-10 21:46:34,2026-01-18 22:33:46,manual_review,,2025-11-10 21:46:34,2026-01-18 22:33:46
712b1f6a-004f-409b-8dc5-49abe7be2e03,33d8f06b-5399-4153-bfb2-038bb396e65d,qatar_id,dae1bccf3b84fb8be34238787167bf76,QA,verified,,1,2026-01-12 16:49:23,2026-03-02 07:17:06,system_auto,,2026-01-12 16:49:23,2026-03-02 07:17:06
71efa134-8cca-4c47-b822-cae89f0c8bcf,10cb86f2-a7b6-447c-af1a-7e8973815248,national_id,91f151da512471fd8a8e82fa9d9e719a,EG,verified,,1,2025-07-26 05:33:15,2025-10-02 00:02:34,system_auto,,2025-07-26 05:33:15,2025-10-02 00:02:34
3713475f-66b6-4d85-8a21-0da6045e12a3,b63fcefa-c570-40f4-ae45-5a5e9d554fd3,national_id,86351c1022a629f08e9a8b1d837b6093,EG,verified,,1,2025-10-05 19:57:43,2026-02-25 06:02:01,manual_review,,2025-10-05 19:57:43,2026-02-25 06:02:01
75c09313-0fc3-4593-94fe-e8c6242d12bb,e7180daa-f924-4bf6-ba21-e2ab64c92759,passport,103510629cc2c873afa956c1b5595fa4,EG,verified,,2,2024-05-14 12:20:21,2025-07-23 22:56:53,manual_review,,2024-05-14 12:20:21,2025-07-23 22:56:53
dca01697-0c6d-403f-8d81-c4b85776a8c7,b04ece91-4139-49d6-81bf-69bce5907d2e,passport,f46122ec8d1e63bca6ec32a54ce6e3d0,EG,verified,,1,2025-01-03 14:10:55,2026-02-17 02:41:46,system_auto,,2025-01-03 14:10:55,2026-02-17 02:41:46
74ffb4e9-49f0-450b-803a-204347728da8,1b3cea76-f4d1-4f44-8c9a-f7f9e914d89e,visa,55e8658835c8f111792d704cb01a5ec7,AE,verified,,1,2023-08-13 19:19:57,2026-02-08 14:00:48,manual_review,,2023-08-13 19:19:57,2026-02-08 14:00:48
0d3c10a5-ec1e-489d-84e8-ad1f27c4c129,d01507a3-b75a-48f4-b83b-eee93f6bb1f4,visa,3bd3887fdc5eb5fd440ad18656c901af,AE,verified,,1,2026-02-10 06:30:57,2026-03-07 05:43:51,system_auto,,2026-02-10 06:30:57,2026-03-07 05:43:51
ccf3407c-ae84-44a8-9ed4-799c5014d284,5163b40e-baee-4318-8508-8ba704585bf5,emirates_id,d7ea66e0673e2b256a212699a7d8b2fb,AE,verified,,1,2024-11-15 06:50:34,2025-12-26 18:47:42,system_auto,high_risk_country,2024-11-15 06:50:34,2025-12-26 18:47:42
238d5e76-1ef7-430c-bd5e-1095394e2335,e36a8726-3509-4c87-86bc-bf5d576ca14a,iqama,38b43024e92f95914ed27bfacf52144a,SA,verified,,1,2025-12-28 11:38:42,2026-01-16 08:18:20,manual_review,pep_match,2025-12-28 11:38:42,2026-01-16 08:18:20
2af2e369-7f95-4602-80ed-72bc11fbf145,5716842f-cc92-42a3-b910-43ff202d8f04,passport,e486fd43cc2f74723a58b2769d7c8e64,EG,verified,,1,2024-06-29 17:08:35,2024-12-15 07:39:07,system_auto,,2024-06-29 17:08:35,2024-12-15 07:39:07
8e7eba58-edc3-4fad-bf91-9e4f37609688,c755e56a-7f72-4f06-a927-6d38fe874f78,qatar_id,a0a86d6523426a54e4c4d97d8ab3dedd,QA,verified,,2,2026-02-24 23:49:36,2026-03-02 14:55:26,system_auto,,2026-02-24 23:49:36,2026-03-02 14:55:26
6b147c53-fb79-444a-89c2-93efc45988e5,bc6b5580-266a-4841-a0b6-613f825709ce,passport,32353adfeb6f0891baf86651baae9dbb,SA,verified,,1,2025-12-05 01:27:22,2026-02-10 21:35:27,manual_review,,2025-12-05 01:27:22,2026-02-10 21:35:27
e8f4f057-90ba-4be5-b9e4-80ab4a9bdba0,82225ce2-2c66-4439-a95e-f5dda7f4313d,civil_id,d019b512556f5d7bf8ae2ab9a803b5bc,KW,verified,,1,2026-01-16 11:21:18,2026-03-07 06:36:43,system_auto,,2026-01-16 11:21:18,2026-03-07 06:36:43
ce8ab144-1a09-4735-87ac-43956934456f,485d2435-6953-46ac-8bec-2598fbeca1c0,passport,353741d468e97519b19bdb8ec3191099,AE,verified,,1,2025-09-02 19:52:52,2026-01-12 20:51:09,system_auto,,2025-09-02 19:52:52,2026-01-12 20:51:09
2cfcb493-97d8-4ab6-ab6a-a8ebf9a217d6,e90a86e5-3e88-44f2-bb5f-936b64a88648,national_id,650995f779f1450226cf1f4aa9547188,SA,verified,,1,2025-04-25 04:43:32,2025-11-07 12:03:24,system_auto,,2025-04-25 04:43:32,2025-11-07 12:03:24
19978c2e-47c1-43ef-af59-a464df087984,87faa9c6-6058-416a-90bb-83ac04a5f585,iqama,d099c4d38aa74d85ce5c067a6ffe8327,SA,pending,,1,2025-07-21 10:28:40,,,,2025-07-21 10:28:40,2025-07-21 10:28:40
ab91d292-3ae4-4f1c-8f84-399b2b37f2e2,c733876c-e7c5-47b8-8619-a98a41c9dbc8,iqama,37e94c7b08837fc75d20f816ed99e7cb,SA,verified,,1,2024-12-15 07:38:17,2025-04-26 23:02:24,system_auto,,2024-12-15 07:38:17,2025-04-26 23:02:24
63302756-ff51-4de3-9c88-c47d80203bcb,35291e94-bf00-4501-9f77-10d47fec5cbc,visa,a30e87582c58d2781f0b632ce08f5777,AE,verified,,1,2025-10-28 11:40:15,2025-12-25 20:16:45,system_auto,,2025-10-28 11:40:15,2025-12-25 20:16:45
61e1743f-fe10-4b8e-917b-23c084ea4799,7401e4a2-b743-4152-97f3-e24ef64da052,national_id,2141b3bec3bb7c3e6b89d970e411eb73,SA,verified,,1,2025-12-17 15:09:39,2026-01-26 12:25:35,system_auto,,2025-12-17 15:09:39,2026-01-26 12:25:35
641c4719-23e8-47c2-9437-4acbcfd05ff5,458ae986-a38a-42c4-86df-587251f69173,national_id,62f347142c8db5f21d0a5bda337d89e9,EG,verified,,1,2025-12-24 21:28:51,2026-01-25 11:11:36,system_auto,,2025-12-24 21:28:51,2026-01-25 11:11:36
e0554d18-59dd-4680-89e6-de66cd82b1ea,6cb50f39-99b8-4484-8c8d-ec32979e1fd9,passport,,QA,verified,,1,2025-07-28 20:22:14,2026-02-20 15:46:59,manual_review,,2025-07-28 20:22:14,2026-02-20 15:46:59
0c28498d-f00a-4516-a450-be42deb9d86b,ef4585e5-9758-4818-b6fa-16e4d28ea767,visa,120d7cda9d3f4a52979d347da10dbc8a,AE,verified,,1,2025-05-22 21:00:26,2025-12-05 01:01:42,system_auto,,2025-05-22 21:00:26,2025-12-05 01:01:42
99af3115-2c5f-4f3a-ae43-d77441954d9c,2a85e517-8c07-40cb-9363-531abf835ab2,passport,3a58ec49d5f7d543b03db1ebb4ec8342,SA,pending,,1,2024-07-14 08:57:35,,,,2024-07-14 08:57:35,2024-07-14 08:57:35
ec119b08-7a19-48a2-86ea-7cae59025b4e,5c998795-a61d-4df7-8ba2-179911ca7945,iqama,c45c4b045838f1faff1d17b86b1c98fa,SA,verified,,2,2025-07-02 10:49:41,2025-10-03 04:20:41,system_auto,,2025-07-02 10:49:41,2025-10-03 04:20:41
9d0c9a13-41f3-4c19-ab65-c58f7acbf693,0e0831b0-a049-4dea-90aa-c9dced713a02,national_id,bc92e2274da1eab43b224091d42bd64a,EG,verified,,1,2025-09-07 03:38:21,2025-12-02 15:59:39,system_auto,,2025-09-07 03:38:21,2025-12-02 15:59:39
e87d8adb-199c-4691-98b7-12046ad0e499,fa4d3774-de30-424a-a8ca-888ace01a114,national_id,b2813142a1e82dc25342f155d30f62a5,EG,rejected,document_expired,3,2024-10-24 19:16:15,2024-12-07 10:45:07,manual_review,,2024-10-24 19:16:15,2024-12-07 10:45:07
22cec26b-9bf5-4fab-a105-56fa97d881e7,0ed593a2-53c7-4099-a087-2ed27b50fe01,passport,f186409a2f9099da0397896d121d82e7,SA,verified,,1,2025-09-13 13:30:09,2026-02-18 18:46:09,system_auto,,2025-09-13 13:30:09,2026-02-18 18:46:09
6803326b-4df0-4040-8ec9-0727968f91f7,4ae98979-12ee-46f5-ae6c-0b2733a75cc8,passport,f5dfcc5e0c93459dc8b6bc1240c0eb23,EG,verified,,1,2025-08-27 02:26:53,2025-09-07 02:23:18,system_auto,,2025-08-27 02:26:53,2025-09-07 02:23:18
eabc419d-a81a-429d-8c00-1158b5fba52d,4f0fb9d5-94cc-4066-8634-119a7aba3e12,passport,4038e0b40190f470850c98e3bba807a1,SA,verified,,3,2025-08-21 03:59:53,2025-11-16 19:00:44,system_auto,,2025-08-21 03:59:53,2025-11-16 19:00:44
039963e3-9dc7-497d-8e08-b63fbb76fba5,cfa69506-55b1-4ae6-be58-39cc2d1511b7,passport,a28e5df3866f3b530dc61cb1024d868b,EG,verified,,3,2025-07-21 23:38:50,2025-12-29 19:15:12,system_auto,,2025-07-21 23:38:50,2025-12-29 19:15:12
68b80b32-ae30-4eca-9d18-46db6dc9b758,e4e75257-6776-4602-9d54-d03414327eec,passport,53d6f3ee1f4f5a19d89b6eed495ba13a,KW,verified,,1,2025-09-15 18:32:42,2025-12-01 00:58:35,system_auto,,2025-09-15 18:32:42,2025-12-01 00:58:35
c197c2d8-3b4d-42ff-88c6-f4010e1c3503,3b5ce3f9-ee65-4c8d-89bc-c12d44aa78bb,iqama,6314ea104143e87422e76fb327a850a9,SA,verified,,1,2025-05-27 06:17:39,2025-07-24 08:12:16,manual_review,,2025-05-27 06:17:39,2025-07-24 08:12:16
c08f29d0-c2b6-45ba-9aee-985be545ee73,083301cf-e724-4274-9cbc-b94aee92df03,national_id,cee04c70a9c007ee55337b3ee03ce42e,SA,verified,,1,2024-09-14 18:37:37,2024-12-13 02:08:55,system_auto,,2024-09-14 18:37:37,2024-12-13 02:08:55
4f488cf1-92ae-439b-b776-0416d0f003d2,c70581f1-3acd-4a43-acf5-d0bca8f75f70,passport,1e774e8879e3f08a57d27635f44d21a6,KW,rejected,information_mismatch,3,2024-07-07 14:11:24,2026-02-12 03:20:59,manual_review,,2024-07-07 14:11:24,2026-02-12 03:20:59
a90a4191-da0a-405c-b69d-a3dca86ca22b,b6a7cb20-0402-4e2d-866b-096469d78b4d,passport,4d9574e4c57dc19f1ecfab572473b815,SA,verified,,1,2025-05-07 16:45:10,2025-08-12 07:26:52,manual_review,,2025-05-07 16:45:10,2025-08-12 07:26:52
fb214040-35aa-435d-a094-3c6a4e465b91,8e217af9-ff95-40d3-8c82-c17998870d38,passport,,EG,verified,,1,2024-07-03 14:52:39,2025-03-16 19:36:16,system_auto,,2024-07-03 14:52:39,2025-03-16 19:36:16
5020b0b3-a9d2-4c9e-bbf1-3d03c77d0fb3,aa4cfd13-0ef1-4ecd-a68b-1308f4eb86f2,passport,1ee5ba2068f69f48a61360005fe62deb,AE,verified,,1,2026-02-26 04:44:05,2026-03-08 11:33:07,manual_review,,2026-02-26 04:44:05,2026-03-08 11:33:07
a692f493-eb8c-45e0-a519-77a553237151,9f05641d-89e8-45f4-87a8-c6a2e41c106a,national_id,3adf616e9ba36ecca49da93002135262,EG,verified,,1,2025-10-31 05:04:00,2026-01-31 02:10:55,system_auto,,2025-10-31 05:04:00,2026-01-31 02:10:55
dee618d0-326f-4b3c-8a2a-7280a4cbb0bc,274df010-6ab2-41af-9534-b7c7744b5d7c,iqama,0121c9771da1b6773ae54a89824eef6d,SA,verified,,1,2023-11-05 16:29:39,2024-01-28 10:43:45,system_auto,sanctions_check,2023-11-05 16:29:39,2024-01-28 10:43:45
9a05cc70-4af4-426e-b694-5f2cf447ba8d,5b9e02a3-ba87-43f8-b71c-365a2ca1acee,national_id,8e68ff204480c220c1977dc31f56425b,SA,verified,,1,2025-12-27 07:18:47,2026-01-02 06:57:55,system_auto,,2025-12-27 07:18:47,2026-01-02 06:57:55
03f47c0b-f285-4927-aa4b-5df35f354d16,34787eae-ecd8-4dd7-bc91-03fd54d786c6,iqama,38731e545ea1ee7bbf397ea15b9da099,SA,verified,,3,2025-08-08 08:53:37,2026-02-20 18:38:41,system_auto,sanctions_check,2025-08-08 08:53:37,2026-02-20 18:38:41
27d9fe1c-3d09-440d-aa8f-a0822150979c,c233c42e-2adc-4866-a844-bb2e87290694,iqama,a373ee3838c3a20173cd7c8a3cb33050,SA,verified,,1,2026-03-09 01:55:09,2026-03-09 06:59:51,manual_review,,2026-03-09 01:55:09,2026-03-09 06:59:51
b300e51d-d400-4217-b91a-84515f539b7d,a0a04b96-946f-4e82-a110-623bd459fc94,national_id,49d41e98f2efa3b2b7621b81ea569daa,EG,verified,,1,2025-05-03 07:05:14,2025-10-05 23:18:44,system_auto,,2025-05-03 07:05:14,2025-10-05 23:18:44
8ee131c1-98b6-45ea-b002-850026cf6450,6b12e6c6-83a1-4cd6-9ed1-7979bae391a4,passport,556e203b22ae8cd6ad89ea3204b6d88c,SA,verified,,1,2026-02-04 00:28:50,2026-03-09 09:06:59,system_auto,,2026-02-04 00:28:50,2026-03-09 09:06:59
381a4d51-063d-4ff1-93dc-e4279573c9bb,5b3b7d62-d883-4c43-9def-1f95db22cd22,qatar_id,76cdf8df1a2cfad58284df06d75001fe,QA,verified,,1,2024-12-13 21:14:48,2025-04-02 06:36:40,system_auto,,2024-12-13 21:14:48,2025-04-02 06:36:40
11961b51-eb61-4a61-8ac0-f96f07891b1e,1e5a4e5a-b9b9-4d28-afc6-f3a281c37dca,national_id,73b7f28bab671740cd97128e5ec2b144,EG,verified,,1,2025-11-05 16:29:21,2025-11-10 01:55:06,system_auto,,2025-11-05 16:29:21,2025-11-10 01:55:06
6931c75c-2d57-4000-99c7-6a674e8c5de6,1e380fdd-958e-42d5-8239-d7444a69f967,national_id,e70b322835e131379e58ef945d3cff81,EG,rejected,incomplete_documents,1,2025-11-27 06:47:14,2026-01-09 13:39:15,manual_review,,2025-11-27 06:47:14,2026-01-09 13:39:15
e5fd5253-7387-4605-804e-786d7da919bb,cd836ced-115d-420e-981e-200bcd59574c,passport,cdaa325c25f7b234cfeabd5335179414,SA,verified,,1,2025-12-22 02:52:42,2026-01-31 23:04:30,manual_review,,2025-12-22 02:52:42,2026-01-31 23:04:30
6edb8cbc-b5cf-406e-be7b-1d2fde0cb3e0,09a0bf1f-92bb-4521-b363-14c70d0f1241,civil_id,455bf642db6ab391b0ca52f09df1c2ae,KW,verified,,1,2026-02-24 18:47:25,2026-03-02 14:07:05,system_auto,,2026-02-24 18:47:25,2026-03-02 14:07:05
f4b916ec-9641-4551-9ca1-82afe110ca07,816d062c-3173-428c-8af4-fc741306454b,national_id,63a846c36660e4a00d140b2a981e5749,EG,verified,,3,2026-01-19 13:40:59,2026-02-02 14:21:03,manual_review,high_risk_country,2026-01-19 13:40:59,2026-02-02 14:21:03
1dd9c26d-00bc-4abc-831f-74edd19d8d97,dac3de9e-06bb-4c4c-b60a-c1e0aa387712,passport,218b5359504a143095adc2de69bba343,EG,verified,,1,2026-01-08 18:43:15,2026-02-17 04:23:56,system_auto,,2026-01-08 18:43:15,2026-02-17 04:23:56
0433f611-2941-4775-bd20-4aeb9e260e90,6c4a0c53-8d72-4dec-8810-4a964c030129,national_id,537bf5f915b19c9e54ca26248edb31e6,EG,verified,,1,2024-08-30 08:15:55,2025-12-22 08:59:04,system_auto,,2024-08-30 08:15:55,2025-12-22 08:59:04
8e83889e-5f36-4a13-8f55-5b54274f309a,b125e130-ca9b-462a-9c6b-53a3426c5778,passport,,SA,verified,,1,2025-12-30 11:54:27,2026-01-09 01:36:08,system_auto,,2025-12-30 11:54:27,2026-01-09 01:36:08
f2676c7e-f1c1-43de-86a3-a26862303d63,4ee10a77-3e1b-4b5d-a042-5aa724d8925d,national_id,da7c4a5ecf136dbf0c621d452abd5e9e,EG,verified,,1,2026-02-14 02:48:26,2026-02-18 11:43:24,system_auto,,2026-02-14 02:48:26,2026-02-18 11:43:24
53b18a06-13ad-43fa-81d0-cdf76ce8709c,9f1bb543-8b89-4200-b9c3-3faa001185ae,passport,fa4315f58ef66395746f1da4066e4e5c,EG,verified,,2,2025-09-25 13:21:03,2025-10-22 07:50:58,system_auto,,2025-09-25 13:21:03,2025-10-22 07:50:58
bcd7c2a3-74c4-4388-9b55-ae03449e7b2e,3a3a5de7-31f4-4c8c-9059-276f8cfee81a,iqama,b5d566ad9b0d4e4d60316ea6502631e5,SA,pending,,1,2024-12-18 01:28:59,,,,2024-12-18 01:28:59,2024-12-18 01:28:59
1c8139a0-1e93-4fb8-a4b9-5cb5550ca6c9,c9aeb194-a2fc-4af0-a997-9f358e1c18ae,iqama,7c3b6f48fb7a2cb041d81cc8d80441bc,SA,pending,,1,2025-12-10 17:09:46,,,,2025-12-10 17:09:46,2025-12-10 17:09:46
72cfdded-fd97-4ad7-8632-b82b360227f1,81c56b39-2b56-4ca9-a302-94de4f2fea29,passport,67b5a87ca6fd1c2c487f2db9ba22b33c,EG,verified,,3,2025-03-30 01:25:25,2025-12-21 01:06:58,manual_review,,2025-03-30 01:25:25,2025-12-21 01:06:58
735763bc-d4c6-46b8-924e-96eb57fecaf2,e55f7753-4c4e-4380-b392-4a81366d14ac,emirates_id,00a9422077d510cd622119a2e980bc7c,AE,verified,,1,2025-07-16 03:18:01,2026-01-27 04:19:42,system_auto,,2025-07-16 03:18:01,2026-01-27 04:19:42
4d3e672d-5471-4ace-a8e0-d46b72dae23e,e54aab9d-8d29-4ec7-bc8d-49463295fad6,passport,718b3964ec578f23e1e24bf83944116b,AE,verified,,1,2024-05-19 04:11:45,2024-09-11 00:09:03,manual_review,,2024-05-19 04:11:45,2024-09-11 00:09:03
8fbd0569-9484-43b6-9bea-4fded22bb38a,ae614a06-8e95-4219-9383-eddf4c4b38fa,passport,38cdd9312f835b481850283254691fb3,SA,pending,,1,2025-01-19 07:11:06,,,,2025-01-19 07:11:06,2025-01-19 07:11:06
cb48237d-7e86-49b9-8e00-6164639803ba,0e21cdfd-184a-481e-87eb-a22fa43183bc,passport,1e16c5ff88bc8a13fee85f2a628397a6,EG,verified,,1,2025-07-12 07:23:29,2025-07-31 19:06:03,system_auto,,2025-07-12 07:23:29,2025-07-31 19:06:03
c574a8ce-bb58-4663-be30-982f6caa8eaf,0eae4f37-dc62-4e1d-b2de-4afc75aedcaa,national_id,320df955108a9f0418cd45824916fbb6,SA,verified,,1,2026-02-06 10:15:43,2026-03-01 06:59:40,manual_review,,2026-02-06 10:15:43,2026-03-01 06:59:40
b2536dcb-2686-4917-89e5-82099a46d865,72a81161-677a-46fe-ac50-dde18295f64a,national_id,131a4952b5d04b5f94a96539febe0f7f,SA,verified,,1,2026-01-11 20:59:54,2026-01-13 08:33:47,system_auto,,2026-01-11 20:59:54,2026-01-13 08:33:47
b2978f0b-2493-4b79-98a4-df7cd73a966d,b34e5360-83a3-4142-b6af-cdaa6151d808,national_id,6bc6abcbda8a460ad1173a9c1ab22eb8,EG,verified,,1,2025-09-04 10:25:40,2025-12-05 10:35:12,system_auto,,2025-09-04 10:25:40,2025-12-05 10:35:12
b60bcfb4-4539-4e54-98b1-1040def7b74d,37f0f31d-1631-410d-871a-fbd4b4dca31f,passport,72f4b83fdd6dea4c4007a8a35b8457d9,EG,rejected,information_mismatch,1,2024-12-21 12:42:39,2026-02-03 00:43:50,manual_review,high_risk_country,2024-12-21 12:42:39,2026-02-03 00:43:50
8160fa8a-7728-4e8d-9ede-baf71b6da54c,05fa5eb6-e58c-49f2-b5e7-1a4840831da5,national_id,68fd9dfa7f6d193b46aa800ce3f530ef,EG,pending,,1,2025-10-15 21:19:49,,,,2025-10-15 21:19:49,2025-10-15 21:19:49
1d4dbe93-a6af-45e5-929f-c9ac29849599,5c34c1cf-7fd7-4e7d-96a9-aeac7fdcfefc,iqama,8a88459c002857a475a4d990cfa88d3b,SA,verified,,1,2025-10-10 00:42:42,2025-11-24 08:41:43,manual_review,,2025-10-10 00:42:42,2025-11-24 08:41:43
a9f9c910-1285-4bc0-9aca-f03fe9a80b8a,d46172ce-73c5-4553-9259-c9650da876a2,national_id,7e8994db2aea6f393313cf9ff5186219,EG,verified,,1,2025-07-27 09:07:25,2026-02-23 09:35:26,manual_review,,2025-07-27 09:07:25,2026-02-23 09:35:26
4e0b914a-3b81-462b-9372-342ab6e13f55,2413279b-2f57-402a-b9c0-67631325bd71,national_id,bc22ec11fb4e937beac147a7a684fe7a,EG,verified,,1,2025-09-18 10:20:35,2025-09-28 19:05:20,system_auto,,2025-09-18 10:20:35,2025-09-28 19:05:20
9af90938-6ee1-4333-a5a0-da77124979ca,479e7cef-1307-45e5-871b-8d1b0b7be9f8,iqama,9861f82196d82b66af6a6509108b67b0,SA,verified,,1,2025-06-07 21:10:42,2026-01-07 22:17:25,manual_review,,2025-06-07 21:10:42,2026-01-07 22:17:25
2c488668-5589-4f63-b51f-8009196181fc,3d491536-71dc-45d3-9d01-d38ccaa9fdce,civil_id,09177b5a10cdd14d0aa68f9564594447,KW,verified,,2,2025-02-24 12:27:49,2026-01-14 17:44:11,system_auto,,2025-02-24 12:27:49,2026-01-14 17:44:11
27ce2148-e46d-4a77-b059-242b66aa2aa5,31248243-58d3-4141-9ae3-b5fd72dde1e3,passport,26bfe74160267c07368cfecc88da9662,SA,verified,,1,2025-12-16 22:55:07,2026-02-13 16:21:23,system_auto,,2025-12-16 22:55:07,2026-02-13 16:21:23
fcaa763b-4e18-47e7-9a89-fb063749080f,54e2d8a5-7a4a-4b83-a461-ee616c6161d5,national_id,ffa3f9a4c035d73958730205012db69d,SA,rejected,incomplete_documents,2,2026-03-01 11:17:51,2026-03-07 14:32:08,manual_review,,2026-03-01 11:17:51,2026-03-07 14:32:08
6a50c442-c719-40b2-9390-ca41d77d3bca,45378d54-8b80-45bf-8933-f2e328e6793c,passport,ba20b01f48ce0daab90330180a0a060d,SA,pending,,1,2024-08-14 10:35:47,,,,2024-08-14 10:35:47,2024-08-14 10:35:47
34dbc41d-913a-464a-b2d1-6bb85a605a30,2f69aad3-410a-4b2d-93ad-6498bb088cca,qatar_id,3644cab6e4fbb770ece1554230418c90,QA,verified,,1,2025-01-13 01:56:13,2025-03-20 03:55:57,manual_review,,2025-01-13 01:56:13,2025-03-20 03:55:57
bb7da4f5-4c2c-449d-a9ae-7a35897891fb,ed200d4a-f7cc-40c2-97fa-04f98437a51d,emirates_id,a38355380b392ab68fadce877a06aba9,AE,verified,,1,2024-08-07 23:45:55,2025-07-10 21:23:50,system_auto,pep_match,2024-08-07 23:45:55,2025-07-10 21:23:50
a9b80f07-a741-4e77-98f5-2ee8bc0f369d,fabfe68b-6f12-44e4-ad09-561932b638d8,passport,7090d9ffe16846e808d73f8794edfd5b,EG,verified,,1,2026-01-04 04:39:45,2026-01-31 17:34:34,system_auto,,2026-01-04 04:39:45,2026-01-31 17:34:34
7448f926-57a8-42f0-aa8d-3ccbf0beb41e,87cb3a2f-7535-4d09-9dfa-fa636a4c117f,visa,01df72d5160e17e67c994fb79cd23b40,AE,verified,,1,2024-12-05 04:44:11,2025-11-16 22:13:08,system_auto,,2024-12-05 04:44:11,2025-11-16 22:13:08
24398cd8-5b80-4fb5-a496-433f7717ea97,e1cd3967-a744-484e-89cc-6f7c53823de7,passport,3cb34809ee1485a8bf8570de4fb3c9a5,AE,pending,,1,2024-07-27 11:34:02,,,,2024-07-27 11:34:02,2024-07-27 11:34:02
ec3a2c6c-3d32-4417-87f8-9757b138ea35,c0d94378-7f35-4350-a436-2d215bfe7ff2,national_id,518985c3792228a4d3e704b730fb90e1,EG,pending,,1,2025-10-01 01:55:26,,,,2025-10-01 01:55:26,2025-10-01 01:55:26
8be3a5d4-ab1d-46c8-91c3-f584290db4a3,b5449ded-4c12-430b-8602-d405c4a987cf,iqama,0bbaa590d68e0211b3c3c88c7510c3d4,SA,verified,,1,2025-09-21 14:39:21,2025-12-19 20:43:24,system_auto,,2025-09-21 14:39:21,2025-12-19 20:43:24
0f909043-b362-46cb-b4b4-44ca11c02a30,c22f6718-6a8b-4080-86da-804d358706be,passport,32e23788a7e5d45fbe32341bf5855e64,EG,verified,,1,2026-01-17 22:43:40,2026-02-13 11:59:21,system_auto,pep_match,2026-01-17 22:43:40,2026-02-13 11:59:21
b96ca970-0a75-4ce4-9bf2-ad5f06da8eef,e19c3574-d670-439b-8ab5-fc9506122187,emirates_id,6128aec08eaea8d1b6b15c2aca062cdc,AE,verified,,1,2025-05-25 02:29:12,2025-12-03 11:30:00,system_auto,,2025-05-25 02:29:12,2025-12-03 11:30:00
38d0d8e9-a2d7-419e-92dd-d91bbb192a52,701224ec-ffc3-4b90-8181-6b232412e7a9,national_id,cb1675769cb16094b4b3ca0dcfea3620,SA,verified,,2,2026-02-07 03:50:09,2026-02-26 20:46:45,system_auto,,2026-02-07 03:50:09,2026-02-26 20:46:45
0bec5791-11cb-4675-8ca1-a25b54bbeded,09b35a90-7494-4366-9bec-5a1b9cbe7179,national_id,9468af0c3049e638419c2d623a8cd172,SA,verified,,1,2025-10-20 14:03:20,2025-11-17 04:27:15,system_auto,,2025-10-20 14:03:20,2025-11-17 04:27:15
6c0abb38-95dc-422e-99d3-6edc79d60c60,4b23e393-d80a-40a9-aed4-5d5050b38473,national_id,71ae99548cf23237dfbdd5d2e8930b27,EG,verified,,1,2025-09-04 14:00:10,2025-12-30 20:42:04,manual_review,,2025-09-04 14:00:10,2025-12-30 20:42:04
f1669920-fe4a-493f-9efc-2b17fc19c537,4c3750b4-f7d9-4c58-9ee8-f9b79e69d334,civil_id,905d0dfcee636665ff4b31bc84fa748e,KW,verified,,1,2026-02-21 12:01:09,2026-02-22 23:36:19,manual_review,,2026-02-21 12:01:09,2026-02-22 23:36:19
6fd36fe0-0693-45e3-8a17-97d098cf9989,ab6ef1a1-49fb-4da8-8c92-d83a3c866ed7,civil_id,81840e9a7258a870217f8e567fce916b,KW,verified,,1,2026-01-28 21:20:08,2026-03-09 09:56:31,system_auto,,2026-01-28 21:20:08,2026-03-09 09:56:31
db7e52d7-1a45-4d71-afad-f919d659d879,030c315e-a3d8-42b3-9e4d-52227ab79793,national_id,4f94b2ae994e03cf8291356b6cdb04d1,EG,verified,,2,2025-07-31 02:24:44,2026-02-22 09:27:32,system_auto,,2025-07-31 02:24:44,2026-02-22 09:27:32
896a52df-3a71-4463-bc63-c5b0adb15c63,0870309a-8579-4637-b1d3-ca8a61392cbc,national_id,f0658f7bba51386379c8c78dc16639a5,EG,rejected,incomplete_documents,1,2025-02-04 01:26:30,2025-06-19 22:09:17,manual_review,,2025-02-04 01:26:30,2025-06-19 22:09:17
cee420a3-81f7-4fbd-b945-aa7a9f20fd09,89d6fc22-f76f-485f-81ac-d33ecac25394,visa,73762aa1ff688da2526e7265aa5a5c53,AE,verified,,1,2025-09-10 18:18:31,2025-10-01 13:01:52,system_auto,,2025-09-10 18:18:31,2025-10-01 13:01:52
c85d5ecc-463c-44cb-bf74-557199c228c9,9290dc32-c0f4-4132-932a-41165bcec9d8,passport,f7f7f42bb22ff03a23caa7b603508849,EG,verified,,1,2025-10-07 01:26:32,2025-12-22 00:02:37,system_auto,,2025-10-07 01:26:32,2025-12-22 00:02:37
71db48ae-769e-458a-a509-545cb690e26d,50eb693f-cbc3-4a1d-bcc6-85f390fbaf97,national_id,183a2d80b45bae7571b0611d7ba972b9,EG,rejected,suspected_fraud,1,2025-07-01 11:53:26,2025-09-14 10:18:36,manual_review,,2025-07-01 11:53:26,2025-09-14 10:18:36
cd8f74b8-8808-4900-b504-6f42944b2c3c,0ef26614-5127-4cbe-a2df-251859fe3c7f,passport,f3af83a0fa28c28181e05df945588277,EG,verified,,2,2026-01-21 08:38:15,2026-02-24 01:41:01,manual_review,,2026-01-21 08:38:15,2026-02-24 01:41:01
2e4e93c0-8d67-48cd-9f18-19baf07caeec,b2bdd78c-5c4a-4ee1-bdf1-517fc8badab6,national_id,3755499b0a56c34bd4e0495dbae1a012,EG,rejected,suspected_fraud,1,2026-01-19 08:27:40,2026-01-22 08:45:31,manual_review,,2026-01-19 08:27:40,2026-01-22 08:45:31
664e70fa-f218-4c18-8ee7-3f8c2e2cfffb,2f255e66-9297-4963-bd05-873bc3474f29,qatar_id,31c8234c7fe0ee845979452e9488f9aa,QA,verified,,2,2026-03-01 00:47:36,2026-03-07 07:32:31,manual_review,,2026-03-01 00:47:36,2026-03-07 07:32:31
34aca68b-3010-47d6-8c69-19d0e7a4ead5,7e4ac8c5-218e-4c63-a5fa-d82f0f1c5f78,passport,28d90b2142092b20741da46c39a585e3,EG,verified,,1,2025-12-11 12:44:42,2026-02-16 21:49:32,system_auto,,2025-12-11 12:44:42,2026-02-16 21:49:32
105e9fee-a1a3-406a-bfe5-07cdae74d2c7,065a816e-85c7-4572-aa95-2ea409c8aa1c,national_id,2d618a4d5f2a1f261d0d2a7fb14b3fa2,SA,verified,,1,2026-01-08 14:58:16,2026-01-19 19:15:13,manual_review,,2026-01-08 14:58:16,2026-01-19 19:15:13
6feb2e6b-8650-451c-9251-6e56b9315c0d,b86f00ea-74d8-4c5a-8f4c-f480b51d212f,passport,58757017403fe5764decda1064ca9e3b,SA,verified,,1,2026-03-05 10:33:41,2026-03-07 07:07:53,system_auto,,2026-03-05 10:33:41,2026-03-07 07:07:53
2127198c-a57b-4e9e-8249-d73e8aa4f0de,7ec7d608-4cd4-4469-aa9f-d9299febce46,emirates_id,4c7e959d754a50216cb15e915a4ceea4,AE,pending,,1,2024-11-02 20:54:40,,,,2024-11-02 20:54:40,2024-11-02 20:54:40
87219ed1-c64e-4f28-8130-192770d4408d,f573662a-d0d3-47f1-b194-477328585249,passport,9bb08b8f6bb18d087d75e204019141a6,AE,pending,,1,2026-02-23 20:56:09,,,,2026-02-23 20:56:09,2026-02-23 20:56:09
ca304179-2253-45a0-8559-1a20a16c8367,40828d82-602a-4bf9-9581-7322647c8d3d,national_id,,SA,pending,,1,2025-11-14 16:02:48,,,,2025-11-14 16:02:48,2025-11-14 16:02:48
3a430357-8225-4708-83e6-3a53b79c36f9,21deb391-ee17-439c-8711-ba64522adce4,passport,b9c1735b6c45f7ed681e4d48c78e13c9,SA,verified,,1,2024-08-12 22:29:16,2024-08-13 16:01:03,system_auto,,2024-08-12 22:29:16,2024-08-13 16:01:03
6801ba75-a01e-4f3f-835a-4c2a023ab059,4e222e2b-f8d2-4e1c-8619-7c8d25e99c5b,national_id,5ac284f105d23d793347f41acd5288e3,EG,verified,,1,2025-10-15 08:55:04,2025-12-03 01:45:32,manual_review,,2025-10-15 08:55:04,2025-12-03 01:45:32
e02270e6-d9b5-47ed-b7b2-ff5af775cb2a,242be6c5-86dd-4086-987e-4cec40c45fc3,iqama,57ef6d74995d47008b230930f4f0c314,SA,pending,,1,2025-01-09 22:33:39,,,,2025-01-09 22:33:39,2025-01-09 22:33:39
a1020ec1-628f-468b-a77f-33bbacfa75e3,20312c2b-5414-4377-af33-a2363a9d47cd,national_id,02c4fa86df292bdb0590cdc569824298,EG,verified,,1,2025-06-29 10:26:13,2025-08-21 21:59:40,system_auto,,2025-06-29 10:26:13,2025-08-21 21:59:40
ccf25d41-e1b7-4f15-a1b7-73b041f2b1f7,c013fb0a-566b-4554-ad9e-d8d75c071f80,national_id,34e65dcac1914fa27bfb64b82985d076,EG,verified,,1,2026-02-23 06:13:10,2026-02-25 12:49:08,system_auto,,2026-02-23 06:13:10,2026-02-25 12:49:08
3fd41a21-bd7a-4be8-982a-80c97d2f7952,64a62fdb-875c-443f-8563-812758374392,passport,231c8843bf6ffbd138536b96f965232a,EG,verified,,1,2026-02-14 07:45:09,2026-02-19 07:49:35,system_auto,,2026-02-14 07:45:09,2026-02-19 07:49:35
4ae948fb-c444-4d50-ad31-d8486c2f11e0,7c9a956e-2825-4701-88d8-64c8b2d37aae,passport,163b79b1fa6f5695b77819f29fea702a,AE,verified,,1,2025-12-27 22:07:32,2026-02-21 16:32:02,system_auto,,2025-12-27 22:07:32,2026-02-21 16:32:02
56b3f28e-9871-4eb7-954c-96c2f50246da,c652333a-af2e-4204-9459-1891c4f1657e,passport,7eb1a3d3cfe39176124dd2cadfa18f63,AE,rejected,information_mismatch,3,2025-02-27 06:59:06,2025-06-22 04:51:34,manual_review,,2025-02-27 06:59:06,2025-06-22 04:51:34
ad0ad278-52fe-42e0-946d-4d88ada09bc8,d5f1a300-f172-45db-bc45-7ddcb2fec8e8,passport,2d904d357bc35e90458981266aaa2777,EG,verified,,1,2025-07-10 13:39:59,2025-12-27 19:36:26,manual_review,,2025-07-10 13:39:59,2025-12-27 19:36:26
4ebdcf1e-7ef3-4d32-be08-d5e71d72aeba,1d3e00e9-daf6-4a5e-8047-77514a4809bf,passport,d887d206d89d055ba6eedb98c46b98e0,EG,pending,,1,2026-03-04 22:07:21,,,,2026-03-04 22:07:21,2026-03-04 22:07:21
b28359be-9d89-4f23-9e9a-5d728c26ef02,0e3d0f67-181e-4fa1-bcc7-747a9bb89423,passport,c02314cdc4438f925f4777482b25c6fe,AE,verified,,1,2026-03-05 20:55:12,2026-03-06 12:00:22,system_auto,high_risk_country,2026-03-05 20:55:12,2026-03-06 12:00:22
160c3572-8ad1-4063-a118-e49ed1f29393,c3806e79-c7aa-4e2f-886d-33944af23c15,passport,1c369691ebab07cd0b14b69c780f994c,EG,verified,,2,2025-10-01 21:42:22,2026-02-06 06:35:40,system_auto,,2025-10-01 21:42:22,2026-02-06 06:35:40
abf83871-408c-46de-bb90-e3fccceabf5b,11c236df-c441-4502-a237-6dd2a6582b38,national_id,d448b870a79d6df15ca40de221cc72ac,EG,verified,,1,2025-10-26 06:50:49,2025-12-05 07:52:02,system_auto,,2025-10-26 06:50:49,2025-12-05 07:52:02
8bf2ffbc-98a1-42c9-93e2-64111560c003,7d8b4ee3-49e2-4759-afc6-0141fdf0b86e,national_id,d249913c7ac13b7e0feb0cb7f315e47d,SA,verified,,1,2024-12-24 08:51:49,2025-09-20 10:49:42,system_auto,,2024-12-24 08:51:49,2025-09-20 10:49:42
c4d0bd30-dbe1-44b8-918a-16b8c2e2245b,3de4ee7b-2b4c-425d-ba01-c865a1d3cd24,visa,ba8b4522e765067d996695e165feee03,AE,verified,,1,2025-12-28 00:02:29,2026-02-24 16:54:53,system_auto,,2025-12-28 00:02:29,2026-02-24 16:54:53
bc41b8e6-eacf-40e8-8246-6b1984ca9b25,ab409d54-460a-4169-b6d8-9e41f5946350,civil_id,b6efc463a463374f8481ca7ed0ac8ebc,KW,pending,,1,2025-03-28 02:28:31,,,,2025-03-28 02:28:31,2025-03-28 02:28:31
ee8121a1-abb0-4521-b85f-b4f0b49251bb,e14573fc-e9e4-452e-9078-963b1b84809e,iqama,6e61b3c46e677345d366ab4e214063e2,SA,rejected,document_unclear,1,2026-02-13 11:00:00,2026-02-18 16:32:10,manual_review,,2026-02-13 11:00:00,2026-02-18 16:32:10
2f7030dd-a2b6-41c9-ba14-e1ed6a0e6a89,8049827c-fb6c-42e8-a360-80d34d0a103a,visa,ab1e953625a6a0d7a6bf1792a91c1613,AE,verified,,2,2025-10-23 07:04:30,2026-01-23 18:31:20,system_auto,high_risk_country,2025-10-23 07:04:30,2026-01-23 18:31:20
7cdf46e7-a0f5-4ba8-a1f5-37f30cd1fa6e,095daceb-edc8-4090-b8bb-fca9066b20b7,iqama,2891b1399fc99a900ca7ede6d81dbb86,SA,verified,,2,2026-03-01 21:43:02,2026-03-07 07:53:03,system_auto,,2026-03-01 21:43:02,2026-03-07 07:53:03
e448fd03-a77c-4f5a-aabc-866e9a3f0fc7,7300f7ab-df9b-4166-b56f-75f0d069415a,passport,25a31dca39ae59f24302dc0d0b55090b,AE,rejected,information_mismatch,3,2025-12-03 13:45:22,2026-02-11 13:26:16,manual_review,,2025-12-03 13:45:22,2026-02-11 13:26:16
d9906317-1b9f-47d3-ae26-d08e075bad30,7c124691-fdf0-41a5-8a86-7a652ef40578,civil_id,d871287c939ef1ed7f241ada085d8276,KW,verified,,1,2025-10-24 16:16:02,2026-01-08 11:34:43,manual_review,pep_match,2025-10-24 16:16:02,2026-01-08 11:34:43
e0a45be2-3c91-41fa-8b3c-d83264b5e7bc,85840a23-4e8e-40ef-9ce9-45bcf55b4223,passport,33949eb2811ac7d85c767d89c65466b8,AE,verified,,1,2024-04-07 19:40:07,2025-05-31 12:27:50,system_auto,,2024-04-07 19:40:07,2025-05-31 12:27:50
393dc344-c8f4-4059-9ef5-9cf930234dd4,a405b362-6c76-4fbf-b084-105c4fd57c36,passport,3fe7d3dc0dcd4176949df256437cecd6,EG,verified,,1,2025-12-13 09:04:43,2025-12-21 02:29:33,system_auto,,2025-12-13 09:04:43,2025-12-21 02:29:33
2b9dabfc-8112-4434-ab0c-5bdb20c59bc8,c7c96370-dc7f-454e-b492-b17f2093df15,national_id,b9c22575a67a2fd7cfbcda105369469c,EG,verified,,1,2026-02-16 00:18:08,2026-02-24 14:48:47,manual_review,,2026-02-16 00:18:08,2026-02-24 14:48:47
8961a86f-5b20-4b28-8ff9-6daced377770,b6c6c3a2-8040-4352-91ff-cd6260a62e54,national_id,82c772ea4836842fbabb125314583f44,EG,verified,,1,2026-02-25 06:37:52,2026-03-04 14:35:20,system_auto,,2026-02-25 06:37:52,2026-03-04 14:35:20
402fed28-342c-4db4-baa9-2bea8d0f1e44,836cff02-a5ac-421d-be45-90d645b6cda1,iqama,485a7fc12c504870e5f5f82a13934e56,SA,verified,,1,2025-12-08 19:53:41,2026-02-16 10:18:05,system_auto,,2025-12-08 19:53:41,2026-02-16 10:18:05
3c249c65-f3a7-4ff6-9125-ac5be454f260,b3640e37-8bfa-487e-9d07-24773d0d7d9e,passport,1eaa14274e1027d9af96ec09fc95f488,EG,pending,,1,2025-12-22 14:54:25,,,,2025-12-22 14:54:25,2025-12-22 14:54:25
5b4819ed-e3a5-4aec-abbc-19ab332bf551,c14f6720-92a8-45e8-8b8f-5881fcbe5dff,emirates_id,,AE,verified,,1,2025-07-09 18:58:51,2026-02-20 08:26:35,system_auto,,2025-07-09 18:58:51,2026-02-20 08:26:35
c08ca8fb-9ec3-4f42-8ed5-24958d334ae2,c61a1380-6fc1-4a09-8b44-e9d47fc8bb25,national_id,46c6d660dfdf17d74ce9b62499a0a5ff,EG,verified,,2,2025-11-24 11:00:35,2026-02-23 06:26:05,system_auto,,2025-11-24 11:00:35,2026-02-23 06:26:05
d3eb9f7b-bf0a-4683-8cc7-d9c6f9c3f252,a06ece89-5346-4b94-a95f-1da4f884d432,emirates_id,4e5365d3989286eb8f4d5c743ee3fb73,AE,verified,,1,2024-06-13 02:44:58,2024-10-03 04:43:18,system_auto,,2024-06-13 02:44:58,2024-10-03 04:43:18
38afa129-d556-4aba-9073-b73d1b7fd50c,dbf35abb-e2fa-450f-89ec-6ba46f172413,passport,9731951416f1c157c1d12b3fcba9b9bf,QA,verified,,1,2025-12-06 05:29:07,2025-12-06 21:23:48,system_auto,,2025-12-06 05:29:07,2025-12-06 21:23:48
18fcb8d1-149f-4400-b88d-5395d5859543,901227c4-2935-4e6b-ad6f-e24dccc37655,passport,4c2509db8de8a74a4c1d0ecf92ebab86,QA,verified,,1,2026-02-18 01:51:32,2026-03-03 08:49:03,system_auto,,2026-02-18 01:51:32,2026-03-03 08:49:03
f0f27262-669c-490b-8848-d3719c774367,405205e6-5b94-42e4-b986-8255f14569d8,national_id,e684f09a2f6a554e79e0c51268100a4b,SA,pending,,1,2025-03-21 03:25:49,,,pep_match,2025-03-21 03:25:49,2025-03-21 03:25:49
ca4c23ab-aaf3-4828-80ae-92f3787f5e0d,9ac1e0e5-f6d6-4f11-b6ca-0f2564012704,national_id,4c12a30e44faece5eec5fc92c041bb8d,SA,verified,,1,2026-02-27 14:44:29,2026-03-03 16:01:34,system_auto,,2026-02-27 14:44:29,2026-03-03 16:01:34
6bc9e738-543c-4dc3-aefa-f1c4aecdf979,43aac153-0433-4fd7-ac67-fe152b9f60c1,national_id,044e3104f4a683106d7eba428593e4ef,EG,pending,,1,2025-07-13 03:15:31,,,sanctions_check,2025-07-13 03:15:31,2025-07-13 03:15:31
0e12687e-08f0-43c1-9771-c8d13a1cea18,bf22f3b1-b43b-4af0-aa2e-e88861640e13,emirates_id,0dc968d16e2c5feaae2cdf14f33a97d6,AE,verified,,1,2023-10-13 00:12:56,2024-06-20 14:05:42,system_auto,,2023-10-13 00:12:56,2024-06-20 14:05:42
07d3e0df-dffd-43b2-a1b9-60c549263e88,64fd6ca7-26e5-44cc-8453-c0c02459ebcd,national_id,48c822d14cc5968795cf5dbea26699b2,EG,verified,,1,2024-12-26 09:00:04,2026-01-25 12:07:31,system_auto,,2024-12-26 09:00:04,2026-01-25 12:07:31
eed58e84-8a97-4f1e-997e-6e417d2fe13b,59ebd486-88c9-47c1-8abd-040c0d3c59cd,visa,bf0c8a9e5e1b88c8dd0cc4cd497293e1,AE,verified,,1,2026-01-03 22:34:28,2026-02-22 08:31:14,system_auto,,2026-01-03 22:34:28,2026-02-22 08:31:14
1af14527-755a-4de6-b4fb-b94f61233cc6,2b93139e-99e1-4a60-b32e-03d27d55c827,national_id,981c4859bbf597dbe0ba03a764488a51,EG,pending,,1,2025-07-18 07:22:30,,,,2025-07-18 07:22:30,2025-07-18 07:22:30
d2657b65-97a1-4c09-89a3-4094591c6c20,24119fee-b918-4c69-956a-c9785ac826a1,passport,e319c2664c20842435bc1a8379bfc646,KW,verified,,1,2025-07-04 19:14:10,2026-03-01 09:53:33,manual_review,,2025-07-04 19:14:10,2026-03-01 09:53:33
4cd8f0cf-26be-4656-9179-bdfe888f4593,022a8d98-46ef-4950-9d18-ff01ad441f01,passport,c64832e250ede0bb46b124cf34a3d2b8,EG,verified,,1,2025-10-20 21:49:00,2025-11-16 10:48:58,system_auto,,2025-10-20 21:49:00,2025-11-16 10:48:58
97b548f5-17d6-4586-806f-ebf0118eb802,5ade48ff-6695-4919-8fa6-f58843900122,passport,08c1c911d6c6c9fe7306229c1e2cc844,KW,pending,,1,2025-11-12 17:06:31,,,,2025-11-12 17:06:31,2025-11-12 17:06:31
8cd4144c-4a70-420e-9485-b0b3dd37cc3f,11fba5b5-e8bf-4bdc-92c9-454b064fe71f,passport,eafd30cb23c629a030446a936de2fa4e,EG,rejected,suspected_fraud,3,2025-11-08 18:57:17,2025-11-14 21:56:39,manual_review,,2025-11-08 18:57:17,2025-11-14 21:56:39
d4449f72-3352-47eb-af57-7a7139b94378,04674e65-960b-4cbc-9b90-d40d928262e1,iqama,171b010fac33e189bf4990836a7248ef,SA,verified,,2,2026-02-23 08:55:28,2026-03-02 00:58:37,system_auto,,2026-02-23 08:55:28,2026-03-02 00:58:37
2f197124-42fe-46e3-b5f5-071cfe2ba8eb,8a75c3e7-af05-46da-b38e-52f9a6a7c064,passport,93e949edef984087d3cde286130f5902,EG,verified,,1,2026-01-22 18:26:53,2026-01-25 20:22:15,system_auto,,2026-01-22 18:26:53,2026-01-25 20:22:15
cac5b077-a718-4189-a6b7-18b3bbe0816e,892488a3-68b8-488c-a323-7bf66269a3d7,national_id,62c1d34f4cfa4bb0275825120d881549,EG,verified,,1,2024-07-29 16:59:38,2025-07-26 13:47:54,manual_review,,2024-07-29 16:59:38,2025-07-26 13:47:54
967a7e22-8d50-4f67-b489-bfa38d62e207,584d6a82-e7d5-4163-8474-9a496a587a4d,national_id,766b85b0a2ef256f3b8b256a070166fb,SA,verified,,1,2025-09-28 17:58:56,2025-12-31 07:39:27,system_auto,,2025-09-28 17:58:56,2025-12-31 07:39:27
3cee595b-cb7c-4c70-a273-179f3ed771b4,07f1b85b-bd82-4dc5-b8de-2ccaf03d598b,national_id,3a3dcadc63b7a472921d5ea99480a9c7,EG,verified,,2,2025-04-06 01:16:31,2025-12-08 05:57:16,system_auto,,2025-04-06 01:16:31,2025-12-08 05:57:16
cc1c25da-3e2d-40e3-a6ba-ffefb5fbd7d8,a78b1100-217e-439b-8ab5-4340fa86e3cc,iqama,9bc74b529b3802e657405b86b6b32bf4,SA,verified,,1,2026-01-22 10:55:41,2026-03-04 17:15:05,manual_review,,2026-01-22 10:55:41,2026-03-04 17:15:05
c61af39a-1b24-4c40-823d-735fa07853ff,ea1aaf20-4ff4-4025-a9bd-0da71a024e8f,visa,8fe8cf123ec1f70f9b9d7be7ca8fe3cb,AE,verified,,2,2026-03-05 09:56:13,2026-03-07 09:20:17,system_auto,,2026-03-05 09:56:13,2026-03-07 09:20:17
0e1b21cd-0491-4e5b-aa05-d81b4e2424c1,d9a47254-3c8b-4cec-8879-975a96c80814,national_id,517245f136a97223fd0bea347d7ded85,EG,verified,,1,2026-01-01 10:37:20,2026-02-12 00:14:00,system_auto,,2026-01-01 10:37:20,2026-02-12 00:14:00
cfd7f3b6-ea86-4b03-aa0e-54c37a4a8132,e9079aa5-8e90-41ab-92ea-3bb6fd37edbf,national_id,5f23d1fc68c94530095a198c002f1f99,EG,verified,,1,2025-11-08 11:05:16,2025-11-15 03:15:21,system_auto,,2025-11-08 11:05:16,2025-11-15 03:15:21
23e58e70-7086-4cc1-af53-4183156b0c80,673bf1e7-894d-47ac-ac5c-66ab179973f0,iqama,63e82e923d2c3e4e31955465ebdfe1dc,SA,rejected,information_mismatch,3,2025-06-25 04:03:38,2025-10-08 12:55:40,manual_review,,2025-06-25 04:03:38,2025-10-08 12:55:40
e344a5c2-3fe8-4874-9e55-ed8f175c2bf8,0067b054-3c5d-4f37-9302-e716c8da1ba6,passport,6b1d2481cabf7ada86b341a4cfd36f02,QA,verified,,1,2026-01-06 23:49:59,2026-01-30 04:24:25,system_auto,,2026-01-06 23:49:59,2026-01-30 04:24:25
1acc8851-7d63-4a0b-8729-799b7139f7ac,ba5abac9-4bd0-4d9c-a01f-5ff2fa66fd12,passport,83909d61c617079b63c440f0c22b9002,EG,verified,,2,2026-03-02 22:16:53,2026-03-08 01:46:50,system_auto,,2026-03-02 22:16:53,2026-03-08 01:46:50
12a34a37-f550-431f-b01f-bfc390082e9f,74931e73-709f-4722-a76e-6aa154679e0d,national_id,4bed68464e1c188e40b8f4dc06e0549d,EG,verified,,1,2025-08-24 01:36:10,2026-01-08 16:07:59,system_auto,,2025-08-24 01:36:10,2026-01-08 16:07:59
06d53908-c695-42b6-8969-da95c138e77c,bf857ef5-8a00-415c-ad36-2e7c87b68667,passport,f8374dcd00ff0f5f93320a001ca1122e,EG,verified,,1,2025-10-14 19:11:11,2026-02-09 14:24:47,system_auto,,2025-10-14 19:11:11,2026-02-09 14:24:47
1a7fdad2-43ab-4276-95f4-678cb40aff4c,9ea397c5-10c1-4f4b-ad98-01c6d8ef58df,emirates_id,7cd3ea1ff5a2ceac5a83c203e5212c56,AE,verified,,1,2025-10-11 18:20:10,2026-01-27 19:22:17,system_auto,,2025-10-11 18:20:10,2026-01-27 19:22:17
eff1298f-ba29-4827-bca6-38a90c4dbe65,2e00b1c7-02c4-4653-850a-54244c64a2d4,passport,dc745c029f8b6210e01d491fc0224105,AE,verified,,1,2025-11-30 19:44:07,2026-02-16 08:07:19,system_auto,,2025-11-30 19:44:07,2026-02-16 08:07:19
dbe82e44-3c84-4a36-a84d-18fdc25d11b5,6616280d-42c3-4cbb-b2f5-cc767be8ad21,passport,623e701d16c7f8b1baaa1fbc2d00ff0f,EG,rejected,document_expired,2,2025-04-15 12:07:11,2025-09-01 03:54:17,manual_review,,2025-04-15 12:07:11,2025-09-01 03:54:17
6f9120fc-b90e-4201-aad1-48f0b0252dff,04eb5e59-81c3-4c58-a22f-5df3ec52ab76,national_id,1889e568ff62bb20e4f185c1eeda5264,SA,verified,,2,2026-02-21 20:38:10,2026-02-24 01:35:07,system_auto,,2026-02-21 20:38:10,2026-02-24 01:35:07
3f93fee9-fed8-4166-ab42-b4678806c96b,a79a8c8a-4f1d-45e7-a9f4-705ac0bb4ed3,national_id,ddc0a42a7077992b677d160582188757,EG,verified,,1,2025-12-02 01:20:12,2026-02-20 03:56:56,system_auto,,2025-12-02 01:20:12,2026-02-20 03:56:56
66f26d25-6374-47c6-990d-5db014090ac0,8d8fc28e-2fc0-48f1-bc96-3fcf11edb0d7,passport,39c8d1dd1bcc7bdfdfd4b77f4a5892af,SA,pending,,1,2024-07-15 02:35:50,,,,2024-07-15 02:35:50,2024-07-15 02:35:50
e51d1349-459a-49c6-9ec8-2ae2d44d8b9b,2b9c6347-bd1f-4a1b-ad55-4767c79b064e,passport,21cd6b305530064de806d88f30bb6c89,EG,verified,,1,2025-10-13 23:42:20,2025-12-07 17:32:19,system_auto,,2025-10-13 23:42:20,2025-12-07 17:32:19
0a20b34d-fe7e-440e-aa87-5dfb5355cce9,b9f63c59-bc62-44d0-91ee-49abdc46bcd6,passport,6c20d6792561b19b4271228a2d007436,SA,verified,,1,2025-12-08 06:37:13,2026-02-05 05:49:58,system_auto,,2025-12-08 06:37:13,2026-02-05 05:49:58
b10e3b74-fcfe-4498-af4f-f9cfab05040a,c9c4f653-1537-44b9-b4e4-0ca5ec1aa0eb,iqama,52500bb4517b7774384465a55f0b9bf0,SA,pending,,1,2025-11-20 01:30:47,,,,2025-11-20 01:30:47,2025-11-20 01:30:47
c9ddbb84-3ffb-4652-b704-016a6b580efa,d2752e1e-9eb9-4ad5-b14f-ff36a2bf3e03,iqama,ef247dee5237f827203279e137e2725c,SA,verified,,1,2025-06-06 06:09:30,2025-12-05 15:17:37,system_auto,,2025-06-06 06:09:30,2025-12-05 15:17:37
4b4fe7eb-3d43-466a-aafa-f00e71b22100,07f40a1b-b491-4fb2-ac62-82b6bc627f85,passport,0ea87a2d79e778392868378a80936d74,SA,verified,,2,2026-03-05 03:24:32,2026-03-05 04:47:17,system_auto,,2026-03-05 03:24:32,2026-03-05 04:47:17
ed392354-bb4f-43d7-be3a-7d0a5f39b4a5,d4fd5b62-1ffc-4cfd-8c9b-d2c88cbe8818,national_id,1336a70300f16327e8f6a3c09016cff6,EG,verified,,1,2024-08-18 11:59:54,2026-03-03 12:39:55,system_auto,,2024-08-18 11:59:54,2026-03-03 12:39:55
0172bce9-a7c8-4381-a2e2-59c04ee0f6ca,0ccca6a6-5680-4ad2-b676-01a5791b2452,national_id,531d8dd47baadcbffd568f771dc039da,EG,verified,,1,2025-03-09 01:46:15,2026-02-17 21:47:16,system_auto,,2025-03-09 01:46:15,2026-02-17 21:47:16
d82b0a4b-ad57-4c18-aa90-ea3be3719404,6fd2d6fd-e4d2-4a4d-8e48-238e49ef4312,qatar_id,d064a74babd5032d8c375becaba744ce,QA,verified,,1,2025-04-20 18:51:20,2025-10-22 21:57:04,system_auto,,2025-04-20 18:51:20,2025-10-22 21:57:04
247ad6ff-7579-4563-9ad6-ef6cd76fea42,334e0835-7697-499b-b9f1-58f0312d9a39,national_id,504d6df68a117d8a88219c76eca0dd0d,EG,verified,,1,2024-06-20 16:18:15,2024-10-15 20:50:33,manual_review,,2024-06-20 16:18:15,2024-10-15 20:50:33
f55e177e-2322-43a1-b6a1-966891f7f03b,4160c734-ef7b-42b4-94bf-b6d3161e5485,passport,6b580044853d3f6291025a6af93a4e32,QA,verified,,1,2025-10-21 15:55:48,2025-10-22 07:08:44,system_auto,,2025-10-21 15:55:48,2025-10-22 07:08:44
1d0d1e40-8c88-45ca-9c09-58fb6b00eb4b,3b7abd32-3c99-4212-ba05-492642c2e521,passport,c967deb93853262b4c4e328c118177b0,SA,verified,,1,2024-03-25 08:52:50,2025-04-09 00:05:12,system_auto,,2024-03-25 08:52:50,2025-04-09 00:05:12
029c7950-c7c5-44d7-8822-c93f75fa426a,30924443-d55a-4699-a5b6-c5fccb7690ed,national_id,3d9d5fd177ca8e2ef12ea8304ea2de3a,EG,verified,,2,2025-06-28 14:38:07,2026-01-16 17:10:40,manual_review,,2025-06-28 14:38:07,2026-01-16 17:10:40
35eca7c7-b5f6-44d0-96d1-f5e63c558f11,e06b64ca-398c-48b2-8032-ef795420c86b,emirates_id,605855e3b3baed5e7374cef73c752a64,AE,verified,,1,2025-12-10 03:01:49,2026-01-13 14:32:53,manual_review,,2025-12-10 03:01:49,2026-01-13 14:32:53
8d7fb1a6-e06c-4b4b-b2b9-e78e8c3ce8d6,970a912f-f1fc-4773-ac58-f3b6e47e0fef,emirates_id,,AE,verified,,1,2026-02-18 20:10:23,2026-03-04 18:27:59,system_auto,,2026-02-18 20:10:23,2026-03-04 18:27:59
fad5c399-3ce7-4007-87fc-67f8e20aa552,c6023e93-54ed-4a63-8256-02a8068ce6f3,visa,733ed1d5f616b2c2327714d7ade5ee68,AE,verified,,1,2025-10-04 23:25:40,2025-11-21 21:25:25,system_auto,high_risk_country,2025-10-04 23:25:40,2025-11-21 21:25:25
133369c9-2b90-49ce-a404-4273e0b9c19d,a537e3bd-ed54-4d41-a039-32b3db0de838,civil_id,e7685334cfb49cd367e3014dbeb4f41f,KW,verified,,1,2026-01-11 21:28:36,2026-01-14 04:34:45,system_auto,,2026-01-11 21:28:36,2026-01-14 04:34:45
1b597e7a-a8d9-45ab-837a-a0f289bbdb48,b597a1b5-f42f-4836-8401-2181c6bc44c8,national_id,b774888a1edf542640e6835c299180c7,EG,verified,,1,2025-08-22 15:16:35,2025-11-12 05:23:31,system_auto,,2025-08-22 15:16:35,2025-11-12 05:23:31
4fedffb1-ee70-46ae-b3f3-45866f8b91e8,529d2b20-0eb2-474d-8c64-626a01e7d48d,passport,8067ead6ddf724b51f04b9b06028265f,SA,verified,,1,2024-10-23 14:42:22,2025-11-17 00:04:27,manual_review,,2024-10-23 14:42:22,2025-11-17 00:04:27
95e53762-438b-4e84-baac-eac7971ba419,eeb96201-81ef-4d24-b4bc-a19446858fbe,passport,d1bc616a52aa99167978f47d9544083b,EG,verified,,1,2024-12-21 01:09:51,2026-02-03 05:24:10,system_auto,,2024-12-21 01:09:51,2026-02-03 05:24:10
90a063bc-d285-4b46-b236-b27318a3358d,9abd457c-de6e-431e-8c0f-3a3e471dc901,iqama,60248925127df85f1a1113fa0fb5245a,SA,pending,,1,2025-11-25 19:16:51,,,,2025-11-25 19:16:51,2025-11-25 19:16:51
408c32a7-4dc0-4b50-ac5c-ff150e191082,c782967d-6fb3-4051-b2b1-ee11d4265769,qatar_id,cb975721c0242c0d2092a8d71c1b3c69,QA,verified,,1,2024-10-29 16:28:18,2026-02-12 07:15:27,system_auto,,2024-10-29 16:28:18,2026-02-12 07:15:27
6432ce15-e41d-4e75-a3d4-7fd2105462d5,b26b5668-d09b-400d-8c52-0f4814941bfb,national_id,275a5ab9bbab1c40c5203d30d2e6efab,EG,verified,,3,2026-01-29 13:47:03,2026-03-07 01:56:33,manual_review,,2026-01-29 13:47:03,2026-03-07 01:56:33
8703c4a9-a721-4bae-8fd2-a322a4520041,28767c03-3f9e-4dc4-93f6-1756d46172e0,national_id,105fd76a8162dbebb046f59b06801617,EG,verified,,1,2026-01-09 12:37:23,2026-02-28 17:12:16,system_auto,,2026-01-09 12:37:23,2026-02-28 17:12:16
79b3d3df-80a3-488e-b0f2-f0d5dd4d6638,7a3a0edf-2216-4611-8cb8-3cc6553102c9,visa,263a2464e2be96d51ef3460161b679f2,AE,verified,,1,2025-11-18 16:03:18,2026-01-05 06:12:36,system_auto,,2025-11-18 16:03:18,2026-01-05 06:12:36
c88f92b1-a09c-41b0-9c96-cc70b40b0ec2,12ae66f3-e3b0-40cd-b077-83101cf6f051,national_id,de4e3502fd082eb1c021a7b21b6439db,EG,verified,,1,2024-07-27 11:12:08,2025-07-13 23:06:18,system_auto,high_risk_country,2024-07-27 11:12:08,2025-07-13 23:06:18
6d5da4e1-afcb-4d6c-b6e3-57744a41276a,4f4131fa-a4e8-44ed-b527-9674ceab0e0b,qatar_id,b489b7c8ab9f7be0ddcd97bc545f5407,QA,verified,,1,2024-11-17 07:08:20,2025-10-05 15:44:26,system_auto,,2024-11-17 07:08:20,2025-10-05 15:44:26
9fb3fe94-836f-45e1-beb8-829adb708aca,935e73cd-e08b-44b2-875f-b4da59503870,passport,89e812c5164450b88796ba4ef65c6acf,EG,verified,,3,2025-07-21 04:57:52,2025-09-21 15:22:43,system_auto,,2025-07-21 04:57:52,2025-09-21 15:22:43
63be3016-a2a1-4e4b-9535-3f9e1263274f,cd3991f1-77ed-4130-be83-f33377852935,passport,2a50bba22b9307329f9aa4bee16b558b,AE,verified,,2,2024-09-18 04:24:46,2024-10-04 07:07:15,system_auto,,2024-09-18 04:24:46,2024-10-04 07:07:15
24162826-442d-4522-9e0f-adca3acac79f,b557ed56-8b5c-4088-aef8-c9c73385dc05,passport,74b377696aba1d26eee2159ea27d3630,EG,pending,,1,2026-03-01 06:51:28,,,,2026-03-01 06:51:28,2026-03-01 06:51:28
c3545f68-d946-49e3-9745-f5cc63624452,6b5b0cf4-fc2e-40c1-9b9f-d77d1cb44d34,national_id,deec027334319530da089cb6a2b82aff,SA,pending,,1,2025-03-22 21:42:15,,,,2025-03-22 21:42:15,2025-03-22 21:42:15
37076866-2026-40a6-b53e-08bed847f37e,13331659-579f-44bf-a03e-aa2d9b6f720b,emirates_id,5defb89ca69662c67a1e4d5755148b10,AE,verified,,1,2026-03-07 05:54:47,2026-03-08 01:06:40,system_auto,,2026-03-07 05:54:47,2026-03-08 01:06:40
33a9ac73-6851-4c5e-9a81-d3d128059606,d323a2d3-d87c-4ace-baea-03708befd94f,emirates_id,2b2b946852d3aca0bec0d25a6d7c3d15,AE,verified,,1,2025-07-14 02:54:06,2026-03-06 13:55:08,system_auto,,2025-07-14 02:54:06,2026-03-06 13:55:08
60f7e883-3cba-48f8-95c2-a53e431a1e58,76c4cdd4-1a30-41ef-8720-2ad6289e7239,visa,dedc3e25452b4f768624eb658bf9db06,AE,verified,,2,2025-07-24 00:16:23,2025-10-06 03:35:05,manual_review,,2025-07-24 00:16:23,2025-10-06 03:35:05
2c807e55-e8ef-4d9e-84a4-230aa4c062e4,2fc42626-6c46-4127-bf75-efc7cd0fe83a,passport,18f39a6e3b46d79ab05044f549da4fa0,AE,verified,,1,2025-09-17 11:22:56,2025-12-04 03:32:17,system_auto,,2025-09-17 11:22:56,2025-12-04 03:32:17
6e554932-75f6-4b7f-b053-23128eb81aaf,5445a0f0-d6f7-49e5-b74e-1d874c6cac83,passport,ccb9b4e6208c51dd2ecb06d7e8c776fe,EG,pending,,1,2024-03-10 18:35:30,,,,2024-03-10 18:35:30,2024-03-10 18:35:30
9d0cffcb-7e89-4ed6-9e09-c30315bc1509,455d6798-8dfa-48be-8afd-e07f7c4f6949,civil_id,93f29a950f05c40a529f948302536c42,KW,verified,,2,2025-04-21 18:29:19,2025-09-20 15:51:46,system_auto,,2025-04-21 18:29:19,2025-09-20 15:51:46
caaa0694-12bf-44c5-bca7-b9a68f16bb33,845a20ab-fd6d-4081-a95f-541188668806,national_id,ba24aebc959b1dd5c76d009d3b71cd62,EG,verified,,1,2026-03-08 12:51:06,2026-03-09 04:46:29,system_auto,,2026-03-08 12:51:06,2026-03-09 04:46:29
84634d50-8005-4ea1-b8d5-ec86fd5bc632,eb8196b0-085d-451d-bbf4-4ce63198dfab,visa,2d97855b452da9d1256af18144a38832,AE,verified,,1,2026-01-09 00:12:51,2026-01-30 11:50:58,manual_review,,2026-01-09 00:12:51,2026-01-30 11:50:58
d4fa8167-ac51-41a1-b8a0-4df391f04a41,7468e851-1546-4041-b2bb-72499697c6b7,national_id,92d85d149947804d82428a470749da01,EG,verified,,1,2025-08-22 18:01:20,2026-01-16 22:03:59,system_auto,,2025-08-22 18:01:20,2026-01-16 22:03:59
8972e252-84a3-4fe4-a955-0884d4cb1f92,8a8ed62d-e94c-4017-9a03-e80c3fb14d7e,emirates_id,1c504169159e196f6469b97a0c8e0b9b,AE,verified,,1,2025-11-09 15:15:27,2025-12-04 09:09:31,system_auto,,2025-11-09 15:15:27,2025-12-04 09:09:31
e477cf29-20ba-4e1d-b366-5b3ef6b5f5f6,cf4ecab1-d275-4302-8779-7590837289e0,passport,da024ddec9c4588683e7ae66ea1fb104,QA,verified,,1,2025-04-15 11:12:05,2025-04-19 06:43:32,system_auto,,2025-04-15 11:12:05,2025-04-19 06:43:32
36e72822-d1b7-4a9a-b105-172821fe91a8,fbba1a87-59d6-46a6-a719-cc522508dec6,national_id,a7080e58d2a3664f09106553728e539d,EG,verified,,1,2024-11-09 23:27:29,2026-01-01 11:04:22,system_auto,,2024-11-09 23:27:29,2026-01-01 11:04:22
aabaceae-5191-4408-8e7b-6c129e43276c,07334b3e-1e86-48be-a64e-ca399354f9be,national_id,dea5645c5e1c883ee3c9641236bacb74,SA,pending,,1,2025-12-29 02:37:46,,,,2025-12-29 02:37:46,2025-12-29 02:37:46
10246138-f2be-4cc7-adc5-48c95ef0a9ed,18683489-9b40-4b3c-9f67-2bdd346663d6,visa,c0e6d624b277c54dc46a735a026434f1,AE,verified,,1,2026-02-25 05:33:15,2026-02-28 20:48:05,system_auto,,2026-02-25 05:33:15,2026-02-28 20:48:05
9e95deec-1a27-4fa5-a85a-8ca437b2a603,0a60d150-2bb5-4b69-a835-69ead99296c8,visa,6d53bbc7607080cfbcebe8080f8ffc83,AE,verified,,1,2025-08-28 09:19:27,2026-03-05 19:47:37,manual_review,pep_match,2025-08-28 09:19:27,2026-03-05 19:47:37
e0e45d44-399c-4422-96d2-6f7960bead58,5590dae2-e545-4249-a4d3-0af4bd7ba63d,passport,7b27470b7c368dbdcf12464fc2502f8e,EG,rejected,document_expired,3,2025-08-29 16:22:55,2026-03-03 06:52:10,manual_review,,2025-08-29 16:22:55,2026-03-03 06:52:10
5c189e34-d769-4aa6-a523-9d416e5c1a01,98436ecf-1790-4267-980b-47754565b3d3,passport,,SA,verified,,1,2024-06-05 16:54:09,2024-08-29 18:24:49,manual_review,,2024-06-05 16:54:09,2024-08-29 18:24:49
4928fcc0-ead7-4ece-a3b4-64abec9e2ccc,f46cd904-74b2-49b9-98bd-33ab38f4d914,national_id,51371a61da484d255b2787f7011906b9,EG,verified,,1,2025-09-21 02:12:20,2026-01-19 19:24:08,system_auto,high_risk_country,2025-09-21 02:12:20,2026-01-19 19:24:08
8a6538fc-d61d-488b-8836-a63fc5386091,1b48b969-fbf7-430e-8620-0dea2e84046b,passport,62252cec8b2a592d02355a46569d7949,EG,verified,,1,2023-11-14 21:03:26,2026-02-19 19:40:58,manual_review,,2023-11-14 21:03:26,2026-02-19 19:40:58
713f783d-8018-4ad5-8f21-f9256113d890,6c1d1a6e-52a4-4120-b979-43ca383fe135,visa,b24dd408b0d0ba12df406bafc3e8f269,AE,verified,,2,2024-08-04 14:45:58,2025-12-26 09:36:57,system_auto,,2024-08-04 14:45:58,2025-12-26 09:36:57
76981678-545c-4736-8be3-486658188cbc,4b0b6337-58d6-40ab-a082-2702758c1c7c,passport,88e47294f9067827c9687674fae2e601,AE,verified,,1,2025-01-20 23:59:59,2025-11-16 06:23:05,manual_review,,2025-01-20 23:59:59,2025-11-16 06:23:05
9f22cfaa-f8b9-4f1a-8aab-dc895294bed1,ecc0f803-5306-4981-a2d5-94fec08c7c59,national_id,b0404942bbca2ccff78714c3228e3441,SA,verified,,3,2025-10-01 10:25:42,2025-11-17 02:33:18,system_auto,,2025-10-01 10:25:42,2025-11-17 02:33:18
59404064-4570-4090-8726-43889004b3b1,252ed51a-f88b-4489-9e08-e7c98fe924b8,national_id,038b50553139ecd86ea1b1ea9a8f5e4f,EG,verified,,2,2025-12-31 07:12:13,2026-02-22 21:27:56,system_auto,,2025-12-31 07:12:13,2026-02-22 21:27:56
5dd066f9-0edf-4a52-ab76-d0991200d942,68c92663-02af-44b0-bb2c-7e23a669d2b4,national_id,6c4c4c4cc22291d79d04c74549cc4952,EG,verified,,1,2024-12-31 09:30:54,2025-01-20 21:24:04,manual_review,,2024-12-31 09:30:54,2025-01-20 21:24:04
e5889852-9857-47d6-ae45-55baf80066ff,d910dfa7-de33-412b-be9b-b1304b7b95e5,passport,bd792ff7193071ca31b65e44f2357121,SA,verified,,1,2026-02-25 12:08:58,2026-03-06 18:58:40,system_auto,,2026-02-25 12:08:58,2026-03-06 18:58:40
bb437464-e7da-41ca-819b-3b2277b28e93,6950e132-064e-41e9-8eb1-bbbf543b40eb,passport,,SA,verified,,1,2026-03-02 10:17:27,2026-03-03 16:21:12,system_auto,,2026-03-02 10:17:27,2026-03-03 16:21:12
03e12d1b-89db-40cb-bd14-2b160f0e5e73,fcf6a066-8bb4-4b87-89eb-e5835a5bc19a,civil_id,da57a291ee1b48be432dbaa63078bc7f,KW,pending,,1,2026-03-07 07:36:13,,,,2026-03-07 07:36:13,2026-03-07 07:36:13
8c4e890f-2026-415b-8c76-8e495bda7358,34ffab0d-b4b6-4054-8205-64c10fcc6067,national_id,49f85e1dbf73a6b4e473379d4001ea56,EG,pending,,1,2025-02-02 00:03:26,,,,2025-02-02 00:03:26,2025-02-02 00:03:26
e6611a3c-66b5-473f-82e4-7fca0032d5a5,0c757f2c-8cbf-42c9-aee4-e3d3da83c9e3,passport,42c72e8f6a5c52591593a1ab549b1672,QA,verified,,1,2024-10-22 14:55:47,2025-12-15 20:46:47,system_auto,,2024-10-22 14:55:47,2025-12-15 20:46:47
a9579113-f9e5-47c2-a0d2-abe074598a75,86845cc2-6a71-4a58-8d20-1df37a80ad10,iqama,,SA,verified,,1,2026-01-25 21:54:45,2026-02-09 15:10:32,system_auto,,2026-01-25 21:54:45,2026-02-09 15:10:32
c2f3b6e8-a987-42fd-9f93-596f775733a1,fc8c629b-500b-4dce-ad0e-02ac2a5ebf65,iqama,9842c721cbd80f8e503944938ec6c5f0,SA,verified,,1,2024-09-20 23:33:56,2025-09-24 04:03:06,manual_review,,2024-09-20 23:33:56,2025-09-24 04:03:06
ce1ef199-97c4-4c1d-93ad-aa3fa44c55ee,f169d306-eae1-48ab-9602-f010d4997c26,passport,c80b0f3b90b159f7e5c5d513a08a75a9,AE,verified,,1,2026-02-19 01:20:51,2026-03-03 08:26:34,manual_review,,2026-02-19 01:20:51,2026-03-03 08:26:34
7e612310-c38e-4418-8dba-397712eb9887,a1248473-f09e-4b80-b9b3-9c02f086afab,national_id,f51f71667ffc92921cb372558fd670f4,EG,pending,,1,2024-11-26 09:38:38,,,,2024-11-26 09:38:38,2024-11-26 09:38:38
5aa2cf17-6a28-4e88-92d9-99d519618fc1,67518aa2-60b5-46ab-acdd-1973aaad0d08,visa,3dce3d615c0e110f8aaef941839dc9c9,AE,verified,,1,2025-04-13 09:30:55,2025-12-13 23:03:33,system_auto,,2025-04-13 09:30:55,2025-12-13 23:03:33
e5d13154-0195-4124-adb4-595c8f4aac5f,f6f6e3cc-bdfa-4c03-8d03-4c0935fb34fb,national_id,3a540163cc463ac88e6a967fc86918ce,EG,verified,,2,2024-03-26 13:10:02,2025-11-22 22:55:36,system_auto,,2024-03-26 13:10:02,2025-11-22 22:55:36
863f8294-4aed-4ffb-9b9d-9abc56dfa69d,cbc6c4e1-6271-4b4b-842c-38293c6afbc4,passport,10d7ed86f0ce0718a7c6d6c982039bce,SA,verified,,3,2026-01-03 22:13:23,2026-02-07 20:48:16,system_auto,,2026-01-03 22:13:23,2026-02-07 20:48:16
d655d5ee-f111-4d8a-ab6f-866a7cb6ef81,7a6062bd-6f2c-4809-8519-c882a2abd785,national_id,27a4d3bec0a8d6b3b26ecc34080676ee,EG,verified,,1,2026-03-02 01:18:34,2026-03-02 01:48:38,system_auto,,2026-03-02 01:18:34,2026-03-02 01:48:38
9810de5b-e702-49e8-bf1f-27f2a1988198,a819ffec-b7c8-41a7-89c6-7800233c1552,passport,37f10d3940bcab6eca677a3914edf68a,EG,pending,,1,2025-03-24 10:23:42,,,,2025-03-24 10:23:42,2025-03-24 10:23:42
ff048ed2-7866-4662-af4c-20395031403f,266a01bc-eef2-400c-9eb8-048ebe243359,civil_id,897f45f4091241a4976bd8478be5b473,KW,verified,,1,2025-11-22 13:04:15,2025-12-04 08:12:16,manual_review,,2025-11-22 13:04:15,2025-12-04 08:12:16
fe5bab03-83e6-4331-83d9-d05ae21d9712,28f256c8-3c05-49cd-a77a-5d5416840785,national_id,941b5ace9ff1a124c7d2eb0a81852389,EG,verified,,1,2025-10-26 13:21:15,2026-01-06 10:49:16,system_auto,,2025-10-26 13:21:15,2026-01-06 10:49:16
dfef05e7-2dbe-487b-9adb-e39b9d46e41d,1bdf6c57-b806-40d6-8572-ad7cc48eba69,national_id,5e689b0bb68f9447e69f2bc3850bc4a3,SA,verified,,1,2024-05-17 03:33:55,2024-10-21 14:20:32,system_auto,high_risk_country,2024-05-17 03:33:55,2024-10-21 14:20:32
d7484d54-afde-448f-89de-6eb59ae4cef1,11c6ed3b-50f1-46ba-a3de-7bdf83a9b4a6,passport,c047c477350f780af92a684950a4c60f,AE,verified,,2,2025-05-22 12:25:47,2026-02-23 08:13:16,system_auto,,2025-05-22 12:25:47,2026-02-23 08:13:16
6dc780a8-0b9a-483d-b116-a406ec2c0598,ae0d5ef3-2898-4590-9cbb-95259b0f2f25,passport,d09b78793b5feb387f8f5b7f38083c00,SA,verified,,1,2025-05-12 21:55:55,2025-11-02 10:58:26,system_auto,,2025-05-12 21:55:55,2025-11-02 10:58:26
3d2476f0-dea8-4c8a-a354-8b03e4fbbcaf,6b0acd99-fd5e-47d8-8744-193946803538,passport,a55e2732c64cec54f7ae747b806bfe85,EG,verified,,1,2025-05-30 11:46:29,2025-07-23 14:22:01,system_auto,,2025-05-30 11:46:29,2025-07-23 14:22:01
a2a9cf51-1554-49f1-9912-559312be1d44,38b70a73-8248-4ce2-9a2f-14a30d0d9842,national_id,7018be4696c5cbbc4768d262ea70225a,SA,verified,,1,2023-07-24 01:59:48,2024-03-04 14:32:45,system_auto,,2023-07-24 01:59:48,2024-03-04 14:32:45
acc84d51-0175-474c-9f5b-b127332bb84c,3db79d39-684b-42e9-9627-7f3fee3a6792,passport,01c893488e783563ec20d16752305b0e,EG,verified,,1,2025-06-11 03:02:26,2025-09-11 09:12:20,system_auto,,2025-06-11 03:02:26,2025-09-11 09:12:20
eaafaa78-8dbb-46b8-a154-9724031e67ca,315a3355-d3fd-4b92-9b4a-c7aef35e6424,national_id,748f95e6c355abcdc273c95ec1ede016,EG,verified,,1,2026-01-29 15:08:33,2026-02-15 08:01:33,system_auto,,2026-01-29 15:08:33,2026-02-15 08:01:33
da280238-26c7-4318-8a1d-777b04cb4b46,8889358b-41d2-46ca-9619-278a6872636e,civil_id,f46060bc7d05b27be586daf1e3e74d18,KW,pending,,1,2025-07-05 19:02:36,,,,2025-07-05 19:02:36,2025-07-05 19:02:36
1c27d934-532d-4410-8031-fce2397e1534,6c75074c-9b71-4cb6-ad88-2c15dd447097,passport,ea9fe6b8d6d3727af2de6f6af8d858bf,AE,pending,,1,2025-12-22 06:43:06,,,,2025-12-22 06:43:06,2025-12-22 06:43:06
1718e032-70f7-4756-b50c-4463d6316ef7,9e99624d-1034-425f-8c67-e2eff6cd3fb9,national_id,0124f5b9ce45a1da179560d377ecdebb,EG,rejected,suspected_fraud,1,2024-09-08 22:36:18,2025-10-04 20:45:07,manual_review,pep_match,2024-09-08 22:36:18,2025-10-04 20:45:07
90224883-7b1b-446a-8c1c-60231012e4df,0d3d1970-b220-401d-a649-ae91b5be553c,national_id,510658d7bd1280dfce77472feb01ac11,SA,verified,,1,2025-04-29 07:12:21,2025-10-12 16:48:59,system_auto,high_risk_country,2025-04-29 07:12:21,2025-10-12 16:48:59
5faab59a-55f7-48c6-ba41-6d1b593aaa65,b9247a19-4df9-4378-aef3-6b0dd2b82268,passport,35a13bf75fe35f7313a1da1f8502a113,SA,verified,,1,2024-03-31 02:52:49,2025-10-23 09:25:17,system_auto,,2024-03-31 02:52:49,2025-10-23 09:25:17
427231e7-7d42-45e7-88ab-2f6df7c6191c,9b39f173-bdfe-4ee4-bed7-41a62cf3da6c,national_id,aa1392c4818aa8982025d276431e4403,EG,verified,,2,2024-02-25 13:47:03,2026-01-17 03:21:19,system_auto,,2024-02-25 13:47:03,2026-01-17 03:21:19
ab10dc6c-07b6-4cdd-8524-50789fddc6e0,224728a3-b084-43f9-9330-b5dc5d7c581e,national_id,b0f840252a0576261f14271386124109,EG,verified,,1,2025-08-15 23:06:40,2026-02-06 10:14:44,system_auto,,2025-08-15 23:06:40,2026-02-06 10:14:44
19f57753-966d-4ddf-bcc6-668b8df70005,901ccf7a-da6f-4719-92db-3421a5b3fe43,passport,d71f4bfbe04136910919f1cb3c3e12aa,EG,verified,,2,2026-02-21 19:47:49,2026-02-22 20:41:38,system_auto,high_risk_country,2026-02-21 19:47:49,2026-02-22 20:41:38
52c75a01-147c-4092-b4ef-2663d8e19fd4,a8b1f61d-6da7-4296-ad9d-26098f1e1f26,national_id,ff6b335ddc64994dc2abbb97978ece99,SA,verified,,1,2025-10-20 22:07:18,2026-01-04 18:45:16,manual_review,,2025-10-20 22:07:18,2026-01-04 18:45:16
4c798051-5e76-498a-aa8e-31453aa81376,102643e6-3c83-44e3-80ad-51f1a305feaa,passport,4669a41820a910c8ac818da3988c6d23,EG,verified,,1,2026-03-06 08:42:43,2026-03-08 03:36:32,system_auto,,2026-03-06 08:42:43,2026-03-08 03:36:32
109274d8-75b3-40b5-b6fe-6145bc412a64,9f6a56b6-04f0-4a81-ba27-25b3858c5598,iqama,0f5977ab351bcd4dbb54aa502687c607,SA,verified,,1,2024-12-31 21:26:10,2025-06-18 05:25:15,system_auto,,2024-12-31 21:26:10,2025-06-18 05:25:15
a01f215f-ea2f-4f4f-89db-1b6683cec885,e56ff95c-0f04-4d78-9758-0dfb88bf16b2,national_id,,EG,verified,,1,2025-08-28 10:49:03,2026-02-24 23:40:51,manual_review,,2025-08-28 10:49:03,2026-02-24 23:40:51
b1079680-e307-49cb-b089-b6f9a480e310,4188f1eb-ed6f-460e-bb0c-12606e194101,passport,c1d5c5916936f1138ace71de444a825e,EG,verified,,1,2026-02-07 09:54:20,2026-02-15 21:06:56,system_auto,,2026-02-07 09:54:20,2026-02-15 21:06:56
5186dfc3-1248-4879-a9d1-2120c6ee22e8,6332a724-53da-47ed-81ee-88c07ee30ca2,national_id,a36d400af9ce0abc2bdbb3fb0123dd19,EG,verified,,1,2025-11-22 21:10:14,2026-01-16 21:44:56,system_auto,,2025-11-22 21:10:14,2026-01-16 21:44:56
90e12791-f52a-48e4-bce6-76da3529a584,57935135-67cc-4bbb-85ce-8eac835f6b77,passport,0727e37b69c5bc755195752b09aff5cc,EG,verified,,1,2026-02-24 13:03:19,2026-02-25 02:08:50,system_auto,,2026-02-24 13:03:19,2026-02-25 02:08:50
e869b942-2c6b-428a-ae80-03a1480e1f1b,20412fd4-99d6-4d0b-9356-ae6579e40e49,passport,92a027a032bb7711a55a562dcd290135,EG,verified,,2,2025-10-28 21:11:26,2026-02-09 17:16:51,system_auto,,2025-10-28 21:11:26,2026-02-09 17:16:51
1bb3f7fd-d0b3-4d5c-b0a0-6ba63900c238,5b08abb5-2fac-451d-9b70-86e56fc7bb9a,passport,c48b5cfcbc3ffcbaedac9062405f496d,SA,verified,,1,2025-05-04 20:09:34,2025-06-10 21:14:12,system_auto,,2025-05-04 20:09:34,2025-06-10 21:14:12
6e9cc5c3-8ed3-4977-adea-1f72db9038c9,ddaac6ef-0bb4-4f47-93b9-db464269f883,iqama,851c7c464da7740f1921e79f1de36dd1,SA,verified,,1,2026-01-30 13:41:15,2026-02-24 15:47:39,system_auto,,2026-01-30 13:41:15,2026-02-24 15:47:39
03a24665-f668-4976-ba56-943d10aad603,59961fbd-3a0f-4b6e-892c-a1a36ff38b71,iqama,0c5fbb01b02791fc86ea4c627c82287a,SA,rejected,information_mismatch,4,2026-01-12 02:20:29,2026-03-08 03:04:09,manual_review,,2026-01-12 02:20:29,2026-03-08 03:04:09
ba802bea-de6a-430d-aadd-f786ac225e27,13581ffc-d691-4f71-ad3b-f9a370fdf0f0,passport,fc45a9399ac3c6f1a8a62be38ffc099f,AE,verified,,1,2025-10-30 10:35:34,2026-03-06 05:22:57,system_auto,,2025-10-30 10:35:34,2026-03-06 05:22:57
7bd65b3f-548e-4e5f-bb87-097c681b7893,87147015-25d8-4fdd-b8d4-81755b0504bd,passport,e8a62625c24d3064bb8f7255510d0e8b,EG,rejected,document_unclear,1,2025-11-08 17:24:26,2026-02-27 11:43:50,manual_review,,2025-11-08 17:24:26,2026-02-27 11:43:50
75b1b13b-9f44-444e-bd17-7c8acc17be8d,740f0200-2eb9-409e-982e-e4fa42e85427,passport,76bf03f0b303b2a10f0f9b3389ab6004,SA,verified,,1,2024-10-04 14:52:39,2025-01-05 05:10:30,system_auto,,2024-10-04 14:52:39,2025-01-05 05:10:30
673d6fe9-4df2-41a5-88b1-ec6048a69a29,292fa4cd-802e-41c3-aad3-a855183dc787,passport,f5b13c24a06a4c7c0b2b2640ec71aac8,EG,verified,,2,2024-04-25 02:47:25,2025-09-19 03:13:50,system_auto,,2024-04-25 02:47:25,2025-09-19 03:13:50
00c27bb8-e034-46a9-ba92-29f940b9bb64,a2821d24-9678-4453-bcc9-e52cb663f0d4,passport,e6cc865506ad668a3cf12cb293c60af1,EG,verified,,1,2026-01-28 01:24:26,2026-03-03 00:14:48,system_auto,,2026-01-28 01:24:26,2026-03-03 00:14:48
88eb06ef-8334-4096-be2e-7cbc1f0e71c7,75636446-72e6-4c5b-b8a9-7c7aaf2ff5a5,passport,53b4c2d8cba9ee6a0107c9eb2bfaf038,EG,verified,,2,2025-09-05 05:10:55,2025-11-15 23:15:29,manual_review,,2025-09-05 05:10:55,2025-11-15 23:15:29
b3b3bf46-2c25-4907-a5a9-f6257e01c5c4,a490ad60-0f48-4543-a463-006a7cb4f658,passport,,EG,verified,,1,2026-02-07 06:23:23,2026-02-23 02:31:03,system_auto,,2026-02-07 06:23:23,2026-02-23 02:31:03
819d1be4-8c79-434f-9694-a496ffa2087f,9de06834-47ae-4316-9e2d-c8d871deed40,passport,05271f425d96409fe7ac0757aa8a1b4e,SA,verified,,1,2024-11-02 02:37:45,2025-05-24 13:07:41,system_auto,high_risk_country,2024-11-02 02:37:45,2025-05-24 13:07:41
375a1b6f-d167-4b5b-b94d-17e8e5f09f86,0ad4ec22-c44a-4428-bc00-2b56a4ef0c25,national_id,82df2a868ddcd6bb0b43a7f26aaddfc4,EG,verified,,1,2025-12-10 12:16:44,2025-12-26 16:53:50,system_auto,,2025-12-10 12:16:44,2025-12-26 16:53:50
99271aa5-001d-44cc-a458-de39c51e3711,c53b2c9b-f660-42a1-be60-211d27ac6094,visa,806e956437bbd7076b328598d2fee426,AE,verified,,1,2025-10-12 10:30:53,2026-01-09 04:32:14,system_auto,,2025-10-12 10:30:53,2026-01-09 04:32:14
435ed826-3c2b-4ed8-b6b8-a713afa46d36,8b793065-c07a-4610-b07f-44b62060f50c,passport,121827215624a60fc9d6904bb47bb912,EG,verified,,2,2025-09-21 18:20:12,2025-10-08 15:21:48,system_auto,,2025-09-21 18:20:12,2025-10-08 15:21:48
719db3b0-5351-4db5-918f-5cfad7bf7200,ee77d5e2-063c-484d-9a57-7da390b64958,emirates_id,201901c864248cad8d2225384295cdcf,AE,verified,,2,2024-07-28 20:47:24,2025-11-15 04:24:58,system_auto,,2024-07-28 20:47:24,2025-11-15 04:24:58
786037ea-0869-46ff-ad90-8039586a65d0,df2b4f80-a4d5-4642-b296-7c8b844df311,passport,3b44bc56423804f0ce0fe742bfe2c018,EG,verified,,1,2025-10-29 11:56:53,2026-02-17 05:18:29,system_auto,,2025-10-29 11:56:53,2026-02-17 05:18:29
a9253dc4-d948-4447-93e6-fa05b468f06a,aead8816-5018-429f-9200-e2d2d0e6ce5c,passport,c806e331e521c1779ca933db69678b9f,EG,rejected,face_mismatch,4,2026-02-07 10:13:16,2026-03-05 23:55:01,manual_review,,2026-02-07 10:13:16,2026-03-05 23:55:01
29272af0-1e75-4b77-82f9-35db8cbc3213,1ac46e17-924f-4685-b520-999fb7c8fa99,passport,a9c53994b4cd723587d217452fa601d3,AE,pending,,1,2024-10-05 18:55:48,,,,2024-10-05 18:55:48,2024-10-05 18:55:48
fbdb29c6-d0cc-4270-bdd0-9b8801a13254,753fb247-03cc-4e8a-9726-5c5f90225165,civil_id,2850cd885184b9c00670a233d1556d95,KW,verified,,1,2025-11-23 01:26:54,2026-02-14 06:28:44,system_auto,,2025-11-23 01:26:54,2026-02-14 06:28:44
fa28bb0d-b70d-425a-acb9-849979d38f21,eed0f5b8-4b68-4217-bfb3-aa75b0bae192,visa,2876bd7c8c0c49a0015f4139ca2a836a,AE,pending,,1,2024-03-22 17:12:43,,,,2024-03-22 17:12:43,2024-03-22 17:12:43
275cdf55-5e76-4e5b-b119-b7753aa76e79,3347ee2e-adb2-4c92-b846-b0503d7c36f3,visa,507bf7b554b771d0c26b066ef404f42d,AE,verified,,1,2025-02-05 07:57:15,2025-12-05 03:21:26,manual_review,,2025-02-05 07:57:15,2025-12-05 03:21:26
74776a68-def7-415e-978f-fa224f8d2849,b9c1d138-3d85-482f-929a-a0f828acc9c9,passport,18b390a0f3721852bd9fd748403eca11,EG,verified,,1,2026-01-26 04:40:59,2026-02-28 14:50:39,system_auto,pep_match,2026-01-26 04:40:59,2026-02-28 14:50:39
5b36886b-0a9e-4df9-9123-d4269a25dd64,4d778be3-4c12-4413-8c2e-7f12c1519ee6,passport,0a63241e80256ae6d3e44eca2a65bad7,EG,verified,,1,2024-12-13 12:17:21,2026-01-13 10:13:01,system_auto,,2024-12-13 12:17:21,2026-01-13 10:13:01
e1084eb1-729b-45bd-9772-6f6b55aaa596,a478a379-4180-4004-9b62-d40121b81116,passport,3bd2d5374e73ed9a2480c6b9d189f6fb,EG,verified,,1,2025-01-30 03:54:42,2026-02-19 08:20:20,manual_review,,2025-01-30 03:54:42,2026-02-19 08:20:20
7818c032-d0a7-4f27-b107-16afe0c325b2,55066b9d-e9fc-42f9-9373-14dd4b67f02b,passport,30a60abc1ec7d0ff48b1cc0740995d0b,QA,verified,,3,2025-10-20 01:55:59,2026-01-16 15:44:06,manual_review,,2025-10-20 01:55:59,2026-01-16 15:44:06
3a2053c9-3db7-4a34-b6ae-2d930f275bee,400560a0-bb76-4aa6-85ef-8e936211c027,iqama,68d7cb861781cd735baa2383d079b561,SA,verified,,2,2025-08-29 00:24:53,2025-11-21 06:31:54,system_auto,,2025-08-29 00:24:53,2025-11-21 06:31:54
1eda80c1-47b4-4df5-a52d-854c20df5585,c3dcb740-0005-4c4f-bec7-1801a388a5f1,iqama,4343af601f5c56642db5e47f0b2f63f2,SA,verified,,2,2025-02-01 12:31:55,2025-06-19 13:07:29,system_auto,,2025-02-01 12:31:55,2025-06-19 13:07:29
9f845c66-ff9e-4e75-9a4f-d361b70c7ae8,3a6012fb-3f37-49c5-b29a-45ffd7c59028,passport,224ff557ee3c6a11356b291093316f49,EG,verified,,1,2025-09-14 14:09:17,2025-09-19 06:03:11,system_auto,high_risk_country,2025-09-14 14:09:17,2025-09-19 06:03:11
b18ccff4-8f7e-4b9d-8b4c-e2ef7f37ec41,0b379d1f-759b-4d1c-acc2-d022a9ecb80b,iqama,a903ad0e67a07539c57010f952739ca9,SA,verified,,1,2025-05-05 09:20:23,2025-06-17 02:50:41,manual_review,,2025-05-05 09:20:23,2025-06-17 02:50:41
a594f942-e18c-4d2c-b416-0db69c0fcd60,9adc3379-4d98-487f-bbad-4733d98864da,passport,56d43c12722c6e58a9e142b490cb667b,SA,verified,,1,2025-03-11 10:02:27,2025-05-25 18:40:54,system_auto,,2025-03-11 10:02:27,2025-05-25 18:40:54
d68759a8-0b16-42f3-80da-d08eb463adad,12a9c14c-5956-4064-b674-9741f1fe0b8d,national_id,b914767d0aae97d9c7c3b413fad66e2d,SA,verified,,1,2025-07-17 00:12:42,2025-12-19 01:09:51,system_auto,,2025-07-17 00:12:42,2025-12-19 01:09:51
96ff62d5-fd9b-42d1-9567-2f70850d60ad,8343ce0b-da8b-4bcf-89b7-c4cb3f9a46ac,passport,31027e9259407415b3d6e431811583d0,EG,verified,,1,2024-12-15 00:00:16,2026-01-07 13:29:20,system_auto,,2024-12-15 00:00:16,2026-01-07 13:29:20
5258857b-63e5-40ed-afd4-3e2ab9cb6f6a,a4ce2959-0674-4c74-b4cb-9c8a79133cdf,passport,369ab7bb9eabe894c169f54dddd8d797,EG,verified,,1,2026-02-07 18:29:27,2026-02-12 03:31:32,manual_review,,2026-02-07 18:29:27,2026-02-12 03:31:32
dbb39df1-295d-43e3-af70-5eef4c4d714a,2b5107a5-f707-4b87-9ca8-712647c03c21,national_id,4c9d2418c4d34eceec6d344531250469,EG,verified,,1,2024-08-07 09:19:05,2025-01-06 06:24:56,system_auto,,2024-08-07 09:19:05,2025-01-06 06:24:56
e4286c21-2bcf-4ffb-9cd7-d9eb4640f22e,1742682b-4505-4bb1-9c3e-97ed6781ccca,emirates_id,9197599657182fc09ef8dccff5578184,AE,verified,,1,2024-09-20 21:33:45,2025-05-01 18:22:03,manual_review,,2024-09-20 21:33:45,2025-05-01 18:22:03
53243efd-04bb-460d-a2ce-02c43c671c8a,a4748ac0-19ee-4034-8290-3f26055139f9,passport,dfd123e129fca82b86a97ee672d58a27,EG,verified,,1,2025-10-14 12:54:01,2026-02-21 20:59:20,manual_review,,2025-10-14 12:54:01,2026-02-21 20:59:20
593ba1b9-6079-4185-b933-9a620b5aa132,b0b39ec0-6e6e-422b-8fd1-1922388af78f,passport,d69943a043f35f044322837271e0269b,EG,pending,,1,2025-04-14 08:05:30,,,,2025-04-14 08:05:30,2025-04-14 08:05:30
024c6aac-7944-423f-89b6-70208313dd9c,6ae076f0-93f1-4711-a09f-c2a7051e481c,passport,49948a952e01618c61b0a0549baca9d5,EG,verified,,2,2025-03-10 11:34:29,2025-10-30 23:31:29,system_auto,,2025-03-10 11:34:29,2025-10-30 23:31:29
c0fef857-4dfc-4832-9b93-6d900d29b689,34cd827e-c80d-44ad-aefc-bddea444b5da,visa,28ff13b2d4ee5fc95e9264c65af881ce,AE,verified,,2,2024-07-29 16:27:15,2024-09-13 03:06:24,system_auto,,2024-07-29 16:27:15,2024-09-13 03:06:24
c83b1af9-a4f5-4612-804f-add57bb25da1,3b213595-8b77-4218-b22a-20b98ba7dfd8,passport,deee7d91b033e705081db5051e90c459,QA,verified,,1,2025-02-10 09:40:24,2025-12-02 13:06:51,system_auto,high_risk_country,2025-02-10 09:40:24,2025-12-02 13:06:51
47ef6235-026d-4f72-ae84-eb35701d215f,dcbc78d7-093d-4a11-9454-b292be679e7b,passport,018cb49d0027d0d4ecccacfec36c9f67,EG,verified,,1,2026-03-05 00:30:46,2026-03-07 07:24:13,manual_review,,2026-03-05 00:30:46,2026-03-07 07:24:13
5b2d17fa-a6a8-4ade-a816-37613a161ba3,b44eecc1-bbe3-4b95-adfd-f4c59e231a8c,national_id,bc2378d444fd46cf4cc0bcd9b94effcb,EG,pending,,1,2024-04-04 10:28:26,,,,2024-04-04 10:28:26,2024-04-04 10:28:26
f8df3dd3-b524-48aa-906e-aa1d0a9df7ad,d159522c-c1ca-47bc-acb5-784cadf40ac5,national_id,47ccfd369c218c3011628757880c8a1d,SA,verified,,1,2024-11-26 05:49:19,2025-07-08 11:37:51,system_auto,,2024-11-26 05:49:19,2025-07-08 11:37:51
86622f47-7579-4fa1-bfdf-5ad57a87457a,46cb36cb-73a1-43ec-b85d-ced85a8d9359,iqama,8590b58459ecfb47b7abfe3cbfba3bb3,SA,verified,,1,2026-03-09 08:15:49,2026-03-09 09:42:44,system_auto,,2026-03-09 08:15:49,2026-03-09 09:42:44
5615af58-e03e-492e-9c49-968c19286ed1,2a4736e4-670b-4d28-9666-91c03f497c87,passport,d1e444fa1248ce72ad6cde43e7a04f01,AE,verified,,2,2026-02-19 19:00:52,2026-03-07 21:57:16,system_auto,,2026-02-19 19:00:52,2026-03-07 21:57:16
2a79aa1e-eb4d-4ba8-b297-7d72da5958e7,e9298a52-5078-48ef-ab01-ecaa5a6e4121,national_id,fb4ed3233b8fa8217ea491fcf4ec870f,EG,verified,,3,2024-10-16 14:50:34,2025-10-06 03:18:04,system_auto,,2024-10-16 14:50:34,2025-10-06 03:18:04
2fa35944-b6b9-48a8-83ba-93d599d33277,f5a23d1b-eea6-47b0-89d8-858739b22caa,national_id,3c1b17387c4da4ef72d04e3b918d12d1,SA,verified,,1,2025-12-11 14:47:42,2026-01-21 21:05:33,system_auto,,2025-12-11 14:47:42,2026-01-21 21:05:33
f3a459fd-6e35-4d5b-9799-fada7ee6bb17,2b1bdc78-fce1-4c8a-b198-8f3bc1499337,passport,dacc2c71a143f28bb24f81abe6ec5cfc,KW,verified,,1,2025-01-07 19:55:49,2025-10-02 10:52:40,system_auto,,2025-01-07 19:55:49,2025-10-02 10:52:40
b96a8dd6-0ef7-4d69-a7a6-2d6df6437c9a,464164e9-add0-4412-80dd-70a146758133,passport,c3b883059f29216d0a3430465b279d6b,EG,pending,,1,2024-08-25 01:17:59,,,sanctions_check,2024-08-25 01:17:59,2024-08-25 01:17:59
b76f7f8f-cc2c-49cd-815f-5149bcf9b2c3,f00b3348-cbf5-497d-9592-f30d0b3ce06f,national_id,f4a3bf8b46ced423a3e20620504d9756,SA,verified,,1,2026-01-24 11:44:58,2026-01-31 12:51:49,system_auto,,2026-01-24 11:44:58,2026-01-31 12:51:49
2522962e-2164-4d74-8612-32f408f98220,6f0b8b50-c48b-4abe-8ef9-b3052aa66463,passport,bee866ddd7ad504ea0970f4521141e16,AE,verified,,1,2024-09-30 12:58:20,2024-10-09 10:07:05,system_auto,sanctions_check,2024-09-30 12:58:20,2024-10-09 10:07:05
a159ef29-3834-4d0b-8bea-92892c4cda82,0f4deeb9-ac74-4a27-912d-d010baa16c0a,national_id,34d0bd9240407d502c7c717377ba5102,SA,verified,,1,2024-10-20 09:19:42,2025-05-04 05:54:16,system_auto,,2024-10-20 09:19:42,2025-05-04 05:54:16
82dd9146-a7b0-4a57-8596-c01f7a5d0d39,e8e05c56-ff53-4cdd-ab98-27ae607f45e1,passport,700b56c0b0f5ead5ce3693eccd0543c6,EG,verified,,1,2025-08-28 03:58:44,2025-09-24 22:37:04,system_auto,,2025-08-28 03:58:44,2025-09-24 22:37:04
2c21d068-3fcd-4a10-9558-cf329846e32d,b1389aae-abf9-425a-9816-91b6ba4d652b,emirates_id,b1eb52746394b42f5423cf64634b0d54,AE,verified,,1,2025-04-05 06:56:44,2025-10-30 21:30:30,manual_review,,2025-04-05 06:56:44,2025-10-30 21:30:30
c7c34d47-54a7-4261-8abf-62b4f645d242,01ec1e10-ab44-4751-b26a-47cf458f8908,passport,caf7e1832cfc36e923a66f0ac5fbef52,KW,verified,,1,2025-11-26 04:05:31,2026-03-07 20:01:35,manual_review,,2025-11-26 04:05:31,2026-03-07 20:01:35
ba772018-48ce-46df-a015-ac1244a4d968,6abc51c0-954e-44df-9437-3f78a8782ccd,iqama,6f93e6612b2c5fbd78315af67d34bac3,SA,verified,,1,2025-06-19 01:59:21,2026-02-06 00:37:19,system_auto,,2025-06-19 01:59:21,2026-02-06 00:37:19
2d4f54c9-59d1-4e70-9aac-95d7a96ef610,522c13de-046c-4cab-8cc1-25cebc254b57,passport,c4793045c4bf2e640c77855bcc47b579,EG,rejected,information_mismatch,3,2025-10-27 16:07:43,2025-12-19 10:48:12,manual_review,,2025-10-27 16:07:43,2025-12-19 10:48:12
ef0d8248-b7e9-41d1-be18-8c2536b4d698,ee23dd4c-d3e1-4ba1-b15e-13b09a874613,national_id,14768a786576ea2e61f67ec49f2d598c,EG,verified,,1,2026-01-05 17:00:17,2026-01-20 20:34:33,system_auto,,2026-01-05 17:00:17,2026-01-20 20:34:33
8ec9d505-52e3-44c7-99a4-e4c1affc6ffb,44335d80-becf-4e27-8d2e-5b610af7fc74,emirates_id,aa9746d8de3678343f43d81a621c0b0b,AE,verified,,2,2025-08-07 17:10:51,2025-08-24 12:33:10,system_auto,,2025-08-07 17:10:51,2025-08-24 12:33:10
48aaf636-f45e-40f1-af89-953c9b62ac98,d87f908b-1f8b-4e19-8cf4-efcda21e6042,passport,f93fbb9f8c19edcf37560ecebc08c323,SA,verified,,1,2024-10-24 10:41:29,2025-08-11 18:47:10,system_auto,high_risk_country,2024-10-24 10:41:29,2025-08-11 18:47:10
fc2fbd37-d487-4afa-9b08-3a78682a5577,786ee9f5-ee3b-4867-a41e-ff583ff36a3a,passport,d67e10d81826491afef35095ef3e83fa,SA,pending,,1,2025-10-05 01:29:56,,,,2025-10-05 01:29:56,2025-10-05 01:29:56
f39adb84-9fbe-4ff7-bd38-8b079491ca80,084106ca-c9ed-4f33-af37-ae1dda86cea8,passport,9ae909c7f7992955f1faac00bedfb01d,SA,verified,,1,2025-03-13 04:09:55,2025-04-23 03:23:24,manual_review,,2025-03-13 04:09:55,2025-04-23 03:23:24
954aa945-946b-4547-8323-13fbc7761d0b,cf6295ba-207b-4a84-8e38-dd97cb3d1556,national_id,4c562d01824a7254d5594a30442904c1,EG,pending,,1,2024-11-19 01:04:47,,,,2024-11-19 01:04:47,2024-11-19 01:04:47
d4101adb-4dc9-427c-b45a-38c25efb93f6,9d621ee9-6d6e-4452-ad27-fba8096138ce,national_id,,SA,verified,,1,2026-02-19 11:57:05,2026-03-02 16:49:49,manual_review,,2026-02-19 11:57:05,2026-03-02 16:49:49
a09d8d31-89d9-4247-8a11-ba5b0228023a,ef095c14-831c-436f-80fd-8b178df351da,passport,a6fab5ccd0123d49be073a37c5c859de,AE,verified,,1,2025-12-17 18:26:52,2026-02-14 22:25:17,system_auto,,2025-12-17 18:26:52,2026-02-14 22:25:17
5fd022a3-6e59-4fa7-b4c4-f9b60bf99de8,390884d3-e468-4ed6-8d35-64ec1c7cdee2,qatar_id,72683d8b57e33f9ecb2ca8809ddc13d5,QA,verified,,1,2025-01-15 18:49:06,2025-11-02 19:07:08,manual_review,,2025-01-15 18:49:06,2025-11-02 19:07:08
35d2d231-49e8-4dfb-a7da-ca58d1ea2efd,ff107c5c-9186-4d7a-b2f3-c94f40c76b1b,national_id,ed400465f181d344f0a27add313baca7,EG,verified,,1,2025-01-02 16:10:36,2025-11-17 07:29:31,system_auto,,2025-01-02 16:10:36,2025-11-17 07:29:31
71a2092d-dcab-4ab5-8a20-5be6722a4398,d57ace9d-17c2-4eed-b145-ff6d3a98b0ed,passport,37095e0ee6de587d1aa6b8a99ef76c87,AE,verified,,1,2025-02-08 11:51:35,2025-09-28 17:27:53,system_auto,,2025-02-08 11:51:35,2025-09-28 17:27:53
d9524bd6-1349-4795-8159-ebc1a9ecf359,b6fc12fa-3d62-46c2-afa2-74bfec231361,national_id,6607e4627f429a3792812eb1a51353fa,EG,verified,,1,2026-02-27 15:43:45,2026-03-01 23:23:45,system_auto,,2026-02-27 15:43:45,2026-03-01 23:23:45
a8dca051-f2fd-4144-b7be-4cc76fad824f,e1129cd8-0480-4e18-affc-ab51bee184e5,passport,9b98cca83e43696b24499500e6280d28,AE,verified,,1,2025-07-08 06:00:43,2025-12-26 17:20:06,system_auto,,2025-07-08 06:00:43,2025-12-26 17:20:06
2be6c484-8fb3-4beb-bd54-ba7d28be058c,15b6fe89-d84c-4296-99f2-0844823377fd,iqama,fc256203d456451756fbbfa0cf17b75c,SA,verified,,1,2024-10-26 19:29:51,2026-03-06 03:54:47,system_auto,,2024-10-26 19:29:51,2026-03-06 03:54:47
5c1aca4a-bb7f-4976-8591-5eb38ab271fd,99ef59d2-8bef-44a4-bbb5-9daa183cf06e,passport,10c160d7b2d1f22ff998d445067e5d5d,EG,verified,,1,2025-01-30 00:04:14,2025-04-23 16:47:11,system_auto,,2025-01-30 00:04:14,2025-04-23 16:47:11
6062a9ee-291a-4f55-8934-28ddd24552c3,d53ef284-40bd-412c-91ba-d2912745d0d4,national_id,1a6b14ff0e6ab70d0fb553958fa6e90c,SA,pending,,1,2024-07-27 09:51:05,,,,2024-07-27 09:51:05,2024-07-27 09:51:05
48804f42-6b28-4ccf-b37f-4f0673aa97fe,937991d0-94bc-4ad7-a6be-c8db8aa60b20,national_id,ad74b040452192146eb138a92edbc89b,EG,verified,,1,2026-02-23 01:12:41,2026-03-06 22:59:21,manual_review,,2026-02-23 01:12:41,2026-03-06 22:59:21
7a8ecb2e-1ce3-40d9-ba67-e804069782f5,7a6c91df-5393-4558-a525-129606e8f35d,national_id,407654e164fe796f4c21c6b2041bf555,SA,pending,,1,2025-09-29 03:44:56,,,,2025-09-29 03:44:56,2025-09-29 03:44:56
1083213e-92be-439d-a50c-61423220946e,cb56d680-db51-4477-8ca9-b40fcd1325f8,national_id,0294b633042b2acae5ab59e6c8fd5e6f,EG,pending,,1,2025-11-17 03:54:30,,,,2025-11-17 03:54:30,2025-11-17 03:54:30
333e95fe-94c2-4faa-a128-6a5dd83c4c8e,1519b2d5-0acf-499b-bf1b-e3f8ecfde92d,national_id,425c311c2c46571a75ec8aa6a9246466,EG,pending,,1,2023-11-01 02:15:09,,,,2023-11-01 02:15:09,2023-11-01 02:15:09
3c245b1e-1a30-42e1-af3f-a89a9bdc921a,002f103c-a174-4b35-915c-61d6c1ca7e0e,national_id,1fdafcc2d23f1d3b56ee069acb20f67f,EG,verified,,2,2024-12-26 20:43:20,2025-09-02 11:11:33,system_auto,,2024-12-26 20:43:20,2025-09-02 11:11:33
a6f45a6c-d7da-4851-acba-430c64959858,be6588c8-b83a-4016-aef0-157f0c716a3e,national_id,f9aec7d88edcd82c4ba90bccd7f23797,EG,verified,,2,2025-02-15 13:11:21,2025-04-06 16:38:16,system_auto,sanctions_check,2025-02-15 13:11:21,2025-04-06 16:38:16
69b6d8e7-4a6e-41cb-8f85-82e454070a6e,efd6442f-6aca-4276-92c1-4ece4bdc41a3,emirates_id,fe25bf58f6d0b8d28db9936c85d2cf74,AE,verified,,1,2025-11-18 19:26:38,2025-12-28 12:53:34,system_auto,,2025-11-18 19:26:38,2025-12-28 12:53:34
f15a7ded-db09-49e8-bca7-e4dd15057a15,6b373f15-a854-4d5a-bdd1-7bd0807cc5f0,national_id,4a930f1fcf06edfcbc802102977d14df,EG,verified,,2,2025-09-29 14:03:08,2025-11-08 18:27:10,manual_review,,2025-09-29 14:03:08,2025-11-08 18:27:10
6ce64d99-e8a5-4c08-96f4-5477656e0695,0feae717-871f-4660-9744-514d992a1d0d,national_id,ec0301fbf1e1ce9d1c895963294efdfb,SA,verified,,2,2024-06-29 05:21:05,2025-02-27 07:13:19,system_auto,,2024-06-29 05:21:05,2025-02-27 07:13:19
4f6a3b84-45b2-4964-8173-a0f698dd8ecf,93dafa58-8333-4d79-aa4d-998ab4807b12,national_id,4d6e05463b8ddd12bbc6c0f41b3cb72f,EG,rejected,information_mismatch,2,2025-09-08 17:46:06,2026-02-18 17:59:35,manual_review,,2025-09-08 17:46:06,2026-02-18 17:59:35
99e870ab-53e3-40e0-8e71-18621b9d5fd9,99bd0d74-73f6-4a32-9a17-28b3aab8daa6,emirates_id,4b1d9e67a48685744565d2574919bdd8,AE,pending,,1,2023-12-10 10:22:28,,,,2023-12-10 10:22:28,2023-12-10 10:22:28
30705f43-fbfe-494d-81ec-5120310e56dd,7bec89b1-92e1-40f8-8519-e01f3ff24c3c,emirates_id,0d32b77a425e96b6223d81d0f6d1a503,AE,verified,,2,2025-11-24 22:43:48,2026-02-21 22:43:28,system_auto,,2025-11-24 22:43:48,2026-02-21 22:43:28
5856e1f2-e3b3-4591-8e1c-98dfc2f3153c,12f6ecaa-817b-4c72-bc21-4f1b861d9912,national_id,880be61ad49d22a48ef4aabf826fdfd9,EG,verified,,1,2025-04-24 04:17:54,2025-05-06 00:50:01,system_auto,,2025-04-24 04:17:54,2025-05-06 00:50:01
361e960d-2a16-4531-bb16-bbce4b53dd84,3fcc8917-acac-4abf-8495-62d5270ce3e8,passport,0ec86b1bc714624e02d80f1e7b1524d6,AE,verified,,1,2025-06-07 14:18:57,2025-11-04 18:02:40,manual_review,,2025-06-07 14:18:57,2025-11-04 18:02:40
32dacae8-666c-4cc1-ba2a-5d68b41d2cca,bdf86d1b-1104-4a4f-a8dc-bde773009580,national_id,709d4ba0b82981cfbfdc35f137ed4545,EG,verified,,1,2025-06-02 17:05:04,2026-02-12 06:11:50,system_auto,,2025-06-02 17:05:04,2026-02-12 06:11:50
0e88f283-9054-4f72-9b03-23ac76a20239,e5b15e18-1dc3-4517-b1ae-c6f8d58ec864,passport,ac156bee1acd4dc3e29e7a67260be682,AE,verified,,2,2024-09-08 15:14:39,2025-02-10 02:28:00,manual_review,,2024-09-08 15:14:39,2025-02-10 02:28:00
2a53816d-8f96-44c5-a152-2a19eaecfd5d,843ebf59-ae78-40ba-a52a-45e024e30696,passport,450f6ce8d9e2664bc088d6e0f3447bc0,EG,verified,,1,2025-09-24 05:23:36,2025-10-10 12:26:09,manual_review,,2025-09-24 05:23:36,2025-10-10 12:26:09
494bfb26-2122-4604-b248-5af451a29d86,9248f686-f769-4b07-b409-54df2c9b1235,national_id,a98a17b2221e35e68b003724f76c8e6c,EG,verified,,2,2025-07-28 08:41:53,2025-10-03 07:20:00,system_auto,,2025-07-28 08:41:53,2025-10-03 07:20:00
1daf5e5f-39b7-4b46-b645-4edbe6179be7,0018baea-938b-4ac0-a0fa-aec0071cc5f2,iqama,ed9c816fd2c8e2bf6c2206f40d3d33da,SA,verified,,1,2025-06-02 23:11:50,2026-02-27 18:35:56,manual_review,,2025-06-02 23:11:50,2026-02-27 18:35:56
5bec5668-b9ae-4066-95d3-eb5da87ff5ed,97d8e116-c9e4-45b6-bfcb-135e3451f8e6,visa,1bbb946205f3f7dc124084f27fe80ab1,AE,verified,,2,2024-08-07 00:23:58,2025-01-05 06:40:23,manual_review,,2024-08-07 00:23:58,2025-01-05 06:40:23
f42a3a13-b548-4d99-aeb0-8f10b9bd34cb,3274d333-782c-413a-96e3-ddd53aba2898,passport,15883cfaf254ea82933f49ba5a40aec6,SA,verified,,1,2025-09-02 16:06:39,2025-12-15 22:35:48,manual_review,,2025-09-02 16:06:39,2025-12-15 22:35:48
53c75676-4d55-4d87-a580-339f3f87b3af,06014ae3-ad51-4e61-addf-d5dbe99abb95,passport,42bb80031135f770110f430ba1751b1c,AE,verified,,1,2025-07-01 15:36:35,2025-08-09 00:07:02,manual_review,,2025-07-01 15:36:35,2025-08-09 00:07:02
03321ee2-2f04-4d39-9e01-351a5e99f39b,68468986-40d2-4fdb-830f-24b5acc4c697,passport,e7c5f5b1918409da4eaed96b686bbd8c,EG,verified,,1,2025-07-19 13:28:29,2025-11-06 01:19:36,system_auto,,2025-07-19 13:28:29,2025-11-06 01:19:36
fdcf646d-badc-4068-955c-ceca980cc9e9,b6a217a4-8685-4e75-9ff7-fc4263e236dd,passport,baa7e0eace498d1a639ed7001559dd1b,EG,verified,,1,2025-08-21 05:44:45,2026-02-24 04:06:53,manual_review,,2025-08-21 05:44:45,2026-02-24 04:06:53
f718f00b-d8d9-4f3f-964a-489b03e496af,d068af8c-b77c-44ba-8ef3-fb397c5eb4a5,national_id,c4a5c872a4c9392f7e9ed3f0ccbcf85a,EG,verified,,1,2024-10-08 15:38:05,2025-09-22 15:49:58,system_auto,,2024-10-08 15:38:05,2025-09-22 15:49:58
bbb2397f-7aaa-45a4-8348-3e80e1352b3f,ff8659f4-2bb0-4deb-b58c-b78d5245fcab,passport,b31a3f4c7302efbe9f215aadc371a08b,AE,pending,,1,2025-12-20 06:03:17,,,,2025-12-20 06:03:17,2025-12-20 06:03:17
90ea6957-cbcd-41c8-9503-9a14a4281155,0f910524-901c-4dd6-bc86-ca4fa95de0c2,passport,57b1ab91332f0aaa68033388607bd5e8,EG,verified,,1,2024-03-17 19:59:40,2024-04-21 16:32:51,manual_review,,2024-03-17 19:59:40,2024-04-21 16:32:51
17b800ec-32c4-40f6-8174-4c84ac41060a,e93eb8b9-a648-434b-8ab9-2afdb2899fc2,passport,551ff423d4e42a47d61412ac8b3a4458,EG,verified,,1,2024-07-21 15:27:09,2025-08-19 05:41:31,system_auto,,2024-07-21 15:27:09,2025-08-19 05:41:31
64954a42-27e2-40e5-aa18-24fc615033c0,b3abe8b4-2aec-4484-a8af-44f977ed85a4,passport,24d48aec410be2455d2e523f56a31618,AE,verified,,1,2025-03-30 21:59:12,2026-01-13 13:57:27,system_auto,,2025-03-30 21:59:12,2026-01-13 13:57:27
d8bae70b-8147-4ba3-bdb6-a104aac347a5,244419cc-853d-41a6-a390-9ab890c99647,passport,08e97b47c00660224804e4a9ab70beb4,EG,verified,,1,2025-11-20 02:53:20,2025-12-18 14:23:23,system_auto,,2025-11-20 02:53:20,2025-12-18 14:23:23
426dbfec-1ccd-4062-aff9-0d40ec6e3d8d,01e1d45b-b263-4760-a24f-7f52b937c2c5,national_id,9f9b67f347f5754a30ee94902765f3fa,EG,verified,,1,2025-08-23 20:12:29,2026-01-31 20:04:55,system_auto,,2025-08-23 20:12:29,2026-01-31 20:04:55
6c918c60-01c8-4e2e-8c09-bcdbb88469df,2d11562f-775f-42d5-bcc8-e9667d54716e,passport,31f36722054a75a7b48ce85809988bca,SA,verified,,2,2025-06-04 23:13:43,2025-10-24 09:50:16,system_auto,,2025-06-04 23:13:43,2025-10-24 09:50:16
ce2c7add-a41d-4ee4-b67e-c36b13c19585,67dfd423-afd5-40aa-be54-1238f8e22f91,passport,6ce660c61596bc6ede2680e556fbb183,EG,verified,,1,2026-01-18 20:02:40,2026-03-04 06:46:49,manual_review,,2026-01-18 20:02:40,2026-03-04 06:46:49
dde19880-455d-4403-8667-63a7e187c12b,32bf99e4-f372-4f46-985b-bf688d7035c9,passport,d2dfc20d2d3d08581f6775bdd38003c5,EG,verified,,1,2025-02-21 20:07:15,2025-11-12 20:59:39,system_auto,pep_match,2025-02-21 20:07:15,2025-11-12 20:59:39
497af4ea-8f1a-44bd-960a-f9feca192780,cc56c277-874c-4cab-becb-830fc0731023,passport,c5039ed38af58ac68ffaee467187100f,EG,verified,,3,2025-12-15 09:06:21,2026-02-23 18:24:17,system_auto,,2025-12-15 09:06:21,2026-02-23 18:24:17
08283cfa-957d-4ab3-9f97-57ffcb79eeac,e59a6671-6eb1-4e0b-8a21-cd2c3a28ef3f,passport,2cbed2ee5e78eafb7e0852f7f6968841,EG,verified,,1,2026-01-12 22:38:45,2026-01-25 01:34:08,system_auto,,2026-01-12 22:38:45,2026-01-25 01:34:08
7c2fe063-1070-4174-9b6d-3a4e3ae94908,561007ef-214b-4322-adef-3058727dbc6a,passport,c09f223ac6a20bd79ad29875988b16a1,SA,verified,,3,2026-01-27 23:56:11,2026-03-07 05:31:42,manual_review,,2026-01-27 23:56:11,2026-03-07 05:31:42
a6b0a4af-3089-4732-bbbb-a14d38028a26,f27caab2-a4f4-4887-b1fb-7064c2110fd5,passport,4b83a0eaa20f20f57e57deec220674fc,AE,verified,,1,2025-08-08 04:37:39,2025-11-10 20:11:27,system_auto,,2025-08-08 04:37:39,2025-11-10 20:11:27
b66f3d2a-3466-44c1-ae2b-d4368016159e,580b4ea1-9aca-438d-b0e8-52bfdfb9b19b,national_id,62411b773e22546fd320be5cd1bc64b4,EG,verified,,1,2023-09-16 21:47:50,2024-11-01 03:20:40,system_auto,,2023-09-16 21:47:50,2024-11-01 03:20:40
da378ed1-6d8b-4acb-8edd-dd2105d331d2,dfb89f42-7581-459e-8b58-f343b6366576,passport,49bffd4d6f3ff04a39a34492eacf6460,SA,verified,,1,2024-11-13 00:47:49,2025-06-30 03:21:45,system_auto,,2024-11-13 00:47:49,2025-06-30 03:21:45
6b3612e0-314d-447c-a23c-608a2400dfc1,ea58568d-5587-46f1-893e-3f9b2269497c,national_id,186aa351247ce3fb4fabd6f645298280,EG,verified,,1,2024-07-13 05:00:22,2025-02-26 03:38:59,system_auto,,2024-07-13 05:00:22,2025-02-26 03:38:59
8cb2efb2-6893-4611-9754-cd1e669ba5cc,82f39448-da30-4474-9f34-2ab0fc308e58,passport,c561e4f666e71baf54a80bdc3ef8e1bc,EG,verified,,2,2025-12-26 05:55:47,2026-02-10 02:28:19,manual_review,,2025-12-26 05:55:47,2026-02-10 02:28:19
db6be172-83ee-4898-95c5-3ea5089d8eff,61629944-7129-43c2-95c6-29f8d40a30c9,passport,c0f9e1e9687b008f3c8d957ae53990a7,EG,verified,,1,2023-04-28 12:40:03,2026-01-17 16:52:05,system_auto,,2023-04-28 12:40:03,2026-01-17 16:52:05
cb177b49-1397-402b-a550-1cb38ceaa6f9,cd04d143-6b44-493d-8421-f6cb0537eb76,passport,5003b09bb36ea3fb70a7b280289cdcc2,AE,verified,,1,2024-03-07 04:06:08,2025-01-25 22:46:54,manual_review,,2024-03-07 04:06:08,2025-01-25 22:46:54
e7231c55-53bd-414f-822c-956c2f7b7a27,943884f7-1e96-4372-9079-59f50577d34e,national_id,4e4ee67f4f954e8ffd67e71c5e5a1e1c,SA,rejected,suspected_fraud,1,2025-09-29 04:25:12,2026-01-13 21:44:13,manual_review,,2025-09-29 04:25:12,2026-01-13 21:44:13
0e86a4f7-8162-4447-b89f-18ae9ba30c67,a2cbba87-14f6-4db2-b416-f55cd144f06e,visa,af8048b46f5a719f6dcc97b14d765d23,AE,verified,,1,2023-08-09 09:48:49,2023-12-29 02:59:33,system_auto,,2023-08-09 09:48:49,2023-12-29 02:59:33
acfec1a7-64c6-4749-a04d-1433eb9d41fd,db80ed3a-905d-43ce-8c17-6cd1869d78f8,emirates_id,e76374168d92b59e5edbef34ea523c61,AE,pending,,1,2025-04-02 21:03:35,,,,2025-04-02 21:03:35,2025-04-02 21:03:35
6fb486c2-a6db-49ea-93a0-4c40ec59142c,c3ae82db-050d-4757-bfd8-673ae897b1a4,passport,,EG,verified,,1,2025-10-26 20:14:17,2026-02-22 12:33:22,manual_review,,2025-10-26 20:14:17,2026-02-22 12:33:22
071469ed-7eea-496b-9b93-c166b49dab7c,c984da1e-8b2c-4224-916f-67ef9941c292,passport,8c6db9eb0cbcd5e37a90159fd65ea522,SA,verified,,1,2026-02-19 07:04:26,2026-03-05 12:31:23,system_auto,,2026-02-19 07:04:26,2026-03-05 12:31:23
8f4aadd3-0a3c-4721-bec8-dc2145f9e3dc,7be35f6a-67ae-49c7-a2be-fafedee44cde,passport,2574729e65376fc8b7977cdca18cf960,QA,pending,,1,2025-09-21 22:19:38,,,,2025-09-21 22:19:38,2025-09-21 22:19:38
1968ba58-1db3-4b7a-ae36-6123d6c23c2c,69d0af8f-5a5b-47e0-8d29-5cca3d03d074,iqama,85540bc258a31e9bfb0f03d76bb6a367,SA,verified,,1,2026-01-15 12:07:23,2026-03-01 08:21:06,system_auto,,2026-01-15 12:07:23,2026-03-01 08:21:06
08616d8a-60eb-46af-b827-ce8bebdb4df1,06370d16-fbbc-4171-9cfd-ec72beda42eb,national_id,57111a2edf37f5dc3e932fe6d4bd8483,SA,verified,,1,2026-03-02 22:07:15,2026-03-04 23:54:32,system_auto,,2026-03-02 22:07:15,2026-03-04 23:54:32
caa1edd8-ab9c-4fc4-9817-bd9f4037f7ac,d41b98e3-84b0-40c0-b318-ed837a9b2460,passport,2a7b5394a7be20ea0cbed9fd68f0b906,SA,verified,,1,2026-01-23 05:48:15,2026-02-14 08:37:58,manual_review,,2026-01-23 05:48:15,2026-02-14 08:37:58
6215a476-6b93-4c3c-a8a5-9f56bbb132f3,1298588e-0cf8-46dd-b1a6-4832d550c172,passport,1d099896f710efa08d8dccb4c8f31165,EG,pending,,1,2026-02-09 14:11:44,,,,2026-02-09 14:11:44,2026-02-09 14:11:44
52abfaf1-3b43-4cc6-9868-0d5654204678,be55a1bd-3a54-4d50-8859-0bc6771a581d,national_id,,SA,verified,,1,2024-10-08 02:13:00,2024-12-03 02:43:54,manual_review,,2024-10-08 02:13:00,2024-12-03 02:43:54
eb027623-081c-43cd-ba7e-381dc39bf792,d1bd76f5-0fc7-4772-a5e0-ac8f872f2b34,qatar_id,19c637bdfc37b0a084a46a862973d2fd,QA,verified,,1,2024-11-10 21:23:34,2025-10-04 02:39:54,system_auto,,2024-11-10 21:23:34,2025-10-04 02:39:54
8164d54b-57ad-45f5-b632-a6faf71b4182,8c1030ad-30bc-4e5a-809d-6fe4bbad3728,iqama,3506d6797f7d61b7b91f493aefab50d1,SA,verified,,1,2025-10-20 10:51:46,2025-11-19 09:10:49,system_auto,,2025-10-20 10:51:46,2025-11-19 09:10:49
d0fb6855-121f-40f5-8995-084e6cf767e8,bfd6942b-124a-442a-876a-4d5cf322bcb9,visa,22dff2e2648ca3cfb8ad4f309f1a66a0,AE,verified,,1,2025-08-21 11:52:58,2025-11-05 11:34:32,system_auto,,2025-08-21 11:52:58,2025-11-05 11:34:32
e430bd51-2170-41f6-81cb-9a51cc9fb9ab,936fba4f-a6ae-4524-a11c-23719d085885,national_id,220bfe400c4439c64641379313c9a58d,EG,verified,,1,2025-10-08 19:04:44,2026-02-21 14:04:19,system_auto,,2025-10-08 19:04:44,2026-02-21 14:04:19
7ebcd6c6-a37c-49ec-8751-de716769fa7f,bd51e460-3bed-474a-8662-25b642fad674,passport,a2f8d7418d5b2ff848263fe23c0d648c,EG,verified,,1,2025-10-12 21:49:10,2025-12-20 16:56:05,system_auto,,2025-10-12 21:49:10,2025-12-20 16:56:05
3c638a63-dfe6-4888-8313-6494e60d493c,47e24826-6cf2-4318-97f3-c140dbba3da6,passport,872591c7efa7aefa34c1610b6eda4bed,AE,verified,,1,2025-03-03 00:00:40,2025-09-03 10:04:59,system_auto,,2025-03-03 00:00:40,2025-09-03 10:04:59
f397f451-bea0-46cc-9ea2-3f454cd09e6a,c80bedb8-ee54-48ff-959b-c7fec17729d3,national_id,a27296f428974a4afc2f24bc3653a0c3,SA,verified,,1,2025-06-25 21:47:19,2025-10-17 05:58:01,manual_review,,2025-06-25 21:47:19,2025-10-17 05:58:01
9a7ee7b2-db3d-4e32-95dc-ef77f97260a5,0fe2cc4e-ff01-4aa6-9853-7f99f2b29b8e,passport,0e0079ca3ddfd68e667367d8f37c5318,EG,verified,,1,2026-03-04 18:10:39,2026-03-05 10:15:26,system_auto,,2026-03-04 18:10:39,2026-03-05 10:15:26
43f8711d-3b8f-4765-8201-9a45924093b8,718b7666-deef-4f06-8d2f-373f6f378ae2,iqama,1dbcef5b93ddee725ad1243d437fc1be,SA,verified,,1,2024-09-05 11:21:45,2025-01-08 16:33:01,system_auto,,2024-09-05 11:21:45,2025-01-08 16:33:01
5201b584-c221-4e79-8060-a8ff2bef28d1,dce1c769-be4e-4426-a5d5-3d43df4a050f,national_id,093caaf2eb9c1a4554d05a867a7659d2,EG,verified,,1,2026-02-24 08:28:27,2026-03-04 17:10:02,manual_review,,2026-02-24 08:28:27,2026-03-04 17:10:02
d969e3b3-ed5c-4f0c-8081-5500ce038d8e,bd04bb5b-e3e0-410b-985a-52004cba5f05,emirates_id,c57ada8ebb8ba86608f8d999ba8c518e,AE,verified,,3,2026-03-07 21:31:52,2026-03-09 07:42:21,manual_review,,2026-03-07 21:31:52,2026-03-09 07:42:21
48f59938-fda2-4706-bb9a-d1e4ee8c668b,4adbd19b-ea6c-4895-a4bf-8887c4b84909,national_id,7e2e5964b0103d7379feac3bf168dd28,EG,verified,,1,2024-07-05 18:14:13,2024-12-12 05:32:29,manual_review,,2024-07-05 18:14:13,2024-12-12 05:32:29
6dfdbfe5-869a-404a-b4c2-c4b64d1c4b3f,e5b4d922-e746-4550-9985-a3920b5cd446,iqama,c06edd357ff57d4a750214d670a7ea4c,SA,verified,,1,2025-11-05 17:14:39,2026-02-10 08:23:16,system_auto,,2025-11-05 17:14:39,2026-02-10 08:23:16
2101155b-1916-4d31-a4ed-35c3d2b9e807,5aebc2e2-d0ac-4737-bc83-f6c8101476a6,iqama,3c290cd56364b8008c29a5dd0b20be27,SA,verified,,1,2024-09-13 19:26:15,2025-12-24 21:52:49,system_auto,,2024-09-13 19:26:15,2025-12-24 21:52:49
be6d93d1-ac51-48a2-9914-9a606b9e77f9,235fbe53-1c0a-4b37-8d6c-81afed92394a,national_id,537259739bc5e9b23f65fbdcf6fddf39,EG,verified,,2,2025-07-29 07:55:28,2025-09-01 04:03:33,system_auto,,2025-07-29 07:55:28,2025-09-01 04:03:33
3b4e7d14-b3dd-4a36-937f-ad41f9fbd167,a0651c3c-9e45-46fb-87ad-94f80b71a2e2,passport,b38f5b6f89577bc8dfae5239b81c2079,EG,verified,,1,2026-02-28 09:38:54,2026-03-08 19:33:09,manual_review,,2026-02-28 09:38:54,2026-03-08 19:33:09
9dd358ba-fa39-4f86-9140-3461364e4023,893e2469-0093-4bdd-b5aa-97a5ee1da21c,passport,7a7b4d1dc5eba3941a880a2be701d750,SA,verified,,1,2025-11-02 09:50:16,2026-01-19 02:03:07,manual_review,,2025-11-02 09:50:16,2026-01-19 02:03:07
9fd910ae-2abd-485e-883b-3fc190d6ca3f,823703f2-15d8-4725-a5bf-70c135204b4b,national_id,d9a9885fbcef6eaf94b17e9ee6a82e90,EG,verified,,1,2026-01-13 21:55:00,2026-02-22 15:21:14,system_auto,,2026-01-13 21:55:00,2026-02-22 15:21:14
c0ad4c4d-cafe-4099-8b6b-13588f343aec,285a21c5-ea75-43f4-83c2-07ede92587e9,visa,c7c6800f3d89284e4b0bdf0f2eff2eee,AE,verified,,1,2024-11-29 02:56:35,2025-07-06 21:22:45,system_auto,,2024-11-29 02:56:35,2025-07-06 21:22:45
88e70535-80d8-4323-a3df-aa328940717c,c80bb5be-178f-4117-9604-1bc846ed7423,passport,15b199e33412625fd1f582ff6ac2a379,QA,pending,,1,2026-02-07 17:37:06,,,,2026-02-07 17:37:06,2026-02-07 17:37:06
1586cd36-8886-4c30-99e9-3cb39d78aa55,fc103bae-7e3e-4a16-a9bf-79539d63ed8c,iqama,c828cd9d7f681c8770b65d7675ded237,SA,verified,,1,2025-04-15 18:59:26,2025-06-28 18:23:33,system_auto,,2025-04-15 18:59:26,2025-06-28 18:23:33
d6333171-ac7f-4126-8b7d-609a64752ec9,4e056087-a393-401b-b7f5-e580812e8469,passport,42357d81bb257a0a21bc70ea5dfe2acf,SA,verified,,2,2023-06-16 12:48:06,2025-08-15 19:25:57,system_auto,,2023-06-16 12:48:06,2025-08-15 19:25:57
0d27df6f-541b-4d0e-aa96-cdf3c8ee8334,b2b5980d-5e6e-46d8-8762-052298765b29,passport,,EG,pending,,1,2026-02-14 22:53:37,,,high_risk_country,2026-02-14 22:53:37,2026-02-14 22:53:37
f23176b3-61cf-4d13-a3eb-692a23846725,c9546b6f-60ea-42e8-aa18-1457d352df18,civil_id,dcaf403ab8627671b8e8d98dbd439290,KW,verified,,1,2025-12-19 16:36:01,2026-01-31 05:30:28,manual_review,,2025-12-19 16:36:01,2026-01-31 05:30:28
c11105c4-fba2-449f-a09a-25340fc20cb4,5e668b73-cb25-410c-96fe-4637bc2d3952,national_id,fd1e4e3477312326728732b697ab3eaf,EG,verified,,3,2025-07-02 05:01:36,2025-07-17 13:16:55,system_auto,,2025-07-02 05:01:36,2025-07-17 13:16:55
d4917929-8905-40b1-8734-47e72cad06a6,a173fed2-13d3-4c32-a389-c41fcc2ec8b3,iqama,4c9712e45c46be0da89c57cb3a19477a,SA,verified,,1,2026-03-04 23:21:31,2026-03-07 13:33:01,manual_review,,2026-03-04 23:21:31,2026-03-07 13:33:01
28e4b6ef-4f71-4169-a60b-bceb3488e607,0ca78d13-5382-40da-874d-b49724bcb5d3,passport,04797ffbf35acbc8e2608851483d9e38,SA,verified,,1,2025-06-30 00:40:45,2026-01-13 19:01:09,manual_review,,2025-06-30 00:40:45,2026-01-13 19:01:09
2982458e-7196-46ae-bda4-5e17e2423f14,01afc3dc-695f-4190-b7df-38dbb6e5b423,national_id,3697b78614c59c12f92e82f061265339,SA,verified,,1,2025-09-11 21:40:42,2025-09-24 21:26:34,system_auto,,2025-09-11 21:40:42,2025-09-24 21:26:34
07f21ab9-c305-4303-bcc9-e1f5b14e9251,b7824393-7e0a-4089-b1e1-e7db53a7d0ef,iqama,f09de51499b040dde1622176ea78123c,SA,verified,,1,2025-07-02 17:22:53,2026-02-14 16:47:34,system_auto,,2025-07-02 17:22:53,2026-02-14 16:47:34
2e864831-95d6-4b58-909c-0d27b4f5c41a,4ded053a-4825-457d-8228-37a3cc0a5e32,national_id,08659294152fd7254250d66472d2402d,SA,verified,,2,2025-09-21 15:49:04,2025-12-25 08:01:54,system_auto,,2025-09-21 15:49:04,2025-12-25 08:01:54
920fa426-360d-4378-9e18-eebf27abb38e,a92c904a-53cf-42b9-b9e6-333c7a0ce57b,passport,15a3b7dded5702c88348cce404ec8542,QA,verified,,3,2025-03-15 14:42:28,2025-08-29 18:10:38,system_auto,,2025-03-15 14:42:28,2025-08-29 18:10:38
05b314dc-af50-45cf-a6c9-95ab09feffa9,3f8842fa-0103-41c1-accc-e64939acd315,national_id,0cea3abd8e6bcc4165bb26fc98100534,EG,verified,,1,2025-08-27 04:20:52,2026-02-15 19:08:54,system_auto,,2025-08-27 04:20:52,2026-02-15 19:08:54
979521e3-5e75-4a27-8d36-b42724327de3,bfbdf455-5406-4484-9e20-cd0779075b30,national_id,9af6a20c66e2143d02ceef181c5ad707,SA,verified,,1,2025-05-13 00:24:54,2025-12-06 22:54:18,system_auto,,2025-05-13 00:24:54,2025-12-06 22:54:18
5b0aff9b-d146-4b62-82f3-ad9670627f51,619b8758-4dc1-4d60-aa5c-1ef1696f594f,visa,68944d8b976ea5c8b9db1c180ffd0e3e,AE,verified,,1,2026-03-08 12:38:49,2026-03-08 15:12:53,system_auto,,2026-03-08 12:38:49,2026-03-08 15:12:53
b2143b1c-2d95-4ae6-a77b-7c495a3d6e34,762776de-8dc2-46e9-9228-955caa0ab27e,national_id,209d16b5105f706f8a8e631419d54202,EG,verified,,1,2025-11-22 05:22:53,2026-01-06 04:39:31,system_auto,,2025-11-22 05:22:53,2026-01-06 04:39:31
f567b6b6-59ad-4981-8df4-acf1224d7c9d,d91a1009-f340-45f2-addc-9e70617129b4,passport,47aa9680ca571c48eac8d05e9bf9758e,SA,verified,,1,2024-02-21 07:46:31,2024-04-10 16:26:35,manual_review,pep_match,2024-02-21 07:46:31,2024-04-10 16:26:35
ceee4c78-0f7d-4fd3-b3bc-053fca2daf97,b3a4e43e-aec5-491a-900b-ac6d429beec2,passport,4e7785a9b97e004ca4da6c086ba839fb,EG,verified,,1,2025-10-01 22:54:21,2025-12-24 05:52:09,system_auto,,2025-10-01 22:54:21,2025-12-24 05:52:09
b8bd76ec-0b2a-46bd-ae70-2086145685f0,15583612-8c11-43f2-a82d-6f1483fcbb34,national_id,a4a388f0fd675ee983fdadf556b9d8f8,EG,verified,,1,2026-02-06 01:10:11,2026-02-13 04:19:54,manual_review,high_risk_country,2026-02-06 01:10:11,2026-02-13 04:19:54
ba7425e0-4ddf-4f1e-beca-33ca6435af93,867be804-0664-46ea-ba90-02917a15d73e,passport,c3b2193b7f943c3ee789daca0b62801b,AE,verified,,1,2025-12-18 20:51:52,2026-02-23 10:05:23,manual_review,,2025-12-18 20:51:52,2026-02-23 10:05:23
bb0159a0-3a8e-458a-bdce-20be6da0e798,eab10ccd-0907-49c9-bc30-d6140622a04a,national_id,65d60c40cb60d9e3dd0c5238fab63b84,EG,verified,,3,2026-01-18 11:59:38,2026-01-20 06:52:11,manual_review,,2026-01-18 11:59:38,2026-01-20 06:52:11
fb1eebd9-b02c-4753-8ba3-145af6058539,49e84003-3835-4377-9ab8-cee451ddd9f1,national_id,ff44715fa468b33f048f005174dad822,SA,verified,,2,2024-04-22 09:08:58,2025-10-24 18:38:04,system_auto,,2024-04-22 09:08:58,2025-10-24 18:38:04
e16f884d-6239-44a7-b818-62aa20656908,fba1b0fc-25a5-4e5c-b0d2-ec05f35467a1,national_id,fa87811aa006bd0410ddb9c7890dcb39,SA,verified,,1,2026-03-06 20:39:30,2026-03-08 12:10:36,manual_review,,2026-03-06 20:39:30,2026-03-08 12:10:36
407ae57f-267d-438b-a21c-c81c477ec874,4cefece8-dcec-4e3b-b429-160084feefaa,civil_id,ede62e730535e6240ce3e4a591f08e1b,KW,pending,,1,2025-04-18 10:17:36,,,,2025-04-18 10:17:36,2025-04-18 10:17:36
05a359ac-cf36-48a8-917b-2358faa3fc42,a07b1c47-6f69-462f-be1d-1cd6b4e99e1f,passport,e075730821dd1910d3599894eecac82f,AE,rejected,suspected_fraud,2,2026-02-19 08:10:20,2026-03-03 18:34:39,manual_review,,2026-02-19 08:10:20,2026-03-03 18:34:39
be42854d-bc6d-4b6e-8c67-7feacb5cd5d7,d60c3897-b2de-4184-a596-40d41d844036,civil_id,6530ecc35b501c618ee218c02f67f54e,KW,verified,,1,2025-02-04 21:47:20,2026-01-08 22:35:34,manual_review,,2025-02-04 21:47:20,2026-01-08 22:35:34
4ec321b8-a609-4a1a-a36e-1b67382e7c88,c7f7771e-971c-4794-b763-6a986464f332,iqama,ce972da4aac0f7950b9b93f662fe0207,SA,pending,,1,2024-12-27 17:59:08,,,,2024-12-27 17:59:08,2024-12-27 17:59:08
c1655661-3930-4ba8-8365-3ba72ed3489d,60e33580-9b56-4084-88c3-ea811aedadfd,iqama,b71f71dc367807664a1b06319a4dcc36,SA,verified,,1,2025-07-23 13:24:46,2025-10-27 19:41:11,manual_review,,2025-07-23 13:24:46,2025-10-27 19:41:11
885a7dc1-6d1f-46fc-8c86-85b0b5bfacb2,000a5cb2-2a06-4693-b063-03212c74a359,passport,ce07c8add93e7c7f1baf5678b70729c5,KW,verified,,2,2025-10-17 16:39:01,2026-02-02 17:34:09,system_auto,,2025-10-17 16:39:01,2026-02-02 17:34:09
b8eb6fbe-d8ac-46e4-b8d5-a2815051d8a9,771c4a45-0582-4519-8b07-df2756c4ab84,passport,cee5ce4942de0d9184f0ee58d07e7e75,AE,verified,,1,2025-10-17 22:27:42,2026-01-05 06:58:59,manual_review,,2025-10-17 22:27:42,2026-01-05 06:58:59
1951e49f-3ee4-44b1-acf6-2faf40d30b76,71c2eeaa-2b62-4f89-b0a8-a0fa02c67e5e,national_id,6f12d92fb80d179da02b014b8883b96f,SA,pending,,1,2025-02-12 00:14:14,,,,2025-02-12 00:14:14,2025-02-12 00:14:14
534b6ccf-c61c-4683-b4c8-a0c6bbb0c7a7,da8a3b89-d811-41e9-9906-7cd88bd11204,passport,e5bfc227d7b61bc63b798e16b8c56918,SA,verified,,1,2024-07-01 02:47:21,2024-08-01 00:25:43,system_auto,,2024-07-01 02:47:21,2024-08-01 00:25:43
29a7665b-5774-452a-9268-57f325714110,9c11dae3-ea72-46ec-932e-4b65e0103a7b,iqama,029c1f72e9a96b6dbecaecedb9ec93bf,SA,verified,,2,2026-01-23 17:29:40,2026-02-13 03:57:43,system_auto,,2026-01-23 17:29:40,2026-02-13 03:57:43
7bdbe8b4-0730-4192-bf20-e679d198e983,e4134973-1147-4d2b-9244-1cefbea95efd,national_id,bef381cd8ca6154f34db30938bea9de1,SA,pending,,1,2025-05-07 23:26:07,,,,2025-05-07 23:26:07,2025-05-07 23:26:07
f914973c-c3a6-40b0-98af-f7894fcfb00b,971da417-bbfd-4159-8706-9e312543c601,passport,bc13d1109e5b2475949bcde2ea447a4b,KW,verified,,1,2025-11-04 07:51:00,2026-01-27 00:30:51,system_auto,,2025-11-04 07:51:00,2026-01-27 00:30:51
5f7b16e7-de4c-4d0f-9e2e-4dd25bc78042,5f73a34e-840c-4b85-92ab-58c18136acdb,national_id,075616775501d328a0286dd303154289,EG,verified,,1,2026-03-01 20:33:17,2026-03-02 20:19:53,system_auto,,2026-03-01 20:33:17,2026-03-02 20:19:53
56cc5431-0543-4bc0-9912-47489fcdef6e,ae3fd0f0-e61c-4362-b19d-faee25065222,passport,48ae2c16ccc104d24b6c362d9cd88005,SA,verified,,1,2025-08-20 18:44:31,2026-02-26 10:01:36,system_auto,,2025-08-20 18:44:31,2026-02-26 10:01:36
0124bcc1-5860-497f-970c-ff5d78ef02ee,531dfdef-1e9b-440c-a246-de092b14ded2,visa,dc33bacf1ff4e49c3b55054629cb9b17,AE,verified,,1,2026-01-11 12:39:01,2026-03-04 15:06:19,system_auto,,2026-01-11 12:39:01,2026-03-04 15:06:19
ccc0c125-276d-4a83-907a-24e0fc86e78c,144cf15a-1142-4565-a99b-39286b16e87a,passport,d694bb94cce2467d4ef611ab96613c63,EG,pending,,1,2025-12-03 19:34:24,,,,2025-12-03 19:34:24,2025-12-03 19:34:24
ca98ac71-b303-40ca-a5cf-fe276a7673e2,cc319d45-99d4-4a95-a8c8-e74a3e1c925f,iqama,4fe9760e9cade8dd75f82bfa3f035e03,SA,rejected,document_unclear,1,2025-03-25 15:18:15,2025-07-13 01:40:23,manual_review,,2025-03-25 15:18:15,2025-07-13 01:40:23
565b9179-6ea7-405c-afa9-efd6b186e199,8dee8367-7e52-4259-98b9-898b1cb434db,national_id,,EG,verified,,3,2024-01-01 18:05:25,2025-04-05 04:45:26,system_auto,,2024-01-01 18:05:25,2025-04-05 04:45:26
1ed3b877-8427-4426-a73a-c8670a0e2618,f3759809-0881-4706-94f7-065aac6a66c7,passport,a6fb4c051a9e3d220d8696ded9a45470,AE,verified,,2,2025-12-15 14:17:27,2026-01-21 22:56:09,system_auto,,2025-12-15 14:17:27,2026-01-21 22:56:09
07222b5a-9cb8-4959-a4e5-3c6fd4817bd0,44ffeb27-f1b4-4bf2-b0f8-488bab03c248,iqama,547e4b5da60613c24a23645121c0ff3e,SA,verified,,1,2024-03-28 12:23:36,2025-05-03 07:38:37,system_auto,,2024-03-28 12:23:36,2025-05-03 07:38:37
9c97e381-52e4-40e1-93f8-f53c89ba0258,555d4569-374b-447b-9a1a-832bb0083d28,national_id,23229afe4c25724df914e371184810c6,EG,verified,,3,2024-12-28 05:46:47,2025-06-20 19:05:47,system_auto,,2024-12-28 05:46:47,2025-06-20 19:05:47
81287eac-93a9-4b6d-90bc-49a9ab5cd0ae,6988a68a-075e-49f5-901d-6bebd6587aca,emirates_id,167ebf69371ba91dd60396789d2b26de,AE,pending,,1,2023-08-27 02:22:16,,,,2023-08-27 02:22:16,2023-08-27 02:22:16
eca2ebc9-a9a7-4af1-a341-2406605ebcd1,1d01f9b1-f37b-4980-91a0-94b02ce4191b,national_id,c5390ee7249c09818627bedf15d07321,SA,pending,,1,2025-07-04 07:32:16,,,,2025-07-04 07:32:16,2025-07-04 07:32:16
dfe32fde-b7a4-440f-88e5-c46cfd96378b,ea735485-5bae-4358-8895-1453e302215e,emirates_id,a3b21b4d47571bad4cf4e3685490a356,AE,verified,,1,2026-01-19 17:05:29,2026-01-23 08:24:09,manual_review,,2026-01-19 17:05:29,2026-01-23 08:24:09
4887c7ff-a7b6-466e-b293-8e0dde8d2417,c00f6687-3e66-455a-93cc-7453bbac8c0e,national_id,877c8f99ee2789a632ab4815681220d9,EG,verified,,1,2026-03-07 12:38:54,2026-03-09 06:40:19,manual_review,,2026-03-07 12:38:54,2026-03-09 06:40:19
690590c4-9a7f-4eb3-b1bc-972073b97749,6c066ecc-5e7a-4b19-8033-4d5edac31fb3,qatar_id,,QA,verified,,1,2025-09-24 19:10:21,2026-03-04 02:37:06,system_auto,,2025-09-24 19:10:21,2026-03-04 02:37:06
9541e353-0b26-4a2b-8c72-119691ca50ea,80dbc4c8-241e-42bc-92ca-3688fb32ebec,national_id,98c2744d4e2353c96e7417c8b14e5fcd,EG,pending,,1,2025-11-25 04:34:55,,,,2025-11-25 04:34:55,2025-11-25 04:34:55
5c1f56aa-8594-431a-9f0f-0f7cabf5a5cf,103d38b1-46ec-4497-9e8e-5791107316c3,national_id,adefb8414c9fb6987d79fcdaabf4131d,EG,verified,,1,2025-07-14 19:57:19,2025-12-24 06:02:24,system_auto,,2025-07-14 19:57:19,2025-12-24 06:02:24
34a98411-f24d-441b-a0a5-e7abe353ffc4,4303728b-524d-471a-b4bb-d070fb78fd43,passport,8beff6c66c0f2794898a0ab76178cd2c,EG,verified,,2,2024-07-17 10:52:42,2025-08-25 07:57:58,system_auto,,2024-07-17 10:52:42,2025-08-25 07:57:58
b59ad41a-eea0-4d30-8eee-031427b53bad,2253f17e-7479-42b8-8448-1bcf86b9bfa3,national_id,163418d867c4bda30a0c5abf08a49119,EG,verified,,1,2024-06-20 15:59:50,2025-03-07 19:54:58,system_auto,,2024-06-20 15:59:50,2025-03-07 19:54:58
6d4d7bef-0416-44de-a66f-b3156052a456,c2ec550d-7fd1-4604-89fd-a4167a0f1481,passport,5f03e0c2fb8e480c9bc96f24d3ba7355,AE,verified,,1,2023-10-20 20:02:04,2024-10-04 03:22:06,manual_review,high_risk_country,2023-10-20 20:02:04,2024-10-04 03:22:06
2010bf66-af36-45f6-b172-5e20cc2b09de,efaade38-a164-4121-aa18-ab7daae7cc67,national_id,e406dd66c5f195657ec2a3891dfafc47,EG,pending,,1,2025-03-25 01:53:20,,,,2025-03-25 01:53:20,2025-03-25 01:53:20
e2e6f585-0486-4269-96af-cade5b55166a,8dc3f223-bbeb-4bfc-b6f5-dca9175959e4,passport,f208e9dad268b4a0bfd5041c051a14c1,AE,pending,,1,2025-04-10 07:22:33,,,,2025-04-10 07:22:33,2025-04-10 07:22:33
e15092e3-484a-4b13-8b4f-218634ae3b31,3aa959dd-150b-49ac-9dfb-2f684d51ac48,national_id,2883b3e024740542645289db560198f3,EG,verified,,1,2025-09-28 02:03:02,2025-12-16 15:21:43,system_auto,,2025-09-28 02:03:02,2025-12-16 15:21:43
2f648bb5-8bc1-4d40-a718-795cce9dc55a,4f80510a-7484-4ed1-83df-098c201ea74d,passport,56f8e021722a0e5936883fa08698fdf0,EG,verified,,1,2025-03-08 15:13:59,2026-02-10 02:34:48,manual_review,,2025-03-08 15:13:59,2026-02-10 02:34:48
b29df209-4161-4b75-9224-620483902e60,bf86caca-6cc9-48df-bde6-34d32f52512e,iqama,4cfab3bf32c579101577fef8d1c6e00a,SA,verified,,1,2025-07-04 20:05:43,2026-02-23 17:05:46,system_auto,,2025-07-04 20:05:43,2026-02-23 17:05:46
e1af3e4c-cf05-4d94-b9d9-04397755006f,0caaa75f-8fe6-45e8-b0ff-ffb39da6d1c3,emirates_id,6cd3846ae75ef2644c6ac75e5357b89d,AE,verified,,1,2025-03-05 17:17:02,2025-03-11 06:33:06,manual_review,,2025-03-05 17:17:02,2025-03-11 06:33:06
845ee6e3-8023-4ffd-a8e0-fab23967ec5e,8d3f3a71-b2aa-4d1d-8c34-97294ab8257a,national_id,,EG,verified,,1,2025-12-15 23:43:02,2026-01-14 16:19:24,system_auto,,2025-12-15 23:43:02,2026-01-14 16:19:24
d5f18a91-159f-447b-892e-ee943dff99a7,c8f0ce13-fdb1-4d11-93a1-fc214093d497,passport,193c1272c5f66610f893865374681a59,SA,verified,,1,2025-12-16 05:29:24,2026-02-10 23:09:52,system_auto,,2025-12-16 05:29:24,2026-02-10 23:09:52
6e93a548-e707-420e-8083-107ab0bb35d3,e33363b1-ea00-4dae-b7a3-f69b843699d1,passport,3606a10485a5f1d487213ade618fbe12,SA,verified,,1,2025-09-15 19:11:02,2025-12-31 18:44:43,manual_review,,2025-09-15 19:11:02,2025-12-31 18:44:43
a014c221-f17b-428e-847a-0fe813dd593b,3fa5b882-d898-4c16-9ebe-de08b2c33744,passport,097148afeeab4c83bddf11c2f0dcb0ec,AE,verified,,2,2025-01-23 05:41:19,2025-09-12 00:04:53,system_auto,,2025-01-23 05:41:19,2025-09-12 00:04:53
053fe5e0-1e68-4004-909d-a0cc1fd04215,96380049-a4a5-405e-a4b4-e66c187b27b3,civil_id,ee7e1eb17cdd46c5a4fda6675cd28940,KW,rejected,information_mismatch,1,2024-09-30 21:21:47,2025-03-12 12:06:12,manual_review,,2024-09-30 21:21:47,2025-03-12 12:06:12
825a3d0d-63c8-41df-99f6-a14f510de176,40d9f7fe-e14a-40c3-8b44-ba412420b1f0,national_id,8d9a03e3bdfcc14b00fae253e8856454,EG,verified,,1,2025-06-22 07:25:17,2025-10-02 08:07:16,system_auto,,2025-06-22 07:25:17,2025-10-02 08:07:16
538275ca-2644-4369-be06-5b32eef67254,78f24ef5-9b02-4b24-9d88-4ad03e4a3eec,passport,,AE,verified,,2,2026-03-05 20:20:15,2026-03-06 07:12:17,system_auto,,2026-03-05 20:20:15,2026-03-06 07:12:17
ea55ded7-ffef-437e-848f-fcc64880e1d2,6633f5ac-6989-464b-8d75-309e41f52c13,passport,b5ca05bd5e70c33221bcdb9e71eadffb,EG,verified,,1,2026-02-24 04:57:24,2026-03-07 16:36:25,system_auto,pep_match,2026-02-24 04:57:24,2026-03-07 16:36:25
4bffc04b-7618-42c4-b30d-12a493881e95,aaabedac-6c80-4d5c-ba65-8d395d03b4df,passport,a8c0df4a6977f2704b819283f65e9f9d,EG,verified,,2,2026-02-18 19:10:47,2026-02-27 17:25:59,system_auto,,2026-02-18 19:10:47,2026-02-27 17:25:59
d4b26aa7-0ae4-48fd-97a4-8ec1e8915741,71c06741-d50d-4a9d-ab90-ff3cdb49d2fe,iqama,679f98a97071d104047aeba494a829f0,SA,pending,,1,2025-09-01 06:11:24,,,,2025-09-01 06:11:24,2025-09-01 06:11:24
7f89553c-1fa9-47e0-b314-d9858c6de364,6e1be757-dbe2-4ed9-a0a7-90bf7361d210,passport,4c1d5f659a8e81b03faf11b020f6aa50,QA,verified,,1,2024-04-09 20:46:12,2025-04-06 09:10:59,system_auto,,2024-04-09 20:46:12,2025-04-06 09:10:59
5eebf92c-94bb-4089-9d45-741c3d7477ff,744e1894-576b-4f0c-a596-b7b88b9b56de,passport,5bd7ab2f9bdd7f5ff25ab023bb853bc5,EG,verified,,1,2025-05-28 13:15:50,2025-06-05 03:01:43,system_auto,,2025-05-28 13:15:50,2025-06-05 03:01:43
745bf0a8-8d24-428b-b076-ff15c81ff657,f3d10a7d-be58-4b90-bc6c-e93317c1d9cf,passport,eddef6ffe5560bffe9d4d3cb8b8c7ece,EG,rejected,document_unclear,1,2025-01-26 05:12:44,2025-10-02 15:59:28,manual_review,,2025-01-26 05:12:44,2025-10-02 15:59:28
d1598d84-823e-4f2f-b5cd-61c62df94bdc,f38e15d1-87f8-462a-bee1-934f18634221,national_id,1769897bfa564bcc22aec782ee7d1523,SA,verified,,1,2023-07-02 16:35:44,2026-02-25 19:59:41,manual_review,,2023-07-02 16:35:44,2026-02-25 19:59:41
c9cd8646-d0fd-49c4-8674-1fe9a2cdcafe,ffabeccf-b933-4374-b015-a30d91be70f5,passport,f50e07a711e14ee77444aeec1b9114a7,EG,verified,,1,2026-03-09 00:57:20,2026-03-09 06:17:07,manual_review,,2026-03-09 00:57:20,2026-03-09 06:17:07
56395928-5b09-4cf5-91ee-3d2395b8ccfa,3740d901-2b57-4b30-9fe1-b6c2e9e92ba4,national_id,ee2d6812dee4c8ace1222851d9c5f2d6,EG,verified,,1,2026-02-19 11:43:39,2026-03-02 12:36:03,system_auto,,2026-02-19 11:43:39,2026-03-02 12:36:03
ecd5979c-5cd1-49d1-9a10-213046d2090c,a8bf5990-d9d1-46e9-b861-7de50ed63553,passport,c21363c86ea6737b24005e2aeb6ca26a,EG,verified,,1,2024-11-15 06:06:20,2024-12-01 02:59:27,system_auto,,2024-11-15 06:06:20,2024-12-01 02:59:27
f6cb219c-9419-498b-be42-38925160a500,dea9cbf1-aede-44ac-8056-fcd23f4f0aba,passport,a301748f901ae7dad185a198044bf4e2,EG,verified,,1,2025-01-06 00:13:58,2025-07-31 13:49:56,system_auto,,2025-01-06 00:13:58,2025-07-31 13:49:56
e94ed4f9-a859-4df4-8e1f-97fd31519ae8,ad29ca94-1a3a-4649-b51d-c74f25fb6210,national_id,06b3bdc6debad50969686e5315085c79,SA,verified,,2,2024-05-22 03:25:59,2025-03-10 10:11:20,system_auto,,2024-05-22 03:25:59,2025-03-10 10:11:20
578d0ba8-376c-481a-93b1-8efca58e7fe1,2ffc3376-9229-4bbf-ab73-47b5f6ef02d1,national_id,d1f776a4ce7efa220e76ca239b634c9e,SA,rejected,incomplete_documents,1,2025-08-07 10:36:17,2025-10-24 16:23:52,manual_review,high_risk_country,2025-08-07 10:36:17,2025-10-24 16:23:52
4ca5be5c-59d8-47ee-89ba-8c323b136f32,263464b9-88bf-4f15-be60-045d96fee690,passport,3f4cf53229da022a112ee94ff6e4c08d,EG,verified,,2,2026-02-05 23:38:09,2026-02-28 14:51:09,system_auto,,2026-02-05 23:38:09,2026-02-28 14:51:09
