payment_method_id,user_id,method_type,provider,last_four_digits,expiry_date,is_default,is_verified,is_active,added_at,created_at,updated_at
55eda244-7c48-4d2b-b5e0-20260ef9cf86,7b1cc991-b473-49fe-9fc6-f5f48a874882,credit_card,visa,6627,2028-08-31,True,True,True,2024-04-17 20:37:02,2024-04-17 20:37:02,2025-03-17 23:52:12
83b73a9b-0263-41cd-aa95-cfc14585a2c9,42c3189b-ce0b-4dd0-9c4e-d8fdee9e0239,bank_account,Bank_SA_1,2678,,True,True,True,2025-12-02 23:51:02,2025-12-02 23:51:02,2026-01-16 00:58:49
a8ec8900-1b49-4f86-92e9-abe20bf13b5d,42c3189b-ce0b-4dd0-9c4e-d8fdee9e0239,bank_account,Bank_SA_9,1149,,False,False,True,2025-12-29 15:16:03,2025-12-29 15:16:03,2026-01-31 23:36:36
d18c9ce1-ce49-47f7-9593-29f7b02546bd,16d5286f-b5a2-4770-9945-983e5624eb96,debit_card,amex,9420,2028-04-06,True,True,False,2025-07-19 02:36:15,2025-07-19 02:36:15,2025-12-16 05:34:37
7d08fad7-ab87-4655-8fff-71e40c62fba4,16d5286f-b5a2-4770-9945-983e5624eb96,debit_card,mastercard,6790,2028-11-02,False,True,True,2025-12-26 07:04:59,2025-12-26 07:04:59,2025-12-30 06:24:26
8cf69841-aacf-4eca-90f2-ee4e08795ba2,12f1ab85-be92-46c0-8068-988e22a91f45,debit_card,mastercard,1578,2030-07-21,True,True,True,2025-08-01 12:09:11,2025-08-01 12:09:11,2025-08-10 16:40:44
e92b4880-d86b-478e-adae-b546ede781c6,12f1ab85-be92-46c0-8068-988e22a91f45,credit_card,mastercard,9849,2027-08-10,False,True,True,2025-02-20 04:59:10,2025-02-20 04:59:10,2025-06-02 15:50:31
25cf50ee-2fb0-474a-a3ee-4bfab14ecc0f,dcdbe715-9f79-4122-a8a6-d26909e71052,debit_card,meeza,6486,2030-07-16,True,True,True,2026-01-13 06:11:27,2026-01-13 06:11:27,2026-01-14 03:28:43
52e2d1d7-da86-46f7-baae-d4ed06e651db,dcdbe715-9f79-4122-a8a6-d26909e71052,bank_account,Bank_EG_10,6784,,False,True,True,2026-02-24 13:47:50,2026-02-24 13:47:50,2026-02-28 09:42:57
c567d8fb-5bcd-47ad-bce2-09362c037e52,dcdbe715-9f79-4122-a8a6-d26909e71052,bank_account,Bank_EG_4,5285,,False,True,True,2026-01-21 14:37:17,2026-01-21 14:37:17,2026-02-11 08:55:38
eaec1403-9c36-4db3-96e9-82501f013a63,bab9d823-4803-4c8f-b036-5ad8e183dec2,credit_card,visa,5263,2028-02-24,True,False,True,2025-12-19 17:40:41,2025-12-19 17:40:41,2026-02-08 12:59:04
ec97ccaa-88b6-499f-a43a-40ffa7fcedd0,bab9d823-4803-4c8f-b036-5ad8e183dec2,debit_card,mada,4392,2029-05-10,False,True,True,2026-01-12 07:09:53,2026-01-12 07:09:53,2026-02-24 05:36:51
a2b672c2-928f-4efb-bd00-847fd6f03ab0,55747e1c-3dbe-41f4-ae17-a86902375b7b,wallet_balance,internal_wallet,,,True,True,True,2025-08-03 12:38:23,2025-08-03 12:38:23,2025-08-16 10:41:01
ff1c93d3-a849-4c06-a559-a5b6d587d2dc,55747e1c-3dbe-41f4-ae17-a86902375b7b,debit_card,meeza,2356,2029-07-22,False,True,True,2025-09-23 20:04:21,2025-09-23 20:04:21,2026-02-10 00:17:12
3f68b82b-a80c-42c0-8b87-bea3eac7f9b0,2cba2a87-efaa-4eb8-a562-e016a1928d89,credit_card,mastercard,6989,2030-02-04,True,False,True,2025-01-14 23:53:45,2025-01-14 23:53:45,2025-10-07 13:37:49
220d6a22-4672-4aa6-82dd-412b9e3b231b,2cba2a87-efaa-4eb8-a562-e016a1928d89,debit_card,amex,9469,2029-07-17,False,False,True,2025-12-25 07:37:30,2025-12-25 07:37:30,2026-01-13 08:17:57
f4bcc82c-24ae-452a-8d27-5b4f64bd4ff0,d9335a02-a2be-4282-9710-c9d4ee981306,bank_account,Bank_SA_6,1364,,True,True,True,2024-09-25 07:36:43,2024-09-25 07:36:43,2024-10-22 17:15:31
71d5ddf3-e944-4c80-beb7-008cb9c06c2b,d9335a02-a2be-4282-9710-c9d4ee981306,credit_card,mastercard,4014,2027-09-14,False,True,True,2024-12-08 08:17:54,2024-12-08 08:17:54,2025-02-22 10:09:50
a1c36dc0-4565-4cc5-bd78-375dfe79ace9,d9335a02-a2be-4282-9710-c9d4ee981306,debit_card,mada,6636,2028-09-17,False,True,True,2025-06-16 04:41:30,2025-06-16 04:41:30,2025-11-12 03:54:15
b429a150-7777-469d-88b2-6c1bf3323316,a9ad0e51-ea06-4614-8b13-013b9692f8d9,bank_account,Bank_SA_7,2100,,True,True,True,2025-03-01 11:40:12,2025-03-01 11:40:12,2025-09-27 06:01:51
d33fe142-1846-49d7-81b5-60326c077e8d,382c0760-4f1b-4380-ab49-aa2e53550424,bank_account,Bank_SA_8,4295,,True,True,True,2025-06-03 16:49:23,2025-06-03 16:49:23,2025-07-11 09:50:53
5c1d0147-083f-4da9-b3ff-cf4626540708,36728f69-c33d-4ffe-aa52-9abcfdb2db3c,credit_card,mada,2209,2029-12-05,True,True,True,2026-01-02 23:24:37,2026-01-02 23:24:37,2026-02-04 11:41:17
482b9bd8-76fe-4720-b443-b5b069c4766c,36728f69-c33d-4ffe-aa52-9abcfdb2db3c,credit_card,mastercard,1764,2028-02-06,False,True,True,2026-01-26 16:08:25,2026-01-26 16:08:25,2026-03-03 19:10:17
293cdcb0-8bbb-4e2f-9ea2-19bd9e9f18c5,48975914-d6aa-426f-9eff-193410970fe9,debit_card,visa,5959,2027-08-22,True,True,True,2025-10-02 02:57:46,2025-10-02 02:57:46,2026-01-27 12:51:36
9863e13f-063e-4960-b6e8-ba1be7d34bf1,5a3af367-25bb-4eee-b2b0-91099734e220,wallet_balance,internal_wallet,,,True,True,True,2026-02-02 21:55:01,2026-02-02 21:55:01,2026-02-16 19:30:07
81cd09ab-c4cb-4b40-8af3-05fb6f605445,f8e5e3b6-0b74-4a0e-b452-e7160c14d267,bank_account,Bank_SA_10,2322,,True,True,True,2024-03-24 14:04:21,2024-03-24 14:04:21,2025-12-13 01:02:23
0b089b4a-b483-4fc8-891f-11d6f7b9de67,f8e5e3b6-0b74-4a0e-b452-e7160c14d267,debit_card,mada,7774,2029-07-13,False,True,True,2024-04-28 16:54:45,2024-04-28 16:54:45,2025-01-30 22:49:01
fae7bb73-cadb-462b-b846-90349554b1c1,989139cd-8d1e-4cee-a844-408142afc084,bank_account,Bank_EG_10,3288,,True,True,True,2026-02-19 03:00:19,2026-02-19 03:00:19,2026-02-20 02:22:15
d615f28f-1bcc-463a-bf70-169f99aa0855,989139cd-8d1e-4cee-a844-408142afc084,wallet_balance,internal_wallet,,,False,True,True,2026-02-14 09:26:12,2026-02-14 09:26:12,2026-02-21 23:18:36
37929df1-8779-4bdf-a64a-ec222f078f25,4d831bdc-1e92-4e62-955a-6c215daddc69,bank_account,Bank_EG_9,2084,,True,True,True,2025-10-15 02:55:31,2025-10-15 02:55:31,2025-12-30 21:59:08
fea17539-ff1d-4b27-bd43-cb081db78989,63d6525f-5342-49d4-ac6b-3917f2672631,credit_card,mada,6770,2028-04-11,True,True,True,2025-07-23 16:55:49,2025-07-23 16:55:49,2025-10-17 12:12:45
c69fcb7d-36d4-41ca-a972-4dec8ea65be8,63d6525f-5342-49d4-ac6b-3917f2672631,debit_card,mada,8527,2029-09-30,False,False,False,2023-11-01 20:09:33,2023-11-01 20:09:33,2024-09-18 12:53:43
c1ce58cd-443a-4e46-8e1b-9aacb491bdc6,20e7a496-f2e4-415f-a090-f668a0d21442,bank_account,Bank_EG_1,4101,,True,True,True,2025-02-11 09:18:49,2025-02-11 09:18:49,2025-08-18 21:33:29
ddc0869b-fcf8-4615-9f26-2907fb86f38a,20e7a496-f2e4-415f-a090-f668a0d21442,bank_account,Bank_EG_9,8908,,False,True,True,2024-11-04 22:55:20,2024-11-04 22:55:20,2026-02-16 17:21:07
1e61c5a5-bc4e-406f-9876-98c5fe87cb3e,1592fbba-c8a8-4444-b5b7-393a7217b750,credit_card,amex,8820,2031-02-09,True,True,True,2025-11-03 14:22:58,2025-11-03 14:22:58,2025-12-02 13:42:56
38d04493-f830-4c6a-9e1d-02e370cb5961,0ef7b7e0-8093-47e1-8117-56f61c69f95c,credit_card,meeza,4356,2029-01-21,True,True,True,2024-07-15 22:44:26,2024-07-15 22:44:26,2024-11-25 05:16:51
faccf069-ae23-4fb2-9f14-6675a7128956,0ef7b7e0-8093-47e1-8117-56f61c69f95c,wallet_balance,internal_wallet,,,False,True,True,2025-09-02 00:15:22,2025-09-02 00:15:22,2026-01-01 19:01:08
7e819afc-bf75-4298-abb9-de0e1c804531,7d2f62d7-c1e2-4f90-8979-2c9f4879cb5b,credit_card,mastercard,2782,2030-08-04,True,True,True,2026-01-06 10:35:46,2026-01-06 10:35:46,2026-01-13 16:26:16
9c9a7797-2e56-475e-8a8f-b0104d67dd6e,7d2f62d7-c1e2-4f90-8979-2c9f4879cb5b,bank_account,Bank_EG_7,6906,,False,True,True,2026-01-24 04:57:23,2026-01-24 04:57:23,2026-02-18 00:35:17
04f35006-9ed3-4944-97d8-d72f7934d8a7,7d2f62d7-c1e2-4f90-8979-2c9f4879cb5b,debit_card,mastercard,5389,2030-08-17,False,True,True,2026-02-27 20:16:35,2026-02-27 20:16:35,2026-03-03 03:55:09
f7a8636b-89b0-4d17-8fd9-b74b51ab9e50,e4e9d63a-d692-4a2a-a840-151fbccd9fb3,bank_account,Bank_EG_5,8294,,True,False,True,2025-05-28 16:32:55,2025-05-28 16:32:55,2025-11-13 20:45:19
730baec8-b732-4c2a-a3ce-4624aeaaecf8,e4e9d63a-d692-4a2a-a840-151fbccd9fb3,wallet_balance,internal_wallet,,,False,True,True,2025-03-03 12:38:05,2025-03-03 12:38:05,2026-02-23 05:29:17
59df505b-df03-40ed-beab-9870cb1a7f1b,d6e8df10-53ac-4516-acd5-5e63b05bd4b5,credit_card,mastercard,9523,2030-05-26,True,True,True,2023-06-02 08:34:57,2023-06-02 08:34:57,2026-01-01 12:39:22
343eeaad-c127-41aa-92cb-ad4fd6b2c6d2,23eb9bfa-a30b-4b3c-8cee-ff38b1008366,debit_card,visa,3781,2028-04-18,True,True,True,2026-02-03 12:54:26,2026-02-03 12:54:26,2026-02-26 10:36:20
2f7a800c-f870-4a09-9466-ee63c9287823,1b117d1f-8cc1-4213-839f-dd0ebab075be,credit_card,meeza,5310,2031-01-22,True,True,True,2025-11-05 12:06:44,2025-11-05 12:06:44,2026-01-05 16:05:10
95a942b0-b56d-4cc3-8d17-b6335a8a4add,1b117d1f-8cc1-4213-839f-dd0ebab075be,bank_account,Bank_EG_7,8566,,False,True,True,2026-02-07 18:07:15,2026-02-07 18:07:15,2026-02-08 20:01:28
1c187619-d53e-4d9f-9eae-506bbda790e9,1b117d1f-8cc1-4213-839f-dd0ebab075be,bank_account,Bank_EG_1,3975,,False,True,True,2025-07-26 13:09:17,2025-07-26 13:09:17,2025-10-28 22:15:40
7f28c2a2-cfb2-4c6b-b110-a062b6df9a32,e18b1384-eec3-477c-ad81-221ffe1728f1,credit_card,visa,8564,2028-01-26,True,True,True,2025-04-25 14:13:55,2025-04-25 14:13:55,2025-10-10 05:23:03
13132826-e27a-4abe-bbbb-c639400f31fd,2cb63a0f-368d-4955-bc79-e8a2c4d120f1,debit_card,visa,7375,2030-11-09,True,True,True,2025-07-30 01:20:43,2025-07-30 01:20:43,2025-10-09 12:29:55
d662ab8b-9833-4a66-91f0-eea535430d1c,9434a1e0-2d30-4e42-a224-b02ddba4f362,credit_card,visa,9376,2027-12-03,True,True,True,2025-12-10 23:20:12,2025-12-10 23:20:12,2025-12-30 06:17:10
9ab3ee72-a426-4f14-824a-f9d2c71e12d5,9434a1e0-2d30-4e42-a224-b02ddba4f362,credit_card,meeza,2708,2027-09-18,False,True,True,2024-05-13 01:27:53,2024-05-13 01:27:53,2024-08-27 04:59:21
5bb1637b-ab7e-4b96-974d-98151f32bda6,e62ca927-4603-4218-be5d-8ea15988b2df,credit_card,amex,2535,2030-04-11,True,True,True,2025-06-26 00:50:34,2025-06-26 00:50:34,2026-01-16 20:34:39
024467a6-9a24-4ae4-a286-9b9e2694c704,e62ca927-4603-4218-be5d-8ea15988b2df,credit_card,visa,6183,2028-11-02,False,True,True,2024-06-24 11:14:53,2024-06-24 11:14:53,2025-01-17 17:58:31
d8b0c23d-5b60-490f-a28d-5ee2179e8179,830f6cdc-dc62-45b9-8c23-877a4b67788e,wallet_balance,internal_wallet,,,True,True,True,2025-10-20 20:28:01,2025-10-20 20:28:01,2025-10-20 22:34:22
fe7b9665-a7c3-4158-81fb-38bfc5e721d6,830f6cdc-dc62-45b9-8c23-877a4b67788e,debit_card,mada,6851,2029-12-11,False,False,True,2025-02-13 02:26:11,2025-02-13 02:26:11,2025-07-23 21:50:56
472c9d03-8d4e-4223-a976-dfc647fdd764,830f6cdc-dc62-45b9-8c23-877a4b67788e,wallet_balance,internal_wallet,,,False,True,True,2025-01-01 05:13:24,2025-01-01 05:13:24,2025-10-15 00:30:56
80849b19-68d0-4573-8a7f-1ffea5c41048,312b4018-9917-46e8-bbfc-be88bacdec94,debit_card,mastercard,9193,2027-04-05,True,True,True,2025-07-15 23:50:56,2025-07-15 23:50:56,2025-08-01 04:34:10
47daad50-74c5-4c22-beb2-8e781a96ae81,3eb36ddf-89fb-4774-b7af-7d3f44ebd0d8,bank_account,Bank_AE_8,4953,,True,True,True,2024-07-04 18:41:11,2024-07-04 18:41:11,2024-11-22 12:06:42
6c919938-649a-407c-9e6d-55c1aae6c442,2c0ec47f-4750-44b1-9c31-3f36979f2e62,credit_card,mada,7129,2030-04-25,True,True,True,2025-12-27 15:34:22,2025-12-27 15:34:22,2026-02-13 07:38:48
695984bf-3acb-4bf7-b1a9-5c324854e2c8,2c0ec47f-4750-44b1-9c31-3f36979f2e62,debit_card,mastercard,2734,2028-01-10,False,True,True,2025-12-14 11:21:19,2025-12-14 11:21:19,2026-02-03 18:19:29
7d20c567-a928-4eed-a55f-31136fcb555c,a74ba5ad-f666-47d4-b6ad-f4fc93a9c9d4,credit_card,mastercard,3710,2029-02-05,True,True,True,2026-02-10 17:59:26,2026-02-10 17:59:26,2026-02-24 12:29:17
e18cf827-5efb-4e35-8887-926d8dd0baaf,eeb7e5fc-e24b-4acd-943e-4028a4b76de9,debit_card,visa,5831,2027-03-19,True,True,True,2023-11-30 17:52:41,2023-11-30 17:52:41,2024-08-28 18:54:34
acfba38a-6c1c-485e-bf43-788706c5a779,3abf32b4-73e7-4cb8-9762-a8c4a1ed9a8e,bank_account,Bank_AE_6,2669,,True,True,True,2026-02-05 02:33:51,2026-02-05 02:33:51,2026-02-12 09:59:15
d1615456-0b3f-4266-af71-f8e43d8c21cc,3abf32b4-73e7-4cb8-9762-a8c4a1ed9a8e,debit_card,mastercard,2489,2031-02-03,False,True,True,2025-10-14 13:51:50,2025-10-14 13:51:50,2025-12-19 06:39:17
6b6bbb03-500e-47ed-ac1c-4e7b38292a18,3abf32b4-73e7-4cb8-9762-a8c4a1ed9a8e,bank_account,Bank_AE_7,9293,,False,True,True,2025-11-19 08:07:03,2025-11-19 08:07:03,2025-11-28 09:41:19
f22df91a-02c2-439f-be0f-545ed0af9929,c17f50ca-d91b-41b3-b68c-1b7051301858,credit_card,meeza,9511,2030-11-26,True,True,True,2025-07-20 13:53:12,2025-07-20 13:53:12,2025-10-19 15:35:48
f53249f9-6f4d-4e19-bae4-d32c63c04d76,c17f50ca-d91b-41b3-b68c-1b7051301858,bank_account,Bank_EG_8,1371,,False,True,True,2025-09-28 15:14:14,2025-09-28 15:14:14,2025-10-10 12:36:49
6ffc4061-6815-41cb-ac7f-6c82a2c6f2a3,0277135c-1c21-4a9f-a6d6-1b18de54027f,credit_card,visa,8194,2028-10-12,True,True,True,2024-05-13 03:38:22,2024-05-13 03:38:22,2024-05-30 09:44:19
29628eca-285f-4d26-96be-87783cc659c0,0277135c-1c21-4a9f-a6d6-1b18de54027f,bank_account,Bank_EG_7,1966,,False,True,True,2024-03-20 11:10:37,2024-03-20 11:10:37,2024-11-10 14:26:29
bbf4a0d5-ea45-4fe5-b11f-5028dae72abe,eee7891d-0a85-4b98-a45d-0baa1402eb3e,bank_account,Bank_EG_7,8680,,True,True,True,2023-11-21 21:14:51,2023-11-21 21:14:51,2025-03-13 19:50:58
33f4b96a-5184-4cd4-acef-3190f597efd7,c5cb929c-e3be-4be7-a616-1ab231b6972f,credit_card,visa,4253,2028-03-09,True,True,True,2025-08-19 15:33:54,2025-08-19 15:33:54,2025-10-17 08:53:44
1df7a132-2231-4aac-8229-60a781224921,c5cb929c-e3be-4be7-a616-1ab231b6972f,debit_card,visa,3684,2029-07-05,False,True,True,2025-07-25 02:23:22,2025-07-25 02:23:22,2025-11-08 04:25:50
8b37ca87-1239-4fd3-835d-c8412666990f,83721c3d-9cec-4dcc-a33f-eb61a900e1e1,wallet_balance,internal_wallet,,,True,True,True,2026-01-14 10:35:27,2026-01-14 10:35:27,2026-01-22 06:38:34
1a0a47f6-69f4-4802-aa73-ea04c3d1aeca,83721c3d-9cec-4dcc-a33f-eb61a900e1e1,wallet_balance,internal_wallet,,,False,True,True,2025-12-23 16:22:12,2025-12-23 16:22:12,2026-02-09 09:04:29
9222bb2b-70a3-4604-b1f1-a82ffa114125,b4ce6e87-3616-4272-82c3-0d6da4fdd2e8,debit_card,mastercard,3189,2028-08-17,True,True,True,2025-11-30 04:34:41,2025-11-30 04:34:41,2025-12-05 06:10:19
9c05e39c-a781-4c0f-bb53-94e8022755e0,ff8f69f7-49a2-4faf-b2f4-586e49a6680e,bank_account,Bank_SA_5,5908,,True,True,True,2025-04-12 11:11:55,2025-04-12 11:11:55,2025-09-20 01:05:29
537e4023-36ac-4ac1-b8ad-35de9ca8d673,0da70090-b420-4709-99c3-4b29edf08b3e,bank_account,Bank_EG_5,1743,,True,True,True,2025-04-20 15:42:23,2025-04-20 15:42:23,2025-09-05 00:49:37
fdd412db-548e-43d5-a141-9ffa4ed39567,d56dabf9-7c91-49f5-b58d-0a4310444a43,debit_card,mastercard,1958,2031-01-10,True,True,True,2025-01-07 10:40:06,2025-01-07 10:40:06,2026-01-22 11:02:42
64e2f347-f047-4b45-a262-8917e8931176,d56dabf9-7c91-49f5-b58d-0a4310444a43,bank_account,Bank_AE_6,9522,,False,True,True,2025-08-24 11:02:32,2025-08-24 11:02:32,2025-09-20 13:52:05
aff16a16-dbe9-43e4-b5dd-8b073b3e7731,d56dabf9-7c91-49f5-b58d-0a4310444a43,wallet_balance,internal_wallet,,,False,True,True,2024-07-05 14:14:25,2024-07-05 14:14:25,2025-08-04 01:43:19
bd6e076c-6a04-489a-9dd8-5e6dc92a6b37,f4ff9776-559f-4644-b7d9-bee82d152126,wallet_balance,internal_wallet,,,True,True,True,2024-10-10 01:35:08,2024-10-10 01:35:08,2025-10-03 08:10:55
709ab169-bcf0-47a9-99e2-101a612c36b6,684049a5-c2e3-4534-b5a2-db4309894f17,debit_card,visa,4354,2029-12-12,True,True,True,2025-11-18 04:45:58,2025-11-18 04:45:58,2025-11-21 16:04:57
d0e70dc7-cec6-4424-8268-90968023787d,684049a5-c2e3-4534-b5a2-db4309894f17,bank_account,Bank_QA_5,1097,,False,True,True,2025-11-03 07:09:37,2025-11-03 07:09:37,2026-02-20 19:15:49
8bfad1ad-c173-4734-a8b1-9ea5504b33d9,684049a5-c2e3-4534-b5a2-db4309894f17,debit_card,visa,9721,2029-05-23,False,True,True,2025-01-21 03:50:47,2025-01-21 03:50:47,2025-09-01 13:38:23
96f5dfda-7e2a-4c9c-ab05-49cbcb84a051,35dcd542-ecc3-4ae2-91bd-8e7ca255b09d,credit_card,mada,7794,2030-07-03,True,True,True,2026-01-22 18:29:53,2026-01-22 18:29:53,2026-02-16 03:49:48
ff14a4ad-da24-42da-9231-6bc8e2c778c8,37f90f1e-aa91-49d5-b694-f31573ebdb89,wallet_balance,internal_wallet,,,True,True,True,2025-11-13 17:11:28,2025-11-13 17:11:28,2025-12-31 07:31:54
10e859be-afe9-4750-845d-bd5924057c07,37f90f1e-aa91-49d5-b694-f31573ebdb89,debit_card,visa,9589,2028-09-01,False,True,True,2025-12-25 20:23:48,2025-12-25 20:23:48,2026-01-11 01:20:34
63b8993e-c5e2-4fea-905b-8650ded6c15e,41964284-7416-4859-b095-5a84013cd3e4,credit_card,mastercard,8602,2029-02-19,True,True,False,2025-02-20 07:30:07,2025-02-20 07:30:07,2025-10-06 13:28:40
2aa05664-9e42-4c63-9f75-ad764f3c5698,41964284-7416-4859-b095-5a84013cd3e4,wallet_balance,internal_wallet,,,False,False,True,2025-03-21 16:04:06,2025-03-21 16:04:06,2025-12-07 05:38:56
b96bfe25-2022-492d-a824-316e4f7387d1,41964284-7416-4859-b095-5a84013cd3e4,credit_card,visa,2069,2029-02-14,False,True,True,2026-02-11 11:31:30,2026-02-11 11:31:30,2026-02-22 15:48:08
d873d370-bbcd-4429-973b-cd36c5eedd33,8642459a-7a96-4b32-a6d5-60b76d89eb66,wallet_balance,internal_wallet,,,True,True,True,2024-12-23 10:36:35,2024-12-23 10:36:35,2026-02-19 16:39:47
b7967708-1c7a-4568-808c-c236eda56183,f9b907e5-89e3-4608-a7be-8006b6131a4d,debit_card,visa,7119,2030-02-01,True,False,True,2023-11-02 02:50:33,2023-11-02 02:50:33,2024-08-22 03:54:47
5761d199-ba37-463b-8e7f-0f4af3b7cc66,b3975e77-a8da-4350-b992-f67e4aa4462f,debit_card,mada,4135,2030-09-04,True,True,True,2025-10-04 21:14:46,2025-10-04 21:14:46,2025-10-12 19:47:22
77f67975-da6f-4cf6-a67b-a5db1f00d128,adedd690-4975-49d2-a0c5-a611731871ef,credit_card,mastercard,3090,2030-06-14,True,True,True,2024-06-13 15:18:32,2024-06-13 15:18:32,2025-08-08 19:38:15
c0dc44ca-f81f-4a7e-86dc-64fe056db7ed,7be5f44e-15f2-453b-afb5-ed68c0ab4204,wallet_balance,internal_wallet,,,True,True,True,2025-02-14 07:06:06,2025-02-14 07:06:06,2025-07-13 07:28:35
25942c17-1663-4f11-834c-a174a54113cb,7be5f44e-15f2-453b-afb5-ed68c0ab4204,credit_card,amex,3417,2027-06-18,False,True,True,2025-08-19 12:09:47,2025-08-19 12:09:47,2025-09-30 20:26:24
a4ae2b59-32f1-47ec-9aff-f3e7b6cdef6e,7be5f44e-15f2-453b-afb5-ed68c0ab4204,bank_account,Bank_AE_10,3101,,False,True,True,2025-12-19 06:40:03,2025-12-19 06:40:03,2026-02-07 20:21:59
6d81ceb3-0e0b-4379-93d5-0235a72af4b1,30797829-d979-4cad-9779-d2025c38c5e1,bank_account,Bank_EG_10,5786,,True,True,True,2026-02-05 16:49:03,2026-02-05 16:49:03,2026-02-28 20:56:02
abda5022-8427-4035-93c5-ac326875d1d4,805df4b8-7bb7-43e7-a076-72d8f6f19324,wallet_balance,internal_wallet,,,True,True,True,2025-12-04 01:50:26,2025-12-04 01:50:26,2026-02-14 08:15:40
ae350f5b-c19b-4fd6-a1f4-376e7ca582a8,805df4b8-7bb7-43e7-a076-72d8f6f19324,debit_card,amex,9879,2030-07-14,False,True,True,2025-03-06 22:07:54,2025-03-06 22:07:54,2025-10-17 13:47:02
2ec5e406-4f97-43d3-bde0-ce36d1ab3637,34a9a7e6-23b7-4539-b4b4-fde4ca9c17a5,debit_card,visa,3482,2028-06-30,True,False,True,2025-08-03 08:39:01,2025-08-03 08:39:01,2025-10-21 22:10:31
4845f73d-271d-40d0-a43d-f24021af730e,acd888d2-87a8-46da-bc6b-e6dfcae1fd70,bank_account,Bank_SA_8,8546,,True,True,True,2026-02-24 00:52:02,2026-02-24 00:52:02,2026-03-03 17:06:04
158659d3-ac54-4271-9e7b-0ff16a13a789,acd888d2-87a8-46da-bc6b-e6dfcae1fd70,credit_card,visa,4006,2027-07-24,False,True,True,2025-10-24 18:20:06,2025-10-24 18:20:06,2026-02-01 06:15:13
3d83f082-e868-4c3c-8239-311e654e699a,418814a1-6759-4e70-baab-8cc944cc57c4,credit_card,meeza,7685,2030-08-11,True,True,True,2025-07-08 04:08:17,2025-07-08 04:08:17,2025-12-12 11:45:10
059a6258-a2d5-475e-82b7-fc3c1acfcecd,418814a1-6759-4e70-baab-8cc944cc57c4,bank_account,Bank_EG_5,7463,,False,True,True,2025-07-29 17:35:27,2025-07-29 17:35:27,2026-02-24 01:21:25
2dce5144-6681-4154-b8ba-c17147862e84,418814a1-6759-4e70-baab-8cc944cc57c4,bank_account,Bank_EG_9,5402,,False,True,True,2025-08-19 23:44:42,2025-08-19 23:44:42,2025-10-01 05:49:31
7e944a58-85ff-48ad-8c27-6369df08db3b,21b4a0da-c96b-4217-83e7-344f853aad0a,bank_account,Bank_AE_2,1556,,True,True,True,2026-02-06 09:36:04,2026-02-06 09:36:04,2026-02-10 22:09:51
09b34bf5-d3fa-45e3-960d-8f4b11892e96,21b4a0da-c96b-4217-83e7-344f853aad0a,wallet_balance,internal_wallet,,,False,True,True,2026-02-13 21:38:51,2026-02-13 21:38:51,2026-03-01 00:14:11
6f7157b9-2e30-4143-9562-39d667e550bf,f3575d40-ffb8-45ad-87ed-72bc0dc35972,debit_card,mada,1651,2030-05-02,True,True,True,2025-12-28 11:42:19,2025-12-28 11:42:19,2026-02-01 11:47:57
b990b873-2931-410f-aa8f-d052b5cfce8c,d94f98b4-f3c9-49aa-8d85-eebbe1acf5a4,debit_card,mastercard,6419,2027-05-21,True,True,True,2025-04-06 15:05:44,2025-04-06 15:05:44,2025-11-18 23:29:54
34f24cf3-6c91-4435-9d6b-a8a607e27e08,d94f98b4-f3c9-49aa-8d85-eebbe1acf5a4,wallet_balance,internal_wallet,,,False,False,True,2024-01-06 23:53:39,2024-01-06 23:53:39,2025-09-06 17:23:51
183ea235-9621-4ab6-9d7a-bc3d0fc143c5,6e8f20ef-32e8-4e65-9d32-6fbc5de0f14e,debit_card,mastercard,5025,2029-11-12,True,True,True,2026-01-17 11:02:42,2026-01-17 11:02:42,2026-01-30 11:11:13
a1a7e881-fe8b-4155-ac4f-10b7d229c377,6e8f20ef-32e8-4e65-9d32-6fbc5de0f14e,debit_card,visa,9649,2028-04-02,False,True,True,2024-10-11 03:38:12,2024-10-11 03:38:12,2025-05-24 04:30:59
e98fae34-8fcc-407e-96e5-82d211abe08d,1b877a97-b1cd-4c71-8a11-dd7d94a7d831,credit_card,visa,9845,2028-01-22,True,True,True,2025-02-05 14:36:54,2025-02-05 14:36:54,2025-09-26 05:57:34
9f3167da-f20a-4b46-b455-551d03658f6a,1b877a97-b1cd-4c71-8a11-dd7d94a7d831,bank_account,Bank_EG_6,9877,,False,True,True,2025-01-21 06:19:50,2025-01-21 06:19:50,2025-12-29 08:57:00
2e99d0e5-dc22-49fd-981c-9d04e475d10e,1b877a97-b1cd-4c71-8a11-dd7d94a7d831,wallet_balance,internal_wallet,,,False,True,True,2024-10-14 00:05:44,2024-10-14 00:05:44,2024-11-25 13:06:09
6ac8e506-debc-4cab-afaa-929df5371409,467debac-dc9d-4507-ba2e-ffc3363a8d0b,credit_card,mastercard,3789,2027-10-31,True,False,True,2026-02-04 10:02:53,2026-02-04 10:02:53,2026-02-27 16:56:20
6a582923-e82f-4dbc-9f33-79c3ae53615b,467debac-dc9d-4507-ba2e-ffc3363a8d0b,bank_account,Bank_SA_1,8682,,False,True,True,2024-11-11 04:11:39,2024-11-11 04:11:39,2024-12-02 13:16:21
9c46b348-fb9e-4293-b58a-50400b74f649,ed7e8178-3bf9-44ac-8c4f-1fda6011fecf,debit_card,mastercard,9443,2028-12-19,True,False,True,2025-06-29 07:45:50,2025-06-29 07:45:50,2026-01-17 08:35:55
9d574fde-3dda-4044-9780-cdc438f3210c,3f3d839e-cfe2-4c17-ab39-be39cfc0c5d8,debit_card,mastercard,2818,2029-01-12,True,True,True,2025-06-25 20:28:18,2025-06-25 20:28:18,2025-10-03 22:36:56
7985a5dd-1046-42fb-8e46-8655fe19fa84,3f3d839e-cfe2-4c17-ab39-be39cfc0c5d8,credit_card,amex,9733,2028-06-02,False,True,True,2024-05-24 12:27:10,2024-05-24 12:27:10,2025-01-14 22:10:51
586cc1c2-3996-44af-84de-a2e6a185125f,3f3d839e-cfe2-4c17-ab39-be39cfc0c5d8,bank_account,Bank_AE_6,1627,,False,True,True,2024-06-10 02:16:37,2024-06-10 02:16:37,2024-10-19 22:36:24
2d1339f3-40d7-4142-8bd5-a9cf4f2cb33d,44f86432-59bf-4f53-a665-e7694ab68a56,bank_account,Bank_EG_6,2871,,True,True,True,2025-02-28 02:57:00,2025-02-28 02:57:00,2025-07-08 20:48:50
1ddfacd3-df7a-4418-a173-f7d4e2587472,7fd37506-7671-457f-b6c5-5dd7c98a7ff8,debit_card,mastercard,2551,2029-04-14,True,True,True,2025-03-31 10:34:13,2025-03-31 10:34:13,2025-06-30 12:20:32
cace58f6-f66b-45f2-bb03-5a1168f657ae,7fd37506-7671-457f-b6c5-5dd7c98a7ff8,wallet_balance,internal_wallet,,,False,True,True,2025-05-30 12:38:30,2025-05-30 12:38:30,2026-01-06 23:55:25
f078433d-3283-474a-afa4-878353c513ad,7fd37506-7671-457f-b6c5-5dd7c98a7ff8,debit_card,mastercard,9113,2029-05-09,False,True,True,2024-11-24 21:58:35,2024-11-24 21:58:35,2025-07-26 00:31:37
17cfd928-fa52-4eaa-898f-7693323f3770,7d0c3626-1614-421d-9b6f-74d2bd3fbc0a,wallet_balance,internal_wallet,,,True,True,True,2025-08-17 20:44:48,2025-08-17 20:44:48,2026-01-12 04:16:17
9fb0e612-166c-4816-97f3-2f5beaac2ad8,7d0c3626-1614-421d-9b6f-74d2bd3fbc0a,debit_card,mada,7783,2030-10-23,False,True,True,2026-02-04 06:16:25,2026-02-04 06:16:25,2026-03-03 08:45:21
83af19fd-db67-4c4c-9cdb-186e70a40eba,5fa3e450-0137-4582-bb2b-6e6b13962e86,wallet_balance,internal_wallet,,,True,True,True,2025-02-20 11:53:37,2025-02-20 11:53:37,2025-11-12 13:32:15
5c147b35-bf18-4085-8ed5-4845e53d3dcd,5fa3e450-0137-4582-bb2b-6e6b13962e86,wallet_balance,internal_wallet,,,False,True,True,2025-07-23 21:49:21,2025-07-23 21:49:21,2025-08-09 12:42:43
e2d63be5-7731-4186-8cc2-d0a9eed3259d,56eef72f-cfe1-4466-83c5-56161ec360fe,bank_account,Bank_AE_8,4471,,True,True,True,2025-10-19 12:03:30,2025-10-19 12:03:30,2026-02-15 12:46:43
be5b9e71-a469-45f5-b6cd-ae173f8cdcbd,9e043583-252e-404e-b7dd-78785a80fa14,debit_card,mastercard,8933,2031-02-14,True,True,False,2024-10-05 00:41:51,2024-10-05 00:41:51,2026-02-01 14:41:01
fb491051-4f77-4087-97f7-70bdedcff94c,9e043583-252e-404e-b7dd-78785a80fa14,debit_card,mastercard,7209,2027-07-03,False,True,True,2026-01-19 11:43:05,2026-01-19 11:43:05,2026-02-08 10:35:24
dae225e4-47fb-41a4-ba70-643edd8353a4,65d55cec-3a49-40e8-90db-db6fb1039c0e,credit_card,visa,9403,2027-06-05,True,True,True,2025-05-25 10:14:41,2025-05-25 10:14:41,2025-11-20 17:48:53
eb9197b2-6b56-427b-a644-dd49541aa8c6,76b40608-1e27-4f05-ae81-0833174d7ce5,wallet_balance,internal_wallet,,,True,True,True,2024-08-10 21:13:38,2024-08-10 21:13:38,2025-11-18 07:36:08
f3aa9a4b-d0bd-4bc3-b04e-d8f9af6300fe,0c088ab3-d673-4a0d-b372-b7d645caaf05,debit_card,mastercard,4436,2028-11-11,True,True,True,2024-09-01 09:31:54,2024-09-01 09:31:54,2025-12-30 10:02:13
fa4b1c8d-a7a9-4ca5-9028-14f5fa3d4db5,0c088ab3-d673-4a0d-b372-b7d645caaf05,debit_card,mada,1481,2027-10-06,False,True,True,2024-10-24 11:08:47,2024-10-24 11:08:47,2026-01-02 13:52:36
3c27d7a3-abb7-4b96-93f1-9eb249394d9a,55a6963e-4044-4ff4-984e-83cf42064f1a,bank_account,Bank_KW_5,5828,,True,False,False,2025-11-27 23:30:06,2025-11-27 23:30:06,2025-11-28 01:15:35
21105559-6f6d-42ed-bb1d-e0540b3d2cdc,55a6963e-4044-4ff4-984e-83cf42064f1a,credit_card,mastercard,6516,2028-10-21,False,True,True,2026-02-21 14:03:11,2026-02-21 14:03:11,2026-03-02 14:08:04
1bb338db-d22d-4f34-ac5c-477021c13b3f,55a6963e-4044-4ff4-984e-83cf42064f1a,bank_account,Bank_KW_6,4027,,False,True,True,2026-01-18 06:02:04,2026-01-18 06:02:04,2026-02-17 19:46:36
faa55b1e-0c6c-4621-957a-52c3e34fa37d,2ed4cbf7-27aa-4fc4-b217-9b728a32e799,credit_card,visa,8373,2028-10-03,True,True,True,2025-03-21 04:20:24,2025-03-21 04:20:24,2025-10-05 17:30:47
7f5e51b3-cff7-4290-ae97-0af633953ee3,2016452a-0fc4-4278-80d2-1e01d5d972db,credit_card,mastercard,5431,2028-11-15,True,True,True,2025-07-04 17:27:56,2025-07-04 17:27:56,2025-08-07 03:23:11
5af90fe9-61e4-48d3-8b65-4657fba1602e,2016452a-0fc4-4278-80d2-1e01d5d972db,bank_account,Bank_SA_7,2236,,False,True,True,2025-11-05 07:08:48,2025-11-05 07:08:48,2026-01-24 06:58:58
7829e1cb-4bd9-4fee-813b-e13c29040825,68478ea3-b5b7-4a45-9ede-3f256790a18a,debit_card,visa,6941,2030-12-15,True,True,True,2025-11-03 17:37:43,2025-11-03 17:37:43,2025-11-23 23:31:43
600c5bef-f3c7-487f-bfa9-bd466c59ae53,68478ea3-b5b7-4a45-9ede-3f256790a18a,debit_card,amex,8760,2030-10-17,False,True,True,2025-12-25 14:34:06,2025-12-25 14:34:06,2026-01-11 13:57:14
02b322dd-efa8-45f4-b6ed-5d01e286533c,44aded45-d7db-491f-bc1a-41af7ca5f2c5,credit_card,visa,8440,2031-01-05,True,True,True,2026-01-26 19:05:10,2026-01-26 19:05:10,2026-02-19 23:57:26
c608b164-a3c9-4858-a32d-0856fa71d05e,3167d2ad-19be-4ee4-9eb4-8e24967257f6,debit_card,mastercard,8262,2029-03-12,True,True,True,2025-09-01 16:41:16,2025-09-01 16:41:16,2025-12-26 11:47:43
6dcf3f47-c802-4162-bbf2-13e330d013e3,24c2e4f7-bc43-44c8-855a-a336dace7446,credit_card,visa,1434,2030-09-11,True,False,True,2026-02-10 15:43:53,2026-02-10 15:43:53,2026-02-20 06:07:43
ab860b7c-ebe6-42e1-925b-3e0f121379dc,24c2e4f7-bc43-44c8-855a-a336dace7446,credit_card,meeza,3641,2029-05-26,False,False,False,2026-02-20 15:41:16,2026-02-20 15:41:16,2026-02-24 15:02:56
26d0dc58-93ad-41e8-8565-1f0941e783c1,e1751e69-1f96-4e64-aa5a-ae7a0525f7a2,debit_card,amex,6218,2029-01-03,True,True,False,2026-02-11 19:23:19,2026-02-11 19:23:19,2026-02-16 13:56:29
05a1f8bd-bb68-40ae-8c4b-6b6e48013f26,e1751e69-1f96-4e64-aa5a-ae7a0525f7a2,wallet_balance,internal_wallet,,,False,True,True,2025-12-31 19:29:03,2025-12-31 19:29:03,2026-02-08 08:50:00
e4ef34fc-bae2-4dad-a60d-981e92db46e4,984406fc-fddb-4276-9d14-601314124bef,debit_card,mada,4618,2030-10-10,True,True,True,2025-05-17 01:46:21,2025-05-17 01:46:21,2025-07-07 12:53:01
1021ff7c-569b-4708-bdae-6a42c91dd654,984406fc-fddb-4276-9d14-601314124bef,wallet_balance,internal_wallet,,,False,True,True,2026-01-19 21:41:56,2026-01-19 21:41:56,2026-02-12 13:49:01
d7a0fda7-ae8b-468a-a2a6-25169873942f,e88061c2-5742-41e7-8e3e-acae8f80365a,wallet_balance,internal_wallet,,,True,True,True,2024-12-17 15:18:33,2024-12-17 15:18:33,2025-03-09 01:43:32
5f0b4360-e889-4a23-8e4c-5abe049a78f6,e88061c2-5742-41e7-8e3e-acae8f80365a,bank_account,Bank_EG_2,6310,,False,True,True,2024-08-14 11:38:57,2024-08-14 11:38:57,2025-08-26 13:18:12
703952a4-4717-46cc-a755-443a4d25fc8f,f487a3c8-b4cb-48c2-826f-68a5c17db657,wallet_balance,internal_wallet,,,True,False,False,2024-11-26 12:15:51,2024-11-26 12:15:51,2025-08-30 22:08:21
975d291f-052c-467d-b69d-1e01b803b242,f487a3c8-b4cb-48c2-826f-68a5c17db657,debit_card,mastercard,9495,2027-04-19,False,True,True,2025-07-18 22:55:06,2025-07-18 22:55:06,2025-08-19 12:54:06
c02cc5ab-8796-4895-a5fa-b50900b05216,c8e4e646-c49a-4a90-8175-2b7c2af46b1b,debit_card,visa,1914,2029-09-23,True,True,True,2025-10-03 08:58:34,2025-10-03 08:58:34,2026-01-11 12:46:01
380a42a3-88f5-4b94-b51c-66cc89503d69,5e7e6346-d351-4c79-a1ba-360fa2a8269f,wallet_balance,internal_wallet,,,True,True,True,2025-08-10 10:23:18,2025-08-10 10:23:18,2025-10-31 07:01:16
077a3ba6-02b4-48c6-a344-e5f8b2877f54,5e7e6346-d351-4c79-a1ba-360fa2a8269f,debit_card,knet,6252,2029-04-30,False,True,True,2024-10-14 07:34:06,2024-10-14 07:34:06,2025-06-09 10:31:24
eb1faaec-f2e8-420a-93c4-ee7655d2baca,cbdffa96-8efd-4c2f-964d-e3fe05c45782,debit_card,visa,3359,2029-04-18,True,True,True,2025-11-13 15:15:09,2025-11-13 15:15:09,2025-12-05 17:18:42
cfb5b262-1477-49b7-882d-e56e40d590fc,b858ae2e-eb27-4612-b620-d4dc8bf16335,credit_card,visa,6119,2031-01-20,True,True,True,2025-09-29 16:09:53,2025-09-29 16:09:53,2025-10-11 19:11:47
97db209d-3339-4074-ab28-808af69008f2,9e5e72f5-3351-466c-8f4e-092b00d28014,bank_account,Bank_QA_5,4088,,True,True,True,2024-08-10 04:04:43,2024-08-10 04:04:43,2026-02-20 03:02:56
e3451847-3894-4fdd-9022-6e932f955029,9e5e72f5-3351-466c-8f4e-092b00d28014,debit_card,mastercard,4091,2027-12-04,False,True,True,2025-06-18 23:41:42,2025-06-18 23:41:42,2025-09-20 16:52:53
07e1b7b5-b916-42f0-b656-022ead6975ce,9e5e72f5-3351-466c-8f4e-092b00d28014,debit_card,visa,3889,2028-11-21,False,True,True,2025-12-26 01:11:51,2025-12-26 01:11:51,2026-02-10 01:50:46
583b9a19-5040-4ee4-bf97-55ac2cf708af,af126f83-79ef-44e5-b6c2-15125998514a,credit_card,visa,5384,2027-03-14,True,True,True,2026-01-22 21:37:56,2026-01-22 21:37:56,2026-02-11 07:10:37
5328abd2-911a-4107-b0ce-f6c329e016d6,6ca5eb17-cf9a-414d-8ec1-e6401ab1ec37,credit_card,visa,4865,2029-10-05,True,True,True,2024-10-18 10:30:23,2024-10-18 10:30:23,2026-02-16 03:17:08
cd3d611d-4382-433e-9b1d-4c25a2ec260a,6ca5eb17-cf9a-414d-8ec1-e6401ab1ec37,debit_card,visa,8539,2029-07-12,False,True,True,2025-02-03 06:49:56,2025-02-03 06:49:56,2025-04-27 04:08:33
11f60a9b-8645-4023-99dd-b01ab1a716e2,6ca5eb17-cf9a-414d-8ec1-e6401ab1ec37,debit_card,visa,1621,2028-08-09,False,True,True,2024-06-07 15:35:39,2024-06-07 15:35:39,2024-10-07 15:41:01
76cfd916-62a8-4101-93e6-e3d137f9a529,a33b89cb-5226-48b3-89d8-c0b5c1a8077d,credit_card,mastercard,3398,2029-09-05,True,True,True,2025-11-17 14:26:51,2025-11-17 14:26:51,2026-01-03 00:11:50
c3f3e2b8-224c-4890-ae40-72eaf3b5c8ee,a33b89cb-5226-48b3-89d8-c0b5c1a8077d,debit_card,meeza,7775,2030-10-06,False,True,True,2025-12-02 14:52:07,2025-12-02 14:52:07,2025-12-10 09:12:59
536db29a-ec41-4f5c-a349-7f026d18a6f6,9fd0d8bc-06ed-40e8-ba97-14a5d674add3,debit_card,visa,6491,2027-10-10,True,False,True,2025-12-30 05:33:51,2025-12-30 05:33:51,2026-01-15 13:22:54
72337b46-8201-4441-8811-3aeca83d65f2,9fd0d8bc-06ed-40e8-ba97-14a5d674add3,debit_card,mastercard,8104,2030-03-24,False,True,True,2024-07-05 04:40:15,2024-07-05 04:40:15,2024-09-03 04:24:51
f01f778f-bb0b-43cf-91cd-12031ece1987,9fd0d8bc-06ed-40e8-ba97-14a5d674add3,credit_card,mada,6522,2027-07-25,False,True,True,2024-05-04 21:30:14,2024-05-04 21:30:14,2025-08-05 11:19:13
3df7d303-7351-472d-9079-87deb090e228,2b34d05b-63a8-4e3e-b465-45bb61aada5a,debit_card,visa,1829,2028-11-04,True,True,True,2026-02-17 09:47:12,2026-02-17 09:47:12,2026-02-20 08:44:14
8af979ec-77df-4320-8309-7e3e1c63e99e,2b34d05b-63a8-4e3e-b465-45bb61aada5a,debit_card,meeza,9178,2028-12-07,False,True,True,2026-02-12 05:16:05,2026-02-12 05:16:05,2026-02-25 13:13:53
0c2ef79b-f15e-4fec-bc71-c9c9cdbbdbc8,2b34d05b-63a8-4e3e-b465-45bb61aada5a,credit_card,visa,5267,2029-11-23,False,True,True,2026-02-04 21:44:09,2026-02-04 21:44:09,2026-02-21 17:55:22
fa876e17-3563-4611-8dbb-f40805681ce1,23472be5-7210-48f9-93bc-18b002493967,debit_card,visa,5606,2030-06-10,True,True,True,2024-05-14 04:58:17,2024-05-14 04:58:17,2025-09-24 09:58:53
ddcbf23b-877a-45b9-887e-28eb3f6df61a,23472be5-7210-48f9-93bc-18b002493967,debit_card,visa,3628,2028-07-04,False,True,True,2024-06-01 13:27:31,2024-06-01 13:27:31,2024-06-29 08:33:46
27c4d2f6-9ecb-4f11-bf24-af44111e9211,3414dc43-44b8-4864-a2a1-c7c242d14f03,debit_card,visa,3474,2028-01-11,True,True,True,2026-01-13 04:18:55,2026-01-13 04:18:55,2026-01-26 07:59:13
baa42fbf-1588-420a-8490-eb3345777155,3414dc43-44b8-4864-a2a1-c7c242d14f03,bank_account,Bank_SA_3,2412,,False,False,True,2025-10-16 07:00:40,2025-10-16 07:00:40,2025-11-02 22:36:19
871e6502-678c-4763-8fd8-9ca2fdd69f6d,d95f777c-2795-45b8-bb44-1b2d5d92847e,credit_card,mastercard,1517,2030-09-19,True,False,True,2025-01-18 06:04:24,2025-01-18 06:04:24,2025-12-17 10:36:02
0d0024dd-7f0c-4e1c-b1da-bc5182b8ea74,d95f777c-2795-45b8-bb44-1b2d5d92847e,credit_card,visa,4396,2029-04-28,False,True,True,2026-01-05 07:32:44,2026-01-05 07:32:44,2026-03-01 21:45:05
3a92dbff-1bfe-43d6-8550-46e9e7229270,d95f777c-2795-45b8-bb44-1b2d5d92847e,debit_card,mastercard,1199,2030-05-16,False,True,True,2025-03-10 05:50:36,2025-03-10 05:50:36,2026-01-13 23:02:04
06248721-8fc9-48e5-825a-9867ddf88da1,b8a8aaf9-d10e-4a9f-9e2e-4b0c19bc57e9,debit_card,mastercard,5260,2029-05-21,True,False,True,2025-12-19 02:22:47,2025-12-19 02:22:47,2026-01-29 09:51:57
c3d1dcf0-2e59-4862-a98e-7e9cada0ca1a,b10f9a16-1f2c-4195-8246-2f1c8d4f9e5b,bank_account,Bank_SA_3,5029,,True,True,True,2026-02-13 00:44:47,2026-02-13 00:44:47,2026-02-23 16:33:12
d52ac3c3-81d3-4807-a2e9-7edf1a72d607,b10f9a16-1f2c-4195-8246-2f1c8d4f9e5b,credit_card,mastercard,4287,2029-01-09,False,True,True,2026-02-16 18:05:12,2026-02-16 18:05:12,2026-02-26 18:44:34
32aead53-9e4a-4c8d-a0bb-4d6846da8f3b,ff3abaa1-d2d6-425e-9b31-afa407af0a8a,wallet_balance,internal_wallet,,,True,True,True,2025-06-02 06:48:29,2025-06-02 06:48:29,2025-06-11 02:09:24
16c284fb-cd7e-4213-a067-98607807759f,24e42802-c990-437e-9d75-9d56c400381b,debit_card,visa,4305,2027-12-31,True,True,False,2024-08-14 20:17:05,2024-08-14 20:17:05,2024-09-21 23:03:00
8f034f9e-8ca6-4a69-9e6d-c22ec3586cac,24e42802-c990-437e-9d75-9d56c400381b,debit_card,mastercard,4644,2029-09-20,False,True,True,2025-01-20 10:33:15,2025-01-20 10:33:15,2025-04-08 23:24:50
692ccf0c-542f-4437-ae5a-61867a243356,f584a3e0-40a4-44d7-9871-c83e88f8db25,credit_card,visa,7926,2029-01-14,True,True,False,2025-10-24 14:22:39,2025-10-24 14:22:39,2025-11-17 16:24:41
6fa8f555-584e-4266-b902-45747307605e,f584a3e0-40a4-44d7-9871-c83e88f8db25,credit_card,mastercard,4072,2027-07-31,False,True,True,2025-04-14 20:46:00,2025-04-14 20:46:00,2025-10-01 15:20:59
3d951d53-318a-4f63-a3f7-6ecc9109cd9d,f584a3e0-40a4-44d7-9871-c83e88f8db25,credit_card,meeza,5842,2030-04-24,False,True,True,2024-09-12 18:13:42,2024-09-12 18:13:42,2025-05-29 22:56:02
2940dac2-66bb-4ed6-a4c2-6e2ef0c89d59,bd9fe10a-91a6-46ab-b63f-ceaf105f0faf,credit_card,mastercard,9271,2030-07-09,True,True,True,2025-11-20 01:25:41,2025-11-20 01:25:41,2026-02-07 10:27:13
a64fbdc0-7662-45b1-9fa4-c1da170babf0,bd9fe10a-91a6-46ab-b63f-ceaf105f0faf,debit_card,mada,9048,2029-03-01,False,True,True,2026-01-23 05:34:17,2026-01-23 05:34:17,2026-02-15 06:58:21
afbc7742-0a1e-42fe-8703-0fb6d2e2875e,81808fe6-0373-4976-9478-bc42db7fca7d,credit_card,visa,6852,2030-02-12,True,True,True,2026-01-19 04:03:02,2026-01-19 04:03:02,2026-01-24 23:18:12
8ad6620b-dedf-43e3-9ec2-7de54d6179ef,68ed8587-b849-4004-91de-767e4725121a,debit_card,meeza,6928,2031-02-19,True,True,True,2025-11-07 15:14:00,2025-11-07 15:14:00,2025-12-16 04:48:49
8443d87a-14c3-46b0-a701-12be9b568684,68ed8587-b849-4004-91de-767e4725121a,debit_card,visa,1865,2029-11-02,False,True,True,2025-08-20 18:35:01,2025-08-20 18:35:01,2026-02-28 11:02:11
6e9453fb-b5d7-490a-a08a-411b66d89d11,35b96d5c-c0b7-43f8-8833-ad929877e83b,debit_card,mastercard,7121,2028-07-21,True,True,True,2026-01-26 18:20:12,2026-01-26 18:20:12,2026-02-28 13:13:35
5d8cb81a-3fe0-47c1-bf59-11a96116891b,35b96d5c-c0b7-43f8-8833-ad929877e83b,credit_card,mada,4863,2027-11-13,False,True,True,2026-02-10 01:01:40,2026-02-10 01:01:40,2026-02-11 19:18:54
8df8fcc8-b729-4004-b70d-92bf6222c4ae,2c49a917-bf0a-4eeb-8db9-cd61de7ab183,debit_card,visa,7391,2027-05-15,True,True,True,2025-03-17 11:23:33,2025-03-17 11:23:33,2025-04-03 15:30:18
a2cd1236-e73d-4407-978c-3167df886bfd,2c49a917-bf0a-4eeb-8db9-cd61de7ab183,bank_account,Bank_AE_5,9556,,False,True,True,2023-12-19 05:59:17,2023-12-19 05:59:17,2025-01-20 05:08:17
7cc43105-c113-4bab-9509-a6b041dd7d1d,2c49a917-bf0a-4eeb-8db9-cd61de7ab183,wallet_balance,internal_wallet,,,False,False,True,2025-05-27 21:08:16,2025-05-27 21:08:16,2025-08-10 12:48:13
3718da84-d7f8-42e6-b2b9-b2beba656cd7,7b537799-5c40-4907-aed9-be7af7999495,wallet_balance,internal_wallet,,,True,True,True,2025-07-20 05:16:59,2025-07-20 05:16:59,2025-10-11 17:46:38
bc066530-3974-4af9-836d-e18613e67f6b,ea776a2f-7ce6-4f85-9a66-f17f7a593a84,debit_card,mastercard,5573,2028-09-27,True,True,True,2025-12-19 15:49:25,2025-12-19 15:49:25,2026-01-24 15:34:54
15ffea63-f04f-4f37-a8fc-92602dffc2d5,95e183b2-6baa-43bb-b694-6d2efc29a4ed,wallet_balance,internal_wallet,,,True,True,True,2024-06-18 15:55:42,2024-06-18 15:55:42,2024-11-22 20:53:20
6e4d92e2-a740-4bb8-8e10-3fba2685f7a1,95e183b2-6baa-43bb-b694-6d2efc29a4ed,debit_card,mada,1887,2029-01-27,False,True,True,2025-06-28 11:58:34,2025-06-28 11:58:34,2025-07-11 21:53:52
a65d5e3a-f2c5-4b81-9266-cd129f863876,1c1ce355-39e9-48b0-80d0-6c529d0ba616,bank_account,Bank_SA_3,7024,,True,True,True,2025-07-20 08:14:37,2025-07-20 08:14:37,2025-11-13 16:34:46
34ccbe2e-dfbf-4f61-9143-0226ee43c156,1c1ce355-39e9-48b0-80d0-6c529d0ba616,wallet_balance,internal_wallet,,,False,True,False,2025-10-21 16:19:05,2025-10-21 16:19:05,2025-11-12 04:39:47
1337c8dc-0e56-412d-b27c-204aae80411f,03bb6d43-e9b3-41a3-bd5a-f94d4a766f16,debit_card,mastercard,4838,2028-12-19,True,True,True,2026-02-23 09:28:28,2026-02-23 09:28:28,2026-02-28 11:18:59
3b99d1d7-a0ca-453d-9a36-84ca1d0c3416,03bb6d43-e9b3-41a3-bd5a-f94d4a766f16,debit_card,amex,8472,2028-08-24,False,True,True,2026-02-14 23:13:07,2026-02-14 23:13:07,2026-02-27 01:11:46
a30554c6-23e7-45a0-91ca-41c61f2f54d7,c69c3a78-b566-4366-b340-ffc3e88ec8fd,bank_account,Bank_EG_1,9574,,True,True,True,2026-02-09 12:29:30,2026-02-09 12:29:30,2026-02-15 18:06:08
c71fd9ed-3f2d-434d-94b8-d84362e389c7,c69c3a78-b566-4366-b340-ffc3e88ec8fd,credit_card,mastercard,9547,2027-05-13,False,True,True,2025-08-07 18:08:53,2025-08-07 18:08:53,2026-02-14 08:40:42
c62959e5-8f82-47a9-9a71-a843a7ba1ebf,c69c3a78-b566-4366-b340-ffc3e88ec8fd,credit_card,meeza,1351,2028-02-23,False,True,True,2024-08-20 12:37:41,2024-08-20 12:37:41,2025-07-01 12:15:16
34455755-f435-4e30-b6b9-636a38c6cba6,01a8ab7b-bd7c-498a-a178-bd9f1ad25020,debit_card,visa,1992,2027-06-02,True,True,True,2024-07-14 15:04:00,2024-07-14 15:04:00,2025-05-15 23:16:02
f3965c6d-2139-4079-ab0b-f03cc99b0a90,01a8ab7b-bd7c-498a-a178-bd9f1ad25020,credit_card,meeza,1525,2027-12-25,False,True,True,2026-02-10 15:56:41,2026-02-10 15:56:41,2026-02-20 19:02:33
8eb8e1fb-0d43-4365-832c-f52ecaac0b8a,01a8ab7b-bd7c-498a-a178-bd9f1ad25020,bank_account,Bank_EG_1,6435,,False,True,True,2025-04-06 21:59:26,2025-04-06 21:59:26,2025-10-25 22:37:15
b4d6be6a-f658-4af5-b73b-1a178bcd080b,d79723ef-62ff-4ceb-b360-b07402f95b29,bank_account,Bank_KW_2,6878,,True,True,True,2024-03-13 10:41:04,2024-03-13 10:41:04,2024-12-06 12:46:01
7b071b01-96d7-470f-83fd-c4ce12a74a0f,d79723ef-62ff-4ceb-b360-b07402f95b29,credit_card,visa,4041,2030-03-30,False,True,True,2025-04-06 06:05:28,2025-04-06 06:05:28,2025-09-24 14:28:20
5cad7f30-c4e6-4316-bb44-7a65904ef1a8,d79723ef-62ff-4ceb-b360-b07402f95b29,credit_card,knet,9060,2030-11-08,False,True,True,2024-02-09 22:08:13,2024-02-09 22:08:13,2025-12-25 08:09:47
f40d2114-4765-4e61-a2e7-e8f4b00fa2fe,4241d384-b8a0-4c2c-aea0-21df8c5bee51,wallet_balance,internal_wallet,,,True,True,True,2023-10-08 00:24:45,2023-10-08 00:24:45,2025-10-12 01:13:53
8bf2c366-1b67-46d3-95ce-c9ff6e68a3d6,da3a9e15-f746-4eb7-9b91-055c6b546ef9,credit_card,visa,4374,2028-04-21,True,True,True,2025-07-03 15:00:14,2025-07-03 15:00:14,2025-09-04 15:23:30
21902195-4c1e-44bb-9009-ba8c84b180f6,068f2f41-af83-4f2a-b2e2-7bd401741f3f,bank_account,Bank_AE_9,2629,,True,True,True,2024-09-29 03:48:16,2024-09-29 03:48:16,2025-03-24 19:25:31
5c685e6d-71a2-4112-89d3-0069fe965bc0,9a8e9f83-ef03-40bc-a884-cd157cc7f2a4,bank_account,Bank_EG_5,3427,,True,True,True,2026-02-28 21:11:09,2026-02-28 21:11:09,2026-03-03 10:39:30
7b4eacf8-c267-40e8-8b1b-cee55952eb3d,7dce86bd-8fd6-4b1d-981d-cd04da8c49c9,wallet_balance,internal_wallet,,,True,True,True,2025-12-02 13:47:46,2025-12-02 13:47:46,2026-02-17 14:21:38
6f6b265e-3673-4c05-8a34-c4ee68ddb29e,a11897a4-25aa-432d-b67a-e8a2aef93fcf,debit_card,knet,8016,2028-01-04,True,True,True,2025-07-01 01:31:53,2025-07-01 01:31:53,2025-07-03 08:53:08
c6343657-6e75-489f-bc50-b04e6fbb111a,7b5042d8-2bee-44dd-9022-9d8028d4ca4a,bank_account,Bank_EG_7,1310,,True,False,True,2023-10-14 06:33:07,2023-10-14 06:33:07,2023-11-01 16:50:49
edd83d99-20d7-41a7-8208-c5d127d27281,7b5042d8-2bee-44dd-9022-9d8028d4ca4a,debit_card,visa,2651,2028-03-28,False,True,True,2025-07-26 12:01:42,2025-07-26 12:01:42,2025-10-17 05:19:16
b7389105-6742-4c26-ae66-28ae40d170d7,e2e3c35a-0fb6-4376-97ec-46c783c0a0f6,debit_card,mada,7335,2029-06-07,True,True,True,2025-07-01 15:47:22,2025-07-01 15:47:22,2025-12-31 13:55:26
b2d395ff-f373-4af5-923c-a348a8a07d86,e2e3c35a-0fb6-4376-97ec-46c783c0a0f6,wallet_balance,internal_wallet,,,False,True,True,2025-02-28 14:46:55,2025-02-28 14:46:55,2025-07-07 17:11:33
9fefa7d0-28cf-48cd-b2fd-6437d5188aaf,43958641-db44-49e6-acaa-8487b81f4c5b,bank_account,Bank_QA_3,3155,,True,True,True,2024-12-26 18:20:19,2024-12-26 18:20:19,2025-01-25 12:57:16
b63d2f30-671a-458f-9e65-5a00a7534e1c,fcf1bd47-0bb8-42c4-885d-625fe7d1dc35,credit_card,mastercard,1478,2030-01-12,True,True,True,2025-12-15 23:21:02,2025-12-15 23:21:02,2026-02-10 21:56:14
098169c9-6f8d-4404-916b-ab293d973a52,f65b104a-cc1d-49a6-a642-4b41b36e190a,credit_card,amex,2037,2028-12-07,True,True,True,2025-04-11 17:37:34,2025-04-11 17:37:34,2026-02-20 16:10:01
bd9f9a7f-156f-4029-83e6-85e23b62edba,f65b104a-cc1d-49a6-a642-4b41b36e190a,credit_card,visa,1724,2030-08-04,False,True,True,2025-09-23 12:22:59,2025-09-23 12:22:59,2025-11-29 10:55:01
253ab28c-8c79-4d7a-b5a6-e9b1ec6be00a,a117fe16-315e-4bfb-9165-7c55e18c36c9,credit_card,visa,8158,2030-12-23,True,True,True,2024-05-19 02:39:16,2024-05-19 02:39:16,2024-08-11 23:55:37
d053c327-3e29-4429-babe-3829bd75d497,a117fe16-315e-4bfb-9165-7c55e18c36c9,wallet_balance,internal_wallet,,,False,True,True,2024-05-29 06:23:26,2024-05-29 06:23:26,2025-01-25 19:19:17
1a255010-ac9b-4748-9933-43985f7078cf,a117fe16-315e-4bfb-9165-7c55e18c36c9,bank_account,Bank_SA_3,9524,,False,True,True,2026-01-18 06:30:33,2026-01-18 06:30:33,2026-01-20 15:07:08
5d2f275b-d7a4-4284-8aad-cd67ef8e170d,0b3e3054-5c72-4088-ba24-f69fe4136f07,debit_card,mastercard,4768,2029-10-05,True,True,True,2024-06-01 11:12:41,2024-06-01 11:12:41,2026-03-02 15:55:37
b1d62374-8ade-4626-834c-dbacca2fee83,f59abfb9-d19e-4347-b2c6-ad86f78624fc,bank_account,Bank_SA_6,7668,,True,True,True,2026-02-15 09:28:04,2026-02-15 09:28:04,2026-03-02 05:55:59
40ca6a28-ec51-42c9-8eda-7fc9469f8fc0,c868e661-8098-420c-bf09-92728c39c733,debit_card,visa,3490,2027-03-09,True,True,True,2023-06-05 06:16:47,2023-06-05 06:16:47,2025-10-13 21:19:28
981ad95a-398a-4bc9-912a-60a40b69b642,9074cd95-3765-4c9f-b702-dc1f4626f7a2,debit_card,mastercard,5495,2029-09-02,True,True,True,2024-07-21 13:43:26,2024-07-21 13:43:26,2025-05-15 09:40:32
e6be6e98-bf89-4784-9ac5-04efc3065e2e,862efdfb-cf92-411c-bc0b-b7b7705fb06f,credit_card,mada,1576,2030-12-20,True,True,False,2025-11-03 19:30:19,2025-11-03 19:30:19,2025-12-10 21:29:11
9732b058-70ba-4432-a24e-900a5cbd455e,4bda546c-fc35-4dcb-bf91-7d53bb340d2e,debit_card,visa,5485,2027-07-21,True,True,True,2024-11-16 18:29:56,2024-11-16 18:29:56,2025-09-19 21:50:34
eeefb520-fe99-42df-8ad4-7dcdf8d8aa5a,4bda546c-fc35-4dcb-bf91-7d53bb340d2e,bank_account,Bank_AE_3,2572,,False,True,True,2025-05-16 17:10:22,2025-05-16 17:10:22,2025-09-28 19:29:42
ba1b1e81-685f-4f14-aacd-b1b037bd96fb,4bda546c-fc35-4dcb-bf91-7d53bb340d2e,debit_card,amex,1656,2027-05-01,False,False,True,2024-06-05 02:44:33,2024-06-05 02:44:33,2025-01-27 06:29:39
72264d5f-f580-4426-a4dd-95d4110b3259,bcb0adfc-0fc4-4faa-9d6a-1cfbe9b662ce,debit_card,visa,5211,2029-09-23,True,True,True,2026-01-09 05:01:18,2026-01-09 05:01:18,2026-02-08 10:08:39
6ddbdd5d-3ac4-4959-9a58-34d29c772228,9c4c64c7-a45f-4db1-b614-1800101ec7a5,bank_account,Bank_EG_10,7342,,True,True,True,2023-12-28 15:20:40,2023-12-28 15:20:40,2025-11-13 20:56:10
29c7f90b-c706-4d89-a98e-2c40e23d2cee,9c4c64c7-a45f-4db1-b614-1800101ec7a5,credit_card,meeza,5340,2029-02-20,False,True,True,2025-07-01 16:52:49,2025-07-01 16:52:49,2025-11-07 21:04:24
97f77fc4-141a-4f2c-9769-5b395c40ae7e,831b2c05-55ba-4228-95dc-fcb974c8569c,debit_card,visa,5996,2030-03-25,True,True,True,2024-04-07 09:23:45,2024-04-07 09:23:45,2024-10-21 01:33:27
94b89f05-12fd-488f-b939-429cb7946d56,831b2c05-55ba-4228-95dc-fcb974c8569c,debit_card,visa,1924,2030-10-18,False,True,True,2025-09-02 18:59:11,2025-09-02 18:59:11,2025-11-14 07:37:13
18f5d4db-0fc0-4634-a1db-626f5a928b37,c277e0e5-b72f-421a-bb39-04191f4883c9,debit_card,visa,6269,2031-02-28,True,True,True,2025-08-02 16:49:02,2025-08-02 16:49:02,2025-12-27 06:21:55
43ba36b8-3f4d-438c-b2ea-5beac788c3b0,c277e0e5-b72f-421a-bb39-04191f4883c9,debit_card,amex,3937,2028-10-10,False,True,True,2025-09-02 01:39:56,2025-09-02 01:39:56,2025-10-29 11:41:27
311660a9-28a6-4573-9dcf-5045fa7946f7,b2993c8a-73a5-4f09-864f-cf427d425b81,debit_card,mastercard,5395,2027-04-19,True,True,True,2024-01-04 01:24:14,2024-01-04 01:24:14,2024-10-27 08:51:19
4ad929a0-7c61-40f6-8c39-b50e644a28eb,97780997-ea83-41fb-8d48-878b5ee1bdec,wallet_balance,internal_wallet,,,True,True,True,2024-08-14 12:41:16,2024-08-14 12:41:16,2025-10-24 09:24:52
7024da7d-48be-437a-9571-27f6c44e3c2f,97780997-ea83-41fb-8d48-878b5ee1bdec,wallet_balance,internal_wallet,,,False,True,True,2024-10-28 17:34:12,2024-10-28 17:34:12,2025-01-03 18:23:03
16cb460c-e24d-448a-8efd-1522e8de7195,7ca931b7-b663-4557-ad36-5eb97180764c,debit_card,mastercard,5874,2027-03-15,True,True,True,2025-09-12 06:32:31,2025-09-12 06:32:31,2025-12-04 07:27:34
cbb35d80-4b4a-451a-b6b0-302d0dd9b89f,7ca931b7-b663-4557-ad36-5eb97180764c,credit_card,mada,5614,2028-12-09,False,True,True,2025-12-31 14:59:24,2025-12-31 14:59:24,2026-02-10 16:44:10
767ad271-47ee-486f-a4bb-3549e84a2df5,955ba77a-6df6-496e-a289-a00dd6f4e8da,bank_account,Bank_SA_6,4467,,True,True,True,2025-09-18 21:16:50,2025-09-18 21:16:50,2025-10-18 18:55:14
ac338f55-da8d-4401-b85a-f0400243e582,da97095d-389a-4c73-b8c0-3ed63a5f134d,credit_card,mastercard,7482,2030-06-17,True,True,True,2025-03-02 12:20:08,2025-03-02 12:20:08,2025-09-27 19:09:36
901b5e43-7d30-4ef5-8227-617322a1c826,da97095d-389a-4c73-b8c0-3ed63a5f134d,credit_card,visa,4034,2029-11-24,False,True,True,2025-07-11 13:48:02,2025-07-11 13:48:02,2025-10-21 13:47:15
4dee8a98-88e5-4276-ad76-d2f3fe4ab992,da97095d-389a-4c73-b8c0-3ed63a5f134d,debit_card,mastercard,7272,2029-11-22,False,False,True,2024-03-13 02:21:36,2024-03-13 02:21:36,2024-05-10 10:00:31
3cf15510-667d-46fb-bb7e-191ec5320331,3dd85fc1-1358-46be-b703-39d33e31fd76,credit_card,visa,1920,2027-05-04,True,True,True,2025-09-18 16:45:08,2025-09-18 16:45:08,2025-11-04 14:06:07
e9ec5034-d131-4ef8-b801-f337b95810aa,e7ff0be4-fd80-4fdc-accb-99c19283bb0f,debit_card,meeza,7439,2030-08-18,True,False,True,2025-12-20 10:17:51,2025-12-20 10:17:51,2025-12-27 06:35:05
3d49c934-3e2c-4202-b650-383c51cc50d9,0dd8df98-6563-41df-9cf8-1d9a9b09d98e,credit_card,amex,8552,2031-01-12,True,False,True,2025-01-13 12:25:44,2025-01-13 12:25:44,2025-04-29 21:49:18
0a60209f-7bd9-4c49-8c30-abd4e8eb2847,4beb199b-bbfe-4cca-885a-a32c35f7d300,wallet_balance,internal_wallet,,,True,True,True,2025-06-05 13:42:35,2025-06-05 13:42:35,2025-12-23 22:29:31
7695dc8a-6d4d-4233-afd9-dd6474399115,4beb199b-bbfe-4cca-885a-a32c35f7d300,debit_card,visa,6822,2030-06-27,False,False,True,2025-06-07 08:59:13,2025-06-07 08:59:13,2026-01-31 02:34:21
0dfaa51b-d378-4f68-bbd9-7cfec62dfa87,4beb199b-bbfe-4cca-885a-a32c35f7d300,bank_account,Bank_AE_6,3416,,False,True,True,2025-08-10 09:20:21,2025-08-10 09:20:21,2026-01-19 20:20:26
c853c489-41dc-4199-be2a-de597f0795c5,397c30ff-7a1b-4d98-8579-2253d511316f,wallet_balance,internal_wallet,,,True,True,True,2025-07-23 14:23:27,2025-07-23 14:23:27,2026-01-29 03:30:57
44e71106-897c-49b1-8da3-312b7ab424b7,397c30ff-7a1b-4d98-8579-2253d511316f,debit_card,mastercard,4454,2029-10-10,False,False,True,2025-09-13 18:17:26,2025-09-13 18:17:26,2026-03-01 19:36:59
605c17af-a6b7-43b7-9734-bb580332a323,a249dd07-0e39-4ef1-8e95-6f19a4d41af2,debit_card,mastercard,5144,2027-04-09,True,True,True,2024-07-18 07:01:48,2024-07-18 07:01:48,2025-10-25 14:38:57
50113ecf-2e20-4b0f-9b36-0262c09e11d2,0045c79b-458a-47cc-ac61-4455bd2e263e,bank_account,Bank_EG_8,8269,,True,True,True,2025-12-26 07:54:49,2025-12-26 07:54:49,2026-02-20 11:21:46
5814cd7c-329a-4f1d-9404-0a7702e859c7,0045c79b-458a-47cc-ac61-4455bd2e263e,credit_card,mastercard,1215,2030-09-03,False,True,True,2024-04-20 00:00:49,2024-04-20 00:00:49,2024-10-16 14:25:02
53bad5d5-25cf-4e82-b6c1-fb2c3043d300,0045c79b-458a-47cc-ac61-4455bd2e263e,wallet_balance,internal_wallet,,,False,True,True,2024-03-06 14:37:47,2024-03-06 14:37:47,2024-07-02 07:02:54
1ff9652b-ddc5-4064-b984-fe3e09b031df,e4833da7-2c3a-4ec2-951d-3003aac0c0c6,credit_card,mada,5959,2030-12-24,True,True,True,2025-09-18 11:14:02,2025-09-18 11:14:02,2026-01-16 05:25:15
645190de-3c6c-4356-9e3d-8bc291fb0459,58d40a3d-6df5-4e8d-8d49-f87209ea721f,debit_card,meeza,7805,2029-03-25,True,True,True,2025-11-23 06:51:57,2025-11-23 06:51:57,2026-02-20 17:31:42
6255683e-514a-4fd4-a272-9b07ea6a8bd4,58d40a3d-6df5-4e8d-8d49-f87209ea721f,debit_card,mastercard,4650,2030-09-04,False,True,True,2025-02-15 08:44:51,2025-02-15 08:44:51,2025-07-24 11:36:45
c33e48a2-f4de-4563-9ee8-c04d6bdfcfb2,e5c409e4-58c2-4d9e-8ad5-6b99fc3c4ec7,wallet_balance,internal_wallet,,,True,True,True,2025-12-22 22:34:17,2025-12-22 22:34:17,2026-02-04 14:28:09
ea9e2cd7-550e-4cfd-a808-2773cbd51cca,e5c409e4-58c2-4d9e-8ad5-6b99fc3c4ec7,debit_card,visa,7472,2029-09-29,False,True,True,2024-10-05 22:20:41,2024-10-05 22:20:41,2024-10-15 20:49:45
54e27561-a0e1-40d0-8628-6ecea1dd0f6c,91d29a1d-d75b-4a07-b435-05c76a998cfa,debit_card,visa,6593,2028-12-27,True,True,True,2025-05-07 02:11:43,2025-05-07 02:11:43,2025-11-13 05:56:00
618999af-30c2-41d4-9aa2-5038b899faa3,f8519b28-ed21-4ca9-b2d6-fe5a50d8cc91,debit_card,visa,4037,2030-04-14,True,False,True,2026-03-02 13:09:11,2026-03-02 13:09:11,2026-03-03 14:09:52
c2166b18-449c-44fb-ab71-6a575466cb38,b69d9cc8-5b70-42a8-a9ed-b96a1d180719,bank_account,Bank_AE_3,9327,,True,True,True,2026-03-01 22:59:24,2026-03-01 22:59:24,2026-03-03 15:27:23
1f1eb3c4-27ba-48ad-b9b0-f7897822c799,b69d9cc8-5b70-42a8-a9ed-b96a1d180719,credit_card,mastercard,8562,2028-06-14,False,True,True,2026-03-01 03:17:18,2026-03-01 03:17:18,2026-03-03 12:44:15
d1266972-5769-4ea7-a0a0-6541d35ead75,b69d9cc8-5b70-42a8-a9ed-b96a1d180719,wallet_balance,internal_wallet,,,False,True,True,2026-03-01 23:26:08,2026-03-01 23:26:08,2026-03-02 02:01:28
a2c3001f-d648-46ba-aec1-e4f216221491,6a131305-925f-4117-9b2d-2093694ece6d,credit_card,mastercard,7071,2029-10-27,True,True,True,2026-01-04 19:27:05,2026-01-04 19:27:05,2026-01-30 21:37:28
bdfa17c9-06ba-4d82-9dfd-647ac90b5cb1,6a131305-925f-4117-9b2d-2093694ece6d,wallet_balance,internal_wallet,,,False,True,True,2025-08-08 09:45:29,2025-08-08 09:45:29,2026-02-05 21:56:03
07919237-70ac-440e-9d23-6deac27f91ae,26c4b233-8c0f-458c-80ac-ed9d6e295c51,debit_card,visa,5032,2028-11-02,True,True,True,2025-01-27 03:03:39,2025-01-27 03:03:39,2025-04-20 17:41:47
90f3389b-575c-44ef-bf40-c49cb564e65d,26c4b233-8c0f-458c-80ac-ed9d6e295c51,debit_card,visa,7179,2029-09-09,False,True,True,2024-12-05 18:43:19,2024-12-05 18:43:19,2025-09-17 10:26:51
98fe90e3-dfe6-4721-83a3-9c93d77ea5e7,c981e5d7-d33b-449e-a33a-cc29ce740c85,debit_card,visa,9473,2031-02-27,True,True,True,2025-08-07 09:24:25,2025-08-07 09:24:25,2025-10-03 16:08:14
ca290669-e154-481b-991d-04cced7c2c3e,c12eefb4-512a-4fd0-a756-a3a34935cb3d,wallet_balance,internal_wallet,,,True,True,True,2024-11-08 07:53:08,2024-11-08 07:53:08,2025-05-29 13:47:06
688d0d75-71f6-499e-9931-4de83dad3ff4,6a0c7534-dfad-48c1-8815-5e9415d7d7f5,wallet_balance,internal_wallet,,,True,True,True,2025-09-01 06:40:45,2025-09-01 06:40:45,2025-10-02 08:18:06
f577e516-8384-4cd6-ab6b-ac63abbb7469,6a0c7534-dfad-48c1-8815-5e9415d7d7f5,bank_account,Bank_SA_10,4025,,False,True,True,2025-12-14 23:05:50,2025-12-14 23:05:50,2025-12-18 19:46:49
752f8aa7-b03c-4d2b-95b2-4945243c4142,0c7bba70-2081-4a79-b6a4-99f8da8130c2,credit_card,visa,1456,2030-07-23,True,True,True,2025-07-06 13:31:16,2025-07-06 13:31:16,2026-01-09 08:05:14
b6f9d82f-79f1-43d0-a6e3-affa55cc72b8,0c7bba70-2081-4a79-b6a4-99f8da8130c2,bank_account,Bank_SA_6,7839,,False,True,False,2026-02-28 08:52:41,2026-02-28 08:52:41,2026-03-02 07:59:17
03edaa4a-41a4-462b-8d44-f175ee6f5a14,0c7bba70-2081-4a79-b6a4-99f8da8130c2,wallet_balance,internal_wallet,,,False,True,True,2024-12-12 21:17:42,2024-12-12 21:17:42,2025-07-07 05:40:33
aa4ac322-1c71-45c7-8d28-ec42e4b6e6c5,fda30306-884a-41e7-8047-a76b3e17f237,bank_account,Bank_EG_3,9825,,True,True,True,2025-09-18 09:45:49,2025-09-18 09:45:49,2025-11-21 15:14:32
5612c0f7-72b9-4b94-b1cf-629d6e9654c3,fda30306-884a-41e7-8047-a76b3e17f237,wallet_balance,internal_wallet,,,False,True,False,2025-11-16 16:01:13,2025-11-16 16:01:13,2025-12-08 07:49:16
51256467-e5d6-4b3c-bde0-25e25483cf81,5b244a13-5f6e-4de3-abbc-3d9154bc21ac,wallet_balance,internal_wallet,,,True,True,False,2025-06-26 07:46:39,2025-06-26 07:46:39,2025-09-02 21:49:32
dc67cf3e-1ad0-47c1-af1c-fb0ceaae0c82,f391c06b-a49b-44c0-84dd-a351d7671f7c,credit_card,amex,8209,2029-10-24,True,False,True,2025-02-10 06:22:03,2025-02-10 06:22:03,2026-02-03 06:23:32
ed25aa45-ff08-4129-a8f0-2a3f38301882,f391c06b-a49b-44c0-84dd-a351d7671f7c,bank_account,Bank_AE_5,5640,,False,True,True,2025-03-22 09:02:03,2025-03-22 09:02:03,2025-12-05 08:31:04
4d707a8b-70d5-4be6-8dbd-e0d8d8a0f5b7,e399ef24-5af3-4b20-bc2f-628c10887344,bank_account,Bank_AE_3,4207,,True,False,True,2025-10-28 06:55:41,2025-10-28 06:55:41,2026-01-25 17:45:29
1c337131-757b-49e8-ae41-6aef58aa2da0,e399ef24-5af3-4b20-bc2f-628c10887344,credit_card,amex,8679,2030-02-16,False,True,True,2026-02-14 19:57:06,2026-02-14 19:57:06,2026-02-23 02:33:24
86f190ab-d64c-47d8-9a10-8ad225c1951b,99ab893a-0bb9-4f5b-b2aa-3bfeea9aa598,wallet_balance,internal_wallet,,,True,True,True,2026-02-01 07:42:12,2026-02-01 07:42:12,2026-02-08 21:32:28
920a8548-ea3b-43d1-9527-dd00d64e32a2,f0f96776-3f9b-4c4f-9b4a-9b125ff83d0c,wallet_balance,internal_wallet,,,True,True,True,2025-11-04 16:41:28,2025-11-04 16:41:28,2026-01-13 18:49:46
05f0f557-efe3-4757-a71e-15c443d20800,f0f96776-3f9b-4c4f-9b4a-9b125ff83d0c,debit_card,visa,1520,2027-08-24,False,True,True,2025-06-09 13:16:01,2025-06-09 13:16:01,2025-08-17 13:42:38
103ef431-f670-425c-abd7-734276aba5d2,8bcd040a-6cf5-4e2c-85ec-16d3779c43f6,debit_card,mada,5693,2029-07-28,True,True,True,2025-07-09 07:48:50,2025-07-09 07:48:50,2026-02-04 00:02:17
07bcf1d1-7dd2-41ab-9a6d-f51982297d42,01fa6d5d-0ee4-44cb-80da-241de90fe5a1,wallet_balance,internal_wallet,,,True,True,True,2026-01-29 19:49:46,2026-01-29 19:49:46,2026-02-26 13:34:35
b7ce507b-b8e7-4db9-a05f-d8e9eaf9026f,487e0ded-4e6e-4282-8768-128c5ff0278e,debit_card,mada,6921,2030-07-03,True,True,True,2025-08-23 11:38:04,2025-08-23 11:38:04,2026-01-31 22:43:04
c342770e-9afe-4960-8203-590c12b4f715,e97b781f-bb1f-442d-b93d-0f0eef64d97f,bank_account,Bank_SA_9,2039,,True,True,True,2026-01-27 09:18:39,2026-01-27 09:18:39,2026-02-27 09:38:30
51c710d2-ccde-441e-a304-e2d7bc45ed83,e97b781f-bb1f-442d-b93d-0f0eef64d97f,bank_account,Bank_SA_4,3619,,False,True,True,2026-02-27 08:08:08,2026-02-27 08:08:08,2026-03-02 15:02:40
ec6a293d-4767-45b5-a0d0-e200fc9ecea3,fa4d93cb-94c4-4998-a7f5-b061fe4858a5,debit_card,visa,7475,2028-01-17,True,True,True,2026-01-13 08:34:44,2026-01-13 08:34:44,2026-01-17 07:39:07
c86713ff-4fab-4938-a695-54ea810c9c89,48b2aead-5af8-4af2-b6a3-696927000221,bank_account,Bank_KW_3,4199,,True,True,True,2025-11-11 22:07:07,2025-11-11 22:07:07,2026-01-24 18:49:35
1cc946d3-5cf4-4275-9b81-0dae7aa44344,d833e71c-8d23-4b35-a2e6-f29039d6f0ec,debit_card,amex,8572,2030-12-26,True,True,True,2025-06-12 23:23:53,2025-06-12 23:23:53,2025-12-20 08:28:48
f264ef29-3a64-46b0-97be-1736639b5d98,d833e71c-8d23-4b35-a2e6-f29039d6f0ec,debit_card,visa,5248,2029-10-04,False,True,True,2025-06-11 16:35:46,2025-06-11 16:35:46,2025-08-25 18:18:53
c4c55bd7-ae94-4295-bc13-1d456aaee480,4f98c2db-c55c-4c93-be2a-4f595c320876,bank_account,Bank_SA_5,3843,,True,True,True,2024-12-05 18:16:32,2024-12-05 18:16:32,2025-01-16 10:43:54
2b542475-f655-45b3-87de-69114dd2e5cb,4f98c2db-c55c-4c93-be2a-4f595c320876,debit_card,mada,9829,2029-03-01,False,True,True,2024-10-07 20:24:52,2024-10-07 20:24:52,2025-12-07 22:25:12
0ec416e8-edd0-4f9b-9566-c22535b4550b,a4fc6938-db1b-4b5b-8579-383df13256e9,credit_card,meeza,8149,2031-01-20,True,True,True,2026-03-03 11:14:01,2026-03-03 11:14:01,2026-03-03 13:57:05
dec56aba-87c5-443f-a851-352859730cf1,72d3a387-cb74-4e4e-bc25-efb0ac78873e,wallet_balance,internal_wallet,,,True,True,True,2024-11-05 06:04:28,2024-11-05 06:04:28,2025-01-18 05:25:51
22275f6a-20a8-4aa3-bc43-faa049043edd,8d567e70-c6c1-47ac-9939-3ab423694654,debit_card,meeza,1856,2027-10-05,True,True,True,2025-11-19 07:07:25,2025-11-19 07:07:25,2026-02-27 08:48:43
5105bfab-3af3-47b5-b354-8b3ee1bdf593,8d567e70-c6c1-47ac-9939-3ab423694654,debit_card,meeza,7272,2030-05-08,False,True,True,2025-09-10 18:28:39,2025-09-10 18:28:39,2026-01-18 11:26:27
02e0de62-c4f6-4534-ac98-14ce2f2918e8,f32ac71b-b87a-49c7-9eac-e35804c95fd2,debit_card,visa,6065,2028-01-21,True,True,True,2025-08-27 14:29:51,2025-08-27 14:29:51,2025-12-21 13:59:13
a14fd3ee-6cd7-458a-9132-5369a012b170,e9bd0a0a-044b-4e2d-99fe-2082b953bf93,bank_account,Bank_AE_9,6385,,True,True,True,2026-03-04 01:40:31,2026-03-04 01:40:31,2026-03-04 03:41:44
a6369ca7-1cd2-4992-8ca2-2f623aea5176,4fdc789c-2744-4302-a93a-aa7eb94b5c11,debit_card,mastercard,9336,2028-04-04,True,True,True,2025-07-24 03:50:21,2025-07-24 03:50:21,2025-12-10 01:52:52
939e5157-7e70-471a-aa54-c327c63b81f7,4fdc789c-2744-4302-a93a-aa7eb94b5c11,wallet_balance,internal_wallet,,,False,True,True,2024-08-21 14:56:13,2024-08-21 14:56:13,2025-06-09 13:09:19
7705fec9-d377-480b-a70a-2c49a83f757b,c45e45fa-3319-4a4e-99f2-f287213db27e,wallet_balance,internal_wallet,,,True,True,True,2025-10-07 08:39:42,2025-10-07 08:39:42,2026-02-10 11:07:07
611110f0-0feb-4e61-a16f-57bde0fd68b8,c45e45fa-3319-4a4e-99f2-f287213db27e,debit_card,mastercard,5720,2029-06-09,False,True,True,2025-06-14 23:32:11,2025-06-14 23:32:11,2025-10-05 23:16:31
7d66ee9e-f678-4af0-979d-6309eb234a7c,c45e45fa-3319-4a4e-99f2-f287213db27e,wallet_balance,internal_wallet,,,False,True,True,2025-07-05 03:20:10,2025-07-05 03:20:10,2026-02-26 11:54:53
f1b65488-8c41-4d63-9383-807d7c37fd3b,9cde36c5-0d4a-47e2-bab3-748017a8e31d,wallet_balance,internal_wallet,,,True,False,False,2024-10-22 09:47:04,2024-10-22 09:47:04,2026-01-07 21:12:41
dd350657-6468-49b0-83ae-3e16594ae2bb,9cde36c5-0d4a-47e2-bab3-748017a8e31d,credit_card,meeza,5977,2027-05-02,False,True,True,2026-01-27 12:34:51,2026-01-27 12:34:51,2026-02-06 14:17:11
0647e1aa-9df7-43a4-8b1e-9f59e959a108,9cde36c5-0d4a-47e2-bab3-748017a8e31d,debit_card,mastercard,2886,2028-06-06,False,True,True,2025-05-04 22:41:34,2025-05-04 22:41:34,2026-03-01 01:36:28
d04eb0a5-eee1-4a29-afe8-298db1cf7ae1,d08ab29a-cbec-476d-a7d6-18a02670629e,debit_card,mastercard,3797,2031-02-06,True,True,True,2025-02-13 16:00:30,2025-02-13 16:00:30,2025-12-03 13:44:32
c927aa86-4c93-4465-b100-2696ec4ea17d,d08ab29a-cbec-476d-a7d6-18a02670629e,bank_account,Bank_EG_2,1636,,False,True,False,2024-09-02 18:57:39,2024-09-02 18:57:39,2024-12-25 09:23:03
287d1ba9-51e7-411a-8177-7bd02387376d,4b0c687a-f646-424b-ad93-b4c04ebc6f00,bank_account,Bank_AE_7,4256,,True,True,True,2025-09-29 09:24:55,2025-09-29 09:24:55,2025-11-18 23:07:11
56f02215-09f8-4ce3-b296-ef8c2dead2ff,0d75b994-ac94-4e81-94bb-ff094fd0ec41,credit_card,mada,3615,2028-08-17,True,False,True,2025-03-01 17:02:36,2025-03-01 17:02:36,2025-04-07 11:27:30
ed22dfa7-c919-4cc7-a23f-3a99830233cd,0d75b994-ac94-4e81-94bb-ff094fd0ec41,debit_card,visa,7580,2028-06-03,False,True,True,2024-11-19 04:48:14,2024-11-19 04:48:14,2024-12-18 14:40:53
2ea76de7-0ca0-456a-9d95-96833dbbe4a6,b4f5d44b-0cc3-4bb5-894e-2654aa30133b,debit_card,meeza,7072,2030-06-04,True,True,True,2025-07-14 08:52:30,2025-07-14 08:52:30,2025-10-06 16:00:23
5eb420a0-0c52-4149-b1e2-df4fb1b6e3e9,07d5370c-4772-446a-b731-b6dab17b0610,wallet_balance,internal_wallet,,,True,True,True,2025-03-23 09:31:02,2025-03-23 09:31:02,2025-12-13 15:07:11
ca0a502a-61cc-445f-93d6-c5f589e50216,07d5370c-4772-446a-b731-b6dab17b0610,credit_card,meeza,3689,2029-04-06,False,True,True,2025-11-08 23:08:14,2025-11-08 23:08:14,2025-11-24 00:02:29
33fd8a76-d351-4c01-98ff-6e3854e1a176,2bbee3c7-5148-4812-8ab8-52b646d4af2f,debit_card,meeza,1653,2028-10-17,True,True,True,2023-07-20 10:54:37,2023-07-20 10:54:37,2026-01-26 09:08:48
30a326b1-ba34-4fc3-bba8-df6780416721,d05a9b86-20bb-4eeb-a641-56120a2d7efe,bank_account,Bank_SA_10,7677,,True,True,True,2025-01-18 18:44:20,2025-01-18 18:44:20,2025-04-11 10:41:10
3c44f068-d3e0-42a0-8b7a-dd1de0ba164f,d05a9b86-20bb-4eeb-a641-56120a2d7efe,credit_card,visa,9217,2030-12-11,False,False,True,2025-08-16 00:59:07,2025-08-16 00:59:07,2025-12-10 22:29:10
96d12f72-ed4f-4652-92a3-4da998fa6f17,12391797-537a-4b5c-95a7-02c8e60996a2,debit_card,mastercard,2833,2031-02-07,True,True,True,2025-06-06 19:15:52,2025-06-06 19:15:52,2025-11-14 14:27:17
5dafb3ad-753a-4021-bdbb-d0691684772f,12391797-537a-4b5c-95a7-02c8e60996a2,debit_card,visa,4661,2030-05-13,False,True,True,2025-05-14 02:00:54,2025-05-14 02:00:54,2025-06-16 13:03:16
a0ad83a6-f069-4d13-8b55-42aa8a53d3a5,0d8e5485-38fe-4ea4-aa33-941b15439bc5,debit_card,mastercard,3950,2028-01-30,True,False,True,2026-01-30 00:00:49,2026-01-30 00:00:49,2026-03-01 19:02:18
4da79001-7194-4469-9058-53cc78b57222,0d8e5485-38fe-4ea4-aa33-941b15439bc5,credit_card,visa,5610,2030-11-23,False,True,True,2026-02-07 14:46:53,2026-02-07 14:46:53,2026-02-18 11:11:18
b0b0d6f4-a4ff-4e41-8b25-ce74dec7867b,c3ff75cb-bb87-47d2-a540-3a8862e92a2c,credit_card,meeza,1377,2029-07-02,True,False,True,2023-12-08 11:51:00,2023-12-08 11:51:00,2025-09-19 19:49:30
f1fcadcc-5d8c-45ac-99b7-6d1f030d02d4,6130fe07-0dcf-4604-ba73-606a075b9e92,debit_card,visa,2932,2028-06-26,True,True,True,2025-02-06 18:09:20,2025-02-06 18:09:20,2025-11-24 04:16:52
08958f75-9029-4e6b-b87b-528ab5931e3c,6130fe07-0dcf-4604-ba73-606a075b9e92,debit_card,meeza,4993,2031-01-18,False,True,False,2024-04-07 07:41:50,2024-04-07 07:41:50,2024-06-17 01:24:40
4e72742d-7a89-4937-acb2-649b3c9dffec,928e95de-f0f9-403d-aa2d-b6b1a7358574,wallet_balance,internal_wallet,,,True,True,True,2026-02-25 23:00:14,2026-02-25 23:00:14,2026-03-03 11:25:02
60997174-519f-451f-b7ea-0a28684f5e88,629e9672-f8e9-4490-ae05-3aa73d0bf0c1,credit_card,mastercard,8773,2028-01-27,True,True,True,2026-03-01 01:09:00,2026-03-01 01:09:00,2026-03-01 18:15:25
21ba1cbd-089f-4bc4-a24d-44a6a41f4bf8,629e9672-f8e9-4490-ae05-3aa73d0bf0c1,debit_card,mastercard,2386,2029-12-12,False,True,False,2025-12-24 17:54:38,2025-12-24 17:54:38,2026-02-14 18:27:32
620d6ef6-0433-48b4-a595-43871c6686f9,44b5b24e-b0a9-44fb-93b3-cfbd97d04915,debit_card,mastercard,8288,2029-12-29,True,True,True,2025-09-07 12:58:38,2025-09-07 12:58:38,2026-02-02 02:57:38
e2ec24a4-f379-4ae9-ac40-27d0fed6b0de,44b5b24e-b0a9-44fb-93b3-cfbd97d04915,debit_card,visa,7573,2029-07-31,False,True,True,2026-01-20 19:15:22,2026-01-20 19:15:22,2026-02-13 07:27:00
067990d8-d040-4ebe-8a8c-061789013f16,ade95982-8d57-4c88-ac61-47f9ada45a32,wallet_balance,internal_wallet,,,True,True,True,2025-07-16 09:54:28,2025-07-16 09:54:28,2025-08-08 11:13:38
7f4f6ea1-fa90-4c8c-a104-49a04667bfe5,ade95982-8d57-4c88-ac61-47f9ada45a32,bank_account,Bank_SA_8,5064,,False,True,True,2025-10-02 02:44:22,2025-10-02 02:44:22,2025-12-01 00:01:35
7aa4deb0-0348-48d2-801d-a05ad0342a13,ade95982-8d57-4c88-ac61-47f9ada45a32,bank_account,Bank_SA_9,6116,,False,True,True,2025-11-17 17:39:17,2025-11-17 17:39:17,2026-01-08 03:50:32
a4bc78e7-320a-4901-9feb-485f89dd1a55,6b31b5c8-0d40-4995-bb9e-f12086f5255f,credit_card,visa,5046,2030-06-06,True,False,True,2025-11-18 02:42:51,2025-11-18 02:42:51,2025-11-29 15:22:30
c459c444-0108-44d7-91bf-83671fc45fe3,dc9ee268-1a6f-4387-82f1-cc995882845a,debit_card,visa,8921,2027-06-29,True,True,False,2024-12-16 15:36:20,2024-12-16 15:36:20,2025-12-06 18:54:09
d039bf05-b21a-43d3-b639-6a8c270fb3fd,dc9ee268-1a6f-4387-82f1-cc995882845a,debit_card,visa,9637,2029-04-25,False,True,True,2024-10-22 00:46:45,2024-10-22 00:46:45,2025-11-24 10:18:07
4a5c4821-214e-496a-b44c-6bac4243c8b1,dc9ee268-1a6f-4387-82f1-cc995882845a,bank_account,Bank_EG_1,1958,,False,True,True,2026-01-16 18:45:55,2026-01-16 18:45:55,2026-02-09 08:13:50
c65159f0-40bb-44f2-a2b4-e947d5c2a47d,295f25df-7802-4df8-b4ca-1c9079d879a6,credit_card,mada,9138,2028-05-17,True,True,True,2025-06-16 02:15:20,2025-06-16 02:15:20,2025-12-02 14:00:09
00026a40-9f33-4ef9-ad91-92eeda85fd8b,295f25df-7802-4df8-b4ca-1c9079d879a6,debit_card,mastercard,7415,2029-05-13,False,True,True,2025-05-20 00:27:34,2025-05-20 00:27:34,2026-01-11 21:32:41
b6c5491e-cecb-4c62-ac10-79f130a5a2b3,195763ad-bfa7-4939-aa3d-723365bfec0c,debit_card,meeza,5704,2030-01-23,True,True,True,2025-08-26 11:19:19,2025-08-26 11:19:19,2025-12-15 05:34:14
93c8de42-91ed-42e2-b3f3-7b1ebc53acba,195763ad-bfa7-4939-aa3d-723365bfec0c,debit_card,mastercard,7293,2029-11-12,False,True,True,2025-05-26 03:26:31,2025-05-26 03:26:31,2026-01-03 02:52:30
fc23c78d-896b-4408-837f-58794db432a3,ea6dab4a-21e0-4756-a376-c9a9511ac328,bank_account,Bank_EG_2,1092,,True,True,True,2025-10-26 14:27:38,2025-10-26 14:27:38,2025-11-30 01:31:30
9aa0f9d4-b8c0-452b-8a58-4296be3d07fd,ea6dab4a-21e0-4756-a376-c9a9511ac328,credit_card,meeza,7119,2027-12-23,False,True,True,2024-07-28 11:54:58,2024-07-28 11:54:58,2024-08-29 17:40:32
b5b8784e-a8f4-4057-8e04-9a1aba2bf3bc,9f1a98a5-6375-495c-8afb-5eaee60ef3c6,credit_card,mastercard,9844,2027-04-18,True,True,True,2025-10-24 08:43:15,2025-10-24 08:43:15,2026-01-31 07:27:36
132a9d83-9c7f-4d12-b751-212f05a59c1f,9f1a98a5-6375-495c-8afb-5eaee60ef3c6,bank_account,Bank_SA_3,4968,,False,False,True,2025-10-20 15:03:08,2025-10-20 15:03:08,2025-12-10 05:14:41
a05146d6-0a29-4336-89d7-16095aa5faa3,c1d17489-894e-4227-91df-db24ec3eeb5a,bank_account,Bank_SA_7,7097,,True,True,True,2025-09-21 20:19:51,2025-09-21 20:19:51,2025-10-30 09:40:25
f86cef21-ca44-4791-8cac-cd603268ad7c,c1d17489-894e-4227-91df-db24ec3eeb5a,credit_card,mada,4372,2028-08-18,False,True,False,2025-10-24 11:45:17,2025-10-24 11:45:17,2026-01-30 10:15:16
647490b2-3a36-44e6-817a-e2a90f27329d,b5aafd8c-e611-4bcb-9d64-ea39fdd41d34,bank_account,Bank_SA_7,6876,,True,False,True,2025-12-17 04:12:44,2025-12-17 04:12:44,2026-02-27 17:36:16
f7f7c3a3-8515-44fc-b0b4-aa7dfdcc4482,b5aafd8c-e611-4bcb-9d64-ea39fdd41d34,bank_account,Bank_SA_7,1886,,False,True,False,2026-01-16 01:45:03,2026-01-16 01:45:03,2026-02-03 03:58:43
206fc402-b4fa-4f0b-8b02-9f78ac93530d,09f161e7-efff-44cc-9ca7-37a8a492cf66,credit_card,mastercard,1592,2027-12-16,True,True,True,2025-10-04 10:00:36,2025-10-04 10:00:36,2026-02-09 17:22:55
282f71a4-b24a-4cc4-825e-6d48b571ded5,09f161e7-efff-44cc-9ca7-37a8a492cf66,bank_account,Bank_EG_7,4706,,False,True,True,2026-01-23 01:59:24,2026-01-23 01:59:24,2026-02-16 00:52:45
30b14632-c2bb-4546-9d64-250411580668,09f161e7-efff-44cc-9ca7-37a8a492cf66,debit_card,visa,9772,2027-06-29,False,True,True,2025-09-10 17:25:07,2025-09-10 17:25:07,2025-11-25 15:03:09
413e7470-ab69-469b-88a6-6e78ce6005a6,1d01736e-a82d-4994-8ef3-0988f1736791,bank_account,Bank_SA_7,5219,,True,True,True,2025-09-13 01:20:30,2025-09-13 01:20:30,2026-01-25 21:56:40
e322b4be-ba73-499a-b2fa-73b7b70e0d59,1d01736e-a82d-4994-8ef3-0988f1736791,wallet_balance,internal_wallet,,,False,True,True,2025-08-22 01:22:52,2025-08-22 01:22:52,2025-12-14 08:12:18
b1c72946-e103-4933-8b07-04610c1902c7,ab8dd3dc-b950-4ec8-9453-768ad613ca5c,debit_card,mastercard,3667,2029-10-24,True,True,True,2024-09-21 14:42:44,2024-09-21 14:42:44,2026-01-31 06:23:30
299f462b-37df-4008-8c01-2ded38db3704,ab8dd3dc-b950-4ec8-9453-768ad613ca5c,debit_card,visa,6670,2030-02-17,False,True,True,2025-07-28 00:56:31,2025-07-28 00:56:31,2025-11-10 01:59:23
236bc2ea-291b-41a1-8ad1-20cdbdc5f007,38cc789e-dd20-4886-b4f7-86de3a7bca39,debit_card,mastercard,2661,2028-08-03,True,True,True,2024-11-10 13:52:59,2024-11-10 13:52:59,2025-04-28 02:55:10
f6e7231d-cc6d-42fa-807f-aa336b403f14,38cc789e-dd20-4886-b4f7-86de3a7bca39,bank_account,Bank_SA_7,8970,,False,True,True,2025-06-24 03:47:41,2025-06-24 03:47:41,2025-07-23 11:17:33
7b32262e-3163-44cb-a357-cd572a293329,74f27655-e51b-4d1b-9a3a-d7e47b26d12f,bank_account,Bank_SA_10,8552,,True,False,False,2026-01-04 18:45:57,2026-01-04 18:45:57,2026-02-10 22:10:52
cc9e1f95-3b43-40fc-ad01-91ddda634f96,4f6db2d4-34c0-43bd-96c6-12e5a4100633,wallet_balance,internal_wallet,,,True,True,True,2024-08-25 09:39:38,2024-08-25 09:39:38,2025-08-17 11:15:37
a2301aee-bb0a-4a6b-bacf-c423bea714b8,4f6db2d4-34c0-43bd-96c6-12e5a4100633,credit_card,mada,7049,2028-05-30,False,True,True,2023-12-16 23:40:08,2023-12-16 23:40:08,2024-12-27 00:06:19
3154d39e-a6fb-4643-844f-3031f47fdc48,f157c983-6b69-42c1-ad6e-665ff89438c4,bank_account,Bank_EG_8,6451,,True,True,True,2026-01-31 12:13:19,2026-01-31 12:13:19,2026-02-18 02:45:40
f63d24dc-cf32-47e2-9832-ca8f13c517cc,e8561c86-259f-427d-b4b3-339a70038ba0,wallet_balance,internal_wallet,,,True,True,True,2025-04-29 01:53:02,2025-04-29 01:53:02,2025-08-27 01:52:55
92b2f16a-4a33-4069-ba3e-3806cdcfffbf,e8561c86-259f-427d-b4b3-339a70038ba0,wallet_balance,internal_wallet,,,False,True,True,2024-11-29 10:13:04,2024-11-29 10:13:04,2025-05-16 15:50:06
6d8188d9-646c-40ab-9eb3-5cf6388995fa,bec3bfbd-14cd-4bb1-a6ca-b87320a2de89,wallet_balance,internal_wallet,,,True,False,True,2025-07-14 09:32:39,2025-07-14 09:32:39,2026-02-22 13:36:19
d180de01-4dc6-49ca-9651-3f3de9162d60,bec3bfbd-14cd-4bb1-a6ca-b87320a2de89,credit_card,mastercard,4839,2029-03-08,False,True,True,2024-02-13 07:45:34,2024-02-13 07:45:34,2024-11-15 11:44:06
44ee9fa6-1189-49a7-8e27-944a4194e065,bec3bfbd-14cd-4bb1-a6ca-b87320a2de89,bank_account,Bank_EG_7,1524,,False,True,True,2024-02-01 08:14:22,2024-02-01 08:14:22,2025-06-04 22:47:47
192ea7d9-0281-44d3-9d07-eaa24c9a1802,9954310a-06cd-404c-8975-15b9a8d0693b,bank_account,Bank_EG_1,3820,,True,True,True,2025-01-05 06:31:18,2025-01-05 06:31:18,2025-08-05 23:18:42
4a58b139-ab32-4760-964d-54e304f8fa56,9954310a-06cd-404c-8975-15b9a8d0693b,debit_card,visa,3462,2029-07-09,False,True,True,2025-04-17 08:11:17,2025-04-17 08:11:17,2026-02-05 14:01:14
29bcbd25-4537-4347-af03-03d68b559b41,034c74cb-3047-4f87-a87e-e32fccd1fd97,bank_account,Bank_SA_7,9392,,True,True,True,2026-02-21 02:17:14,2026-02-21 02:17:14,2026-03-04 06:54:19
98ac9fff-3013-4ed2-ba80-f36e545ebca8,034c74cb-3047-4f87-a87e-e32fccd1fd97,wallet_balance,internal_wallet,,,False,True,True,2025-10-30 02:27:37,2025-10-30 02:27:37,2026-01-26 06:44:35
edd2f022-d2b0-47eb-8a52-be528b63fb7f,fd8600e4-4398-40be-85bb-2053f5711c9e,debit_card,visa,2938,2029-02-06,True,True,True,2024-08-01 11:52:28,2024-08-01 11:52:28,2024-10-04 17:47:19
9d3ba199-4f7f-402f-9d68-b4819e96f1af,fd8600e4-4398-40be-85bb-2053f5711c9e,debit_card,visa,8907,2030-03-28,False,True,False,2024-09-30 11:27:07,2024-09-30 11:27:07,2025-08-09 00:41:23
7ce5d344-2267-414a-8a3e-3abe34926619,4189e541-2d77-4654-826c-576f75163030,debit_card,visa,7271,2029-01-20,True,True,True,2024-02-15 14:32:20,2024-02-15 14:32:20,2024-08-26 03:20:16
646b58be-5f80-4ad9-a3a8-dd4eff96ff3e,cadd095b-bc56-42ad-83f2-c4a2a377bac0,credit_card,meeza,3793,2027-05-14,True,True,True,2026-02-05 07:22:14,2026-02-05 07:22:14,2026-02-27 06:10:14
1d9cc45f-983f-40be-b9c5-03f4902641c3,cadd095b-bc56-42ad-83f2-c4a2a377bac0,debit_card,mastercard,7832,2029-06-07,False,True,True,2026-02-17 03:59:20,2026-02-17 03:59:20,2026-02-19 14:04:39
ff3b791d-d32a-4bf7-8357-71441d65bbae,f49afc87-62ad-45fe-8c80-3ddb5817ddda,debit_card,mastercard,7309,2029-07-17,True,True,True,2024-05-09 02:41:58,2024-05-09 02:41:58,2025-07-06 01:17:37
7a4727db-80df-4bed-a910-3a6ffc234620,5b8b8d92-9a2d-4344-94ea-e1e9ff0a828a,debit_card,mastercard,9181,2029-01-28,True,True,True,2025-11-16 03:06:20,2025-11-16 03:06:20,2026-02-18 09:39:23
e790e8df-bf67-45b0-ad3f-b8998ea5dd54,5b8b8d92-9a2d-4344-94ea-e1e9ff0a828a,debit_card,visa,2700,2030-10-01,False,True,True,2025-12-23 18:29:00,2025-12-23 18:29:00,2026-01-08 10:13:14
b2a3bf6d-25ca-4a5c-83a9-8469b3d6e893,5b8b8d92-9a2d-4344-94ea-e1e9ff0a828a,debit_card,mastercard,8507,2027-11-05,False,False,True,2025-03-26 11:51:19,2025-03-26 11:51:19,2025-07-11 12:44:07
0165e1db-7b04-4421-9d21-deb8a1274b02,ad35fad9-852a-4b31-b728-ee9b134e82f9,credit_card,visa,9027,2030-01-10,True,True,True,2025-03-02 00:57:12,2025-03-02 00:57:12,2025-05-16 06:01:19
4429e410-6900-499e-9315-177997986598,316b6144-df5c-48d2-9ee1-f53d20af4045,debit_card,visa,1939,2029-07-16,True,True,True,2026-02-10 13:41:46,2026-02-10 13:41:46,2026-02-22 22:00:08
cbfb555d-c5c4-449d-a73d-9cae8557a40f,44440369-92ed-4dd2-89b4-785b3f309c77,credit_card,mada,1595,2030-07-30,True,True,False,2026-01-04 12:02:45,2026-01-04 12:02:45,2026-01-31 04:14:14
7ad6399e-ad26-47eb-8d68-06c76e40b0ff,8a0d5767-eed0-492c-ae56-1d77bbe2a3b7,credit_card,visa,7099,2029-02-15,True,True,True,2024-04-30 07:40:42,2024-04-30 07:40:42,2025-01-17 02:00:20
960f4053-c8c9-4507-87d4-669b374a169d,d5422ce4-3f5d-48bf-9caf-7eb1f58363b1,credit_card,visa,3020,2029-05-27,True,True,True,2024-12-29 17:44:42,2024-12-29 17:44:42,2025-06-19 06:47:16
5450231c-597b-4c45-8bbf-3908ec6aac00,d5422ce4-3f5d-48bf-9caf-7eb1f58363b1,credit_card,mastercard,9702,2030-05-29,False,True,True,2025-04-15 16:47:00,2025-04-15 16:47:00,2026-02-14 08:53:48
e0aa662e-6735-4e8e-b4bf-408f7c0a5060,d5422ce4-3f5d-48bf-9caf-7eb1f58363b1,debit_card,mada,8232,2028-02-18,False,True,False,2024-10-25 14:49:51,2024-10-25 14:49:51,2025-02-09 17:24:47
1dd0ce02-b044-4ecd-891d-5881f166d6b3,e026a69a-628b-4f3f-9a00-d908a4ffb73a,debit_card,mastercard,5604,2028-03-17,True,True,True,2025-09-25 11:48:08,2025-09-25 11:48:08,2026-02-15 14:05:42
dab51318-8c8b-4c24-aaa2-a5a706685efd,6e99d2fd-d2ca-4e15-9a05-37d0f4e1a068,bank_account,Bank_EG_8,6148,,True,True,True,2026-02-28 17:56:03,2026-02-28 17:56:03,2026-03-03 11:09:51
6a019599-9982-473a-8e1d-326d12920f6a,3902abf9-8859-42d6-9377-d39ba93fe841,bank_account,Bank_AE_8,7034,,True,True,True,2025-04-02 11:20:59,2025-04-02 11:20:59,2025-08-06 08:20:36
13b1778f-9fbe-44fe-9698-0ef51a8d56ab,cca546da-dc94-48cc-8bf8-a34e9411aaad,credit_card,visa,9015,2030-04-08,True,True,True,2025-10-10 02:58:11,2025-10-10 02:58:11,2026-03-02 11:02:53
18c14412-42ae-47a6-936b-dbbae86d228f,422c75a4-aa03-4afb-96ae-aa367190e92d,bank_account,Bank_EG_8,7031,,True,True,True,2026-01-24 16:10:28,2026-01-24 16:10:28,2026-02-25 12:03:32
0ad54de2-38c8-4bb7-b024-07a7ee6f42cc,422c75a4-aa03-4afb-96ae-aa367190e92d,bank_account,Bank_EG_2,4960,,False,True,True,2025-11-02 03:17:22,2025-11-02 03:17:22,2026-01-03 22:58:42
400fa3b5-dd1c-4bfb-87a2-5aaa9fc7e4c0,8c77e49a-fa4d-45d2-a6b4-60a73c11a6dc,bank_account,Bank_EG_1,9587,,True,False,True,2025-08-11 04:03:04,2025-08-11 04:03:04,2025-11-20 05:43:05
478e9d4c-ab79-4503-9c7d-8beb7eaf7115,e62914dd-1ba6-413a-ab5b-ba22f0b98fa1,wallet_balance,internal_wallet,,,True,True,True,2025-09-20 17:34:45,2025-09-20 17:34:45,2025-10-21 05:36:08
04490520-aee0-48d7-a52f-4f415a02dd5f,a1ea5268-faa5-4ef9-b315-f05f5287ab34,wallet_balance,internal_wallet,,,True,True,True,2025-04-07 07:19:17,2025-04-07 07:19:17,2025-08-25 10:38:01
83f0a03b-43c5-49c2-9a88-a553ed7b5b77,a1ea5268-faa5-4ef9-b315-f05f5287ab34,debit_card,knet,2225,2027-10-06,False,True,True,2025-01-09 06:06:08,2025-01-09 06:06:08,2025-03-11 09:48:34
ce444edd-7565-4510-9f2d-3b4e8edef570,b4fb45b6-c10c-4939-865f-b87ff2951b2f,debit_card,visa,6991,2030-11-17,True,True,True,2024-07-24 19:55:08,2024-07-24 19:55:08,2024-09-06 04:00:07
2535f95e-8774-4048-bfe6-a64a1b062b04,b4fb45b6-c10c-4939-865f-b87ff2951b2f,bank_account,Bank_EG_7,4311,,False,True,True,2025-12-26 04:42:57,2025-12-26 04:42:57,2026-02-13 15:07:14
30ae45bc-fdd8-4755-ba3f-4bd0cef1f08c,044c8c14-10c6-43e3-8b34-8598f79d0f4a,credit_card,mastercard,3868,2027-12-07,True,True,True,2025-11-28 04:59:27,2025-11-28 04:59:27,2026-02-25 01:45:21
2f479b71-b10a-4bf7-b617-d7db8c00a92f,044c8c14-10c6-43e3-8b34-8598f79d0f4a,bank_account,Bank_AE_3,8209,,False,True,True,2025-12-14 21:40:59,2025-12-14 21:40:59,2026-03-03 13:34:40
e6696e79-61de-483a-aaa2-997bf2c4660c,1b88b6fd-415f-48fb-a4f6-f5ad6848d93f,bank_account,Bank_EG_1,1583,,True,True,True,2026-03-02 00:34:57,2026-03-02 00:34:57,2026-03-03 21:08:29
f4e33cc6-9357-492d-b916-911085e036d7,6f752657-678c-4f47-b58a-679fd05b1180,wallet_balance,internal_wallet,,,True,True,True,2025-06-27 00:56:14,2025-06-27 00:56:14,2025-08-05 21:55:10
50dcb620-eb28-4e9f-abad-7df9278cc1c7,a7449859-332e-4319-851e-677ee13aaeb2,credit_card,mada,2839,2028-05-21,True,True,True,2025-07-30 20:36:24,2025-07-30 20:36:24,2025-12-02 08:28:54
2657e202-0f15-4a7c-b83b-811dc287bd3d,267ef266-de6c-4adf-8ede-d03fb86a3f43,debit_card,meeza,9290,2027-12-17,True,True,False,2025-01-18 21:26:59,2025-01-18 21:26:59,2026-01-03 03:17:54
50d824d7-e2e9-427a-89cc-8efb7998fe00,69298aca-00ae-48af-8e9c-6b71832ec4f6,credit_card,mastercard,3693,2028-05-05,True,True,False,2025-09-24 06:51:20,2025-09-24 06:51:20,2025-11-21 05:42:27
a4950ceb-96a0-4201-9d8d-a81d7e2db5c9,69298aca-00ae-48af-8e9c-6b71832ec4f6,debit_card,mastercard,7174,2028-01-01,False,True,True,2026-02-25 04:37:49,2026-02-25 04:37:49,2026-02-26 22:34:19
53ea6965-befd-41e2-8bf9-b798f32b55e2,7d946812-d3ce-4879-b05b-b1f0f82aeac1,debit_card,visa,6401,2030-06-14,True,True,True,2024-06-10 04:42:11,2024-06-10 04:42:11,2024-12-16 04:03:30
3a07b400-17ba-4eb9-8886-e3331c93167d,1789be88-b76d-4bb1-8b08-52a1a8f774b4,debit_card,mastercard,2651,2030-03-13,True,True,True,2025-03-19 04:19:21,2025-03-19 04:19:21,2026-02-11 20:49:59
59ab60fa-7bcf-48d6-8a91-1c4a2b190571,1789be88-b76d-4bb1-8b08-52a1a8f774b4,bank_account,Bank_EG_5,7423,,False,True,False,2024-07-30 18:15:40,2024-07-30 18:15:40,2025-11-15 10:51:16
6e6742f3-2b68-46f3-a3ec-429bed439ebb,370d646d-b404-4b94-bd9f-8cee7967e088,bank_account,Bank_EG_10,1503,,True,True,True,2024-10-23 20:56:39,2024-10-23 20:56:39,2025-05-11 08:53:22
70178168-7f22-48a5-b8a9-9c0a0c45fa60,370d646d-b404-4b94-bd9f-8cee7967e088,credit_card,visa,3787,2030-01-12,False,True,True,2025-09-20 10:23:49,2025-09-20 10:23:49,2025-12-17 15:53:36
aac93257-e63a-46bd-9804-4c64eff2febc,f2e067cd-868e-4f1c-bdcc-c2955ad913e5,bank_account,Bank_EG_6,4033,,True,False,True,2026-03-02 10:01:19,2026-03-02 10:01:19,2026-03-02 11:56:10
8a5f296a-2464-4ecc-aca5-d2b0b5a0a51a,f2e067cd-868e-4f1c-bdcc-c2955ad913e5,debit_card,visa,8404,2028-06-26,False,True,False,2026-03-03 16:52:52,2026-03-03 16:52:52,2026-03-03 23:44:38
bed2004e-33b2-42d9-8763-3884417297e2,f2e067cd-868e-4f1c-bdcc-c2955ad913e5,debit_card,meeza,6312,2030-05-04,False,True,True,2026-03-03 16:18:37,2026-03-03 16:18:37,2026-03-03 17:14:10
c9feea29-96f6-4a1e-b220-849c92bda6ec,76b25535-bb94-4cd3-918e-483c2be12347,debit_card,visa,9349,2029-01-01,True,True,True,2025-08-01 11:53:07,2025-08-01 11:53:07,2025-11-13 20:26:57
d34fa064-602d-431f-82be-0251016a27a5,76b25535-bb94-4cd3-918e-483c2be12347,credit_card,visa,6653,2030-11-29,False,True,True,2026-02-21 07:36:23,2026-02-21 07:36:23,2026-02-27 05:25:49
d36dc265-c9bb-4e3c-8a5b-d679d752c0b1,c3eead82-2aa0-43bf-9251-5a2ef054a8ab,credit_card,visa,2875,2027-12-22,True,True,True,2025-03-10 10:37:31,2025-03-10 10:37:31,2025-03-15 10:25:37
89143f06-8425-4b97-b2d3-1c962a68f4a4,2a81eb9e-0af1-4d7c-9293-2390566ea001,debit_card,mastercard,2232,2028-09-28,True,True,True,2026-03-03 06:56:26,2026-03-03 06:56:26,2026-03-03 15:56:48
f49b696e-1daf-4eb4-8fcf-924de9f02e6d,2a81eb9e-0af1-4d7c-9293-2390566ea001,bank_account,Bank_AE_9,2654,,False,False,True,2025-03-03 19:49:00,2025-03-03 19:49:00,2025-09-16 19:44:21
b43a4324-6b2d-4183-b926-1244dc667b1a,47a76c12-0d29-4195-acec-81b92f613582,wallet_balance,internal_wallet,,,True,True,True,2024-06-19 06:42:02,2024-06-19 06:42:02,2026-02-20 04:12:20
e734de7b-4c45-4133-81c8-de7f87a80a08,47a76c12-0d29-4195-acec-81b92f613582,debit_card,visa,4918,2027-12-02,False,True,True,2024-06-19 04:34:51,2024-06-19 04:34:51,2025-09-30 13:34:41
ef518851-6b45-400b-b060-d27d16c066bb,47a76c12-0d29-4195-acec-81b92f613582,debit_card,mada,5349,2027-05-20,False,False,True,2024-08-14 07:31:20,2024-08-14 07:31:20,2025-04-16 02:25:38
5ca546ec-b2ce-409e-895d-32be49584093,f470c04c-277e-40a1-9ddd-7f7d6d1ba664,debit_card,visa,3487,2029-10-06,True,True,True,2025-02-14 07:47:52,2025-02-14 07:47:52,2025-10-26 20:52:30
384d0e8a-8907-43aa-9ca2-14f6992a8c92,f470c04c-277e-40a1-9ddd-7f7d6d1ba664,bank_account,Bank_SA_5,2109,,False,False,True,2024-09-07 18:40:40,2024-09-07 18:40:40,2025-04-03 15:42:54
7959da8c-f30d-40ed-ac6c-45b6b6667342,67cf74d9-10b2-4953-b3bf-2fe453d7370d,debit_card,visa,1878,2029-10-31,True,True,False,2026-01-30 23:00:34,2026-01-30 23:00:34,2026-02-14 15:45:39
700cb55f-52c9-47e3-984c-79b1fbbd014e,67cf74d9-10b2-4953-b3bf-2fe453d7370d,wallet_balance,internal_wallet,,,False,True,True,2026-02-06 14:54:23,2026-02-06 14:54:23,2026-02-08 17:33:35
4948c121-fb12-40a8-a2b9-121cb23e8754,67cf74d9-10b2-4953-b3bf-2fe453d7370d,debit_card,visa,5466,2029-07-21,False,True,True,2026-02-18 07:54:44,2026-02-18 07:54:44,2026-02-25 18:11:41
1b4e7c82-3e5f-45f7-9e26-f28221667d17,e6383e47-7b19-4a9f-893e-f4a85c01d336,bank_account,Bank_EG_4,9670,,True,True,True,2024-11-06 18:48:48,2024-11-06 18:48:48,2025-06-24 12:39:44
98f37d2f-f631-45bd-aed7-a4e0d9d7fbf0,e6383e47-7b19-4a9f-893e-f4a85c01d336,debit_card,mastercard,6857,2030-09-18,False,True,True,2025-10-15 09:01:23,2025-10-15 09:01:23,2025-11-19 03:49:20
0427f275-a36c-4532-92ef-03b5cf5d4199,463e7391-c809-4fb4-b613-b420c9ff552b,debit_card,mastercard,3914,2027-12-03,True,True,False,2025-05-20 23:22:12,2025-05-20 23:22:12,2025-09-15 13:18:30
4971ca1e-9a97-4852-be53-94661cd70cb2,109fe1e5-63ae-4107-91ba-475f2ca8b3d8,credit_card,visa,5507,2030-07-16,True,False,True,2025-08-31 03:45:41,2025-08-31 03:45:41,2025-10-26 07:19:06
5b820de2-898c-4f15-badc-053fd8603e23,109fe1e5-63ae-4107-91ba-475f2ca8b3d8,credit_card,mastercard,1667,2028-05-29,False,True,True,2023-12-05 18:35:58,2023-12-05 18:35:58,2025-03-26 04:12:13
e1872010-0b8f-49c3-89dd-b47d75c02fae,0765df03-9d7d-476d-9110-aa5b13e4209e,debit_card,meeza,2087,2031-01-13,True,False,True,2025-07-11 02:04:11,2025-07-11 02:04:11,2025-08-06 17:15:10
2cf45203-b6b4-44c9-9eea-662c764174e4,0765df03-9d7d-476d-9110-aa5b13e4209e,bank_account,Bank_EG_4,4808,,False,True,True,2026-02-18 11:04:44,2026-02-18 11:04:44,2026-02-28 03:54:51
cb5f3c80-fe42-44e4-952e-5fd19089f8cf,023dc708-8d0b-40ec-aad5-9a67acb06968,credit_card,mastercard,5496,2029-08-01,True,True,True,2025-05-28 05:19:17,2025-05-28 05:19:17,2025-11-09 06:29:00
2ccace56-1271-41ac-b2c2-71952039fbba,dc775d00-9734-4de1-b204-0f5c850b092e,wallet_balance,internal_wallet,,,True,True,True,2024-03-15 18:25:00,2024-03-15 18:25:00,2025-01-03 16:53:33
9ee077b7-3e7b-44b0-ac8e-2dfb9e91bda9,ef2739f4-4dcd-4465-9e2b-a33b879dcf57,wallet_balance,internal_wallet,,,True,True,False,2025-07-19 16:29:54,2025-07-19 16:29:54,2026-02-15 12:06:01
917c585e-05c3-492e-bd18-6609c759ae71,246cfafc-07f9-4354-b42f-81e8223322c1,wallet_balance,internal_wallet,,,True,True,True,2024-07-26 09:26:29,2024-07-26 09:26:29,2025-09-11 02:41:31
afb06583-d27d-462b-9ddf-ab9b9a16e24d,246cfafc-07f9-4354-b42f-81e8223322c1,wallet_balance,internal_wallet,,,False,False,True,2025-04-13 09:43:18,2025-04-13 09:43:18,2025-09-21 00:22:25
9e493aeb-e92a-4cfb-974d-3cf967bd6d77,4044235e-4805-43cb-a77a-e8eb000cd469,wallet_balance,internal_wallet,,,True,True,True,2026-03-04 10:33:19,2026-03-04 10:33:19,2026-03-04 12:34:49
9286845c-84a8-45b0-8c38-fbae2b3ddcd8,77140b4b-ba25-4a39-9ab0-72fde46533c7,credit_card,mastercard,7692,2029-06-19,True,True,False,2025-02-26 04:24:16,2025-02-26 04:24:16,2025-06-04 05:55:15
444ed226-6f96-4215-aa7f-83973077bef9,9301e155-8c61-4dab-9dd4-630a10fa828e,wallet_balance,internal_wallet,,,True,True,True,2025-12-14 12:59:55,2025-12-14 12:59:55,2026-01-14 15:24:07
2c1ee610-4604-4ec3-8bc1-2c1892b69bd3,7a2ca809-e398-4690-82ba-acf5e0d8001e,debit_card,visa,4940,2031-01-22,True,True,True,2024-12-04 11:25:55,2024-12-04 11:25:55,2025-03-11 06:55:02
bebe7dbb-aeb1-4475-b3f5-3743b94d27cf,7a2ca809-e398-4690-82ba-acf5e0d8001e,wallet_balance,internal_wallet,,,False,True,True,2025-02-09 03:15:02,2025-02-09 03:15:02,2026-01-13 07:51:38
3622db6d-bb10-40fd-b4b8-f58dd189f934,5895e32b-2b3b-4e5c-8636-8ed3a1df4de2,credit_card,visa,6262,2027-10-08,True,True,True,2024-08-29 01:33:32,2024-08-29 01:33:32,2025-07-31 21:18:18
8e6dfac5-1c8f-44d2-b450-a4761f7fd90d,5895e32b-2b3b-4e5c-8636-8ed3a1df4de2,debit_card,meeza,5511,2028-03-25,False,True,True,2024-12-20 09:22:09,2024-12-20 09:22:09,2024-12-23 03:16:02
22e3f87a-50c2-480f-955b-356d262b3c45,8fb73b76-2905-4704-b0f4-0ae80d0a2e31,credit_card,visa,8779,2028-04-06,True,False,True,2026-01-01 10:24:26,2026-01-01 10:24:26,2026-01-03 21:33:18
b54f2b0d-0310-4eef-b41e-d2a556b3d4dd,8fb73b76-2905-4704-b0f4-0ae80d0a2e31,credit_card,visa,2201,2030-07-31,False,True,True,2025-07-26 05:32:14,2025-07-26 05:32:14,2025-12-27 06:19:08
ae023781-ac1a-4c51-9870-575cf839cb35,3ab4887e-7a21-4c15-a6f3-f39f0150ed64,wallet_balance,internal_wallet,,,True,True,True,2026-01-12 06:57:32,2026-01-12 06:57:32,2026-02-10 16:43:07
c979bf23-5ecb-4ffe-bcdc-87d98132c2f6,3ab4887e-7a21-4c15-a6f3-f39f0150ed64,bank_account,Bank_SA_3,8710,,False,True,True,2025-09-20 01:44:18,2025-09-20 01:44:18,2025-10-28 12:33:22
36132608-fb33-4675-a186-33bb67499825,3ab4887e-7a21-4c15-a6f3-f39f0150ed64,credit_card,mada,5797,2028-03-31,False,True,True,2024-05-06 20:29:02,2024-05-06 20:29:02,2025-10-15 23:37:53
a2565e6a-2ed3-47fc-afb0-521028ed43e5,44ee7588-7492-4530-9f4b-d6b11df8684b,debit_card,amex,1584,2027-05-21,True,True,True,2024-05-24 22:08:57,2024-05-24 22:08:57,2024-10-07 13:17:18
b64e0cdd-95a5-4a2d-983c-d69ef8c80ba1,44ee7588-7492-4530-9f4b-d6b11df8684b,credit_card,mastercard,5439,2029-10-07,False,True,True,2024-11-11 07:16:36,2024-11-11 07:16:36,2025-08-07 06:05:17
fdcc6966-57a5-4290-9690-01be53443a26,95c27652-0607-4882-b155-7dfe5c5eb014,debit_card,mastercard,3616,2027-07-11,True,True,False,2026-01-15 00:30:49,2026-01-15 00:30:49,2026-03-04 11:41:36
8b9fb537-fba0-4a5c-9fae-20e60a14a9c1,254aabb7-de18-4ef4-bc5f-d6e633cc44d3,debit_card,visa,4356,2028-04-12,True,True,True,2024-08-15 03:40:53,2024-08-15 03:40:53,2025-11-22 06:26:53
d25c13ba-a796-46ce-a4dc-05f9b14c5eba,254aabb7-de18-4ef4-bc5f-d6e633cc44d3,wallet_balance,internal_wallet,,,False,True,True,2024-12-28 22:12:43,2024-12-28 22:12:43,2025-06-05 15:58:51
7274b828-fd10-4664-99c7-978625be6c3c,dd386c61-6ee9-41bc-8b37-a68010cbcbf5,credit_card,mastercard,5895,2030-08-18,True,True,True,2024-08-13 03:44:36,2024-08-13 03:44:36,2025-03-03 10:47:36
c8849a69-a663-448e-a660-d31d6475cac0,438b8844-c37c-4687-9739-9c56dddeff89,credit_card,visa,9096,2029-03-29,True,True,True,2025-03-06 17:38:07,2025-03-06 17:38:07,2025-11-19 19:20:51
5b62014e-9cfc-4fa7-bb56-291d948f9296,438b8844-c37c-4687-9739-9c56dddeff89,credit_card,mada,5245,2027-08-20,False,True,True,2025-10-22 03:41:54,2025-10-22 03:41:54,2025-12-20 12:11:22
1cee7931-9cf0-40ba-bd26-f1d6b677fc24,89e7ecc4-2034-4edf-9fc3-1548fd3fa78f,debit_card,mada,6134,2027-12-15,True,True,True,2025-01-14 10:47:08,2025-01-14 10:47:08,2025-08-20 20:15:11
f38ce128-cc60-4758-ada0-eabf95ce48fa,95590a02-6289-4edc-a89d-8cff6f316ddf,credit_card,visa,9855,2030-04-27,True,True,True,2026-02-13 17:45:55,2026-02-13 17:45:55,2026-03-03 01:00:54
d00f445d-47f3-49ea-84b6-d923e116d740,ad86321e-ad79-4dad-b83b-e93e93aa734f,debit_card,mastercard,3510,2028-01-11,True,True,False,2026-01-11 04:17:29,2026-01-11 04:17:29,2026-02-07 09:21:16
babcbc15-9d5f-47b1-b345-654cdd8b05b0,359f354f-0f71-4f53-8818-8bb747d9a871,bank_account,Bank_SA_2,8053,,True,False,True,2024-06-09 17:29:12,2024-06-09 17:29:12,2024-10-13 03:04:28
d6765d47-8856-46be-b446-0acf867f7845,359f354f-0f71-4f53-8818-8bb747d9a871,bank_account,Bank_SA_2,4798,,False,True,True,2025-02-12 17:59:49,2025-02-12 17:59:49,2025-04-13 06:14:41
b78824c5-797f-4433-8523-93e85e1a618f,4e52a4d4-434a-4454-a7b7-b24497658e30,credit_card,visa,6406,2028-05-09,True,True,True,2025-07-12 09:07:39,2025-07-12 09:07:39,2025-08-19 17:11:44
7c8d325f-a3cb-45dd-9ca7-a633bafe736b,99fe8035-d91b-46f2-bb65-d4cd74824ea9,debit_card,meeza,1880,2028-05-20,True,True,True,2025-02-02 20:51:04,2025-02-02 20:51:04,2025-05-31 03:50:56
33f4a682-3e80-4fea-8882-511576c688a7,acf3747f-67a5-461c-ae25-ef169ce50b41,wallet_balance,internal_wallet,,,True,True,True,2025-09-11 22:23:54,2025-09-11 22:23:54,2026-01-20 21:36:03
421ae8c0-0009-4264-bb61-ebdc01dc2b8e,7a07324a-8c9c-4dec-8d9d-fe8ffd014e1d,debit_card,mastercard,6067,2028-02-07,True,True,True,2025-01-07 15:03:21,2025-01-07 15:03:21,2025-05-25 23:20:51
0925e73e-bfba-486a-a17d-75b0cdfa58f5,16a4de13-c535-456c-964c-f51f9ca8ac75,debit_card,mastercard,1192,2027-07-15,True,False,True,2025-10-27 10:50:08,2025-10-27 10:50:08,2026-02-04 19:26:28
42c2f7f9-ff86-4c7c-85f5-b2a7e23ab728,99d80c95-4b41-4ce4-8ec9-1bda53cd86b1,wallet_balance,internal_wallet,,,True,True,True,2023-10-22 18:21:01,2023-10-22 18:21:01,2025-10-14 07:43:40
e94321f3-cc55-4ff1-a5c6-1b1645e884ab,63f4fd5b-2206-47c3-80e1-db7ed52eb435,credit_card,mada,9040,2030-06-23,True,True,True,2025-10-24 18:40:27,2025-10-24 18:40:27,2025-10-30 21:48:59
8071bfc3-91d4-488a-bb46-63d6ed486436,395da1ae-f037-4abd-a8cd-2b068fa5c915,debit_card,visa,1474,2027-08-16,True,False,True,2025-12-30 01:06:15,2025-12-30 01:06:15,2026-01-20 11:46:25
094a55de-a83c-49ab-b09c-f01ba374d7d1,395da1ae-f037-4abd-a8cd-2b068fa5c915,bank_account,Bank_AE_10,3729,,False,True,True,2024-07-08 02:13:03,2024-07-08 02:13:03,2024-09-28 15:48:33
20697544-c54a-47c2-a506-5bf6eb4d9eb1,395da1ae-f037-4abd-a8cd-2b068fa5c915,wallet_balance,internal_wallet,,,False,True,True,2024-06-21 22:59:08,2024-06-21 22:59:08,2025-07-14 20:21:49
fac643d1-8c28-411a-98e7-fb540502db08,217334e4-bd0e-42f2-a762-5a2f1e83e8d1,credit_card,mastercard,8204,2028-10-19,True,True,True,2025-06-30 17:01:11,2025-06-30 17:01:11,2025-10-07 20:58:02
d53038f0-7362-4fe9-a8ce-99b749dc015f,217334e4-bd0e-42f2-a762-5a2f1e83e8d1,bank_account,Bank_SA_10,9997,,False,True,True,2025-03-09 23:35:49,2025-03-09 23:35:49,2026-02-05 15:15:07
ba6cd82b-0f47-4974-990e-193a9746067e,217334e4-bd0e-42f2-a762-5a2f1e83e8d1,debit_card,mada,8554,2028-08-06,False,True,True,2025-07-23 05:05:54,2025-07-23 05:05:54,2026-01-02 07:31:37
b194ca82-35d5-4495-a405-6478b204948f,12091392-b002-4ad5-a5a9-b85252513364,credit_card,meeza,5725,2027-08-01,True,True,True,2025-10-22 18:02:56,2025-10-22 18:02:56,2025-12-25 18:02:28
6c3bf790-54f3-42f4-aafa-fd5df27777e3,fe69862a-d48b-4511-ba4a-110a3c994979,credit_card,mada,1548,2031-02-11,True,True,True,2025-06-27 01:16:18,2025-06-27 01:16:18,2026-01-20 04:05:52
024f648c-1c61-44c5-bb0f-dd43908f56cb,fe69862a-d48b-4511-ba4a-110a3c994979,debit_card,mada,7860,2030-09-20,False,False,True,2025-06-05 01:19:21,2025-06-05 01:19:21,2026-01-16 16:51:51
15bd7fbc-45ce-40b0-8396-8ecd28eb9a2f,8f79b657-245c-491e-bcf5-55836be72408,debit_card,mada,5583,2030-03-25,True,True,True,2024-08-01 05:30:04,2024-08-01 05:30:04,2025-02-08 06:16:12
7340051d-0b0a-4190-b201-84ba967c3f27,8f79b657-245c-491e-bcf5-55836be72408,bank_account,Bank_SA_9,5480,,False,True,True,2026-02-10 17:47:24,2026-02-10 17:47:24,2026-02-24 02:41:17
ab418c6e-1f21-439a-9750-e4c4388d7144,d530ae46-6a8b-4b91-80c9-1718064e55f5,credit_card,mastercard,1791,2030-02-20,True,True,True,2025-05-27 09:22:07,2025-05-27 09:22:07,2025-08-13 07:30:36
b765ccf5-baa8-4dab-aeb3-af9c8f375581,9374e1d0-5387-42c9-bfd8-efdc4f21d4c7,debit_card,meeza,7144,2030-06-15,True,True,True,2026-03-04 11:13:15,2026-03-04 11:13:15,2026-03-04 11:59:02
d159c37a-1fae-4062-9095-7c7606a15e1d,9374e1d0-5387-42c9-bfd8-efdc4f21d4c7,credit_card,mastercard,2310,2027-04-09,False,True,True,2026-03-04 13:39:25,2026-03-04 13:39:25,2026-03-04 13:50:07
df6103bf-e047-4462-b2ef-67cda5dd86ce,951e2fac-f2e9-4401-b2ad-8ffd1e1557e9,debit_card,visa,8274,2028-02-20,True,False,True,2025-10-14 12:15:57,2025-10-14 12:15:57,2025-12-24 17:37:55
09e8b2d5-2bf5-4245-a8d1-ef5032abf833,00f55f68-72e8-4173-b32d-8b121b424d3b,credit_card,mastercard,7730,2030-10-05,True,True,False,2025-06-20 14:55:35,2025-06-20 14:55:35,2025-09-23 15:31:36
db9be1bd-aabd-4f8d-8087-c543bdbd1687,00f55f68-72e8-4173-b32d-8b121b424d3b,credit_card,mada,7958,2029-04-01,False,True,True,2025-08-14 13:03:03,2025-08-14 13:03:03,2025-10-31 21:45:05
a074e794-16d5-43cb-b678-5145e00a6bf2,6e4bc089-41dc-4b35-bbe3-99a6c6017ee3,bank_account,Bank_SA_5,6802,,True,True,True,2025-06-29 11:13:54,2025-06-29 11:13:54,2025-09-09 20:56:47
2e303888-0d5b-40ed-927b-46c9cf7b27f7,6e4bc089-41dc-4b35-bbe3-99a6c6017ee3,debit_card,visa,7890,2029-02-21,False,False,True,2025-11-09 04:42:00,2025-11-09 04:42:00,2025-12-22 09:28:42
4efa6a4b-5bb2-4e87-b9d6-cc88917eab60,4bb32c6f-fd96-4a3b-ad5e-5e0ee19f174a,debit_card,meeza,7861,2027-04-28,True,True,True,2025-05-22 11:00:35,2025-05-22 11:00:35,2025-11-19 11:38:28
743512fd-0a23-4ce0-b953-162c0b5f8ba1,4bb32c6f-fd96-4a3b-ad5e-5e0ee19f174a,bank_account,Bank_EG_3,4489,,False,True,True,2024-08-23 19:33:13,2024-08-23 19:33:13,2025-07-18 18:48:39
73ac3f91-496a-4d26-a28e-24dc63231a3a,ed1f1aa5-5f66-4f01-a9f7-4014e24dbd81,debit_card,visa,4152,2031-01-21,True,True,True,2023-05-17 03:38:17,2023-05-17 03:38:17,2025-03-03 21:19:45
91caded7-88e1-473a-a5d2-054ddafd7c4d,69d3d762-90a8-40d1-987c-e2bc4bf9898d,debit_card,mastercard,1886,2029-10-19,True,True,True,2026-02-28 07:49:50,2026-02-28 07:49:50,2026-02-28 17:26:01
8969d7f4-7e56-4827-8d4c-87daf4e22f14,69d3d762-90a8-40d1-987c-e2bc4bf9898d,debit_card,amex,4257,2029-04-04,False,True,True,2026-02-24 10:49:57,2026-02-24 10:49:57,2026-03-01 04:40:26
1557e1bf-2814-4458-9d7f-da1e37bd9577,0831e057-7c60-401d-99d2-bf316993378f,credit_card,amex,4801,2027-12-20,True,True,True,2023-04-24 01:56:34,2023-04-24 01:56:34,2024-04-30 06:04:18
99ed326b-24a6-47a1-9562-676d5a884b0f,adf6f329-8006-4796-abec-4b523e9d7802,debit_card,visa,9693,2029-04-06,True,True,True,2025-12-17 04:02:39,2025-12-17 04:02:39,2025-12-18 07:23:37
c2625f7e-7652-4b6b-8295-e45bc9d18630,adf6f329-8006-4796-abec-4b523e9d7802,debit_card,mastercard,5653,2030-09-23,False,False,True,2025-12-23 03:15:23,2025-12-23 03:15:23,2026-01-20 20:00:51
f60b9cc6-d410-4b0d-a6d5-510a1302488c,9d635521-a5bb-4a73-8d5c-82d15af6da90,credit_card,visa,4073,2029-03-17,True,True,False,2026-01-27 17:02:57,2026-01-27 17:02:57,2026-02-11 14:01:52
1c570709-eaab-42c0-ba6a-7df43dd8eb42,d7216e55-ef2f-4da5-b12a-9d7d4697eff5,bank_account,Bank_SA_3,9358,,True,True,True,2025-12-04 01:06:57,2025-12-04 01:06:57,2026-02-10 00:06:21
63042cca-0d47-48f7-99af-a16510a4c5eb,d7216e55-ef2f-4da5-b12a-9d7d4697eff5,debit_card,visa,4545,2029-12-30,False,True,False,2025-10-29 07:30:07,2025-10-29 07:30:07,2026-02-28 00:44:26
50ef120d-0763-4bc9-99bf-4d849d5347fd,4c7b051f-1b2d-4545-8678-def4eb964bb3,bank_account,Bank_EG_6,7218,,True,True,True,2025-09-16 18:56:11,2025-09-16 18:56:11,2025-11-28 17:01:21
327d410d-312a-4c0b-bd00-a63c2960f472,4c7b051f-1b2d-4545-8678-def4eb964bb3,credit_card,meeza,3898,2029-10-29,False,True,True,2025-02-09 10:18:06,2025-02-09 10:18:06,2025-10-29 06:08:12
351e3111-ebae-4ceb-9f42-a7abcc28883b,e53b0f49-ff32-40b3-9d92-a559ebd46b23,bank_account,Bank_EG_10,5522,,True,True,True,2025-02-14 08:35:01,2025-02-14 08:35:01,2025-05-09 19:56:30
9ddcabdd-1ddc-4a77-a98e-693d05529a61,e53b0f49-ff32-40b3-9d92-a559ebd46b23,debit_card,meeza,3567,2028-02-06,False,True,True,2026-01-20 01:42:18,2026-01-20 01:42:18,2026-02-17 14:40:20
5406dbfd-418b-483d-82c9-2d352ed3b70e,d7279dcf-66e2-41c7-9be6-e54b512e528e,wallet_balance,internal_wallet,,,True,True,True,2025-05-09 10:46:53,2025-05-09 10:46:53,2025-11-19 00:03:52
85bcacf9-693f-45e4-9505-3914c556a9f1,d7279dcf-66e2-41c7-9be6-e54b512e528e,credit_card,mastercard,2480,2030-10-08,False,True,True,2025-03-06 14:10:44,2025-03-06 14:10:44,2025-10-03 18:42:04
1f049a0c-cfbc-43ac-9492-41be04151c9b,d7279dcf-66e2-41c7-9be6-e54b512e528e,credit_card,meeza,1828,2028-11-17,False,True,True,2024-01-27 17:29:27,2024-01-27 17:29:27,2024-12-17 20:47:38
25bc18f4-b1fb-4d9f-bfaa-88b9e9422c1b,de589a6e-59a6-4ee4-81cb-f5f437c64e39,debit_card,meeza,4779,2028-09-08,True,True,False,2024-11-01 12:58:15,2024-11-01 12:58:15,2025-12-13 16:06:13
24e7bfa4-d40b-4c59-bdfb-d88dbe5f1e8b,de589a6e-59a6-4ee4-81cb-f5f437c64e39,bank_account,Bank_EG_1,7924,,False,True,True,2025-07-13 07:46:23,2025-07-13 07:46:23,2026-02-10 06:28:10
0385269f-5d01-4eef-90df-7354ba0ff537,de589a6e-59a6-4ee4-81cb-f5f437c64e39,credit_card,meeza,6910,2030-05-01,False,False,True,2025-01-13 15:29:39,2025-01-13 15:29:39,2025-10-21 17:02:59
9e2f162c-2a0e-4cde-9c45-f3c8d5e1c504,099bae15-ea1c-4612-b0bc-123913dda092,debit_card,mastercard,9563,2030-09-25,True,True,True,2026-02-21 21:28:31,2026-02-21 21:28:31,2026-03-04 10:15:18
63273aa5-417a-4b56-8652-a66812e50c20,7b8b8afd-963b-4c82-bfcd-9642a981976c,debit_card,meeza,3493,2028-10-23,True,True,True,2025-08-19 00:05:49,2025-08-19 00:05:49,2025-10-17 09:16:51
fa0756f1-2477-4716-952e-bafa68ffffe2,7b8b8afd-963b-4c82-bfcd-9642a981976c,credit_card,mastercard,9501,2030-12-09,False,True,True,2025-05-29 18:23:36,2025-05-29 18:23:36,2025-08-21 07:25:29
dd2c78f5-37c2-4da1-9246-450dcd31cfdc,cd276f89-011a-4398-b780-4050c648b7e2,debit_card,visa,5744,2027-05-25,True,True,True,2026-02-11 02:12:03,2026-02-11 02:12:03,2026-02-17 10:40:09
c9f54179-6cca-4811-acf1-fbbd820ec0e0,589dadac-aeb7-433f-8c19-5998ea5c8351,debit_card,visa,9399,2030-02-05,True,True,True,2024-09-29 19:06:31,2024-09-29 19:06:31,2025-02-13 16:41:55
cf81ba78-769f-46b9-a064-2edac768a7b8,589dadac-aeb7-433f-8c19-5998ea5c8351,debit_card,mastercard,4601,2028-10-05,False,True,True,2025-03-27 12:48:21,2025-03-27 12:48:21,2025-06-25 05:40:57
84a44c85-9c62-44f4-b68d-42a9f620a620,ed1c1145-34cc-4950-99b1-59d220b98817,debit_card,mastercard,9137,2029-08-06,True,True,True,2025-06-01 02:00:46,2025-06-01 02:00:46,2026-01-02 03:11:47
8776e7cd-5086-44aa-ba11-de9019fb07ed,bff96b04-bfed-4b1b-b144-47cd12c462a0,bank_account,Bank_EG_10,8891,,True,True,True,2026-01-06 18:55:24,2026-01-06 18:55:24,2026-01-19 17:31:48
83921446-497c-4e07-9c14-511266f72df5,bff96b04-bfed-4b1b-b144-47cd12c462a0,debit_card,visa,4551,2028-03-04,False,True,True,2024-07-07 05:59:58,2024-07-07 05:59:58,2024-10-19 14:37:20
c151b4d0-c6b9-4663-bb7c-f6ab79fdeb2b,fa1934a7-1130-4be8-b557-6b200a105800,debit_card,meeza,7246,2028-09-12,True,True,True,2026-01-18 05:53:18,2026-01-18 05:53:18,2026-01-20 17:44:48
37bd453c-3d83-4a6c-8039-70ebf247cbee,fa1934a7-1130-4be8-b557-6b200a105800,debit_card,visa,6612,2027-10-15,False,True,True,2025-11-29 17:58:44,2025-11-29 17:58:44,2026-02-27 07:27:04
a6b183d7-ea9e-4d1b-a955-3668cb85f38b,d0ca8062-7584-4d9c-ab44-b3b4ea0afea1,bank_account,Bank_KW_2,8237,,True,True,False,2024-01-22 23:45:57,2024-01-22 23:45:57,2024-11-21 00:18:17
beadda3b-863e-41eb-8467-dd7caac511aa,d0ca8062-7584-4d9c-ab44-b3b4ea0afea1,bank_account,Bank_KW_7,9844,,False,True,True,2026-02-21 19:11:49,2026-02-21 19:11:49,2026-02-25 02:00:24
8943314d-e304-4829-a667-40da990fe8c9,147b6e1e-409f-454c-9e5b-42a04ef0c9d6,credit_card,knet,4191,2029-05-23,True,True,True,2025-12-30 23:42:26,2025-12-30 23:42:26,2026-03-01 12:48:24
9b5e6f7e-9c4c-48ae-bc6b-dece811c57c3,ced80e45-eee9-4c39-8096-3a8250d17314,debit_card,visa,4230,2030-04-14,True,True,True,2025-05-16 20:52:30,2025-05-16 20:52:30,2025-08-18 10:01:29
b0c85dcf-9b3f-4879-9940-aa58b8eb3bc8,ced80e45-eee9-4c39-8096-3a8250d17314,debit_card,visa,9793,2028-07-16,False,True,True,2026-01-05 06:45:02,2026-01-05 06:45:02,2026-02-24 14:43:17
a132012f-f57e-40dc-87f9-05bcdae81307,ced80e45-eee9-4c39-8096-3a8250d17314,debit_card,mada,8603,2030-04-23,False,True,True,2025-08-09 07:05:23,2025-08-09 07:05:23,2025-09-14 21:06:56
5981d2a4-5f64-439d-8992-1cf0baa275ce,3e9fa69c-8138-4cc2-b22b-a908bb12ed74,debit_card,visa,2189,2028-08-29,True,True,True,2024-07-24 19:13:37,2024-07-24 19:13:37,2024-08-01 03:31:54
2b32e06d-e5f3-42b2-9779-440dc907aedf,a75d6129-6211-462a-9b8e-d6118418e97d,debit_card,meeza,5970,2029-11-08,True,True,True,2025-08-15 01:21:07,2025-08-15 01:21:07,2025-11-26 23:44:25
5e1bfd3a-d723-48c6-b68e-b081c5f46195,6ac1dd48-2cd0-4afc-b54c-58478c2297f3,wallet_balance,internal_wallet,,,True,False,True,2025-06-29 02:26:11,2025-06-29 02:26:11,2026-01-18 19:29:57
2d683ff1-7544-4fd3-b7e3-bfeacf1a3c2a,0d3b2186-476a-416e-94ce-fc3975c73272,debit_card,mada,2305,2029-10-11,True,False,True,2025-10-26 12:19:21,2025-10-26 12:19:21,2025-11-24 17:58:31
8635c003-9b93-47a5-9a75-ad6768ae6b5f,4d3da47b-cad6-4351-8f4e-77fe16f16de3,bank_account,Bank_SA_5,8182,,True,True,True,2026-01-09 00:24:37,2026-01-09 00:24:37,2026-01-22 02:51:13
8ab73519-d517-414a-ba4c-97eee2caa963,4d3da47b-cad6-4351-8f4e-77fe16f16de3,credit_card,visa,6900,2030-01-09,False,True,True,2025-11-09 14:22:40,2025-11-09 14:22:40,2025-11-13 10:13:15
a50f1704-1450-4541-bda1-19a2e109e5b1,4d3da47b-cad6-4351-8f4e-77fe16f16de3,credit_card,visa,5353,2027-08-03,False,False,False,2025-09-10 21:05:33,2025-09-10 21:05:33,2025-11-24 12:35:53
7cf8f576-ef85-4a21-909d-cb52f13dd5cf,9e17e673-1280-4dc7-94bd-044c17d80bb1,debit_card,mastercard,5287,2029-04-09,True,True,True,2024-07-14 07:11:09,2024-07-14 07:11:09,2025-12-06 12:18:25
ad8d03ec-83dc-4144-87d6-1184b20126de,9e17e673-1280-4dc7-94bd-044c17d80bb1,bank_account,Bank_AE_10,5317,,False,True,True,2025-11-27 17:50:37,2025-11-27 17:50:37,2026-01-31 23:26:59
ce20b7f7-4857-4762-88a0-96fb44926cd4,7cd919e4-c925-46c0-a60b-32a456d868a5,wallet_balance,internal_wallet,,,True,True,True,2025-11-21 13:30:48,2025-11-21 13:30:48,2025-12-22 05:01:38
1d189711-0adc-4b66-aecd-f31f04f27394,7cd919e4-c925-46c0-a60b-32a456d868a5,credit_card,mastercard,7178,2029-11-10,False,True,True,2025-01-02 03:18:17,2025-01-02 03:18:17,2025-02-16 05:23:32
59bafb8d-9790-474e-8bb9-d206b0a4ab83,e547bc9b-499f-400a-9058-6d7ac9bcec31,credit_card,amex,9014,2029-07-17,True,True,True,2025-10-15 22:18:33,2025-10-15 22:18:33,2025-11-20 05:22:09
3be4cb34-ae47-42bf-b185-ad7f17655a40,e547bc9b-499f-400a-9058-6d7ac9bcec31,bank_account,Bank_AE_6,9644,,False,True,True,2026-01-29 00:00:01,2026-01-29 00:00:01,2026-02-24 16:42:38
406bb3b4-1ebe-4479-a80f-51281e793a57,e547bc9b-499f-400a-9058-6d7ac9bcec31,debit_card,mastercard,2645,2028-03-08,False,False,True,2025-03-26 08:48:40,2025-03-26 08:48:40,2026-01-21 06:08:06
661ede3b-df47-4a2b-9e4d-29b221f9883e,9e3d43b0-24b6-40ed-9b0e-9872705f0b1e,bank_account,Bank_AE_6,4021,,True,True,True,2025-12-11 08:04:10,2025-12-11 08:04:10,2026-01-21 18:50:44
971591ff-2ca9-45aa-962f-dd5f47d92508,d46ea77c-dc14-4383-b3a8-03ec7b1742f3,debit_card,mastercard,1195,2027-05-31,True,True,True,2026-02-06 13:52:01,2026-02-06 13:52:01,2026-02-17 22:49:53
b792cdcb-a8ec-4e47-9371-f9fc1289dead,ef82148a-e070-4a93-84c6-5a01c7638390,credit_card,visa,4533,2029-05-08,True,True,True,2026-01-24 22:14:11,2026-01-24 22:14:11,2026-02-09 16:29:21
cbf80a81-433b-4823-9d2d-a8c19c6ce491,ef82148a-e070-4a93-84c6-5a01c7638390,wallet_balance,internal_wallet,,,False,True,True,2025-10-14 00:21:41,2025-10-14 00:21:41,2025-11-25 17:40:58
1ec5a080-e8fe-45a5-bad0-e54f64feb74a,5fb060e0-fb22-4ca0-922a-86c8f1540121,bank_account,Bank_AE_7,4216,,True,True,True,2025-04-17 05:24:26,2025-04-17 05:24:26,2026-01-30 05:32:32
a545bccd-2197-4e8d-83bf-4a948f45fc6c,5fb060e0-fb22-4ca0-922a-86c8f1540121,wallet_balance,internal_wallet,,,False,False,True,2025-07-31 11:24:04,2025-07-31 11:24:04,2025-09-22 04:27:45
dc20fe5f-f5be-4a38-bf2d-6709d6fe400b,f175f07a-3150-436e-9194-856ef0098a3d,debit_card,mastercard,3919,2029-11-22,True,True,True,2025-03-07 10:58:38,2025-03-07 10:58:38,2025-05-13 04:21:16
81db675d-e11a-45eb-8358-778cdbbb23d4,f175f07a-3150-436e-9194-856ef0098a3d,wallet_balance,internal_wallet,,,False,True,True,2025-03-29 10:38:11,2025-03-29 10:38:11,2026-02-04 20:01:17
7188ffe8-9e6f-487d-8b38-d863e7137e57,f175f07a-3150-436e-9194-856ef0098a3d,credit_card,visa,2848,2028-08-01,False,True,True,2024-10-28 00:28:01,2024-10-28 00:28:01,2026-01-30 20:14:17
8319c65b-cc59-46ff-93c5-6e14f9916e0d,bc400eb5-093d-4075-959e-b54a10f89bc0,credit_card,meeza,1865,2029-05-24,True,True,True,2025-12-28 19:12:26,2025-12-28 19:12:26,2026-02-20 01:08:03
fe228603-c4a9-479c-94e0-85936b1a9e70,bc400eb5-093d-4075-959e-b54a10f89bc0,wallet_balance,internal_wallet,,,False,True,True,2026-02-14 22:11:45,2026-02-14 22:11:45,2026-02-18 21:29:20
51c675c7-9602-4012-a383-8f62320b7f23,bd11827a-3dca-41bf-9593-1125cefcc1ed,credit_card,visa,9141,2028-05-29,True,True,True,2026-03-02 16:44:10,2026-03-02 16:44:10,2026-03-04 00:22:30
80068672-5901-45ac-a02a-883334f40a79,2fea7549-b582-4337-9f1e-04e3130855f7,bank_account,Bank_AE_7,1572,,True,True,True,2025-07-31 17:50:48,2025-07-31 17:50:48,2026-01-31 04:27:17
873e2ef9-b9e1-4597-a508-9cc2cb580dc4,2fea7549-b582-4337-9f1e-04e3130855f7,bank_account,Bank_AE_4,5426,,False,True,True,2025-05-14 20:12:00,2025-05-14 20:12:00,2025-10-31 04:30:50
8febb96a-fb9d-4b7b-85ab-5417f0fc426b,4c3eb7da-e095-4796-97ad-28f26a07843d,bank_account,Bank_EG_5,8009,,True,True,True,2025-11-07 12:28:57,2025-11-07 12:28:57,2025-12-09 21:50:40
b7355482-7d62-45d5-b56c-51af269f2283,81139564-5341-4082-b2e7-431c15f376b9,debit_card,mastercard,7364,2029-08-24,True,True,True,2025-08-10 01:43:44,2025-08-10 01:43:44,2026-01-11 23:27:54
1b482cd3-b856-4381-aa59-afd66a98ed38,d6db003a-5792-4da4-9b75-92f03bcf8c19,wallet_balance,internal_wallet,,,True,True,True,2024-05-18 06:16:26,2024-05-18 06:16:26,2025-07-25 07:32:15
8ebaeb1c-27f9-4407-962a-bc7f4403ac40,d35902a5-ca07-457f-8e5b-2ea8e45d5d4e,debit_card,mada,9547,2027-05-19,True,True,True,2024-03-25 13:58:07,2024-03-25 13:58:07,2025-07-09 04:43:19
b64834fe-015c-4abf-9983-6cdb8ab1da95,246d817a-9901-4fa8-b5db-ea07eb495f03,bank_account,Bank_AE_3,3032,,True,True,True,2025-02-28 01:01:05,2025-02-28 01:01:05,2025-05-19 15:30:16
6cf3ae70-dc9c-4a95-9c50-fdd7f21919cc,ef08d61c-043a-4568-a054-5becf246ae35,debit_card,mastercard,5092,2029-03-21,True,True,True,2025-04-27 11:34:00,2025-04-27 11:34:00,2026-03-03 16:18:45
61a0c648-599b-406c-b233-8e7cfa106d2f,ef08d61c-043a-4568-a054-5becf246ae35,wallet_balance,internal_wallet,,,False,True,False,2025-09-15 13:00:56,2025-09-15 13:00:56,2025-09-21 18:23:59
fc998d37-6bcb-4ad3-b585-ceaf613a558f,aeceb38a-efd0-4a96-8424-b60ddf2d2588,credit_card,visa,4573,2030-07-12,True,True,False,2026-02-26 03:22:12,2026-02-26 03:22:12,2026-02-27 14:22:05
fb263a05-a0d6-47cc-8c96-74c4366ff071,4d63ec13-cf41-459d-907b-75a76ce5a2f0,debit_card,mada,7137,2027-03-29,True,True,False,2025-10-17 16:49:19,2025-10-17 16:49:19,2025-12-06 22:51:56
18f1c195-17ca-4e2c-adbb-828899a1a151,49323961-dc83-470f-bb87-cddcdf3ae279,wallet_balance,internal_wallet,,,True,False,True,2025-05-20 04:11:07,2025-05-20 04:11:07,2025-09-05 05:36:55
93265ae2-37e6-456a-a43d-36f6d6b204ba,49323961-dc83-470f-bb87-cddcdf3ae279,bank_account,Bank_SA_5,9394,,False,True,True,2023-10-06 05:44:02,2023-10-06 05:44:02,2024-04-04 23:57:39
a0a4cb97-4d03-48ac-a571-eed558cb20b1,907e27d5-34db-4b6c-a816-442f0d792c5f,wallet_balance,internal_wallet,,,True,True,True,2025-11-04 14:34:28,2025-11-04 14:34:28,2026-02-06 10:55:03
edde9a81-f4a3-4795-8427-2889d4064eab,907e27d5-34db-4b6c-a816-442f0d792c5f,debit_card,mastercard,7243,2027-03-18,False,True,True,2025-10-04 09:41:02,2025-10-04 09:41:02,2026-01-23 08:48:38
151341c0-3717-4a64-96e3-c35922899b41,fe0fb2ae-9ab7-4f98-b026-42fb4f25b0f4,debit_card,visa,6428,2029-02-15,True,True,False,2025-08-13 02:28:49,2025-08-13 02:28:49,2025-10-24 04:42:43
4d76841d-9f7c-420e-bfe6-d8971f664beb,4c533384-44d9-4683-a14d-54e80c73bad5,wallet_balance,internal_wallet,,,True,False,True,2023-12-24 01:40:51,2023-12-24 01:40:51,2025-01-28 23:32:18
22f1d4bc-b787-44a2-8220-8e372216868b,4c533384-44d9-4683-a14d-54e80c73bad5,bank_account,Bank_SA_7,6584,,False,True,True,2025-01-08 06:40:08,2025-01-08 06:40:08,2026-01-05 02:39:26
926cb1cd-d87b-4bc3-a6d8-252fa78493b0,09580390-fda6-4758-aca2-08a1f8d588b4,bank_account,Bank_KW_8,8517,,True,True,True,2024-07-27 20:48:39,2024-07-27 20:48:39,2025-08-14 00:23:04
17437a37-52b6-4aea-b284-77f7af4425b4,09580390-fda6-4758-aca2-08a1f8d588b4,debit_card,knet,3241,2030-02-11,False,True,True,2024-07-11 10:51:21,2024-07-11 10:51:21,2025-06-07 05:27:06
52f5cc84-e5c0-4d17-84ce-b36a177b5d30,09580390-fda6-4758-aca2-08a1f8d588b4,bank_account,Bank_KW_9,3169,,False,True,True,2025-10-27 06:55:45,2025-10-27 06:55:45,2025-11-12 04:39:28
dbb94489-44ed-4f55-89f3-ba0d04676f7b,43ab3a7b-73c6-412f-aae4-99adf1bf4fcb,bank_account,Bank_AE_9,2332,,True,True,True,2024-07-28 13:44:19,2024-07-28 13:44:19,2025-05-12 12:08:57
d8099be7-fa9a-4642-883f-abdfd6330c9f,43ab3a7b-73c6-412f-aae4-99adf1bf4fcb,wallet_balance,internal_wallet,,,False,True,True,2024-07-07 00:26:10,2024-07-07 00:26:10,2025-01-02 00:38:52
399fec00-62a2-42b5-a271-98fd297ded9f,4bf6cfab-7dfc-4b8a-8897-4916130b9a3d,debit_card,mastercard,1087,2030-04-01,True,True,True,2025-12-08 16:53:42,2025-12-08 16:53:42,2025-12-22 14:35:33
3fe17e8f-7651-4a2c-8bb9-64502bc05b14,4bf6cfab-7dfc-4b8a-8897-4916130b9a3d,credit_card,visa,1754,2028-01-17,False,True,True,2025-09-29 21:19:23,2025-09-29 21:19:23,2026-01-07 16:56:47
6eae7002-3d26-432b-aaaa-013b80095a2e,4bf6cfab-7dfc-4b8a-8897-4916130b9a3d,credit_card,mada,7367,2030-05-03,False,True,True,2024-12-01 21:32:23,2024-12-01 21:32:23,2025-07-15 14:46:07
9ab499ee-ec45-4acc-a12a-9f8bf0d103d1,14d9ca2e-a0d1-47ee-a4e7-4958f1760bb6,wallet_balance,internal_wallet,,,True,True,True,2026-03-03 01:58:39,2026-03-03 01:58:39,2026-03-04 01:11:51
637511c5-6699-40f8-87f4-c856bd0db1d4,14d9ca2e-a0d1-47ee-a4e7-4958f1760bb6,bank_account,Bank_SA_10,4252,,False,True,True,2026-02-27 21:37:53,2026-02-27 21:37:53,2026-03-04 12:16:45
4ec84a3a-4eda-4600-bffe-b487934dfaf8,14d9ca2e-a0d1-47ee-a4e7-4958f1760bb6,credit_card,mastercard,5969,2030-10-31,False,True,True,2026-02-06 11:53:03,2026-02-06 11:53:03,2026-03-02 06:47:10
004805fa-d843-43a4-9ad7-6a72cdc63ba4,3affb4db-bc46-4d59-8e4e-d8e43fe58d7b,debit_card,visa,4325,2027-12-30,True,True,True,2025-05-09 12:34:20,2025-05-09 12:34:20,2025-07-06 20:38:24
c1bdd23d-29a8-46d9-9ac7-95044fba6177,3affb4db-bc46-4d59-8e4e-d8e43fe58d7b,bank_account,Bank_SA_8,1779,,False,True,True,2026-02-04 18:37:26,2026-02-04 18:37:26,2026-03-01 08:23:41
ba824c67-607b-4c46-809c-b488aad648b4,6d78504b-a059-4508-b210-5c402e14856e,bank_account,Bank_EG_3,4394,,True,False,True,2026-01-28 11:15:20,2026-01-28 11:15:20,2026-02-10 00:24:54
00d32ca0-f8b6-4bff-8ac5-a71d802e3fae,6ff158b7-8b99-4577-89ea-a98472bca897,bank_account,Bank_SA_3,5811,,True,True,True,2026-01-07 04:46:45,2026-01-07 04:46:45,2026-02-03 10:23:08
6cc7c979-8f99-449f-848c-6f66a8291aed,6ff158b7-8b99-4577-89ea-a98472bca897,debit_card,visa,8937,2028-10-03,False,True,True,2026-01-07 01:46:04,2026-01-07 01:46:04,2026-02-08 09:01:43
ad1af136-3fa7-413e-9a0d-83e67d91e496,cc03aa8a-d098-482d-b615-a6664a9e410c,debit_card,visa,3446,2031-01-20,True,True,True,2026-02-14 10:14:59,2026-02-14 10:14:59,2026-02-27 08:03:33
55b06748-4d79-4ee7-bf63-fe9d458ca4b5,cc03aa8a-d098-482d-b615-a6664a9e410c,bank_account,Bank_SA_6,4121,,False,True,True,2024-11-14 13:44:47,2024-11-14 13:44:47,2025-02-21 06:43:04
6a851cdf-1191-44c6-8f52-83c3f3ae7b9f,cc03aa8a-d098-482d-b615-a6664a9e410c,debit_card,mada,8641,2031-01-07,False,False,True,2023-11-28 01:17:49,2023-11-28 01:17:49,2025-09-23 07:34:30
0dcd355f-1967-4d5f-ba6b-d376a9546798,0ce77a76-3673-4bdc-aaf1-9d8e43735b05,credit_card,visa,3059,2028-11-24,True,True,True,2025-04-18 16:18:58,2025-04-18 16:18:58,2026-02-26 23:17:29
93f466d9-cbc7-47e0-bbe9-1edf3e5a4fe3,232a1764-f8aa-4bce-af11-360688916672,bank_account,Bank_SA_6,8224,,True,True,True,2025-06-28 23:17:03,2025-06-28 23:17:03,2025-09-06 19:13:09
36a1fadb-e56f-4941-a103-dee2b8487e58,b772eefa-2116-42c2-9d6e-b1092c0a605c,debit_card,mada,7179,2029-09-28,True,True,True,2025-12-05 00:27:49,2025-12-05 00:27:49,2025-12-06 20:36:49
36748e0d-48c8-4e5f-b772-9bbb6b91f78f,565c89ad-1af6-42c6-b776-497f41c34db4,bank_account,Bank_EG_7,3932,,True,True,True,2025-02-05 11:13:53,2025-02-05 11:13:53,2026-01-01 04:10:28
2d190305-3eb1-4dc4-8da1-e4a14bc126f1,565c89ad-1af6-42c6-b776-497f41c34db4,credit_card,meeza,3969,2030-05-04,False,True,True,2025-03-25 18:35:11,2025-03-25 18:35:11,2025-12-15 19:51:14
3c466301-1a1f-4fe3-8e60-98379e2a1f84,f573ec77-e72d-4537-b62e-887bdf9bacb9,credit_card,mastercard,7220,2031-01-29,True,True,True,2026-02-22 18:27:41,2026-02-22 18:27:41,2026-02-23 13:23:49
8b8cba81-a1e4-492c-b794-65169a0640b2,1312c57d-f7b4-4747-b8b7-812da616a578,wallet_balance,internal_wallet,,,True,True,True,2024-09-03 11:12:33,2024-09-03 11:12:33,2024-12-13 07:41:41
4f0769b0-5bab-40df-a102-d12a3e09526d,1312c57d-f7b4-4747-b8b7-812da616a578,bank_account,Bank_EG_8,6728,,False,True,True,2024-09-05 09:07:11,2024-09-05 09:07:11,2024-11-03 18:08:58
79a8bed5-0774-4e45-acc5-dddf3ce5b28d,46c08798-93fc-432f-b3e9-96072a128cc7,wallet_balance,internal_wallet,,,True,True,True,2025-06-19 18:35:31,2025-06-19 18:35:31,2025-06-30 21:42:02
bec66082-6269-41ca-91d8-f7c653901fb4,1a4bd73f-2492-4fc7-8d3f-e7b9eddeb0d6,debit_card,visa,2520,2027-12-10,True,True,True,2026-02-13 04:17:37,2026-02-13 04:17:37,2026-02-22 13:34:15
ec282d02-92dc-4001-b680-bff4090a5913,1a4bd73f-2492-4fc7-8d3f-e7b9eddeb0d6,bank_account,Bank_EG_5,3672,,False,False,True,2025-05-07 13:58:08,2025-05-07 13:58:08,2025-06-01 11:01:21
3c773f0d-910e-4d6d-98e8-313b96163c8c,e4527708-e5b0-49c2-9245-c47d3f98903c,bank_account,Bank_SA_9,7114,,True,True,True,2025-09-01 01:30:55,2025-09-01 01:30:55,2025-12-03 13:35:34
95ac1d09-070a-4c63-ab40-c3e70b19fa08,e4527708-e5b0-49c2-9245-c47d3f98903c,debit_card,mastercard,6670,2030-05-09,False,True,True,2023-05-14 16:53:07,2023-05-14 16:53:07,2023-11-21 07:32:20
8c77d591-d925-41bf-8354-22f526d01b29,ae428420-401d-4e53-91d2-cc39cbb984ac,debit_card,meeza,6552,2027-11-27,True,True,True,2025-02-19 11:59:24,2025-02-19 11:59:24,2025-11-06 15:42:05
ac651616-b2a3-4723-a10f-3202d272101d,a3e6d4e0-4cb1-421b-b505-15b7b957c80a,bank_account,Bank_EG_9,7767,,True,True,True,2024-06-13 22:55:36,2024-06-13 22:55:36,2025-12-11 06:19:57
304e6710-7f21-49bb-8721-70764d85173d,82812f59-96be-4a54-9852-e96066c80798,debit_card,visa,5769,2027-09-24,True,True,True,2026-02-16 20:28:53,2026-02-16 20:28:53,2026-02-22 07:03:03
1a571e20-da7d-4d37-b771-74f5cac9c934,82812f59-96be-4a54-9852-e96066c80798,credit_card,meeza,9637,2027-10-05,False,False,True,2026-02-11 08:04:34,2026-02-11 08:04:34,2026-02-20 18:00:41
5ad58789-e9ee-462e-9dbd-f8a512b9c632,8807e7cb-db32-4d4f-902c-5e301dd0922e,bank_account,Bank_SA_3,8693,,True,True,True,2024-06-21 01:59:06,2024-06-21 01:59:06,2025-05-12 15:18:57
d049ac43-4dac-478d-8212-ca821a2d899d,5f25473b-4154-4356-93d0-597eff426956,debit_card,mastercard,5346,2030-08-09,True,True,True,2026-02-21 06:39:08,2026-02-21 06:39:08,2026-02-21 15:09:19
07c060c1-e710-4050-b409-4176b9d0bcc2,366c1db3-047c-4b92-b77a-f81a6496614c,debit_card,meeza,5177,2027-06-24,True,True,True,2025-08-26 23:30:59,2025-08-26 23:30:59,2026-01-05 09:16:11
329bc6b9-6f24-4f68-899a-13914d4e9605,2bb51b8a-2e04-4c47-a385-685c27cdf77a,debit_card,mastercard,6957,2030-02-16,True,True,True,2026-02-17 17:39:06,2026-02-17 17:39:06,2026-02-28 02:11:40
97baf6bb-18b7-4789-b21b-c89eba43e724,2bb51b8a-2e04-4c47-a385-685c27cdf77a,credit_card,mastercard,4670,2029-05-01,False,True,True,2024-04-04 08:14:11,2024-04-04 08:14:11,2025-11-29 20:13:29
49ca60ae-74d5-4a0e-aa91-0c3ed1e72516,2bb51b8a-2e04-4c47-a385-685c27cdf77a,credit_card,visa,1620,2031-02-19,False,True,True,2025-06-30 03:52:57,2025-06-30 03:52:57,2025-10-02 10:53:23
95044a1b-90be-4d51-abab-4c68e0347740,defdbf2e-5a73-43fe-9c8c-0570fd478f22,bank_account,Bank_SA_10,9155,,True,True,True,2025-01-17 08:18:28,2025-01-17 08:18:28,2025-08-12 06:07:01
a50b6be1-622e-4b8c-a11f-d7af8d70ff74,defdbf2e-5a73-43fe-9c8c-0570fd478f22,credit_card,mada,6721,2031-01-23,False,True,True,2024-04-30 18:49:53,2024-04-30 18:49:53,2024-06-04 03:12:08
109d3fd2-4c6a-4bab-ac04-05b9c1908e5c,8e578c51-1a44-4a72-ab81-57852bdc38b4,debit_card,mastercard,7620,2028-06-20,True,True,True,2024-08-07 07:57:36,2024-08-07 07:57:36,2024-12-23 00:20:39
7fb51a04-b9d0-49c0-87b7-62abbb4a120f,45f18215-cfc5-4537-9d21-046213b41e9b,bank_account,Bank_SA_7,3123,,True,True,True,2026-02-24 09:42:21,2026-02-24 09:42:21,2026-03-02 18:10:24
b76092aa-24e1-497e-9acd-809e6a442fb2,45f18215-cfc5-4537-9d21-046213b41e9b,debit_card,visa,5995,2028-06-29,False,True,True,2026-02-27 10:07:02,2026-02-27 10:07:02,2026-03-02 01:45:02
6bef507d-276f-40b2-9f3d-64118b5e7b0d,34ac0894-e105-4647-ac41-92d910eac847,debit_card,amex,9339,2030-03-22,True,True,False,2025-11-19 15:17:55,2025-11-19 15:17:55,2025-11-28 18:49:01
61cf23a2-35b5-4589-8e42-2a32c0dbb5be,ae894a20-727d-466e-ae18-5313a221a035,debit_card,mada,7364,2028-09-25,True,True,True,2026-01-09 07:20:46,2026-01-09 07:20:46,2026-01-27 01:54:18
8dfe8b04-1329-4d14-9cbc-c884be371778,96dab040-4244-416e-b98c-f2274fe0e3ef,bank_account,Bank_EG_10,1642,,True,True,True,2026-01-19 11:13:21,2026-01-19 11:13:21,2026-02-26 09:55:18
d69b58a8-b367-4844-b314-24ca306ae7ad,0aa35d83-8a57-484e-8835-c4276d290a58,debit_card,visa,2996,2030-07-17,True,False,True,2026-03-04 01:46:29,2026-03-04 01:46:29,2026-03-04 04:45:06
7c24a32c-3e5c-4b0f-9227-f6ebd69b7e17,0aa35d83-8a57-484e-8835-c4276d290a58,bank_account,Bank_EG_2,5260,,False,True,True,2026-02-21 11:07:50,2026-02-21 11:07:50,2026-02-28 23:29:16
8f505752-9674-4ec6-b45a-6df0e4e81e32,0aa35d83-8a57-484e-8835-c4276d290a58,credit_card,mastercard,3510,2027-04-10,False,False,True,2026-03-01 18:21:32,2026-03-01 18:21:32,2026-03-04 01:03:04
c6e63f2e-0e09-455d-8c91-372c907bad5a,5279cf7a-dd0c-4e60-8bfc-341f975fd6d9,credit_card,amex,1255,2030-07-13,True,True,True,2025-09-13 19:54:24,2025-09-13 19:54:24,2025-10-28 11:43:01
01199e65-e56d-416f-a24c-b92836496ec2,5279cf7a-dd0c-4e60-8bfc-341f975fd6d9,bank_account,Bank_AE_6,8303,,False,True,True,2026-01-17 06:59:04,2026-01-17 06:59:04,2026-01-29 21:27:05
4f8cc82a-af85-46c2-a758-864e4b77c1bc,4aa02d4c-1bfb-4c52-9e73-92402bd9d99f,debit_card,meeza,3228,2028-12-11,True,True,True,2026-03-04 01:36:35,2026-03-04 01:36:35,2026-03-04 01:42:26
2ef8f7aa-8ca5-4524-b5a7-5044c056409f,4aa02d4c-1bfb-4c52-9e73-92402bd9d99f,bank_account,Bank_EG_10,8014,,False,True,True,2026-02-26 20:57:33,2026-02-26 20:57:33,2026-03-04 06:53:06
e46c3cc6-d097-4786-9c6a-27c93af3f675,d0fa611d-e3c1-4b90-b94b-b93c3b6404b8,debit_card,visa,9201,2028-08-14,True,True,False,2025-09-16 15:36:42,2025-09-16 15:36:42,2025-12-04 16:18:39
ef63ac58-f0a0-481d-bc07-4236776526dd,d0fa611d-e3c1-4b90-b94b-b93c3b6404b8,debit_card,mastercard,4321,2027-07-26,False,False,True,2024-07-23 02:38:47,2024-07-23 02:38:47,2025-11-17 17:07:08
6c9e5df5-f732-4ddf-acd3-141755891b33,a317210f-1fcf-4745-9b01-bee13772c5f4,credit_card,mastercard,9426,2028-08-16,True,True,True,2024-06-04 06:56:19,2024-06-04 06:56:19,2024-12-23 00:06:23
ebdc136d-1f37-4963-8a72-c76bc5f1a986,a317210f-1fcf-4745-9b01-bee13772c5f4,credit_card,visa,3611,2028-08-16,False,True,True,2024-01-19 13:40:06,2024-01-19 13:40:06,2025-05-17 01:59:11
377b4317-a0c4-4b46-b81b-cf7db3b15733,e7f1ceda-7c51-42a6-9067-d9c6d973c4a9,debit_card,meeza,5730,2027-10-26,True,True,True,2025-09-23 09:48:09,2025-09-23 09:48:09,2025-12-19 21:55:12
3265dcef-c5f8-40d8-8ff1-f8b115f0379a,c2323f48-b937-4367-a1a7-55a0d48fec12,debit_card,visa,2930,2030-12-19,True,True,True,2025-05-05 22:58:45,2025-05-05 22:58:45,2025-12-17 17:44:02
5a68e611-f3d8-4518-b642-524b11d607f4,a02fc7ea-cbcb-4f5b-bff3-286cb36f58fa,bank_account,Bank_EG_10,3078,,True,True,True,2025-08-14 12:19:13,2025-08-14 12:19:13,2025-11-01 01:07:25
f528ba20-d8cf-48f9-84a3-ddec5d0c57df,a02fc7ea-cbcb-4f5b-bff3-286cb36f58fa,debit_card,visa,8105,2028-04-07,False,False,True,2025-07-21 14:03:13,2025-07-21 14:03:13,2026-01-15 07:16:49
16d052aa-dba7-461a-85a9-98191a1b1935,05d314b2-4a63-4be9-b99f-48cba14bd179,debit_card,visa,3193,2028-03-26,True,True,True,2025-05-25 07:21:16,2025-05-25 07:21:16,2025-08-02 04:42:36
d1a04de8-ba93-4c89-aaa3-16d0d757f8fe,14870e6c-984f-41e4-8255-71f2035d8524,credit_card,visa,1950,2029-08-12,True,True,True,2025-11-04 23:03:30,2025-11-04 23:03:30,2026-01-19 09:22:09
9a9f5f87-2ee7-4c0a-b4ed-6881c1f4e23c,14870e6c-984f-41e4-8255-71f2035d8524,bank_account,Bank_SA_10,4775,,False,False,False,2025-08-15 00:17:28,2025-08-15 00:17:28,2025-08-28 16:22:52
ce7e2959-a096-42cd-a998-8a7aa11a46c5,14870e6c-984f-41e4-8255-71f2035d8524,debit_card,mada,4532,2028-07-18,False,True,True,2025-06-16 06:34:56,2025-06-16 06:34:56,2025-09-15 15:17:30
a8d1ceee-1525-4dd8-a55b-e373716f463e,cd1ec553-6d33-41b8-85cc-90c82d86d56a,debit_card,amex,5032,2027-06-16,True,True,True,2025-10-05 13:13:05,2025-10-05 13:13:05,2025-11-27 17:07:58
71155f10-da97-459b-8555-5c8abf1b1094,8a0be7f4-be61-486d-b206-9879a7b2f8a0,wallet_balance,internal_wallet,,,True,True,True,2024-10-07 05:49:07,2024-10-07 05:49:07,2025-10-16 17:13:20
05569103-a19d-489e-a622-ef1e373fa45f,98096a44-6336-4be5-ba36-5cd98dbafbda,credit_card,amex,9948,2029-01-17,True,True,True,2026-01-22 00:22:01,2026-01-22 00:22:01,2026-01-28 19:15:23
01da0393-db0a-44a5-8a77-7d8ac074938a,98096a44-6336-4be5-ba36-5cd98dbafbda,wallet_balance,internal_wallet,,,False,True,True,2025-11-29 23:35:23,2025-11-29 23:35:23,2025-12-09 07:17:00
3534c958-d364-44a0-b04c-817168edc8f3,e102c6d8-3b1b-4ca4-9eb0-5196a8ab1f63,credit_card,visa,7329,2030-02-25,True,True,True,2024-06-04 21:11:31,2024-06-04 21:11:31,2025-09-03 12:52:53
59ce6a27-b19d-47d7-acc5-8961275c9739,c5b03d84-af94-4746-9486-57a4dc6cafa2,wallet_balance,internal_wallet,,,True,True,True,2024-12-28 03:14:06,2024-12-28 03:14:06,2025-08-05 10:50:50
86e2d0b1-2596-474e-a832-a55c24ac7a02,c5b03d84-af94-4746-9486-57a4dc6cafa2,debit_card,mastercard,5928,2029-08-05,False,True,True,2023-09-29 20:28:08,2023-09-29 20:28:08,2024-11-14 05:35:18
b60e09a9-4e91-4178-abf0-a311065dee77,c5b03d84-af94-4746-9486-57a4dc6cafa2,bank_account,Bank_QA_10,6462,,False,True,False,2025-03-02 02:21:00,2025-03-02 02:21:00,2026-01-11 23:24:49
c42d6319-9f80-491e-9169-27991c26b66c,c176aaaf-a498-4613-9883-9619105a8e52,bank_account,Bank_QA_7,6509,,True,True,True,2025-11-13 10:03:50,2025-11-13 10:03:50,2026-01-23 07:22:43
9282e95e-0fcd-43dd-8a9f-fe7a4da3e238,6b69757a-7110-413d-9822-79da34c6daed,bank_account,Bank_QA_9,5639,,True,True,True,2024-05-04 14:34:43,2024-05-04 14:34:43,2024-07-11 21:51:28
6bc7c720-fb44-4c1b-9fb8-02d38f6f3620,b8ed3b42-4103-4136-b462-1ef7bfa099db,wallet_balance,internal_wallet,,,True,True,True,2025-08-26 22:27:43,2025-08-26 22:27:43,2025-10-15 20:31:24
64402616-9f6c-402c-9dc8-ca30958177d0,b8ed3b42-4103-4136-b462-1ef7bfa099db,bank_account,Bank_EG_8,6322,,False,False,True,2024-04-02 16:03:20,2024-04-02 16:03:20,2025-04-12 10:19:41
7535f39a-01c0-471d-92d8-296060860dd0,f009488f-2108-472f-ba5b-d9d311389fa0,bank_account,Bank_SA_4,5265,,True,True,True,2026-01-05 22:09:27,2026-01-05 22:09:27,2026-02-08 00:07:30
263dfabd-507e-4906-a401-23656950ee4b,f009488f-2108-472f-ba5b-d9d311389fa0,debit_card,mastercard,4973,2029-09-29,False,True,True,2025-09-03 23:21:07,2025-09-03 23:21:07,2025-10-05 14:29:14
e1e685b0-b1f8-413d-865b-f62c455ced4e,46e12884-7857-411c-a081-9cacf0ff68e5,bank_account,Bank_EG_9,3614,,True,True,True,2025-09-25 03:28:36,2025-09-25 03:28:36,2025-10-18 13:49:41
155ebd45-5064-4b5e-9843-76b14b59b8fc,46e12884-7857-411c-a081-9cacf0ff68e5,wallet_balance,internal_wallet,,,False,False,True,2025-11-22 12:19:27,2025-11-22 12:19:27,2026-02-12 16:25:00
cb619364-56e1-4581-a941-c36b571ae0ed,ce46f47b-de93-42a0-aeec-38fe0bc0367e,bank_account,Bank_EG_9,4846,,True,True,True,2025-12-14 09:49:54,2025-12-14 09:49:54,2026-02-18 00:39:00
dc09ae80-15c7-497c-a98b-be765312425c,ce46f47b-de93-42a0-aeec-38fe0bc0367e,bank_account,Bank_EG_8,7584,,False,True,True,2025-08-12 08:02:04,2025-08-12 08:02:04,2025-11-17 02:37:50
263ba5ed-fa10-4355-869b-0ba0d3dab8fe,0f3a9475-6061-4dbb-81db-bf2a58d76548,credit_card,visa,9547,2030-03-28,True,True,True,2025-06-15 06:33:49,2025-06-15 06:33:49,2025-07-03 04:17:26
31e6bf11-5665-4b01-8f13-b5864261855e,0f3a9475-6061-4dbb-81db-bf2a58d76548,wallet_balance,internal_wallet,,,False,True,True,2025-04-10 21:44:18,2025-04-10 21:44:18,2025-04-23 20:03:58
7e711152-4ee9-462a-ade2-1938404e0c95,9e81947e-098a-45aa-8413-c259f1a0fb37,debit_card,visa,7272,2030-06-04,True,True,True,2025-07-25 20:20:05,2025-07-25 20:20:05,2026-01-04 18:06:48
18514a50-73df-4045-8bd5-fdb426f74fd2,9e81947e-098a-45aa-8413-c259f1a0fb37,credit_card,mastercard,8736,2029-04-10,False,True,True,2025-07-03 13:00:02,2025-07-03 13:00:02,2025-09-23 20:43:23
65db737b-b2ea-4560-a2a2-5aeab368f770,5154ae14-3204-485e-bec9-d7bd0c24a279,credit_card,mastercard,8930,2031-02-16,True,True,True,2025-11-18 09:01:59,2025-11-18 09:01:59,2026-01-10 06:46:59
37536647-0555-4983-83a1-663fc45f7343,5154ae14-3204-485e-bec9-d7bd0c24a279,wallet_balance,internal_wallet,,,False,False,True,2026-02-28 00:47:43,2026-02-28 00:47:43,2026-03-03 13:29:25
d6b3a4dc-00f8-43db-b9a8-41f89815e8dc,4d85bbaa-3579-4ec7-a5d2-bfe528af4a58,debit_card,mastercard,4150,2028-01-28,True,True,True,2025-11-13 12:20:35,2025-11-13 12:20:35,2025-11-20 23:23:55
9f2dab6d-2241-4392-b8a4-a25e162d4b97,4d85bbaa-3579-4ec7-a5d2-bfe528af4a58,bank_account,Bank_QA_9,1404,,False,True,True,2025-08-30 06:56:59,2025-08-30 06:56:59,2025-10-22 11:45:54
4b690aa0-6133-4e53-8f42-cf0d569f0541,fa1f96d9-f803-4ac8-8924-be88fb849a96,debit_card,mada,1026,2027-09-27,True,False,True,2025-12-09 16:35:26,2025-12-09 16:35:26,2025-12-21 07:54:53
b79d8f08-ebc3-4969-a33c-c638ec4450ae,fa1f96d9-f803-4ac8-8924-be88fb849a96,credit_card,mastercard,9710,2027-08-30,False,True,True,2025-07-16 16:46:05,2025-07-16 16:46:05,2026-02-07 15:36:19
a921b886-1565-4ed1-8e45-f29084ba4364,918e9a14-e041-4593-a463-3653ca35a7c4,bank_account,Bank_SA_10,9221,,True,True,True,2025-01-06 18:24:42,2025-01-06 18:24:42,2025-05-27 18:05:47
bb117a7f-59b7-430c-a4a0-2e97b51fcbc8,918e9a14-e041-4593-a463-3653ca35a7c4,credit_card,mastercard,9703,2029-09-25,False,True,True,2024-11-14 22:50:51,2024-11-14 22:50:51,2025-09-14 23:29:28
7719f97e-4bcd-4dd6-aeb1-eb22edb5de53,ff45e03d-2194-4b6f-b0ba-cafdfcc60054,debit_card,mastercard,1815,2028-07-19,True,True,True,2025-05-27 02:14:44,2025-05-27 02:14:44,2025-05-29 19:30:12
19c18f6f-1ac9-4d22-b1b5-8c74de1b087a,ff45e03d-2194-4b6f-b0ba-cafdfcc60054,wallet_balance,internal_wallet,,,False,True,True,2025-11-23 08:48:34,2025-11-23 08:48:34,2026-01-15 09:02:20
9c6c02ec-5c99-45c6-beac-25730badd360,0f8b3fef-8a0a-4642-817c-66db29e8ac07,credit_card,visa,1855,2030-03-26,True,True,True,2024-11-03 09:08:58,2024-11-03 09:08:58,2025-12-04 16:38:00
8b5bf5f3-ade1-4e91-b239-64d64c6ad0bf,0f8b3fef-8a0a-4642-817c-66db29e8ac07,credit_card,mastercard,1830,2030-10-28,False,False,True,2024-06-25 16:01:19,2024-06-25 16:01:19,2025-10-27 23:26:38
2d7f75a6-cd11-49ca-bf8e-2baf6d0051ce,0f8b3fef-8a0a-4642-817c-66db29e8ac07,credit_card,mastercard,7873,2029-05-12,False,True,True,2025-09-18 23:26:23,2025-09-18 23:26:23,2025-11-17 15:46:37
6fa666d8-f4e0-4c97-9244-497c52715629,e37a52f2-6964-4b52-b9ef-b78361d620b8,bank_account,Bank_EG_2,5031,,True,True,True,2025-08-31 11:02:13,2025-08-31 11:02:13,2025-10-28 05:30:54
4a8151bd-bed7-46e0-8714-aa86c0d373d8,06b0205a-a2d8-4dcc-be57-7c2ade33f773,debit_card,visa,3500,2030-01-09,True,True,True,2025-04-06 14:56:02,2025-04-06 14:56:02,2025-11-16 06:35:50
52860760-bb1e-4652-832e-a7b03196742e,c963b9f2-c8f7-4e14-887f-40e3e2e99bc8,wallet_balance,internal_wallet,,,True,True,True,2025-11-03 10:59:23,2025-11-03 10:59:23,2026-01-06 15:48:38
c0072a21-10c9-4053-ab0d-ed221ed79977,c963b9f2-c8f7-4e14-887f-40e3e2e99bc8,bank_account,Bank_EG_5,9171,,False,False,True,2025-07-25 07:34:07,2025-07-25 07:34:07,2025-11-11 16:25:57
21aa6993-f572-4dcc-af67-4aa8bfc7a25f,edca8a1f-f481-49a2-89fe-9b1b9e7d95e1,bank_account,Bank_EG_8,3533,,True,False,True,2024-07-20 16:05:18,2024-07-20 16:05:18,2025-12-31 10:26:40
b91b764c-1633-4a68-957c-8003ab1cc761,81f7b41b-94ab-4b62-b4ec-946e4565e293,wallet_balance,internal_wallet,,,True,False,True,2024-10-23 18:17:41,2024-10-23 18:17:41,2025-09-02 01:57:29
6fbaf147-4979-4418-913e-7638c6c90bdf,81f7b41b-94ab-4b62-b4ec-946e4565e293,bank_account,Bank_SA_3,2878,,False,True,True,2024-12-17 04:40:11,2024-12-17 04:40:11,2025-05-30 13:22:07
f87913d6-f4f0-4869-bce8-ae4ea9ea7241,81f7b41b-94ab-4b62-b4ec-946e4565e293,credit_card,visa,4941,2027-10-02,False,True,True,2024-11-20 16:59:38,2024-11-20 16:59:38,2025-12-24 21:04:51
75fc1e65-5926-4f88-8422-8dfbac67f0b5,9b682085-70ff-4f89-bdfe-2deeac2c66a4,debit_card,meeza,5963,2027-04-18,True,True,True,2025-10-06 14:16:26,2025-10-06 14:16:26,2025-11-04 08:38:54
e107bfd4-9cec-410f-89be-e8b9f4c90dee,08c558aa-90e0-47ee-8c2c-a0a7c456eddc,credit_card,visa,4795,2029-06-29,True,True,True,2026-01-05 10:07:42,2026-01-05 10:07:42,2026-02-12 20:04:49
61c3115f-142c-4b8e-8b83-40ba2ca44b1f,08c558aa-90e0-47ee-8c2c-a0a7c456eddc,debit_card,visa,1086,2027-07-20,False,True,True,2025-12-10 14:52:36,2025-12-10 14:52:36,2025-12-17 18:38:29
0861b84f-cf6c-446b-b5c6-520ca14f020a,37c49d75-62b6-4e3f-919a-c7f707a3ac9f,debit_card,visa,5827,2029-07-13,True,True,True,2026-01-31 04:14:43,2026-01-31 04:14:43,2026-02-24 15:46:46
505ca63c-9bf2-4861-a050-e392e67da631,37c49d75-62b6-4e3f-919a-c7f707a3ac9f,debit_card,meeza,2603,2030-10-24,False,True,True,2026-01-05 09:26:46,2026-01-05 09:26:46,2026-01-23 09:00:28
3ee3f6e6-5165-44a9-9369-f7c66fbb8d1a,37c49d75-62b6-4e3f-919a-c7f707a3ac9f,debit_card,visa,4102,2030-08-21,False,True,True,2026-01-06 18:37:46,2026-01-06 18:37:46,2026-02-19 18:19:16
7c1e8eb9-745c-4695-9266-728d504e7e95,d4d4a236-f123-4e6d-a6ef-6bce39a5bd05,wallet_balance,internal_wallet,,,True,True,True,2024-03-26 22:55:35,2024-03-26 22:55:35,2024-09-08 20:08:06
6b37e717-0e0c-420b-8d19-ad66d33e7f73,fb643b89-796d-475d-8fe6-3f5ee70bd7db,credit_card,mastercard,1598,2028-09-23,True,True,True,2025-09-19 22:14:28,2025-09-19 22:14:28,2025-10-27 07:37:07
0c419338-28c9-49e1-a001-e5d557e3d639,fb643b89-796d-475d-8fe6-3f5ee70bd7db,credit_card,meeza,4723,2029-04-15,False,True,True,2025-01-20 07:05:41,2025-01-20 07:05:41,2026-02-09 22:58:05
f5736545-bede-40c0-bd3f-edf7edfcb772,eae736f8-b7c6-4128-96dc-671605341cea,wallet_balance,internal_wallet,,,True,False,True,2025-07-19 01:54:13,2025-07-19 01:54:13,2025-08-09 21:40:27
ab2e347a-a498-4a1b-9382-03baf5885979,eae736f8-b7c6-4128-96dc-671605341cea,bank_account,Bank_SA_10,5256,,False,True,False,2025-05-10 18:17:51,2025-05-10 18:17:51,2025-09-13 06:08:39
994c4924-0ed6-42b9-982a-fd53e9e30820,eae736f8-b7c6-4128-96dc-671605341cea,wallet_balance,internal_wallet,,,False,True,True,2025-12-07 07:14:07,2025-12-07 07:14:07,2025-12-26 04:45:10
c1941b90-e9de-41a2-b077-b08cdbc0d042,2a718588-5b9b-420f-8ca8-0a823e27bb1f,credit_card,mastercard,9717,2028-10-15,True,True,True,2023-09-19 08:16:21,2023-09-19 08:16:21,2024-04-21 14:15:05
fbd2f8d5-9f8a-407e-8b68-8835d3a7e9be,8120ee92-61c9-4ede-8bc5-f7fa9e91085c,wallet_balance,internal_wallet,,,True,True,True,2026-01-03 05:55:15,2026-01-03 05:55:15,2026-02-07 22:48:05
490fda7c-3dbf-46db-a3a6-83e2f1292e70,21d5fa12-bd6c-458d-93e2-e5b08a396b1a,credit_card,visa,7952,2028-02-27,True,True,True,2025-12-23 22:08:32,2025-12-23 22:08:32,2026-01-17 04:20:24
1b0f8db2-8b11-4aad-a592-1c36ada5c46b,21d5fa12-bd6c-458d-93e2-e5b08a396b1a,debit_card,amex,7852,2028-01-07,False,True,True,2026-01-19 21:41:17,2026-01-19 21:41:17,2026-02-01 09:54:13
bab08212-5ace-4885-bdad-cefd44c77553,21d5fa12-bd6c-458d-93e2-e5b08a396b1a,debit_card,visa,2159,2029-09-04,False,True,True,2026-01-27 02:45:21,2026-01-27 02:45:21,2026-03-03 13:33:17
26c3acf9-0814-485c-ac58-8e2dfbbf6faa,e325e3db-cf39-4188-aa7d-da9530daace2,debit_card,mada,9411,2030-06-29,True,True,True,2025-06-14 08:49:27,2025-06-14 08:49:27,2025-11-24 20:33:11
09d00e54-7534-476a-b4b4-a00b58fa62f0,4cb070ea-4868-4823-8084-ccbc4699b39c,bank_account,Bank_KW_8,7710,,True,False,True,2025-03-31 21:30:16,2025-03-31 21:30:16,2025-04-14 07:10:16
26cd1851-ff5e-4ba1-a4d3-1c64e5aca530,4cb070ea-4868-4823-8084-ccbc4699b39c,wallet_balance,internal_wallet,,,False,True,True,2023-11-24 01:15:44,2023-11-24 01:15:44,2024-07-22 02:36:07
2c779f3a-3945-405c-9a08-a88a55a64a82,4cb070ea-4868-4823-8084-ccbc4699b39c,wallet_balance,internal_wallet,,,False,True,True,2024-01-06 13:03:36,2024-01-06 13:03:36,2025-07-11 13:52:08
6ea77821-1a67-4841-9565-d734bedd1305,1b054d7e-3052-402e-997d-09235ed6393b,wallet_balance,internal_wallet,,,True,True,True,2026-01-06 03:56:00,2026-01-06 03:56:00,2026-02-26 20:12:42
7768f6b5-ffd4-4dad-8703-53c3f26ed3ae,c1a4f08a-f1fc-4a6f-bc2a-813c4f65768f,wallet_balance,internal_wallet,,,True,True,True,2026-03-03 15:11:04,2026-03-03 15:11:04,2026-03-03 20:33:19
191667c5-1e8b-4849-b71b-a911e6724092,8bfa6188-7fe4-4d63-93cd-170d3537f6c0,debit_card,mada,3280,2030-02-13,True,True,False,2025-09-12 16:59:36,2025-09-12 16:59:36,2026-02-26 06:02:06
6a3bdb86-5774-4fea-a471-f0e5308fd1a3,78705b8c-eccb-4566-8180-f6ce3dca3b37,credit_card,amex,6092,2029-12-01,True,True,True,2026-02-07 02:15:42,2026-02-07 02:15:42,2026-02-08 20:38:54
b1ef8b5a-56ae-4208-8626-2ad20884f6e6,78705b8c-eccb-4566-8180-f6ce3dca3b37,debit_card,amex,2572,2027-09-17,False,True,True,2025-09-07 19:15:31,2025-09-07 19:15:31,2025-10-13 12:33:51
c0f9ba09-4e78-4bdc-9ece-5305582276cb,3bd67024-ba02-4dd5-a228-7b82930966cb,wallet_balance,internal_wallet,,,True,False,True,2026-02-16 18:18:19,2026-02-16 18:18:19,2026-02-17 23:40:29
8405fee3-1211-4496-8e9c-51bf3ea3454f,3bd67024-ba02-4dd5-a228-7b82930966cb,debit_card,visa,4415,2027-03-22,False,True,True,2026-02-25 09:21:51,2026-02-25 09:21:51,2026-02-27 22:47:07
3ab5e87d-dc3f-4400-b066-339cf9c06009,3bd67024-ba02-4dd5-a228-7b82930966cb,credit_card,mada,7345,2030-12-04,False,False,True,2026-02-09 04:11:14,2026-02-09 04:11:14,2026-02-21 11:05:25
ca047753-8286-44cb-8c2d-9dadfc4cc705,0a1baaa8-df52-4836-a870-920d47788479,credit_card,mada,3745,2030-11-20,True,True,True,2025-04-30 07:14:13,2025-04-30 07:14:13,2025-05-12 03:12:19
acf68288-8ba6-4818-b058-d5ee34a9a020,4eed4f03-b0fe-470d-8c41-346a5626a124,credit_card,visa,1074,2030-04-12,True,True,True,2025-10-13 03:50:17,2025-10-13 03:50:17,2025-12-01 06:35:59
29076c3b-ac3e-4faa-af27-11c63c3962cf,4eed4f03-b0fe-470d-8c41-346a5626a124,debit_card,visa,8856,2028-06-15,False,True,True,2025-12-07 05:36:32,2025-12-07 05:36:32,2026-02-27 13:02:33
7d2fdb2a-ec5a-4f3f-bfaf-1ca0f7e7d8d2,55e6dc64-3b19-42bf-95cb-bdeb22930f2a,bank_account,Bank_SA_1,5262,,True,True,True,2025-02-09 11:39:16,2025-02-09 11:39:16,2025-08-02 08:40:37
74c02051-11a2-4473-9128-2f4413ebbb83,c63bac29-1c00-4cf4-89fa-6d1aadc36ba7,wallet_balance,internal_wallet,,,True,True,True,2025-11-27 11:39:55,2025-11-27 11:39:55,2025-12-28 18:59:59
8988e8fe-544b-4bbc-b2f6-b3a86d6cd36a,c63bac29-1c00-4cf4-89fa-6d1aadc36ba7,wallet_balance,internal_wallet,,,False,True,True,2025-04-21 01:14:03,2025-04-21 01:14:03,2025-11-13 00:53:30
f16de531-dbfe-48db-af02-bda6ae15021a,c63bac29-1c00-4cf4-89fa-6d1aadc36ba7,debit_card,mastercard,2748,2030-11-12,False,True,True,2025-11-14 01:50:51,2025-11-14 01:50:51,2025-11-16 15:06:34
d066c02f-30f3-4532-9536-ca7e36152020,512b81d9-7cd3-4bff-a857-59bb1e754ab9,debit_card,mastercard,8636,2027-09-19,True,True,True,2026-02-24 16:19:08,2026-02-24 16:19:08,2026-02-26 21:12:00
3ab74198-59c7-4a70-9dea-6d43d9fba3b2,b574365a-e223-4fc9-9394-4e2742852e67,debit_card,visa,7378,2029-04-06,True,True,True,2025-12-18 12:53:52,2025-12-18 12:53:52,2026-01-28 00:41:58
742503ba-8a12-49fe-bd14-137c8d147ae1,b574365a-e223-4fc9-9394-4e2742852e67,wallet_balance,internal_wallet,,,False,True,True,2026-02-03 19:42:32,2026-02-03 19:42:32,2026-02-05 00:54:51
8c3c1541-68c3-4c99-b736-88343671071f,d4285134-1df1-4ec0-a655-a2816c8256ab,debit_card,mastercard,9425,2027-03-17,True,True,True,2025-11-25 07:07:43,2025-11-25 07:07:43,2026-02-22 09:17:59
7009cfc5-d206-42d9-a2fa-79f04d67aa88,d4285134-1df1-4ec0-a655-a2816c8256ab,wallet_balance,internal_wallet,,,False,True,True,2025-07-01 10:14:37,2025-07-01 10:14:37,2025-10-26 23:26:28
ee410b3c-6539-40d3-bc69-21dc585465c6,641693cf-7da1-49d1-886d-f40b25b2d152,bank_account,Bank_AE_2,7110,,True,True,True,2025-01-19 04:24:53,2025-01-19 04:24:53,2025-08-24 00:26:11
f63a8e37-6394-4de5-8736-5397df89b0b4,03a33790-d27b-4c89-a0e0-9fbaa82c8492,credit_card,mastercard,4301,2029-05-14,True,True,True,2025-04-22 15:28:20,2025-04-22 15:28:20,2026-01-02 18:57:33
c609d492-f03c-4588-bfcb-77ee27cc3194,cc5c44d8-3dc8-4d61-90b5-a7ca52dd7aad,bank_account,Bank_AE_7,4599,,True,True,True,2025-07-21 12:07:55,2025-07-21 12:07:55,2025-09-30 22:14:59
719d96a0-7c24-471f-b2f2-6af90e992cfe,cc5c44d8-3dc8-4d61-90b5-a7ca52dd7aad,credit_card,visa,7963,2030-10-18,False,True,True,2025-02-25 04:33:24,2025-02-25 04:33:24,2026-02-11 19:36:42
43b66415-148a-4f0a-9054-35e09c63e355,cc5c44d8-3dc8-4d61-90b5-a7ca52dd7aad,credit_card,visa,2325,2027-08-08,False,True,True,2025-05-09 03:20:07,2025-05-09 03:20:07,2025-12-10 02:06:23
0a49caeb-ed77-4247-bc45-251b62f8c8b3,0e83f0d6-6cf3-4f04-b001-6e5457b7f31e,credit_card,visa,4051,2029-12-21,True,True,True,2024-08-28 09:31:48,2024-08-28 09:31:48,2025-02-08 00:27:34
de38f8d0-52d1-4047-b728-3d3937cd3bb8,0e83f0d6-6cf3-4f04-b001-6e5457b7f31e,credit_card,visa,1243,2029-10-16,False,True,True,2025-08-28 00:44:19,2025-08-28 00:44:19,2025-11-22 05:25:21
0b90dd33-d4d7-499c-9bb0-bf297643c41f,0e83f0d6-6cf3-4f04-b001-6e5457b7f31e,bank_account,Bank_SA_1,2526,,False,True,True,2024-07-04 02:31:10,2024-07-04 02:31:10,2024-12-26 08:44:29
1875e5c6-3919-461e-b2da-9989efec4e00,d720a6bf-85e3-4896-8de9-42a337d5b159,bank_account,Bank_AE_5,7623,,True,True,True,2026-01-12 12:21:41,2026-01-12 12:21:41,2026-01-14 20:22:04
26e9b9c4-bfa2-4caa-91c3-2bf5245a431e,c294787f-9041-4ecf-a1da-95df6ec8f715,credit_card,visa,1633,2030-09-05,True,True,True,2026-01-19 00:36:51,2026-01-19 00:36:51,2026-01-23 16:09:24
5276491c-4189-4c2c-bc38-6ba260e14029,a8a59f03-b42e-4a8b-8474-7a87c7c81393,debit_card,amex,8526,2028-11-06,True,True,True,2024-10-19 22:53:52,2024-10-19 22:53:52,2025-07-29 22:30:35
5678a3d5-9b1f-4db3-b5ac-a9cb8757ace3,a8a59f03-b42e-4a8b-8474-7a87c7c81393,bank_account,Bank_AE_4,7626,,False,True,True,2025-11-27 18:55:48,2025-11-27 18:55:48,2026-01-28 06:00:03
e0940ccb-1e04-45a8-8e91-ebb9a0f34f24,d438dc76-f7e3-476c-8ac2-48b3ae0cd78d,debit_card,mastercard,4400,2027-06-07,True,True,True,2025-05-23 07:05:43,2025-05-23 07:05:43,2025-06-07 10:08:30
5296d227-f329-4217-9ee2-390a546bc131,d438dc76-f7e3-476c-8ac2-48b3ae0cd78d,credit_card,visa,4332,2027-08-16,False,True,True,2025-01-01 18:14:11,2025-01-01 18:14:11,2025-09-23 22:13:36
518bd3cb-fd0e-4d25-8368-b916e2517a9b,4048f74d-abe0-43bc-b169-2adc66231e90,bank_account,Bank_EG_5,4150,,True,True,True,2026-01-25 01:30:01,2026-01-25 01:30:01,2026-02-04 07:16:26
cf024f37-de01-4ca2-95da-45ee3bd08d82,6802a8e6-6d5e-4494-93f8-4ab3d42bfd08,credit_card,mastercard,9058,2028-09-24,True,True,False,2024-06-29 09:28:54,2024-06-29 09:28:54,2025-03-25 09:16:11
dae8a957-ea8f-4fbb-a836-1deb7bcb36c5,d1ee4e91-7bb6-4335-9499-9dee689a64b7,bank_account,Bank_EG_2,7700,,True,True,True,2024-12-25 11:01:45,2024-12-25 11:01:45,2025-06-07 13:01:15
57efef47-6793-4fbd-8126-21d2a7fcf08e,d1ee4e91-7bb6-4335-9499-9dee689a64b7,credit_card,meeza,8589,2028-01-02,False,True,True,2024-10-30 02:27:42,2024-10-30 02:27:42,2025-07-19 08:21:50
9207753e-aa66-4e57-b01a-eb467392fb87,d1ee4e91-7bb6-4335-9499-9dee689a64b7,debit_card,visa,8726,2028-03-02,False,True,True,2025-09-10 02:29:53,2025-09-10 02:29:53,2026-02-26 23:53:21
ee0f463a-9af0-42ef-bf4c-0ac12716fba1,1530df62-5310-463f-8d41-aaa862a3baca,bank_account,Bank_SA_2,8410,,True,True,True,2024-12-09 21:16:46,2024-12-09 21:16:46,2025-03-09 23:23:10
8ca94df4-0faa-4d39-b853-ddd5a7f0e9f6,0ebd8c6f-f8cd-475c-ba59-d8cdb59bfe19,debit_card,knet,5566,2027-09-20,True,True,True,2026-02-07 02:55:49,2026-02-07 02:55:49,2026-03-03 19:06:33
f863a05b-57a0-4bc5-9036-5a57e863c245,8f7f5517-8382-433f-b5fa-5d4e25476ceb,debit_card,visa,3889,2029-10-22,True,True,True,2025-12-16 20:19:57,2025-12-16 20:19:57,2026-01-17 12:50:13
55de98ef-cfbe-4194-9242-5094964a1cea,8f7f5517-8382-433f-b5fa-5d4e25476ceb,bank_account,Bank_AE_3,5664,,False,True,True,2025-11-03 16:48:21,2025-11-03 16:48:21,2026-01-29 19:43:23
32b174c5-68c2-49b7-8b05-479372aee9dc,b254f411-0971-4921-b249-5451de8001f0,debit_card,visa,7263,2029-03-27,True,True,True,2025-11-24 20:38:11,2025-11-24 20:38:11,2026-03-01 04:17:22
0a23b8ed-6a18-48b0-859f-62d0e8411a5d,0e3a00d8-a9f7-46ac-8a2e-bdcd0d96028a,debit_card,visa,7856,2029-09-10,True,True,True,2024-03-20 13:55:23,2024-03-20 13:55:23,2026-02-09 06:47:08
3ce44925-b1bc-46e5-b46e-a408ff09ce02,0e3a00d8-a9f7-46ac-8a2e-bdcd0d96028a,bank_account,Bank_EG_1,4730,,False,True,True,2023-08-27 05:39:29,2023-08-27 05:39:29,2025-06-05 00:58:57
0995b73f-72da-4f16-869b-de05cfd05502,25b03684-6ed7-4257-af53-c1240f301bb1,debit_card,mada,8146,2029-09-09,True,True,True,2025-12-09 08:52:12,2025-12-09 08:52:12,2026-02-26 13:32:54
2d7ddc36-86ae-41e5-a9dd-a3867de6d7ec,25b03684-6ed7-4257-af53-c1240f301bb1,debit_card,visa,1908,2029-06-28,False,True,True,2025-11-05 23:24:08,2025-11-05 23:24:08,2026-01-07 14:29:37
e1cff2bd-2398-4bec-b3f4-f2bf0b60ed17,c4b4fb5f-656e-4507-9a35-9e88a752d3e5,bank_account,Bank_EG_5,2034,,True,False,True,2025-03-18 15:33:26,2025-03-18 15:33:26,2025-09-02 21:11:20
fe5ace53-501c-4454-bad2-3f85dbb21fe0,81411b37-2270-4806-88e2-2c5e41e54f73,wallet_balance,internal_wallet,,,True,True,True,2025-03-13 01:48:05,2025-03-13 01:48:05,2025-09-30 23:24:46
77813944-5c1a-4a64-9d6e-d7b31b74d1c2,81411b37-2270-4806-88e2-2c5e41e54f73,debit_card,meeza,9908,2029-12-05,False,True,True,2026-01-04 21:28:45,2026-01-04 21:28:45,2026-02-25 19:07:35
97a46755-aa2e-4d68-b2d3-f7de7219c5a9,81411b37-2270-4806-88e2-2c5e41e54f73,wallet_balance,internal_wallet,,,False,True,True,2025-04-27 18:21:47,2025-04-27 18:21:47,2025-11-06 13:43:13
7bcd9724-218d-4478-bee2-522b8df4c5bd,959bfb63-f1ea-4ec5-9860-0c7ecfd8f986,credit_card,meeza,5817,2028-12-01,True,True,True,2026-01-04 00:47:13,2026-01-04 00:47:13,2026-02-07 03:44:47
8a4dfa98-61f8-4e33-bfe3-f499c7ec7cfb,b12e0d95-93b9-4fb5-8525-fcb11dc7e5a7,debit_card,meeza,6190,2030-11-10,True,True,True,2025-07-12 22:35:24,2025-07-12 22:35:24,2025-10-16 12:48:24
0f202e20-ec26-4455-9505-376f112f6c44,b12e0d95-93b9-4fb5-8525-fcb11dc7e5a7,credit_card,visa,2130,2030-08-05,False,True,True,2025-11-18 02:13:40,2025-11-18 02:13:40,2026-01-04 14:12:15
6f73ff48-a2e2-4b96-a10b-31a69d221d58,00978ac1-4103-44d6-a577-9b18a5a6fb38,credit_card,visa,5420,2030-08-02,True,True,True,2025-09-02 00:57:11,2025-09-02 00:57:11,2025-09-19 21:18:40
f2ecd208-a67a-4866-b8c0-b74809751356,34c54f24-22b2-49a1-9156-0b79588c0650,bank_account,Bank_SA_4,6173,,True,True,True,2025-05-20 09:36:10,2025-05-20 09:36:10,2026-02-01 16:57:51
9499dd17-704f-424d-b1e5-c67b01e0a041,34c54f24-22b2-49a1-9156-0b79588c0650,bank_account,Bank_SA_3,5051,,False,True,True,2024-11-12 17:04:27,2024-11-12 17:04:27,2026-02-06 17:02:33
b81c6f52-ff62-4656-8563-2fa74fae8ad3,34c54f24-22b2-49a1-9156-0b79588c0650,debit_card,mada,7419,2028-02-04,False,True,True,2025-05-19 06:28:19,2025-05-19 06:28:19,2025-05-28 10:26:22
be812bec-1368-47da-9c58-a8ce3df41736,4a459825-69bb-4a56-8928-a76cc85af23a,wallet_balance,internal_wallet,,,True,False,True,2025-11-20 05:00:44,2025-11-20 05:00:44,2026-01-07 11:26:08
9b8f6896-9ef0-4ee2-b9ec-f4c450051f02,4a459825-69bb-4a56-8928-a76cc85af23a,bank_account,Bank_SA_3,7473,,False,True,True,2025-10-26 13:05:44,2025-10-26 13:05:44,2025-12-29 17:17:11
58f1f0c3-6c89-4025-8391-a05806b33ad0,4a459825-69bb-4a56-8928-a76cc85af23a,credit_card,mada,1716,2030-04-11,False,True,True,2026-01-10 20:00:46,2026-01-10 20:00:46,2026-03-02 01:07:59
c7e94568-3524-4d95-b95c-b5df19dcbaab,83808e2d-83a8-471b-9670-3ab5e27c4506,credit_card,meeza,9558,2030-09-13,True,True,True,2024-11-27 01:18:05,2024-11-27 01:18:05,2024-12-10 13:47:39
1d4ee4df-0caf-4783-ba90-1ee69d15b6c0,83808e2d-83a8-471b-9670-3ab5e27c4506,credit_card,visa,4696,2028-11-06,False,True,True,2024-02-16 01:17:55,2024-02-16 01:17:55,2025-03-18 08:08:16
ff9a1980-428c-41ff-8389-7a8b4cab3ade,ce6b0b5c-e27a-4f21-807a-62fff9812819,debit_card,visa,7215,2029-08-25,True,True,True,2025-04-17 06:02:17,2025-04-17 06:02:17,2025-11-18 22:06:02
d6c4469d-992c-476d-a70f-dfcde1052f81,ce6b0b5c-e27a-4f21-807a-62fff9812819,credit_card,mastercard,7104,2029-06-23,False,False,True,2025-04-06 02:06:05,2025-04-06 02:06:05,2025-08-18 07:03:33
5db84320-cb00-471f-93ef-9e8bb6ef0275,ce6b0b5c-e27a-4f21-807a-62fff9812819,credit_card,visa,7979,2029-11-11,False,False,True,2026-01-16 12:32:40,2026-01-16 12:32:40,2026-02-07 19:54:28
963ff83d-1ecf-4c31-8e57-f39525fd090f,ebe2f0b5-e741-4cff-a2fe-ce03c2d6a19d,wallet_balance,internal_wallet,,,True,True,True,2025-02-14 16:21:43,2025-02-14 16:21:43,2025-09-27 03:16:15
5b016a72-6d38-4803-b1d0-9daa70617698,5afcc07a-1c26-4d6b-90de-9942a2a1068f,credit_card,knet,7263,2029-09-14,True,True,True,2025-02-28 01:27:35,2025-02-28 01:27:35,2025-12-18 01:05:27
e1316ac3-85c8-4a43-a825-74dd16d1e458,5afcc07a-1c26-4d6b-90de-9942a2a1068f,credit_card,visa,5502,2027-07-28,False,True,True,2025-03-17 10:04:57,2025-03-17 10:04:57,2025-04-10 22:58:29
cf0faeb4-798e-4c8f-b95a-63a40d19bfff,5afcc07a-1c26-4d6b-90de-9942a2a1068f,debit_card,knet,2257,2031-02-10,False,True,True,2025-04-20 03:42:45,2025-04-20 03:42:45,2025-11-30 03:31:24
eb7323be-3384-4f74-a95d-9f289f783d78,794561b8-5e0a-4284-853b-1e0c26b7291a,credit_card,visa,3378,2028-04-20,True,False,True,2025-07-28 13:41:36,2025-07-28 13:41:36,2025-08-08 09:39:23
20e5fde4-a41a-415a-a685-fa9b7f809935,e8a41c38-6e2a-430a-90fe-87df26301fc3,credit_card,mastercard,7308,2030-08-04,True,True,True,2025-04-23 01:37:12,2025-04-23 01:37:12,2025-11-11 10:16:03
70a09ae8-0b01-4c2e-ba41-66cdaa5af89d,e8a41c38-6e2a-430a-90fe-87df26301fc3,credit_card,visa,2202,2029-05-01,False,True,True,2026-01-08 05:20:40,2026-01-08 05:20:40,2026-02-12 12:31:58
c70251cd-d06f-493e-868b-f60774da8c98,83f17f23-c745-47af-9ba7-c586d6e64f1e,bank_account,Bank_EG_2,2184,,True,True,False,2025-08-26 22:14:35,2025-08-26 22:14:35,2025-10-16 14:07:13
1c8e1528-77c3-4d86-9fc0-440081d7dd47,6a7557ae-1ddf-4e17-b847-bfbd710bdc6e,debit_card,mastercard,4673,2030-06-23,True,True,True,2025-02-01 03:53:17,2025-02-01 03:53:17,2025-08-27 23:41:33
037ab025-6a1a-4b59-8488-4b98b1caae77,6a7557ae-1ddf-4e17-b847-bfbd710bdc6e,wallet_balance,internal_wallet,,,False,True,True,2024-03-16 09:57:12,2024-03-16 09:57:12,2025-04-06 13:11:45
e0ebf011-6c56-4e14-be83-bc51adec16a3,6a7557ae-1ddf-4e17-b847-bfbd710bdc6e,debit_card,mastercard,4258,2030-06-24,False,True,True,2025-11-28 23:32:05,2025-11-28 23:32:05,2026-02-01 23:20:59
b7291ea2-9bd4-4307-81fb-e76748adde3e,762cfff9-c7f1-419a-b888-a2a59c44128e,debit_card,mada,7118,2029-11-11,True,True,True,2024-07-03 02:47:25,2024-07-03 02:47:25,2025-10-21 11:25:42
b92bd2e9-d2de-4547-adf5-028b1c65ced0,762cfff9-c7f1-419a-b888-a2a59c44128e,wallet_balance,internal_wallet,,,False,True,True,2024-08-10 20:33:11,2024-08-10 20:33:11,2025-04-08 05:19:42
2bb21cef-dffd-4241-a851-aa172125b33c,f5bddb8c-ebe2-4123-9dee-414f9b3c59a4,credit_card,meeza,2474,2028-05-16,True,False,True,2025-04-14 13:20:07,2025-04-14 13:20:07,2025-12-05 21:10:45
a6acd750-187a-4454-b038-1ec55f558af2,f5bddb8c-ebe2-4123-9dee-414f9b3c59a4,debit_card,mastercard,8672,2029-01-07,False,True,True,2025-08-16 02:28:30,2025-08-16 02:28:30,2026-01-13 16:35:14
d0b3a93d-1ef6-473c-9743-e7ebcf84ce69,741bb665-0a74-45c7-adf6-8f9656dbb8c0,bank_account,Bank_QA_1,3959,,True,True,True,2026-01-28 08:17:59,2026-01-28 08:17:59,2026-02-25 00:41:41
5a4a45d6-ae68-4fb5-96f8-53e9be596ee7,741bb665-0a74-45c7-adf6-8f9656dbb8c0,bank_account,Bank_QA_10,3555,,False,False,True,2026-02-03 00:52:50,2026-02-03 00:52:50,2026-02-24 09:34:04
bfac59bb-423e-43ef-99f1-b76621c0d155,812e0c2a-4643-4882-9d75-61b5acb09c82,debit_card,mada,8935,2031-01-28,True,True,False,2025-11-29 11:01:12,2025-11-29 11:01:12,2026-02-16 18:10:29
e9338432-4079-4562-bfd5-3d37678a5091,4b999224-a0f8-4545-8d6b-55f2014bd2e1,credit_card,visa,1563,2029-10-29,True,True,True,2026-02-28 13:25:47,2026-02-28 13:25:47,2026-02-28 13:33:04
39fa3e86-3f7a-4678-86fd-eab4f710ef04,4b999224-a0f8-4545-8d6b-55f2014bd2e1,bank_account,Bank_EG_1,4927,,False,True,True,2025-11-30 22:17:21,2025-11-30 22:17:21,2025-12-28 10:12:28
20fa602f-a1fc-4dac-a4f7-20d90328198d,b24c6ee2-66fa-4eee-8c4f-d71808705dbb,credit_card,mastercard,5568,2029-03-18,True,True,True,2025-08-11 19:20:12,2025-08-11 19:20:12,2026-01-08 07:21:57
3d3c228c-92c2-421b-976e-3e821f18cea2,b24c6ee2-66fa-4eee-8c4f-d71808705dbb,bank_account,Bank_EG_10,2654,,False,True,True,2025-05-29 14:54:40,2025-05-29 14:54:40,2025-08-13 15:44:16
f18a7dfd-32d2-4602-adff-d3ca33878dab,b24c6ee2-66fa-4eee-8c4f-d71808705dbb,bank_account,Bank_EG_8,4316,,False,True,True,2025-11-29 08:39:12,2025-11-29 08:39:12,2026-01-08 03:52:36
e023a645-66a5-493a-a928-63ea5e559657,d721fd69-0cf1-4c3f-872e-6b7ca69416f6,debit_card,meeza,4026,2030-03-17,True,True,True,2026-02-27 00:47:11,2026-02-27 00:47:11,2026-03-04 06:47:29
78fe0d7f-e70e-43df-8b3f-24b606f66a95,d721fd69-0cf1-4c3f-872e-6b7ca69416f6,credit_card,visa,4585,2029-03-01,False,True,True,2026-02-12 21:57:45,2026-02-12 21:57:45,2026-02-20 00:44:18
e62aab79-d1db-4ad5-959e-8385feb6f9be,c8fdf36b-0f55-4a9b-ab56-b3c7082ac3d6,bank_account,Bank_QA_3,9276,,True,True,True,2026-02-19 01:59:43,2026-02-19 01:59:43,2026-02-21 10:10:19
89d95efb-fc6a-42ee-912e-a894c23813be,c8fdf36b-0f55-4a9b-ab56-b3c7082ac3d6,debit_card,mastercard,7282,2029-05-24,False,False,True,2025-12-05 10:32:37,2025-12-05 10:32:37,2026-02-12 12:45:14
a099e146-d004-4eab-808b-4d67aeb6fe5c,c6d72626-3905-4f33-a2ec-e0a2cc320cec,debit_card,mastercard,4022,2028-09-22,True,True,True,2025-12-14 19:00:51,2025-12-14 19:00:51,2026-02-06 13:16:13
33a85b41-1b67-4e18-98a4-4dc914252aa0,c6d72626-3905-4f33-a2ec-e0a2cc320cec,debit_card,visa,8020,2028-03-19,False,True,True,2025-01-13 02:37:24,2025-01-13 02:37:24,2025-03-08 12:17:31
e3caf870-bbb3-4256-8940-631b22e5cdd2,62cdb2a1-cf71-472d-9c6f-0dca482cf054,credit_card,amex,8143,2027-04-22,True,True,True,2025-05-31 18:50:08,2025-05-31 18:50:08,2025-09-12 02:25:26
01303df6-b83f-4393-b369-24aa59c7d7c5,62cdb2a1-cf71-472d-9c6f-0dca482cf054,credit_card,amex,3702,2030-11-25,False,True,True,2026-01-08 18:59:49,2026-01-08 18:59:49,2026-02-08 11:12:31
f031c4a6-2617-48c5-b95c-eafe32e7832d,c29b2114-aa22-404e-9102-e75145a5103b,credit_card,mada,8077,2028-11-26,True,True,True,2025-01-10 03:56:45,2025-01-10 03:56:45,2025-06-26 21:41:05
fc888b1e-7f85-4d35-b181-581566216d13,c29b2114-aa22-404e-9102-e75145a5103b,bank_account,Bank_SA_9,9964,,False,True,True,2026-02-27 04:51:10,2026-02-27 04:51:10,2026-03-02 15:06:01
81200811-cb88-46af-b1e9-b28ba4c598c7,141b1bab-5286-4ea1-9606-a9bf35bd1e2c,debit_card,visa,8629,2028-05-21,True,False,True,2026-02-22 21:19:27,2026-02-22 21:19:27,2026-02-27 00:14:44
6cf8a5c1-0b09-4a28-a37d-36100eded8f6,141b1bab-5286-4ea1-9606-a9bf35bd1e2c,credit_card,visa,3309,2027-08-07,False,True,True,2026-03-03 02:10:43,2026-03-03 02:10:43,2026-03-03 10:01:23
6d622119-a8a6-4101-804f-09b315504915,5016c544-51d5-4389-9c15-4766315d5284,credit_card,amex,4137,2030-08-04,True,True,True,2025-11-17 01:54:52,2025-11-17 01:54:52,2025-12-22 18:01:40
516d2fc8-2ce9-4158-abfc-31fcbbaee880,5016c544-51d5-4389-9c15-4766315d5284,debit_card,mastercard,7606,2027-06-20,False,True,True,2025-11-20 18:07:28,2025-11-20 18:07:28,2025-11-30 11:48:12
660b0d34-255f-42b5-b44d-7e2e7057c4a3,df98426d-9b85-4caf-b5a5-a5f3ac32fe55,wallet_balance,internal_wallet,,,True,True,True,2025-12-28 18:02:34,2025-12-28 18:02:34,2026-01-03 20:02:20
a1a07c6b-bc6f-4be1-a1e5-eaf9327aeb7c,df98426d-9b85-4caf-b5a5-a5f3ac32fe55,credit_card,visa,2459,2028-09-15,False,True,True,2025-12-12 12:19:25,2025-12-12 12:19:25,2026-01-24 07:23:27
40e11109-3cea-45ff-b089-2dabc06f8841,9ad106f3-5e1e-4ac6-82dc-78e435e91855,debit_card,mastercard,2782,2027-06-16,True,False,True,2026-03-04 01:11:59,2026-03-04 01:11:59,2026-03-04 13:50:51
46a64005-3a7d-4b0a-9b16-32d7b4621ebd,9ad106f3-5e1e-4ac6-82dc-78e435e91855,credit_card,meeza,1256,2029-07-21,False,True,True,2026-02-16 01:47:03,2026-02-16 01:47:03,2026-02-27 18:09:38
c3894333-c51a-40c6-ad4f-0520d8635a03,81929b68-f6d8-49b6-a1c0-f4351df883f8,debit_card,mada,1807,2030-08-16,True,True,True,2024-05-06 03:44:56,2024-05-06 03:44:56,2024-09-07 07:42:46
e32951f0-5d1b-4528-b95a-459506f0c702,81929b68-f6d8-49b6-a1c0-f4351df883f8,wallet_balance,internal_wallet,,,False,True,True,2023-09-21 13:44:32,2023-09-21 13:44:32,2024-06-13 02:07:21
f5f421b7-e383-476c-9d2e-10ffbc9df52a,edfda6fa-8a9b-478d-95b3-1177ba19bd00,bank_account,Bank_SA_2,8643,,True,True,True,2023-08-09 10:26:06,2023-08-09 10:26:06,2024-06-01 10:31:24
2586f9c0-e2eb-4343-be0f-66e00f696ce3,edfda6fa-8a9b-478d-95b3-1177ba19bd00,wallet_balance,internal_wallet,,,False,True,True,2024-03-21 00:05:01,2024-03-21 00:05:01,2024-08-10 23:42:17
463dfc73-a17a-4285-a472-7d0557cefba2,60118419-5486-4cb8-b568-19a9f29847a9,debit_card,mastercard,6298,2029-08-14,True,True,True,2026-02-15 23:34:01,2026-02-15 23:34:01,2026-02-25 13:47:21
42010f41-36e5-4619-a559-ef194f31b047,60118419-5486-4cb8-b568-19a9f29847a9,debit_card,mada,7288,2030-05-09,False,True,True,2026-03-04 09:18:46,2026-03-04 09:18:46,2026-03-04 13:35:09
ec966e87-a0fd-4237-aab8-4f8975de8787,4209ff19-d338-4358-8134-f3bb6e85cf28,bank_account,Bank_AE_9,1385,,True,True,True,2025-12-09 13:23:20,2025-12-09 13:23:20,2025-12-13 06:26:28
edcc27a2-5428-45b3-8705-b60f0a2e4075,4209ff19-d338-4358-8134-f3bb6e85cf28,wallet_balance,internal_wallet,,,False,True,True,2026-01-31 13:46:54,2026-01-31 13:46:54,2026-02-08 19:27:45
5cd45d86-faac-4ed8-a2ba-1a2a753f46df,d8636ad6-9922-420e-a03f-759d36d2b29c,bank_account,Bank_AE_10,9464,,True,True,True,2024-08-27 16:01:36,2024-08-27 16:01:36,2025-11-06 07:15:56
4f006101-9031-4a14-aef5-18d405b4b2e5,d8636ad6-9922-420e-a03f-759d36d2b29c,wallet_balance,internal_wallet,,,False,True,True,2024-01-20 05:15:47,2024-01-20 05:15:47,2025-06-23 18:14:38
db4272e9-ee89-4295-8e73-ae51a7bf4b57,ec21f9fb-2a7a-4f7f-92e2-5bbdec4c5f84,bank_account,Bank_EG_7,6635,,True,False,True,2025-03-30 01:41:12,2025-03-30 01:41:12,2025-05-05 01:04:03
ff9e7615-dc81-418a-a850-c77f671b6035,ec21f9fb-2a7a-4f7f-92e2-5bbdec4c5f84,bank_account,Bank_EG_4,6763,,False,True,False,2024-12-11 14:12:08,2024-12-11 14:12:08,2026-01-08 18:12:23
6b449350-3e98-4536-9714-8cb962b3e522,9b30e81b-16af-4bf0-ae85-0eaac88c9edd,bank_account,Bank_SA_3,8087,,True,False,True,2026-01-04 03:42:42,2026-01-04 03:42:42,2026-02-16 06:12:08
8f13e6fa-a0a8-4af2-8614-114e3749e860,9b30e81b-16af-4bf0-ae85-0eaac88c9edd,bank_account,Bank_SA_9,8667,,False,False,False,2025-12-13 13:40:15,2025-12-13 13:40:15,2026-01-04 10:14:39
14fa4c03-0913-4e3f-b178-12cebc2470fe,86ef8b3c-3134-4768-abba-5e40de744cfc,credit_card,mastercard,8848,2029-03-27,True,True,True,2026-02-13 16:26:20,2026-02-13 16:26:20,2026-02-19 23:30:35
9f7d50c7-417c-4843-9ad8-1a50766414d2,86ef8b3c-3134-4768-abba-5e40de744cfc,bank_account,Bank_EG_3,4618,,False,True,True,2026-02-28 08:45:36,2026-02-28 08:45:36,2026-03-01 09:35:49
1720ef05-c4ec-4a7a-8e27-65e7890cb428,bd9d7f18-0033-464e-ae32-88dac3199bdc,wallet_balance,internal_wallet,,,True,False,True,2025-09-29 20:00:13,2025-09-29 20:00:13,2026-02-27 19:17:35
0c69116e-2893-4c83-84fd-90e40a63f7ef,052fa3f2-2d65-4e9a-b2c8-d776fff9551a,bank_account,Bank_SA_5,7499,,True,True,True,2026-02-28 07:18:32,2026-02-28 07:18:32,2026-03-02 15:45:11
5f805cf8-17bb-45c1-9a5b-73e8585d43a1,052fa3f2-2d65-4e9a-b2c8-d776fff9551a,debit_card,mastercard,4329,2028-06-16,False,False,True,2026-02-16 13:52:45,2026-02-16 13:52:45,2026-03-03 17:12:05
853cbf34-0d12-49d4-a194-b5c8f554b060,bb57f39a-57cb-4f6d-a6b8-02e137826c97,credit_card,mastercard,3001,2027-11-28,True,False,True,2024-07-27 14:34:28,2024-07-27 14:34:28,2025-03-23 17:02:46
3f9b6db9-ddf5-4de0-9e54-fcb99c52e8a2,0f68d203-6d13-46e8-a23f-0c1d9024696f,debit_card,meeza,4060,2027-04-21,True,True,True,2024-07-05 15:37:01,2024-07-05 15:37:01,2026-02-15 04:48:25
445036a0-58fb-40e3-898b-2636bd4ad795,0f68d203-6d13-46e8-a23f-0c1d9024696f,credit_card,visa,4657,2029-06-18,False,True,True,2025-07-27 11:36:07,2025-07-27 11:36:07,2025-10-09 13:07:52
aa2f5e0c-1018-4949-a932-8df9b54301a4,9cfc49e8-ddb0-42d1-9919-8f35242ad162,credit_card,visa,4503,2028-01-05,True,True,True,2025-12-05 21:05:50,2025-12-05 21:05:50,2025-12-13 21:23:48
4b8cadb0-8e08-4fcd-83d8-7596c287327d,c0356e58-727d-4b8f-b448-184dd8123862,credit_card,visa,1311,2029-11-26,True,True,True,2025-01-21 12:06:05,2025-01-21 12:06:05,2025-07-11 15:21:17
f315376a-36de-42c2-b6c9-a1f1974a3b44,c0356e58-727d-4b8f-b448-184dd8123862,bank_account,Bank_EG_9,7232,,False,True,True,2025-07-22 18:40:53,2025-07-22 18:40:53,2025-07-24 13:57:38
2391fac1-dabe-4e2d-b22b-f3af05ac0e11,31d00bcd-5f70-4959-b2d5-cea0563d8672,credit_card,mastercard,6986,2030-11-26,True,True,False,2024-08-31 22:24:32,2024-08-31 22:24:32,2025-03-10 01:58:38
80567e52-0afb-48fd-863f-9afd65bc3a25,eecace9a-29d1-479c-8c02-e63d8d40ff35,debit_card,mada,2529,2030-03-06,True,False,True,2025-10-21 12:19:08,2025-10-21 12:19:08,2026-01-14 09:52:44
30d5eb31-ddef-41e3-a933-e79d0f2e0f1b,eecace9a-29d1-479c-8c02-e63d8d40ff35,wallet_balance,internal_wallet,,,False,True,False,2025-05-26 22:10:46,2025-05-26 22:10:46,2025-12-13 00:07:02
81b94982-9cc7-420d-ab8d-08682c4834c7,65158eb2-2af7-4ab4-a398-5132b4758c71,credit_card,meeza,8688,2030-05-27,True,True,True,2025-10-05 15:53:14,2025-10-05 15:53:14,2025-10-15 19:37:02
5ad6af12-0d5d-4e33-90fc-edac836ea1c1,65158eb2-2af7-4ab4-a398-5132b4758c71,wallet_balance,internal_wallet,,,False,True,True,2026-02-24 08:17:51,2026-02-24 08:17:51,2026-03-03 15:53:31
338fa681-1988-452b-9d2c-d9cfe437f838,cf217a81-8c22-47f6-b3b6-8c41b4558629,debit_card,knet,4445,2030-07-06,True,True,True,2024-05-25 18:52:41,2024-05-25 18:52:41,2025-10-23 09:51:36
9718baa1-eb51-4b0a-99b7-00935a7e0fd2,cf217a81-8c22-47f6-b3b6-8c41b4558629,debit_card,visa,9682,2030-04-17,False,True,True,2025-04-24 17:07:05,2025-04-24 17:07:05,2025-08-14 12:19:00
0882fb67-6148-4b53-a581-580a6c7648fd,cf217a81-8c22-47f6-b3b6-8c41b4558629,debit_card,visa,4890,2028-08-18,False,True,True,2024-12-17 08:08:37,2024-12-17 08:08:37,2025-10-24 00:40:45
d8f7decb-84fb-490d-8f3e-6f6f2e467d19,77c9b94b-409e-4241-9e7e-338f55758f0a,credit_card,mastercard,7131,2029-04-13,True,True,True,2024-10-15 23:34:12,2024-10-15 23:34:12,2025-06-03 18:22:36
fa2e933c-15c9-4306-835d-5b5b8c348b26,77c9b94b-409e-4241-9e7e-338f55758f0a,debit_card,amex,5422,2031-02-27,False,True,True,2025-03-17 01:46:29,2025-03-17 01:46:29,2025-07-15 03:19:31
9f59957d-24ad-4fc2-9505-2b9732722f9d,c7207512-6abe-41cf-85ba-d7c7ff1dbbe2,debit_card,mastercard,8316,2029-04-07,True,True,True,2025-09-21 01:08:03,2025-09-21 01:08:03,2026-02-26 11:32:06
37a4d978-db4f-4bd2-ab57-6cd0e5bf95d9,c7207512-6abe-41cf-85ba-d7c7ff1dbbe2,debit_card,mastercard,2141,2029-07-28,False,True,True,2023-09-07 08:01:04,2023-09-07 08:01:04,2025-01-16 05:23:30
6831c111-6526-4216-b7be-7075fb2cef6d,c7207512-6abe-41cf-85ba-d7c7ff1dbbe2,bank_account,Bank_EG_9,9996,,False,True,True,2025-05-26 08:08:25,2025-05-26 08:08:25,2025-09-30 23:37:43
1387f261-9fb2-4942-8767-f29ebd720047,b5da460b-34fb-49f9-af2d-0458b7b63b16,bank_account,Bank_SA_8,1725,,True,True,True,2025-06-08 22:10:10,2025-06-08 22:10:10,2025-11-29 00:49:46
0dd340ee-a68e-4977-83d4-2fbe4bd8269a,b5da460b-34fb-49f9-af2d-0458b7b63b16,bank_account,Bank_SA_3,1526,,False,False,True,2025-02-17 21:40:51,2025-02-17 21:40:51,2025-03-05 15:05:22
0950f7fb-25ae-4f56-b08f-5af109ee0477,cb9468a6-ee16-4eb2-a956-7f2e49eb3b36,debit_card,mastercard,4174,2029-10-05,True,True,True,2026-03-03 12:37:31,2026-03-03 12:37:31,2026-03-03 13:31:37
be9d94f6-af16-4b0c-8fde-3eb54a5ec0ef,cb9468a6-ee16-4eb2-a956-7f2e49eb3b36,debit_card,mastercard,3512,2030-04-17,False,False,True,2026-03-04 06:25:41,2026-03-04 06:25:41,2026-03-04 11:03:33
ef2a3289-ca22-4963-ab61-ba78270a7666,93daf53d-bbf9-404e-a253-6068adf22ebf,credit_card,mastercard,5082,2029-02-21,True,False,True,2025-09-11 01:09:51,2025-09-11 01:09:51,2025-12-02 19:29:48
9154b87c-c0c2-462c-9d56-8d793c525baa,93daf53d-bbf9-404e-a253-6068adf22ebf,bank_account,Bank_EG_9,6744,,False,True,True,2025-10-16 03:52:13,2025-10-16 03:52:13,2026-02-16 11:12:37
b79f9873-d9dc-4634-8439-ee141b79f976,515fb933-94d9-4298-9644-30cff9732d26,credit_card,visa,7577,2027-09-22,True,False,True,2025-03-07 04:08:33,2025-03-07 04:08:33,2025-11-26 20:37:07
5c746f35-f227-47f6-bdb2-d52af12293aa,515fb933-94d9-4298-9644-30cff9732d26,bank_account,Bank_AE_10,3157,,False,False,True,2025-04-02 00:16:03,2025-04-02 00:16:03,2025-08-22 19:08:10
e21d985a-a212-4922-a2ba-dda46fd9a081,515fb933-94d9-4298-9644-30cff9732d26,wallet_balance,internal_wallet,,,False,True,True,2025-06-26 19:20:07,2025-06-26 19:20:07,2025-10-13 03:41:13
6f291c4e-a10f-4ab2-875c-aa7460dcae2b,24065b9a-10e4-4e9d-a3cb-a7cf1e4fc4d3,bank_account,Bank_SA_6,4928,,True,True,True,2026-01-12 14:28:40,2026-01-12 14:28:40,2026-02-28 17:23:51
4543ae37-80b3-4dd9-8429-985cfc59ab28,24065b9a-10e4-4e9d-a3cb-a7cf1e4fc4d3,debit_card,mada,5103,2031-01-12,False,True,True,2025-08-30 23:18:32,2025-08-30 23:18:32,2025-10-25 22:02:28
46b9c1ec-d18b-4136-b40f-3bfeb56806e0,ebe98857-db19-468e-bd1b-9a95fd939e5a,wallet_balance,internal_wallet,,,True,False,True,2026-01-31 13:23:02,2026-01-31 13:23:02,2026-02-18 09:33:39
8fc4ef63-1936-4d89-be19-c8b5cf05e4d6,0773530e-f54a-4220-b415-6fc91a6f6256,debit_card,visa,9886,2030-03-26,True,False,True,2026-01-25 06:44:09,2026-01-25 06:44:09,2026-02-09 14:23:48
cd318ad8-835b-40e7-87c6-2d9ccda29984,5540534d-83d0-4116-89e1-5328becbc39d,bank_account,Bank_EG_9,1713,,True,False,True,2024-06-18 01:15:36,2024-06-18 01:15:36,2024-11-11 02:21:25
d1b93c79-57d7-4fc4-a0d4-11bdf2118b78,5540534d-83d0-4116-89e1-5328becbc39d,bank_account,Bank_EG_10,7028,,False,True,True,2024-06-25 10:07:59,2024-06-25 10:07:59,2024-11-17 17:58:08
c7284da1-3d09-473f-9adb-9342db2b1a97,585e1cd8-c30e-4e0c-9a88-12fb130e9ad0,credit_card,mastercard,2079,2030-10-21,True,True,True,2025-06-15 12:11:21,2025-06-15 12:11:21,2025-09-04 09:06:23
6a9bfd8a-6a59-4b2e-a8eb-c7a357bf4418,585e1cd8-c30e-4e0c-9a88-12fb130e9ad0,credit_card,mada,7735,2029-03-19,False,True,True,2025-11-24 01:52:58,2025-11-24 01:52:58,2026-01-22 01:40:28
479ed1b7-16ab-4929-be10-bdf301dd54d2,28c5be53-0ab2-4543-86bc-2459ecc5491a,credit_card,mastercard,4130,2027-11-03,True,True,True,2025-11-26 20:31:10,2025-11-26 20:31:10,2026-01-27 22:56:48
e580ff36-ee72-4bbf-94e0-73422c1dadc5,6f86a88b-d4ce-4202-adad-959410f4dc15,debit_card,knet,2300,2029-09-01,True,False,True,2025-10-03 06:22:48,2025-10-03 06:22:48,2025-10-25 14:52:00
fcc6b0b3-8a15-4283-b14b-379b7b6dc897,6f86a88b-d4ce-4202-adad-959410f4dc15,debit_card,visa,5756,2030-08-22,False,True,True,2025-06-22 09:26:43,2025-06-22 09:26:43,2025-12-02 19:41:13
479b4e2a-53d5-45c3-bdbb-28036799f65e,a29ea413-9ac7-4152-8183-4952fd867525,bank_account,Bank_EG_4,3609,,True,True,True,2025-10-17 16:26:06,2025-10-17 16:26:06,2025-10-22 09:33:11
34c5920c-6009-4bb0-b6f4-bdaf3ce2acb4,a29ea413-9ac7-4152-8183-4952fd867525,debit_card,meeza,8872,2028-01-08,False,True,True,2025-12-30 19:51:25,2025-12-30 19:51:25,2026-01-16 09:44:13
4f6c6028-c803-43b5-9bbd-c0898f4d2dc7,a29ea413-9ac7-4152-8183-4952fd867525,debit_card,mastercard,1992,2030-01-15,False,True,True,2026-03-01 23:48:24,2026-03-01 23:48:24,2026-03-04 00:56:58
849317ef-f7e7-4b03-83ca-aa89e28ad8d3,80926b24-6241-473c-9a03-3ae96ff640a1,bank_account,Bank_QA_1,9075,,True,False,True,2025-07-20 19:15:01,2025-07-20 19:15:01,2025-09-06 12:55:42
1a3c6ac2-8471-4f83-babf-2fce16869bf9,80926b24-6241-473c-9a03-3ae96ff640a1,debit_card,visa,5800,2027-05-03,False,True,True,2024-07-03 23:44:25,2024-07-03 23:44:25,2025-11-29 16:16:13
2dc732c6-1c55-439e-af0e-99cfd2c10ec4,bfe8ea29-cdf9-478b-89f5-c316735228a6,wallet_balance,internal_wallet,,,True,True,True,2024-07-28 14:41:21,2024-07-28 14:41:21,2025-01-06 23:56:16
5ac63e70-2721-4969-a427-6af4d0871784,bfe8ea29-cdf9-478b-89f5-c316735228a6,credit_card,meeza,1901,2027-07-03,False,True,True,2025-06-08 20:38:45,2025-06-08 20:38:45,2025-11-15 13:22:00
57c596b0-319d-46c9-aad9-b018192a99a0,ee7888aa-ce26-46de-a465-654bfbed28bf,bank_account,Bank_EG_8,5856,,True,True,True,2025-12-14 21:17:31,2025-12-14 21:17:31,2026-01-03 04:28:22
ae13125f-4dba-4d68-bc1e-bacc62214b98,090dbcb6-986e-46ac-9f1a-d81f3c60f461,wallet_balance,internal_wallet,,,True,True,True,2024-08-23 00:41:58,2024-08-23 00:41:58,2025-11-16 07:40:15
e926fc60-92f0-4420-843a-16d3978e735b,51800006-2d5e-4569-bb91-de5998eac966,debit_card,meeza,9537,2030-09-02,True,False,True,2024-05-11 23:55:26,2024-05-11 23:55:26,2025-05-14 17:08:27
5bd5e8d7-5432-4fb8-949c-dbdfd74e1bdf,51800006-2d5e-4569-bb91-de5998eac966,bank_account,Bank_EG_8,6915,,False,False,True,2025-04-05 18:32:42,2025-04-05 18:32:42,2025-09-27 06:51:21
82ad6d00-f68c-4799-ba85-c59c0b9a41fc,51800006-2d5e-4569-bb91-de5998eac966,credit_card,visa,2058,2030-06-25,False,True,True,2024-03-26 09:20:26,2024-03-26 09:20:26,2024-07-28 08:42:34
5749d930-03d7-4bf0-8428-07607947421a,8e03fcff-3393-4fe6-80d4-72839ebb4e32,debit_card,mastercard,2923,2030-12-16,True,True,True,2024-10-29 05:11:39,2024-10-29 05:11:39,2024-12-29 07:59:47
ff5a86f5-5a8e-49d4-bfb2-7d2a31efdaf5,8a396c49-92c9-4fbc-803b-1f28d1756ea7,credit_card,amex,1591,2029-12-29,True,True,True,2025-10-09 16:52:31,2025-10-09 16:52:31,2026-02-18 19:17:40
6b54baf9-69ce-4345-93b2-6fa390e5b1cc,d28c3b17-8c94-4f8e-89ff-b7531bb25c50,credit_card,amex,2657,2029-08-26,True,True,True,2025-08-30 02:43:43,2025-08-30 02:43:43,2025-10-25 01:49:36
86dea6d3-8c16-4c20-87a4-f235b5054edd,d28c3b17-8c94-4f8e-89ff-b7531bb25c50,credit_card,amex,2575,2030-10-23,False,True,True,2024-09-17 06:50:33,2024-09-17 06:50:33,2025-01-07 12:33:39
d2db1920-8951-443d-826b-f6fee86281c9,7f505758-e26c-4c99-9f4c-818982944c05,credit_card,mada,9722,2030-01-28,True,False,True,2024-03-22 02:47:36,2024-03-22 02:47:36,2024-12-21 21:33:21
5adb84b9-de47-4b8e-8b31-32e43fc97e85,7f505758-e26c-4c99-9f4c-818982944c05,credit_card,mada,7468,2029-05-16,False,True,True,2024-11-13 04:07:01,2024-11-13 04:07:01,2025-05-30 16:43:53
4a4c75a9-69a4-4a9b-84ab-e35daaf39295,8ed0c3cc-11e1-4861-8d04-fa97add1997c,bank_account,Bank_EG_9,9521,,True,False,True,2024-03-11 19:55:00,2024-03-11 19:55:00,2024-06-28 04:39:18
cc6d6f3c-80e7-43cb-8a2b-433efdcd1031,ec6a21c4-c0d7-4af0-88be-187afcf7083e,wallet_balance,internal_wallet,,,True,True,True,2025-09-13 15:29:42,2025-09-13 15:29:42,2026-01-21 08:26:04
541a128d-3748-4689-a4df-5c8d7590503e,ec6a21c4-c0d7-4af0-88be-187afcf7083e,bank_account,Bank_QA_3,7680,,False,True,True,2023-09-22 11:04:24,2023-09-22 11:04:24,2024-10-13 23:13:33
9d16693a-9461-4ec8-9201-c501be9a2acf,374de8c0-7a3c-44b7-becc-ef1a6e893008,credit_card,visa,4760,2029-09-24,True,True,True,2025-10-30 03:50:16,2025-10-30 03:50:16,2026-01-09 10:52:26
993e8d09-85e7-4c53-a5bb-ff0818884bc8,374de8c0-7a3c-44b7-becc-ef1a6e893008,credit_card,mastercard,5422,2029-02-13,False,False,True,2026-01-18 12:23:40,2026-01-18 12:23:40,2026-03-01 17:11:38
dc1e6f9b-85fe-481c-ac73-05d1eba65430,374de8c0-7a3c-44b7-becc-ef1a6e893008,debit_card,mastercard,4926,2029-11-10,False,True,True,2025-10-02 14:43:47,2025-10-02 14:43:47,2026-02-05 00:31:45
ebd23b7a-2849-4343-896c-1513ff030a87,74f05736-bd49-42eb-ac14-6ccf87a3b03c,credit_card,mastercard,1733,2029-04-29,True,True,True,2025-08-23 16:32:50,2025-08-23 16:32:50,2025-12-19 10:06:03
e5974f16-868f-4fe9-98a5-1cae2d3478db,74f05736-bd49-42eb-ac14-6ccf87a3b03c,debit_card,knet,7375,2029-01-09,False,True,True,2024-11-29 22:23:33,2024-11-29 22:23:33,2025-04-03 09:20:04
e9fa38a5-53a0-47f6-8cf4-5b8108f7fc8b,98620513-d82c-4bd2-8dc7-371ff19e0ed1,credit_card,visa,6317,2030-03-03,True,False,True,2025-03-11 08:38:04,2025-03-11 08:38:04,2025-05-07 04:33:36
c8b31024-79a2-486d-a816-b50286725476,814aa1b1-bc7c-470d-a0da-3510aa1f2701,debit_card,mastercard,2411,2029-03-13,True,False,True,2026-02-06 15:04:29,2026-02-06 15:04:29,2026-02-21 15:48:26
7b6bec5b-b903-48a8-8213-200bec41297f,7d0df88a-d0ff-494a-b004-f28fe54959dd,debit_card,mada,5441,2030-08-13,True,True,True,2026-01-07 14:32:35,2026-01-07 14:32:35,2026-02-16 04:10:37
580ef27a-8b16-465f-9984-62837f31dab4,7d0df88a-d0ff-494a-b004-f28fe54959dd,bank_account,Bank_SA_8,2990,,False,True,True,2025-09-13 21:01:51,2025-09-13 21:01:51,2025-12-21 06:55:14
b870f6a4-de06-46d1-b5dc-5551312f65ca,7d0df88a-d0ff-494a-b004-f28fe54959dd,debit_card,visa,7868,2028-11-29,False,True,True,2026-02-14 10:49:27,2026-02-14 10:49:27,2026-02-27 03:05:32
831a52cb-4f84-4e9e-bebd-6304ec022f35,a342d13b-45ac-4d95-9ed5-2ca1eecd7348,credit_card,mastercard,7348,2029-04-29,True,True,True,2025-05-19 18:41:41,2025-05-19 18:41:41,2025-11-30 13:22:10
140e7dca-90a2-41d4-b222-596c2b45b2e4,a342d13b-45ac-4d95-9ed5-2ca1eecd7348,credit_card,visa,3483,2031-01-16,False,True,True,2024-08-06 21:30:27,2024-08-06 21:30:27,2025-09-05 03:29:55
8b01bf03-09ec-4669-be9d-eaedea930049,a342d13b-45ac-4d95-9ed5-2ca1eecd7348,bank_account,Bank_SA_10,2346,,False,True,True,2024-10-07 02:45:03,2024-10-07 02:45:03,2025-02-20 10:31:35
b9a4961a-88ac-485e-9004-2da2295673e9,1b03b2c5-ec5c-4081-84ff-cf349c9b10ee,debit_card,amex,9827,2028-12-24,True,True,True,2026-03-01 07:33:21,2026-03-01 07:33:21,2026-03-01 23:51:24
6cd8e6a5-83ae-47dd-821f-54e4940f95c3,1b03b2c5-ec5c-4081-84ff-cf349c9b10ee,debit_card,amex,5223,2027-09-02,False,True,True,2025-07-19 19:17:22,2025-07-19 19:17:22,2025-12-13 04:04:17
d265ca65-3ba9-40dc-bbd3-8a6fa180fdd4,716c7cd0-5244-4df2-99d5-94957ec44704,bank_account,Bank_SA_6,8242,,True,True,True,2025-10-30 06:49:05,2025-10-30 06:49:05,2025-12-12 16:24:41
36c3d722-2390-4fe8-b865-bc6f754df335,716c7cd0-5244-4df2-99d5-94957ec44704,debit_card,visa,5433,2028-11-12,False,True,True,2026-02-05 09:40:43,2026-02-05 09:40:43,2026-02-07 10:12:36
1d17b4af-69dd-47af-87e2-5332896e45f1,3d946482-8d97-42f3-9775-94a0939c08e6,debit_card,meeza,1839,2027-10-21,True,True,True,2023-10-19 21:47:21,2023-10-19 21:47:21,2024-07-25 15:43:54
213d88e4-eec8-45ed-8f3d-6589ba57d7b9,3d946482-8d97-42f3-9775-94a0939c08e6,credit_card,meeza,7499,2031-03-03,False,True,False,2025-02-02 06:44:25,2025-02-02 06:44:25,2025-11-03 12:05:27
71509a62-dcb9-4e05-9828-689ad87b6104,3d946482-8d97-42f3-9775-94a0939c08e6,bank_account,Bank_EG_9,1189,,False,True,True,2025-05-08 14:00:42,2025-05-08 14:00:42,2025-08-25 20:40:57
21dd6339-2e7c-4d22-bcdc-a9806a45c3e1,cd872a54-c695-4f89-86c7-707be0869514,debit_card,visa,5839,2030-10-26,True,True,True,2026-02-02 13:29:16,2026-02-02 13:29:16,2026-02-05 10:36:58
0bc67ee2-5d0a-449c-b230-51e60bc84deb,cd872a54-c695-4f89-86c7-707be0869514,credit_card,visa,4456,2029-02-04,False,True,True,2025-11-29 12:42:09,2025-11-29 12:42:09,2026-02-22 10:48:43
3709a800-d9fa-4ea4-9255-61b1500a9247,497d0d12-ba7b-4efc-a4a9-a79e8f83a4f0,debit_card,amex,2051,2030-03-20,True,True,True,2024-07-26 06:34:56,2024-07-26 06:34:56,2026-02-01 07:45:12
a9664f2b-39fd-4d1c-86e0-af794d510f93,f3fd0d8a-6ea0-42a9-8811-3c5cbc6721f1,wallet_balance,internal_wallet,,,True,True,True,2025-08-16 05:52:33,2025-08-16 05:52:33,2025-08-30 09:03:41
faacbfad-e0c1-46b4-8ed4-f61611fb64d0,f3fd0d8a-6ea0-42a9-8811-3c5cbc6721f1,debit_card,mastercard,2628,2027-03-28,False,True,False,2025-07-30 11:31:15,2025-07-30 11:31:15,2025-08-19 06:53:49
676d6353-3665-4d24-b46e-bfe9ab07ba4e,29cb1c22-2368-4cfa-a863-0f1aca434ff5,wallet_balance,internal_wallet,,,True,False,True,2024-06-03 04:41:23,2024-06-03 04:41:23,2024-07-04 18:13:39
747144df-6ad2-4c3b-8a6c-9810eeddba0c,29cb1c22-2368-4cfa-a863-0f1aca434ff5,debit_card,mastercard,1162,2027-08-12,False,True,True,2024-05-24 19:32:05,2024-05-24 19:32:05,2025-07-15 13:12:33
7f6ce1c9-3365-47d5-9550-6a4341d5eb8b,32a3abfa-1615-4474-9682-23072c92d8b8,bank_account,Bank_EG_1,5924,,True,True,True,2025-07-28 11:05:23,2025-07-28 11:05:23,2025-08-03 00:51:11
d129c77f-6af3-44c8-9c79-a09d63257efc,32a3abfa-1615-4474-9682-23072c92d8b8,debit_card,mastercard,7143,2029-06-23,False,True,True,2025-06-19 12:13:25,2025-06-19 12:13:25,2025-10-14 15:46:15
a52a3965-9b41-41a4-ae7e-b8eedacd0352,32a3abfa-1615-4474-9682-23072c92d8b8,debit_card,visa,9399,2030-11-21,False,False,True,2025-11-07 06:31:39,2025-11-07 06:31:39,2026-02-08 07:20:10
21ee0479-1889-4883-9f48-79c5f9c35497,be3719db-0979-4281-865c-c4bc9b3639df,credit_card,visa,2517,2027-03-08,True,True,True,2024-06-26 13:49:43,2024-06-26 13:49:43,2025-07-20 13:02:12
3c0434ca-039f-4b14-9f9c-8000fb23415e,be3719db-0979-4281-865c-c4bc9b3639df,bank_account,Bank_EG_2,1945,,False,True,False,2025-08-01 14:38:18,2025-08-01 14:38:18,2026-03-01 01:13:45
45e6b210-db3a-47a0-a787-2cd72124b1e0,70b62bc5-9760-408c-aa69-46257dc5cb56,bank_account,Bank_SA_5,3539,,True,True,True,2025-07-08 13:55:16,2025-07-08 13:55:16,2026-02-16 08:11:42
72c022c2-2457-4605-a365-012be9a61ce4,70b62bc5-9760-408c-aa69-46257dc5cb56,debit_card,mada,8723,2028-04-19,False,True,False,2026-01-09 13:56:52,2026-01-09 13:56:52,2026-02-24 15:31:52
151da462-c47a-417b-b07b-40b37c049721,7d31c935-ad60-4580-bd75-cafe5e7395f9,bank_account,Bank_EG_2,2996,,True,True,True,2025-09-21 00:24:21,2025-09-21 00:24:21,2025-11-01 20:01:53
49b4b327-06cd-4b53-90f2-8020064616ae,7d31c935-ad60-4580-bd75-cafe5e7395f9,debit_card,meeza,4001,2028-02-06,False,True,True,2025-11-17 03:11:16,2025-11-17 03:11:16,2025-12-03 13:34:50
2bbdcc6b-ff40-46a8-9e42-33d169b09112,2bf017db-8322-40af-b323-24d183df3201,debit_card,mastercard,3503,2030-11-21,True,True,True,2026-02-28 13:43:00,2026-02-28 13:43:00,2026-03-01 05:50:28
9d225b53-e63d-47b9-940e-115870e1d9dc,2c569880-5e20-49b1-a5ce-7ed654701e53,credit_card,visa,4903,2027-04-04,True,False,True,2025-08-15 05:33:47,2025-08-15 05:33:47,2026-02-03 23:45:47
ce31defb-fcff-407e-a485-a56f9dd961be,1ae7f90e-eddc-43a5-bb47-19e866891458,credit_card,knet,3480,2027-04-16,True,True,True,2025-04-14 23:32:01,2025-04-14 23:32:01,2025-10-25 23:02:58
87beacb7-c8a8-4efa-99b6-d3b1cc65a0c8,1ae7f90e-eddc-43a5-bb47-19e866891458,bank_account,Bank_KW_5,2667,,False,True,True,2025-09-24 01:57:19,2025-09-24 01:57:19,2025-11-03 06:45:29
3fdafecf-e84a-42dd-94d0-62167fc4e501,04135854-cf08-469c-a4ef-2b9a1aaa93c3,bank_account,Bank_SA_5,4149,,True,True,True,2026-01-10 20:31:16,2026-01-10 20:31:16,2026-01-22 05:36:21
9b01b61a-c8d1-4ef0-80e5-7b84b3413cfc,04135854-cf08-469c-a4ef-2b9a1aaa93c3,credit_card,mastercard,8547,2029-08-20,False,True,False,2025-08-28 09:51:56,2025-08-28 09:51:56,2025-10-30 06:52:35
544736f2-8921-44d0-a1c6-d59b53ce2622,737ea2ed-84ab-450b-a9d2-1d5278f80328,debit_card,visa,1020,2028-12-22,True,False,True,2025-03-12 11:45:23,2025-03-12 11:45:23,2026-01-16 01:19:05
913c294d-d2de-4a66-be6b-ddfe78633013,737ea2ed-84ab-450b-a9d2-1d5278f80328,debit_card,mada,3284,2031-01-14,False,True,True,2024-05-03 10:25:55,2024-05-03 10:25:55,2024-12-17 15:05:57
1c10b1d8-c5c7-49d4-a298-01f86d94bb43,737ea2ed-84ab-450b-a9d2-1d5278f80328,credit_card,mastercard,2523,2028-12-06,False,True,True,2025-09-18 17:03:57,2025-09-18 17:03:57,2026-01-07 02:58:50
9206901d-0bd5-46c8-b693-f3180f90b06a,becd2148-596d-414d-9e2a-fb6dcbaf5996,debit_card,knet,1036,2028-03-23,True,True,True,2024-11-12 06:48:36,2024-11-12 06:48:36,2025-10-31 11:37:04
3992b87e-f8cf-4076-8063-559fdfd18242,e7f0951e-aa8d-4a38-8e35-ba888103a514,credit_card,mastercard,7237,2028-08-05,True,True,True,2025-10-26 02:13:10,2025-10-26 02:13:10,2026-02-05 12:24:30
fd254de7-4968-47c6-bcac-8b30d7ff6551,e7f0951e-aa8d-4a38-8e35-ba888103a514,credit_card,mada,2290,2031-02-19,False,True,True,2025-08-30 07:58:58,2025-08-30 07:58:58,2026-02-05 04:27:38
01ba332e-6f64-4e27-a3f3-6df30692a8bc,452787ec-8f78-4535-b949-406dfb4ca471,wallet_balance,internal_wallet,,,True,True,True,2025-02-20 00:13:40,2025-02-20 00:13:40,2025-10-15 21:33:30
ac83db9e-b2e0-4667-8d74-ecae36a604d2,5bbe10f9-01d2-46a4-958c-3d362eb85f83,credit_card,mastercard,3109,2030-05-19,True,True,True,2025-07-06 17:17:18,2025-07-06 17:17:18,2025-12-25 18:04:30
a4ae9c4b-1df9-4910-bd0b-420f98531f09,5bbe10f9-01d2-46a4-958c-3d362eb85f83,wallet_balance,internal_wallet,,,False,True,True,2024-10-26 06:10:18,2024-10-26 06:10:18,2025-02-19 12:36:17
61b1fe24-7dd3-41f8-839f-6a2b709c4f80,dc67f84e-ea2b-45e1-8ef1-097215c6e679,credit_card,mastercard,1987,2030-04-14,True,True,True,2024-11-11 23:57:17,2024-11-11 23:57:17,2026-03-03 14:29:59
4c60fb4f-36b5-4f6c-921f-8c353e3b4148,dc67f84e-ea2b-45e1-8ef1-097215c6e679,bank_account,Bank_EG_6,9978,,False,True,False,2025-02-06 12:52:14,2025-02-06 12:52:14,2025-07-29 01:13:30
f48f27d4-33f1-429f-a168-f0ff28928dd2,dc67f84e-ea2b-45e1-8ef1-097215c6e679,debit_card,meeza,9882,2030-10-22,False,True,True,2024-08-04 08:18:47,2024-08-04 08:18:47,2025-03-30 03:21:23
5f9fade3-721a-4507-ab94-37dda12db825,a5485a7a-1a85-410f-9ad2-ab5cf2020a88,debit_card,mastercard,2240,2030-07-13,True,True,True,2023-09-03 19:05:06,2023-09-03 19:05:06,2025-09-23 21:43:29
81721a03-67bb-4146-a2d8-5b7a9a054f18,a5485a7a-1a85-410f-9ad2-ab5cf2020a88,debit_card,mastercard,7538,2028-07-22,False,True,True,2023-10-02 18:07:14,2023-10-02 18:07:14,2025-02-18 18:54:37
e892cc23-1f71-4b49-b5e6-1f62560f47cb,d46541ea-f168-46f6-8dcd-ac832a3f7f8b,bank_account,Bank_SA_4,6375,,True,True,True,2025-10-11 18:00:49,2025-10-11 18:00:49,2025-12-27 21:30:46
a418023c-3dc3-4bf4-89ac-44d6870f2803,8f002e9a-55a7-486e-a339-2d63ed1b4051,debit_card,mastercard,9197,2028-01-09,True,True,True,2025-11-11 09:08:36,2025-11-11 09:08:36,2026-01-03 09:17:04
b15c2f73-6529-4215-9cfc-c521d18a7a29,298c342a-6adf-4403-a27c-a87bbfae22e9,credit_card,visa,6642,2029-06-19,True,True,True,2025-10-15 05:24:07,2025-10-15 05:24:07,2025-11-11 06:41:56
516a519a-2568-4a81-a7f2-7f5e2404c544,298c342a-6adf-4403-a27c-a87bbfae22e9,credit_card,mada,4619,2030-04-18,False,True,True,2026-01-29 13:46:01,2026-01-29 13:46:01,2026-03-01 16:04:47
4f58b9b3-5be3-4251-bb94-1ec794762bf4,9f6e10fd-1415-41d9-acee-3dca98692999,bank_account,Bank_EG_6,9972,,True,True,True,2024-09-28 07:39:13,2024-09-28 07:39:13,2024-11-12 18:33:39
f6630f6f-030d-4335-9c34-e2b9c0aa53f3,9f6e10fd-1415-41d9-acee-3dca98692999,debit_card,meeza,1445,2028-06-24,False,False,True,2024-12-10 16:18:25,2024-12-10 16:18:25,2026-01-02 13:42:20
f9923257-0c9a-48c7-9c76-3ecd45effe4a,2b90cd8d-57db-424c-b4b2-5569160a666b,bank_account,Bank_SA_7,1026,,True,True,True,2026-02-07 15:16:41,2026-02-07 15:16:41,2026-02-22 04:27:56
dac03fd7-d05c-4212-8057-5e9664af5723,b3c9cd67-1449-4c0f-8725-188fad6baab5,debit_card,mastercard,4861,2027-08-05,True,True,True,2025-07-30 02:57:06,2025-07-30 02:57:06,2026-01-13 14:45:49
175e942c-5e5a-411f-a67a-2169c7804744,b3c9cd67-1449-4c0f-8725-188fad6baab5,wallet_balance,internal_wallet,,,False,True,True,2024-04-17 02:59:10,2024-04-17 02:59:10,2025-11-08 09:29:42
7bce7cc1-58a2-4c4d-9a95-d648ed40bbb2,a10e82a2-ee7a-4a1a-96cd-730bec7b05f1,bank_account,Bank_EG_9,2062,,True,False,True,2025-03-11 17:23:41,2025-03-11 17:23:41,2025-04-24 12:19:57
b5e02002-a2cb-49b7-923b-3c69c518cb72,c2eb3400-b091-44e4-a0f0-b5fa08eeb41a,debit_card,mastercard,9239,2028-09-19,True,False,True,2025-08-23 11:57:53,2025-08-23 11:57:53,2025-11-21 12:27:08
fedef9b8-b042-43fb-bc42-fe30ce9c0afd,c2eb3400-b091-44e4-a0f0-b5fa08eeb41a,debit_card,mastercard,5973,2030-07-24,False,True,True,2024-10-05 22:54:11,2024-10-05 22:54:11,2025-05-09 18:30:01
7c6cc058-f9cd-4909-bacd-65b51a709a9d,59514e8c-e747-4f5e-b6a8-bafebedc4d0f,debit_card,mada,8944,2030-06-27,True,True,True,2024-09-28 18:31:20,2024-09-28 18:31:20,2024-10-24 23:54:19
9846384e-0764-48c0-b0be-08a5aae36f05,59514e8c-e747-4f5e-b6a8-bafebedc4d0f,credit_card,visa,6464,2029-09-05,False,True,True,2025-05-15 17:28:28,2025-05-15 17:28:28,2026-02-05 19:50:53
6906ba2e-27a6-4347-a662-2c19875e7507,59514e8c-e747-4f5e-b6a8-bafebedc4d0f,wallet_balance,internal_wallet,,,False,True,True,2024-09-29 16:49:39,2024-09-29 16:49:39,2025-04-05 21:17:29
c1a13a52-a86d-4770-a0bf-45568f276fc3,e88256dc-8b74-40d5-9452-47b10901a208,bank_account,Bank_KW_4,2706,,True,True,True,2026-02-07 02:31:47,2026-02-07 02:31:47,2026-02-21 05:55:13
bb1322aa-81ab-49ab-be2b-53bd9e894991,b3eeebbb-6628-4073-9325-1f77d84cf1af,credit_card,meeza,4653,2028-08-13,True,True,True,2025-08-31 11:17:01,2025-08-31 11:17:01,2025-12-04 16:44:29
c88330d8-b1b9-4f8e-a148-b272cee46870,e93eef2f-8334-4e97-b68a-f36e8ed037d4,wallet_balance,internal_wallet,,,True,True,False,2025-11-30 08:26:03,2025-11-30 08:26:03,2026-02-05 19:05:51
6ffb6527-7508-40c5-8128-19266345457d,e93eef2f-8334-4e97-b68a-f36e8ed037d4,wallet_balance,internal_wallet,,,False,False,True,2025-09-07 21:09:09,2025-09-07 21:09:09,2026-01-10 17:37:07
d9778291-3d4b-4954-be45-b3120e6e288a,63916fc9-93a7-4447-8c7c-f2c8bf8383aa,debit_card,visa,1033,2028-12-16,True,True,True,2025-05-23 12:24:45,2025-05-23 12:24:45,2025-07-30 22:34:11
7f200f26-9848-4e67-a0ab-5729533f7333,63916fc9-93a7-4447-8c7c-f2c8bf8383aa,credit_card,meeza,5281,2030-01-04,False,True,True,2024-05-06 04:18:59,2024-05-06 04:18:59,2025-08-09 05:20:18
009082c5-4852-4ec4-b0ec-26040a3fb2fa,deecb1d9-222b-4fff-913d-11b73a8bd3b2,bank_account,Bank_SA_4,5233,,True,True,True,2024-11-05 17:00:47,2024-11-05 17:00:47,2025-09-01 09:16:29
f1f4b2a6-4bfc-4146-a0f2-b68c7ec1943b,97955003-cc97-45b6-969b-5794b394ec04,credit_card,mastercard,8243,2030-12-12,True,False,True,2026-02-26 03:33:17,2026-02-26 03:33:17,2026-03-02 16:20:14
8fa5ca2f-0d6d-4ac7-ad71-d84deec64984,bd10d3d0-3f3a-45c1-bca3-da4fc5d147fc,credit_card,visa,8282,2030-04-14,True,True,True,2024-08-30 20:41:06,2024-08-30 20:41:06,2025-11-06 01:38:22
5ce0f2ab-72ad-4880-9132-1f69df695574,8a989707-b5a5-4f76-b8cc-b4d67d923a6a,wallet_balance,internal_wallet,,,True,True,True,2026-02-15 18:49:58,2026-02-15 18:49:58,2026-03-04 12:41:18
3d6ca308-84e0-496f-a28f-968598c48e82,87faed6f-7d90-4a29-8d75-dcbfd5f739df,credit_card,mastercard,3696,2028-01-10,True,False,True,2026-02-17 23:06:08,2026-02-17 23:06:08,2026-02-28 15:36:14
299db1c6-aac2-4847-aa57-51996fdda755,ba8035d4-ffc7-4890-add4-caabd3aa5c73,bank_account,Bank_EG_9,7971,,True,True,True,2025-09-04 03:52:38,2025-09-04 03:52:38,2025-12-17 23:37:39
9f34a009-da9a-4026-8e08-9ce0a52b97bf,ba8035d4-ffc7-4890-add4-caabd3aa5c73,debit_card,visa,9007,2030-06-11,False,True,True,2025-09-11 17:29:12,2025-09-11 17:29:12,2026-02-23 11:46:17
653ac90a-18e0-49bc-beb9-10111e65c4c6,a536d8d3-cc2e-4c12-8697-071ecff21f84,credit_card,mastercard,6954,2030-03-05,True,False,True,2025-03-19 22:53:38,2025-03-19 22:53:38,2025-06-22 00:43:32
fe5b5ee6-19ae-4e97-bd81-6b34dba5902e,366779cd-a4cd-4259-adfa-03c6b0965926,credit_card,amex,1876,2031-02-28,True,True,True,2025-03-09 19:13:50,2025-03-09 19:13:50,2026-01-13 15:42:15
fea2f748-1df5-48e8-9344-7d5aa48ecef4,366779cd-a4cd-4259-adfa-03c6b0965926,debit_card,visa,3677,2029-06-28,False,True,True,2025-09-21 16:50:00,2025-09-21 16:50:00,2026-01-23 18:28:00
fb69bf8f-0fff-4396-bcbd-5940bb338c53,d27de21b-3ff5-4ad9-bf93-9efd788e940f,credit_card,mada,2304,2030-06-22,True,True,True,2024-11-13 09:15:02,2024-11-13 09:15:02,2025-08-29 10:40:11
7dc59eac-1059-4023-bcce-2e6b51e05afb,d27de21b-3ff5-4ad9-bf93-9efd788e940f,credit_card,mastercard,3713,2028-12-18,False,True,True,2024-05-25 14:39:38,2024-05-25 14:39:38,2025-03-28 01:30:14
022fa8b4-c849-4de4-8d5a-a96696894fe8,111efb5d-a771-4e0c-b2fb-acdd9a6fa2c5,credit_card,meeza,8867,2027-11-20,True,True,True,2024-09-21 15:36:25,2024-09-21 15:36:25,2025-02-28 13:06:14
ac943211-d610-40ab-985c-1e6c4c855117,111efb5d-a771-4e0c-b2fb-acdd9a6fa2c5,wallet_balance,internal_wallet,,,False,True,True,2026-01-27 04:01:27,2026-01-27 04:01:27,2026-02-13 12:06:20
1e04e12c-1325-43b2-affc-0cdfc5d331ed,5ffe8ea5-89cb-493f-b619-399042cbf3e6,wallet_balance,internal_wallet,,,True,True,True,2025-11-19 18:08:42,2025-11-19 18:08:42,2026-01-08 11:51:04
d6c5381f-67fa-4b1a-8ee9-a4dab6a2dc37,9c3b9772-cf90-482a-b182-25b65640ad5c,credit_card,mada,2410,2028-12-16,True,False,True,2025-04-16 10:47:36,2025-04-16 10:47:36,2026-03-03 10:50:38
26513541-1855-4d32-85d7-81ec96122606,9c3b9772-cf90-482a-b182-25b65640ad5c,credit_card,visa,6839,2028-10-14,False,True,True,2024-11-19 12:15:08,2024-11-19 12:15:08,2025-03-29 20:25:10
df0643ea-805a-42ee-a412-284d049f7333,755cd1ae-a8b2-464c-822c-324e825a924f,bank_account,Bank_EG_10,6703,,True,True,True,2025-09-08 06:32:17,2025-09-08 06:32:17,2026-02-10 18:24:23
d4ae3293-69b3-4b39-87ad-7a002e1fd8a4,2f382129-bda2-4065-b5cc-c57068fc7f01,bank_account,Bank_EG_6,6213,,True,True,True,2023-10-24 20:17:35,2023-10-24 20:17:35,2024-01-01 19:47:14
90d7a715-2f25-4a76-b20e-c28806a1624c,55272420-3b62-493e-b83a-6503cca7ee18,credit_card,visa,5869,2028-10-24,True,True,True,2025-12-27 02:57:09,2025-12-27 02:57:09,2026-01-27 15:51:16
ae330a5f-361d-49c6-8dc1-56faf80729ed,4e9c90fd-be58-4472-bdb9-e9eacfec4860,bank_account,Bank_SA_8,6593,,True,True,True,2024-01-06 19:28:52,2024-01-06 19:28:52,2025-03-09 21:21:19
74d0bd55-ce08-445c-81fd-4163558b6462,f1804ed2-8175-4c64-84dd-ec0457df096f,debit_card,visa,5215,2030-12-07,True,True,True,2025-08-12 01:04:36,2025-08-12 01:04:36,2026-01-09 20:45:30
a7b00bd9-e9d7-460f-923b-ebec66590384,f1804ed2-8175-4c64-84dd-ec0457df096f,wallet_balance,internal_wallet,,,False,True,True,2024-12-10 16:45:37,2024-12-10 16:45:37,2025-10-07 17:13:43
bf4448fd-17dc-4133-baf9-58cc77709550,c3a1d2d2-6a13-479c-954a-812670941031,debit_card,mastercard,3620,2028-02-17,True,True,True,2025-09-11 15:57:37,2025-09-11 15:57:37,2025-09-16 11:01:44
d85a0a25-b822-4c8f-9523-c3f320028351,c3a1d2d2-6a13-479c-954a-812670941031,credit_card,visa,7882,2027-09-13,False,True,True,2025-08-12 20:55:44,2025-08-12 20:55:44,2025-09-30 00:07:30
086dc9d7-e148-4f4c-8f39-96b1a25f2f0f,c3a1d2d2-6a13-479c-954a-812670941031,bank_account,Bank_EG_3,1013,,False,True,True,2025-11-14 20:20:30,2025-11-14 20:20:30,2025-12-07 03:47:37
99211d88-31f9-4b7e-ab6a-5fc72a5a71e7,aab7b400-b93e-4c96-b0b0-00a105b85c27,debit_card,mada,6840,2030-03-19,True,True,True,2025-11-28 11:55:22,2025-11-28 11:55:22,2026-01-07 14:20:27
48792477-4e8d-49a2-ae0b-e37821dfdce4,aab7b400-b93e-4c96-b0b0-00a105b85c27,debit_card,visa,9411,2029-11-01,False,True,True,2025-07-02 07:30:48,2025-07-02 07:30:48,2025-12-03 09:34:43
0e31bf8b-ec11-4829-b9d5-dd7f03e8717c,70145418-b252-43dd-b8ff-20e70640360c,credit_card,mastercard,5455,2028-04-07,True,True,True,2025-01-28 08:57:40,2025-01-28 08:57:40,2025-11-20 22:58:04
d26cca89-8b76-4941-a390-8824fe0be529,745d5d35-b0d0-4599-8905-81d8c538df9e,debit_card,mada,5422,2028-09-19,True,True,True,2025-09-29 04:18:50,2025-09-29 04:18:50,2025-12-04 21:06:08
b3e7f290-cad5-414c-9e00-b758047e2810,745d5d35-b0d0-4599-8905-81d8c538df9e,wallet_balance,internal_wallet,,,False,True,True,2026-02-23 01:53:27,2026-02-23 01:53:27,2026-03-04 11:15:34
f0e16f81-f0b0-48a7-abcf-9c7666fd9c2b,732d81b9-4e9b-4e5a-a3b7-c498f26e41ff,debit_card,mastercard,2123,2031-02-16,True,True,True,2025-12-21 11:50:44,2025-12-21 11:50:44,2026-01-06 20:32:42
88643ba6-cf9c-46a6-94ae-b5b73e702f93,a4c7db5c-46a4-40c0-ab33-4cccd7574fe6,bank_account,Bank_SA_10,2292,,True,True,True,2026-03-03 07:10:04,2026-03-03 07:10:04,2026-03-04 01:24:49
9cd7c9a2-7c98-4d02-bcc0-eee41c2cec10,a4c7db5c-46a4-40c0-ab33-4cccd7574fe6,wallet_balance,internal_wallet,,,False,True,True,2024-02-01 18:51:09,2024-02-01 18:51:09,2024-12-22 12:09:58
7241ac83-38bc-4667-949c-124f7219d357,02b00574-79ec-4b56-9412-1bf599a527ab,debit_card,visa,3418,2030-03-07,True,True,True,2024-12-26 20:13:33,2024-12-26 20:13:33,2025-07-10 20:58:55
8b0beb27-63e0-4819-81c7-08ed9415074d,6b48701b-5e4a-481f-8949-7ab3de00761f,wallet_balance,internal_wallet,,,True,True,True,2024-10-27 16:51:17,2024-10-27 16:51:17,2025-07-23 12:29:21
54b58844-d4e2-45d6-a9eb-b90cb08a8644,6b48701b-5e4a-481f-8949-7ab3de00761f,credit_card,mastercard,6886,2030-02-07,False,True,True,2023-12-22 12:33:17,2023-12-22 12:33:17,2026-01-15 04:11:48
5b43099e-1751-44a3-9986-6005d2ee0129,6b48701b-5e4a-481f-8949-7ab3de00761f,bank_account,Bank_AE_3,1926,,False,False,True,2024-09-21 22:07:28,2024-09-21 22:07:28,2026-01-13 09:38:46
36ae8828-5796-4dfd-a389-b1bae0658fad,56af28ca-567d-49ea-a4f9-a0d4cb095f91,credit_card,meeza,8182,2027-08-08,True,True,True,2025-09-29 10:29:46,2025-09-29 10:29:46,2026-02-06 15:07:31
6f90e2fc-0d4f-44ab-b8b8-8e7df2cfd054,56af28ca-567d-49ea-a4f9-a0d4cb095f91,credit_card,visa,3354,2029-07-21,False,True,True,2025-06-28 03:05:05,2025-06-28 03:05:05,2025-12-11 07:31:46
e52632cc-a37d-493a-9c7c-0648046bba0f,d8ef90af-f0e0-4fa8-8424-18f46e5dd57e,credit_card,mastercard,7584,2029-03-28,True,True,True,2025-05-05 22:08:49,2025-05-05 22:08:49,2025-11-26 20:16:30
aaa093e3-e1f4-4791-a0bb-08952e23f9a7,75fad6fe-e18a-4160-bcd7-4507d4f8501c,bank_account,Bank_AE_9,1510,,True,True,True,2024-11-13 08:47:22,2024-11-13 08:47:22,2025-08-14 18:07:38
15884ddf-ef51-402f-a432-59dfa38d68c7,75fad6fe-e18a-4160-bcd7-4507d4f8501c,wallet_balance,internal_wallet,,,False,False,True,2025-06-03 17:28:56,2025-06-03 17:28:56,2025-08-17 22:51:35
fe1bef3d-421c-440e-b55b-bef916bf25c5,881fa0b3-6a81-45a4-9a69-0f83092991e0,bank_account,Bank_EG_1,2530,,True,True,True,2026-01-09 06:43:37,2026-01-09 06:43:37,2026-02-23 00:53:03
9a9b3209-a17e-417b-a09e-4ff0ca13c8cf,881fa0b3-6a81-45a4-9a69-0f83092991e0,wallet_balance,internal_wallet,,,False,True,True,2025-10-18 00:58:09,2025-10-18 00:58:09,2025-12-30 19:29:21
b9e3e00e-0e97-4562-9a66-16b362e438f6,e32e1f58-32ab-49ef-a708-f74597000d78,credit_card,mastercard,8916,2029-03-19,True,True,True,2025-07-09 09:20:11,2025-07-09 09:20:11,2025-10-13 13:35:46
66f30218-88d2-461d-8917-a4beec04ec20,e32e1f58-32ab-49ef-a708-f74597000d78,wallet_balance,internal_wallet,,,False,True,True,2025-08-15 04:37:24,2025-08-15 04:37:24,2025-12-01 16:49:35
b07a028e-5a9b-4d93-a9b4-c622f979af22,e32e1f58-32ab-49ef-a708-f74597000d78,credit_card,mada,9969,2029-06-30,False,True,True,2025-08-21 06:50:18,2025-08-21 06:50:18,2026-01-15 18:24:06
d0f4d212-b87c-4833-a62a-e62dc7aab762,d112d383-1685-494a-8fb3-2299d9680bea,credit_card,mastercard,5657,2027-08-05,True,True,True,2026-01-27 19:03:44,2026-01-27 19:03:44,2026-01-27 21:39:29
249a9717-8458-453a-b64a-8cc9c30b31f4,4db28554-e63f-4517-82a1-ff3971114e85,credit_card,amex,7831,2030-03-03,True,True,True,2023-06-15 12:15:40,2023-06-15 12:15:40,2024-06-13 05:42:07
d71aad54-e199-4c59-83a6-06ac5ee2b73f,4db28554-e63f-4517-82a1-ff3971114e85,wallet_balance,internal_wallet,,,False,True,True,2024-08-03 15:58:07,2024-08-03 15:58:07,2024-09-06 18:19:10
5eb78996-1c42-4cff-aa99-34b059367209,3f694927-1c7e-4f6a-870a-cccf3c0eda6b,wallet_balance,internal_wallet,,,True,True,True,2026-02-05 16:24:13,2026-02-05 16:24:13,2026-02-27 10:33:56
399ff6ef-87e7-4a93-bf63-87b34687ca36,112ee838-090a-4b6f-8908-385e57721a20,bank_account,Bank_SA_2,7716,,True,True,False,2025-09-12 22:53:09,2025-09-12 22:53:09,2025-12-12 02:49:30
09e6e7e7-11ba-44ef-aaa6-a26aac27aad7,d0bd5630-3073-4f76-8670-f5904fff11e0,debit_card,visa,3657,2030-04-09,True,True,True,2025-03-31 16:56:19,2025-03-31 16:56:19,2025-09-14 14:44:00
238e2e40-ce3e-4a56-9c44-64e32e2031e7,d0bd5630-3073-4f76-8670-f5904fff11e0,bank_account,Bank_EG_2,3426,,False,True,True,2025-12-11 14:37:04,2025-12-11 14:37:04,2025-12-12 08:22:24
777112e8-7547-4ef1-95e8-10e6cf1dcfa4,4e69ec79-fed9-46d5-bd39-e43d1d02115f,bank_account,Bank_KW_2,6657,,True,True,True,2025-09-18 21:34:50,2025-09-18 21:34:50,2025-12-14 03:41:38
3157cab8-29b3-4616-9b38-f154a5e707c2,4e69ec79-fed9-46d5-bd39-e43d1d02115f,credit_card,visa,3291,2028-10-30,False,True,True,2025-10-06 01:25:34,2025-10-06 01:25:34,2025-11-05 13:01:33
31393def-3ef7-417b-b2fc-dffa6be9374b,3e8f8ebb-53d2-4123-843d-217310996055,debit_card,knet,1898,2031-02-28,True,True,True,2025-09-08 12:13:06,2025-09-08 12:13:06,2025-11-10 01:16:24
4994027e-78e4-4830-81d3-8aafa102fc74,3e8f8ebb-53d2-4123-843d-217310996055,debit_card,knet,1350,2030-10-02,False,True,True,2025-09-15 21:39:48,2025-09-15 21:39:48,2026-02-23 09:52:46
ab5250a6-ac0a-4b75-b519-b4764e8f7665,877e759a-a8a7-46f4-92b0-9d09c805470e,debit_card,mastercard,6832,2030-05-19,True,False,True,2025-05-16 08:08:40,2025-05-16 08:08:40,2025-08-15 08:09:26
0b80e64d-eb40-4bb0-9708-4492a39f4ce7,877e759a-a8a7-46f4-92b0-9d09c805470e,bank_account,Bank_EG_2,8575,,False,True,True,2025-05-02 04:20:31,2025-05-02 04:20:31,2026-02-09 02:48:05
03685250-0f74-42fc-8d6f-f87965efc8e1,0fa3b1ff-8662-43f1-b295-1d1944e70a10,credit_card,visa,5537,2030-03-13,True,True,True,2024-09-13 09:30:59,2024-09-13 09:30:59,2025-07-27 13:02:04
44a920a2-241c-4007-b499-8a6c6c456305,0fa3b1ff-8662-43f1-b295-1d1944e70a10,wallet_balance,internal_wallet,,,False,True,True,2023-09-27 11:57:08,2023-09-27 11:57:08,2024-07-20 22:23:07
e0de48e1-dea3-46b6-9feb-02a0a791ce2a,0fa3b1ff-8662-43f1-b295-1d1944e70a10,debit_card,mastercard,7692,2028-05-21,False,True,True,2025-12-11 17:25:25,2025-12-11 17:25:25,2025-12-17 13:28:51
9b1ad45b-193e-4f82-81ca-088250fca665,a024efd9-efc2-4f3f-aaab-2b038e6d4020,credit_card,visa,9162,2029-09-13,True,True,True,2024-03-20 20:06:14,2024-03-20 20:06:14,2025-01-21 10:45:55
f76792ae-df47-44b6-968b-e0e709e86a2e,a024efd9-efc2-4f3f-aaab-2b038e6d4020,debit_card,visa,9396,2027-07-07,False,True,True,2024-08-20 19:03:45,2024-08-20 19:03:45,2025-08-23 09:30:02
24789466-b004-4253-ae15-b2736fc12618,a024efd9-efc2-4f3f-aaab-2b038e6d4020,wallet_balance,internal_wallet,,,False,True,True,2023-12-15 04:19:59,2023-12-15 04:19:59,2024-03-09 22:23:32
d121d86b-b90e-4a87-9655-cb88637cd648,23e53ef8-362e-4086-924e-711711c31456,debit_card,meeza,7430,2027-05-23,True,True,True,2025-05-10 22:10:35,2025-05-10 22:10:35,2025-08-30 05:02:50
0646ec26-2d07-465e-9a7b-1277f2369592,23e53ef8-362e-4086-924e-711711c31456,bank_account,Bank_EG_5,5816,,False,True,True,2025-05-27 05:32:48,2025-05-27 05:32:48,2025-11-26 01:42:49
445dc5b3-cab2-4bce-b2b5-221322bdbb11,630bf661-6beb-4e13-bbbf-75b4eaf4fea5,bank_account,Bank_EG_6,3922,,True,True,True,2025-07-27 15:14:47,2025-07-27 15:14:47,2025-12-24 07:37:21
26afa9d2-fcee-4448-bfca-b5654ea6334a,630bf661-6beb-4e13-bbbf-75b4eaf4fea5,bank_account,Bank_EG_6,4306,,False,True,True,2025-07-12 17:15:15,2025-07-12 17:15:15,2025-08-14 13:08:03
24904b85-0786-4edf-a333-f4d63c7af1fd,4d581e09-cf71-45fd-9753-781b96ee0a23,bank_account,Bank_EG_2,9880,,True,True,True,2024-10-31 20:46:43,2024-10-31 20:46:43,2025-11-20 20:56:27
b2f35346-8305-41b5-913a-d4c21fa8a5ae,24c3ff66-69db-4d8a-922e-3a47f031124d,wallet_balance,internal_wallet,,,True,True,True,2026-02-27 02:14:59,2026-02-27 02:14:59,2026-03-01 00:06:12
91cc6e54-f0c6-4609-bfd1-861ed67ac0d9,feb8adc1-69bf-4d6a-a72e-61db499ee0e7,bank_account,Bank_QA_1,5910,,True,True,True,2026-01-05 09:44:19,2026-01-05 09:44:19,2026-02-25 23:29:15
3d14381d-4e95-4b77-96ca-2795cbe7641a,feb8adc1-69bf-4d6a-a72e-61db499ee0e7,credit_card,mastercard,6841,2029-08-03,False,True,True,2025-07-29 19:36:39,2025-07-29 19:36:39,2025-10-25 15:32:59
7a50354a-09f2-45f3-83f1-d58b3c2e1fac,feb8adc1-69bf-4d6a-a72e-61db499ee0e7,debit_card,mastercard,7521,2028-06-02,False,True,True,2025-09-28 10:28:30,2025-09-28 10:28:30,2025-10-21 09:46:58
a61f0fb0-8c5f-4df5-a464-e5a0f7e2f4ed,913302df-2a49-49ef-a336-575cfa6b6a71,credit_card,visa,5535,2027-10-26,True,False,False,2025-10-19 23:55:15,2025-10-19 23:55:15,2026-02-28 07:35:19
d52eb23e-6dbb-4c49-8790-fed52934e84e,913302df-2a49-49ef-a336-575cfa6b6a71,credit_card,mastercard,3320,2027-06-21,False,True,True,2025-06-29 22:05:19,2025-06-29 22:05:19,2026-01-16 06:42:16
b8ce2e41-e4db-4837-be28-3da158d2eec6,802c0c61-4ea0-4c60-988c-9e190ff782dd,debit_card,mada,5941,2030-12-31,True,True,True,2025-11-08 00:29:03,2025-11-08 00:29:03,2026-02-09 17:46:17
4e33ac05-26a1-4ed2-b97e-546b0031f33d,802c0c61-4ea0-4c60-988c-9e190ff782dd,debit_card,mastercard,7224,2029-06-02,False,True,True,2025-11-17 07:21:40,2025-11-17 07:21:40,2025-12-28 07:50:55
30f0ab5f-98e7-47e1-9dd2-935fbdc37f7e,802c0c61-4ea0-4c60-988c-9e190ff782dd,bank_account,Bank_SA_1,8988,,False,True,True,2025-09-14 07:24:59,2025-09-14 07:24:59,2025-11-02 07:17:42
89be55f8-5ad9-4ff8-b387-bb9e8f7d8870,7bc16e98-11d7-4fd4-819b-fa1bb1d8f5b8,wallet_balance,internal_wallet,,,True,True,True,2026-01-01 07:06:33,2026-01-01 07:06:33,2026-02-07 11:06:46
dec700b1-feb1-4773-a74b-1357adc34996,4613b8b5-3c3b-4c8e-86d6-203c59477af5,bank_account,Bank_AE_10,4195,,True,True,True,2026-01-07 13:09:47,2026-01-07 13:09:47,2026-02-13 06:53:28
c51d36c6-a71f-4dae-8894-632bc11e4850,49c188b5-f132-4f26-bfda-522a807fa07b,wallet_balance,internal_wallet,,,True,True,True,2025-12-24 23:42:31,2025-12-24 23:42:31,2026-02-25 14:29:08
a5b5e61d-d5a5-4a54-ae68-75445c816a2f,49c188b5-f132-4f26-bfda-522a807fa07b,debit_card,amex,4783,2029-05-13,False,True,True,2026-02-10 23:20:16,2026-02-10 23:20:16,2026-02-27 11:40:23
fd97cd99-c09f-454f-975c-fb701f22af5b,80710338-71dd-4a2c-9f37-bc8e9fbd0617,bank_account,Bank_SA_7,8781,,True,True,True,2025-10-22 11:51:18,2025-10-22 11:51:18,2025-11-24 14:28:36
ad525d95-c0b3-4e59-a651-ebcbf70e98ab,80710338-71dd-4a2c-9f37-bc8e9fbd0617,debit_card,mada,5423,2027-03-26,False,False,True,2025-04-14 18:40:35,2025-04-14 18:40:35,2026-02-23 02:57:56
746b03e5-4990-4448-8a89-817289c6c2c5,58beb22d-68cd-4c31-bb8a-0e10535e490c,bank_account,Bank_SA_8,1785,,True,True,True,2024-08-09 21:29:26,2024-08-09 21:29:26,2024-10-04 22:48:40
036e0ab1-9716-49e4-9898-e3dd1beae0dd,58beb22d-68cd-4c31-bb8a-0e10535e490c,credit_card,visa,9038,2027-12-08,False,True,True,2024-05-08 22:28:21,2024-05-08 22:28:21,2025-03-28 20:12:39
be7515d0-40c6-40b4-a4c5-574ba51d51cc,e684045c-133f-43ba-a59b-27c65d5ce123,bank_account,Bank_EG_6,7555,,True,True,True,2026-02-16 10:49:53,2026-02-16 10:49:53,2026-02-20 14:48:45
df20ba95-9124-4230-b5aa-39a5f09ea028,e684045c-133f-43ba-a59b-27c65d5ce123,debit_card,meeza,7632,2027-10-27,False,True,True,2026-01-17 20:42:24,2026-01-17 20:42:24,2026-01-24 02:26:40
5e6ab9c8-36a4-47cc-afcf-f8b73eb6b589,e684045c-133f-43ba-a59b-27c65d5ce123,bank_account,Bank_EG_10,2028,,False,True,True,2025-11-28 11:12:18,2025-11-28 11:12:18,2025-12-16 21:08:48
50e21d17-9cc8-4027-80dc-90f2375113e7,2413c8f5-a5dd-4d57-98fd-483c40bfea8b,debit_card,visa,4259,2028-01-24,True,True,True,2026-02-03 00:00:04,2026-02-03 00:00:04,2026-02-21 16:38:46
17d8df68-b013-412b-b0ed-857703c7f2ef,8aef231d-f233-4ba4-af6d-946f3a1ba581,bank_account,Bank_EG_3,4428,,True,True,True,2025-08-29 09:34:55,2025-08-29 09:34:55,2026-02-09 01:12:03
e141e0d1-173a-448f-aaa9-7196cd616baa,c85a007d-8e79-4294-9dd7-07ecd37b5fa9,bank_account,Bank_EG_10,1273,,True,True,True,2025-09-07 13:35:15,2025-09-07 13:35:15,2025-10-01 17:53:28
c3103966-57a3-4a73-9f7b-2d47efc3462b,bb521ab6-d37b-457e-b194-98f890e4ece9,bank_account,Bank_EG_5,9042,,True,True,True,2026-01-08 04:01:06,2026-01-08 04:01:06,2026-02-05 19:01:50
cf45e10b-1f9c-4b80-a4b0-c07333154d25,bb521ab6-d37b-457e-b194-98f890e4ece9,debit_card,visa,4853,2029-12-08,False,True,True,2026-01-25 17:40:22,2026-01-25 17:40:22,2026-02-18 23:27:44
419c8d9c-c704-4a69-9e4d-2f82e7edf3d3,cd25b347-4327-4cf9-b96c-c4c736ce9968,debit_card,amex,7594,2027-06-07,True,True,True,2025-11-06 22:55:11,2025-11-06 22:55:11,2025-12-16 08:44:01
0bf01a7f-a2c5-4165-a223-3b0c11b80012,de816987-31be-47e2-8ea1-cce7e6b18d61,wallet_balance,internal_wallet,,,True,True,True,2023-10-14 11:10:18,2023-10-14 11:10:18,2025-08-22 01:48:31
e109a8b4-8a82-4942-a0f6-2bf1a208a098,9d0e77ef-f7e9-4399-9d91-bedda9be2d0c,credit_card,meeza,7374,2027-04-01,True,True,True,2025-04-16 14:01:47,2025-04-16 14:01:47,2025-11-11 07:23:47
eb495110-7892-40f2-b00b-fc7380c0d0b0,9d0e77ef-f7e9-4399-9d91-bedda9be2d0c,bank_account,Bank_EG_3,6490,,False,True,True,2025-08-16 16:21:39,2025-08-16 16:21:39,2025-10-21 16:15:09
f8abb764-e2cd-4056-bec4-78a1ed50e13b,1a72c84e-eeb0-4899-8399-43cad02062e0,bank_account,Bank_EG_5,3099,,True,True,True,2026-02-25 18:54:17,2026-02-25 18:54:17,2026-03-01 07:16:48
ff6cdfc2-308a-449b-b70c-180dcf456e25,1a72c84e-eeb0-4899-8399-43cad02062e0,debit_card,mastercard,3683,2029-02-12,False,True,True,2026-02-22 18:04:22,2026-02-22 18:04:22,2026-02-27 18:40:07
2755f114-03fd-4e86-a392-68d89e8cd217,9b582113-29b9-47ab-9abd-454777b6ccc7,debit_card,visa,6784,2030-07-31,True,False,True,2025-08-11 02:28:47,2025-08-11 02:28:47,2026-01-30 13:14:21
b09d2df0-7317-43c1-b2e2-9cfbbca27c51,1df24671-3362-4d96-8b03-55d947581531,bank_account,Bank_EG_7,4257,,True,True,True,2025-09-05 10:37:24,2025-09-05 10:37:24,2026-01-01 12:01:37
0946364f-fea7-4537-bf42-6533d374aa67,1df24671-3362-4d96-8b03-55d947581531,wallet_balance,internal_wallet,,,False,True,True,2026-01-29 19:06:02,2026-01-29 19:06:02,2026-02-25 12:53:17
26fdbf8d-470a-4ab5-8f69-bd4e787a9e6a,864dd617-7b0f-4981-8227-6c99a96d57d4,bank_account,Bank_EG_5,4826,,True,True,True,2024-07-12 19:49:38,2024-07-12 19:49:38,2025-01-31 16:50:06
6fc30baa-b574-417a-af1a-fa4ef92785eb,864dd617-7b0f-4981-8227-6c99a96d57d4,credit_card,visa,3623,2027-06-04,False,True,True,2025-08-31 14:22:50,2025-08-31 14:22:50,2025-09-01 00:09:19
32257697-4917-44f6-ab30-f4f848bde083,19bad435-94c9-4f4c-93bf-7bbe0fd442f3,bank_account,Bank_SA_9,2301,,True,True,True,2025-10-15 08:53:32,2025-10-15 08:53:32,2026-01-01 01:53:25
e4069b89-fa34-4866-82ae-b45be83c0812,1aee8226-f4a2-42bd-896d-030820f7ebbe,debit_card,visa,9051,2027-06-01,True,True,True,2026-02-06 10:21:07,2026-02-06 10:21:07,2026-02-07 19:36:27
b147a609-f4a5-48f4-8cec-f95de667baff,1aee8226-f4a2-42bd-896d-030820f7ebbe,debit_card,mastercard,4516,2030-01-02,False,True,True,2026-02-02 11:50:45,2026-02-02 11:50:45,2026-02-07 04:05:44
7773ec47-f1b5-471d-bfc4-b4bc018f59a8,058d0733-07d5-4414-8303-bdb8d8da3685,debit_card,visa,1118,2030-05-28,True,True,True,2024-07-08 04:19:43,2024-07-08 04:19:43,2025-10-19 17:03:22
303401ac-ceea-43fc-a37e-f48b922394d2,058d0733-07d5-4414-8303-bdb8d8da3685,bank_account,Bank_KW_8,5145,,False,True,False,2024-02-02 10:45:47,2024-02-02 10:45:47,2025-04-20 10:17:57
061e01ca-2756-4fec-ac00-32a2da3ab148,c3f6ae21-c72c-4bd6-b80e-8c6dbfa01fde,bank_account,Bank_SA_10,8510,,True,False,True,2026-01-18 07:47:03,2026-01-18 07:47:03,2026-01-30 06:24:31
f9a50859-1fc4-4d9f-8639-025e8cf4b154,c3f6ae21-c72c-4bd6-b80e-8c6dbfa01fde,debit_card,mada,2402,2028-07-12,False,True,True,2026-01-18 14:48:45,2026-01-18 14:48:45,2026-02-05 07:55:29
111c7c4a-d96a-4d6f-a748-4a68cf3cd729,4725f20a-c84c-42d7-8fb2-c738952de491,bank_account,Bank_AE_2,9219,,True,True,True,2026-03-03 18:42:07,2026-03-03 18:42:07,2026-03-04 11:00:04
73788ea6-9789-4ac7-864e-26e262d0b823,8cc886db-3ae1-48d6-903f-aa79696b9dbc,wallet_balance,internal_wallet,,,True,True,True,2026-02-16 22:01:22,2026-02-16 22:01:22,2026-02-18 13:59:54
f5f4371e-5827-4c18-8af6-9238c994f6d5,03f0dc4a-5526-4395-b02a-ca31c2dca44e,wallet_balance,internal_wallet,,,True,True,True,2026-02-04 12:36:36,2026-02-04 12:36:36,2026-02-26 01:52:21
981227d6-04b5-4d69-a628-5aa69c7279cf,a802088c-40fe-45dc-b24d-8ea10ee23f35,wallet_balance,internal_wallet,,,True,True,True,2025-12-22 07:36:56,2025-12-22 07:36:56,2026-01-17 11:56:26
34d91ad8-47bb-49cc-9cb1-79ca1286c758,a802088c-40fe-45dc-b24d-8ea10ee23f35,wallet_balance,internal_wallet,,,False,True,True,2025-10-02 03:15:08,2025-10-02 03:15:08,2026-02-15 08:46:57
8980484c-e027-4c5c-86ef-79a7fd119368,a802088c-40fe-45dc-b24d-8ea10ee23f35,credit_card,visa,1738,2028-07-24,False,True,True,2025-09-10 09:55:09,2025-09-10 09:55:09,2025-12-14 19:21:30
944e122d-9aab-4a38-b344-82f1322bb8ba,164fdc3a-3d31-4b9a-b878-1c3cfeb0c2ca,credit_card,amex,2974,2029-08-05,True,True,True,2025-12-23 12:54:31,2025-12-23 12:54:31,2026-02-13 02:39:46
b97057aa-aefc-48c1-9dfd-46ed7787c62a,164fdc3a-3d31-4b9a-b878-1c3cfeb0c2ca,bank_account,Bank_AE_10,1584,,False,True,True,2025-02-11 06:26:22,2025-02-11 06:26:22,2025-09-12 10:05:43
ee9b9df6-facf-4884-95a6-5a47ecd46676,7815e8d9-e492-4e94-9f2e-af79407b9a2d,wallet_balance,internal_wallet,,,True,True,True,2026-02-24 18:57:04,2026-02-24 18:57:04,2026-02-26 03:20:30
8c79f2d7-0b44-4a79-b6e5-33844be2f806,a2a31e3c-639c-451b-b88e-4c0230115549,credit_card,visa,3271,2030-01-04,True,True,True,2025-07-22 03:18:20,2025-07-22 03:18:20,2026-01-09 13:47:47
15adce53-3efb-4bf3-ab2a-7ed7353248dc,60541006-e492-4e39-9fe4-b51be8be08a7,wallet_balance,internal_wallet,,,True,True,True,2024-02-21 08:10:52,2024-02-21 08:10:52,2026-02-21 23:03:27
1d147753-e40b-4f37-88b1-13e4088cb7e9,4c469a97-1ab7-495a-8e62-7bb1bf2a4ba7,credit_card,visa,3475,2028-03-22,True,True,True,2024-09-02 14:36:52,2024-09-02 14:36:52,2025-11-23 02:02:27
2d6d5744-defb-4889-a503-148008501ee3,add24244-e767-4e4c-ac12-640ec51f9e92,credit_card,meeza,2154,2029-11-14,True,True,True,2025-08-25 16:32:18,2025-08-25 16:32:18,2025-09-28 22:24:39
12caacea-211b-4cda-b224-6c5d83fb2350,84ff6eb1-4a61-496c-8be7-d4ebff4eb345,wallet_balance,internal_wallet,,,True,True,True,2026-02-10 12:21:37,2026-02-10 12:21:37,2026-02-22 13:11:32
b02d29ea-65a6-477f-9814-0c2545629b40,84ff6eb1-4a61-496c-8be7-d4ebff4eb345,debit_card,amex,8747,2030-02-08,False,False,True,2025-06-03 10:58:31,2025-06-03 10:58:31,2025-08-26 06:28:51
ef2508a4-2995-45d5-95d4-f8d9907632ce,bfe4cb56-ebb3-4bc8-bdc3-7d6e47e4bf96,bank_account,Bank_EG_9,6934,,True,True,True,2026-01-30 18:10:13,2026-01-30 18:10:13,2026-02-21 20:01:12
2d7c9e73-3b7a-44b4-b1d1-422b19761d65,e441a527-1658-40ae-9f45-e35d9d6f7ddc,bank_account,Bank_AE_7,2476,,True,True,True,2024-11-03 05:38:28,2024-11-03 05:38:28,2025-06-02 22:51:49
c716fdc4-5a27-4db0-9304-27e5e41ec915,fff904c6-1ad2-4c53-9c81-af1939e4cb15,debit_card,mastercard,2452,2029-10-07,True,False,True,2025-12-04 03:54:21,2025-12-04 03:54:21,2026-01-23 04:19:35
8883eb5b-dc65-4411-a8a5-afb07defc622,44b3cdc3-7908-44c0-9222-6e7f9e7e18f6,debit_card,mastercard,9697,2027-12-03,True,True,True,2026-03-02 21:59:55,2026-03-02 21:59:55,2026-03-04 06:38:42
0cb9aca6-877f-4721-b64c-62fe3215696a,44b3cdc3-7908-44c0-9222-6e7f9e7e18f6,credit_card,mastercard,6654,2028-09-26,False,True,True,2026-01-27 22:25:50,2026-01-27 22:25:50,2026-01-30 14:50:00
e49640af-5ea6-414f-aa6b-2176affab2eb,5bbe0d8b-c49a-4601-b719-3fcb4b715217,debit_card,mada,3065,2029-05-13,True,False,True,2023-04-05 16:18:25,2023-04-05 16:18:25,2024-07-07 04:21:07
d63b70ff-e0f4-4858-907f-dcda5c66ecc8,256fe05c-7e64-47b7-8aa4-80438bb561bf,bank_account,Bank_SA_10,3427,,True,True,True,2026-01-26 18:47:44,2026-01-26 18:47:44,2026-02-19 04:43:58
8794e9a8-e006-464a-97ad-6d53bb666f56,256fe05c-7e64-47b7-8aa4-80438bb561bf,credit_card,mada,4367,2030-09-28,False,True,True,2026-01-26 23:33:39,2026-01-26 23:33:39,2026-02-19 17:33:36
e2be73f7-5143-4830-b3b7-3b79a1035b3f,0c01bb74-86ed-4a4b-b150-4396a914ec67,bank_account,Bank_EG_9,9514,,True,False,True,2025-01-18 02:00:07,2025-01-18 02:00:07,2026-02-18 14:52:55
f7f01340-4113-4e85-ba9b-74e8bf3ec3a1,0c01bb74-86ed-4a4b-b150-4396a914ec67,debit_card,meeza,6709,2027-10-29,False,True,True,2026-02-15 23:23:18,2026-02-15 23:23:18,2026-03-03 20:23:27
edf256d3-17e6-4949-a58a-326f302491df,f3ae8d69-7ef7-4a06-9f9a-68e221dc213c,wallet_balance,internal_wallet,,,True,True,False,2025-12-29 09:15:30,2025-12-29 09:15:30,2026-02-10 18:29:32
f84370e9-d9a8-4346-bfb9-a2042775870e,53d86b7a-2ad0-477a-a11e-48a227d594a0,wallet_balance,internal_wallet,,,True,True,True,2025-04-10 13:25:49,2025-04-10 13:25:49,2025-10-20 13:51:20
f24b6709-f422-4920-aaf0-0578ae9e2f77,53d86b7a-2ad0-477a-a11e-48a227d594a0,credit_card,mastercard,6197,2029-11-03,False,True,True,2024-07-21 09:32:06,2024-07-21 09:32:06,2026-02-12 08:25:30
ad292d2b-1559-481c-81c3-be73510ab5d6,3c669c4e-8f30-48b6-b248-a28fd229c06a,bank_account,Bank_AE_7,3492,,True,True,True,2025-12-05 17:54:01,2025-12-05 17:54:01,2026-02-10 19:07:37
be0e4fa1-c684-42f3-bd88-32bbbf3b0a33,3c669c4e-8f30-48b6-b248-a28fd229c06a,credit_card,visa,2046,2029-12-15,False,True,True,2026-01-03 22:45:37,2026-01-03 22:45:37,2026-02-13 05:32:03
286fda3d-740d-45d2-a7f1-771869e3ef0f,79c1e595-edcf-41f7-83af-31c68f37ee77,debit_card,visa,8989,2029-05-20,True,True,True,2024-07-25 19:54:25,2024-07-25 19:54:25,2026-01-27 18:20:58
aaf0289f-d260-4958-8810-4fe2061e4ff5,8cebc8e3-bfa7-4e13-80b2-8260a6f6f1ec,debit_card,visa,1988,2028-03-13,True,True,True,2025-06-23 04:32:58,2025-06-23 04:32:58,2025-06-26 13:03:55
257a1845-8901-4bd7-8833-a88cc575eb62,8cebc8e3-bfa7-4e13-80b2-8260a6f6f1ec,debit_card,mastercard,7718,2027-05-18,False,False,True,2026-02-12 23:50:51,2026-02-12 23:50:51,2026-02-25 17:11:45
89151a1e-9e84-4a59-9686-6280e84c6497,8cebc8e3-bfa7-4e13-80b2-8260a6f6f1ec,credit_card,knet,7704,2031-01-12,False,True,True,2026-01-28 21:23:38,2026-01-28 21:23:38,2026-02-22 09:56:58
fc714b5a-c2b7-464a-a72d-07064e27f3a4,19df4aa9-3908-4ca8-84ad-8c364a7532b4,credit_card,mastercard,3966,2028-07-19,True,True,True,2025-08-01 01:21:48,2025-08-01 01:21:48,2025-08-19 09:49:57
42281960-63fa-4cc6-aa70-36aa6179cc85,19df4aa9-3908-4ca8-84ad-8c364a7532b4,credit_card,mastercard,1160,2030-12-06,False,True,True,2026-02-10 11:15:11,2026-02-10 11:15:11,2026-02-11 14:54:09
f0246c70-92c3-4218-810b-d941ae98e092,153d1c4d-f585-412a-9bc4-d2f09dcfaa40,wallet_balance,internal_wallet,,,True,True,True,2026-01-15 14:05:41,2026-01-15 14:05:41,2026-01-31 22:26:47
28e2ef58-4a6e-4784-a77a-55b16973c530,ba4089a1-9c08-4e63-9532-a76d0222d75c,wallet_balance,internal_wallet,,,True,True,True,2026-02-06 10:06:44,2026-02-06 10:06:44,2026-03-02 14:19:40
4fa46d8b-bd62-469a-a02e-ac87a0821d6e,c863a000-ce95-4ff3-8334-6bebf0fc4042,credit_card,mastercard,6093,2030-04-09,True,True,True,2025-04-25 09:54:27,2025-04-25 09:54:27,2025-06-15 05:22:50
d38cb153-5dbe-452e-821a-7d7ca9b2316d,c863a000-ce95-4ff3-8334-6bebf0fc4042,debit_card,visa,3073,2030-09-24,False,True,True,2024-10-15 08:35:12,2024-10-15 08:35:12,2025-04-18 20:55:16
d4c9dea3-a201-4efe-9e2f-2e0c28011726,1e95d84c-ef0c-48e7-9134-9baf3238e09d,bank_account,Bank_EG_5,8768,,True,True,True,2025-12-31 10:17:30,2025-12-31 10:17:30,2026-01-05 08:57:30
9dd96e0b-c2f1-4340-910d-3c7ae59208cf,304d2f82-8ae3-48cd-8720-f84ac9d6ff22,credit_card,visa,3599,2027-06-28,True,True,True,2025-01-20 03:29:36,2025-01-20 03:29:36,2025-08-04 11:25:52
d0e207c4-115e-4bc9-b0d9-2c9f92b49e51,622b0a39-f20f-46ae-af09-77342143b9ce,bank_account,Bank_SA_4,3448,,True,False,True,2025-09-25 05:18:52,2025-09-25 05:18:52,2025-10-20 13:03:14
06cb1efa-c038-42d1-87cc-151b8ad38c91,622b0a39-f20f-46ae-af09-77342143b9ce,debit_card,visa,3147,2027-09-25,False,True,True,2024-12-05 15:10:13,2024-12-05 15:10:13,2025-03-04 08:49:45
3687e94b-f4c1-418b-8a65-e5e7036b683e,488420fa-d1a6-420c-be18-58cec7580e3f,debit_card,meeza,1414,2028-09-22,True,True,True,2024-07-31 05:09:24,2024-07-31 05:09:24,2025-06-03 21:14:16
5ed65134-cb33-4e8e-80eb-a3420b98e894,488420fa-d1a6-420c-be18-58cec7580e3f,wallet_balance,internal_wallet,,,False,False,True,2024-12-14 02:08:00,2024-12-14 02:08:00,2025-10-23 23:08:19
32bb125c-8b38-443e-88d0-326b72756afc,488420fa-d1a6-420c-be18-58cec7580e3f,bank_account,Bank_EG_4,7986,,False,True,True,2024-11-30 00:37:20,2024-11-30 00:37:20,2025-05-06 00:16:45
31a2782a-2f70-45cf-96ec-f44624737b4b,7f662ac1-cbb5-4fee-975e-aaa8d98813c3,debit_card,mada,9300,2028-03-15,True,True,True,2025-11-06 05:40:19,2025-11-06 05:40:19,2026-01-25 11:06:16
2a3ee32d-aa1d-4b86-bbdd-081de94d252b,b17e3387-8ff7-4779-a786-06cff8d8b82a,credit_card,visa,8810,2028-04-14,True,True,True,2026-02-14 06:54:53,2026-02-14 06:54:53,2026-02-24 06:58:53
1f9ba499-2803-45da-a3c8-0fa6d9cef12c,40c4baa5-c400-4875-868a-a018a7de8209,bank_account,Bank_EG_10,7310,,True,False,True,2025-10-09 15:46:52,2025-10-09 15:46:52,2026-02-19 22:47:07
21fca4bd-c994-4b29-84a4-c2eb45059652,da4b42ec-3605-4b01-9920-0d0ef907aa06,debit_card,mastercard,8856,2030-03-10,True,True,True,2025-11-30 23:54:20,2025-11-30 23:54:20,2025-12-23 12:24:04
f7d3a318-b975-4fea-8712-ab894258fa3f,da4b42ec-3605-4b01-9920-0d0ef907aa06,wallet_balance,internal_wallet,,,False,True,True,2026-01-30 05:09:44,2026-01-30 05:09:44,2026-02-07 15:51:47
b0a52c03-b3d9-4a1b-b7de-8c28ca6ce1cd,436713e2-6ad8-4eb8-92f7-4c86c2fba673,credit_card,mastercard,4148,2029-01-15,True,True,True,2025-12-23 22:34:18,2025-12-23 22:34:18,2025-12-26 07:33:46
6c9f66fa-7fde-4d22-a2d0-a6ed4c784deb,436713e2-6ad8-4eb8-92f7-4c86c2fba673,bank_account,Bank_SA_2,6126,,False,True,True,2026-01-26 17:10:18,2026-01-26 17:10:18,2026-02-02 10:23:20
b01d318b-d9a7-4e9b-9190-367d30c1ffdb,3b9e18bd-9fc7-429a-8e88-8670bc913b2a,debit_card,mastercard,3839,2030-03-13,True,True,True,2026-02-03 09:14:22,2026-02-03 09:14:22,2026-02-04 09:48:31
0a6f7b19-7c11-4b0d-8dfa-7d4fd9787f66,c24c8a5c-c5e1-4b6a-a89c-99837593eb6b,bank_account,Bank_EG_8,3438,,True,True,True,2024-03-21 06:22:41,2024-03-21 06:22:41,2025-08-12 03:20:30
ed9a8690-1108-4903-9408-fd1025d4b3c7,20fd9c7e-4535-413c-b6bf-219f2f2cf5c9,credit_card,mastercard,3936,2029-11-07,True,True,True,2025-03-15 05:30:12,2025-03-15 05:30:12,2026-02-26 09:48:45
a0194d50-b9ea-44cb-9791-6eaa5d1a5af2,3a6322f5-d06e-4226-8eba-6ac71446319f,debit_card,meeza,9775,2027-12-21,True,True,True,2025-12-04 23:58:15,2025-12-04 23:58:15,2026-02-27 13:31:13
a769b638-90e7-4ff3-bfb1-13c315a8755e,3a6322f5-d06e-4226-8eba-6ac71446319f,debit_card,meeza,7772,2029-11-28,False,True,True,2025-10-13 02:54:23,2025-10-13 02:54:23,2025-12-21 17:32:25
78ff4994-bb6d-48b9-836d-d4bdfd0800a4,3a6322f5-d06e-4226-8eba-6ac71446319f,bank_account,Bank_EG_10,2658,,False,True,True,2026-01-07 08:31:08,2026-01-07 08:31:08,2026-02-09 11:19:39
b0e049d3-a1dc-4fab-8c59-6bda03694747,269cf731-4df0-40f3-aa5c-6ed42c4f5c42,bank_account,Bank_AE_6,7381,,True,True,True,2025-01-25 20:30:55,2025-01-25 20:30:55,2025-04-23 01:28:57
4447d3db-9a98-427e-8fbf-e467da1c0fd6,269cf731-4df0-40f3-aa5c-6ed42c4f5c42,bank_account,Bank_AE_5,1278,,False,True,True,2025-07-14 15:34:48,2025-07-14 15:34:48,2025-11-25 17:39:38
2459f4b4-40a0-4a7f-96e0-034a4d0ce4ff,84fbd3bf-def8-4ed7-b6d9-00a18df3f6e3,wallet_balance,internal_wallet,,,True,True,True,2025-12-20 12:21:07,2025-12-20 12:21:07,2025-12-29 03:44:08
0efe4e40-33bd-44c7-b3ca-d409155dc03d,84fbd3bf-def8-4ed7-b6d9-00a18df3f6e3,wallet_balance,internal_wallet,,,False,True,True,2026-01-19 13:48:59,2026-01-19 13:48:59,2026-02-07 01:18:05
fb05929c-251d-4c95-9db0-2741a54d2a70,423b7b82-4112-4cf9-bbde-9409975862a7,credit_card,visa,7432,2027-08-09,True,True,True,2025-12-07 10:24:48,2025-12-07 10:24:48,2026-02-16 09:56:04
2eafcce1-6d48-4c97-8166-715b5948bcf8,85a4a408-526b-4add-a73c-42903256bc4f,wallet_balance,internal_wallet,,,True,True,True,2024-11-24 18:38:41,2024-11-24 18:38:41,2025-02-14 00:25:22
ea7af73e-cb5a-43e3-a04a-dc283352ebca,aef51328-1563-4ff6-96fa-bbd141565147,debit_card,mastercard,5031,2030-05-08,True,True,True,2025-11-15 09:20:35,2025-11-15 09:20:35,2026-03-01 17:26:53
3eb25a75-29ac-4dec-8d48-1d1f1f7dcee6,cc5e52ce-cb94-4b18-a89f-c226db4869d2,credit_card,mastercard,8105,2028-04-30,True,False,True,2025-07-04 13:43:02,2025-07-04 13:43:02,2025-09-06 09:48:50
ddf7f8f4-5070-40cf-9fb0-3c153e202427,cc5e52ce-cb94-4b18-a89f-c226db4869d2,bank_account,Bank_SA_2,1436,,False,False,True,2025-09-04 19:46:23,2025-09-04 19:46:23,2025-11-10 20:17:42
6f7c5aab-db42-413b-bd91-d918f31c8408,bdcc9326-463c-4229-af7c-d130b1de40d8,credit_card,mastercard,1329,2029-11-26,True,True,True,2025-12-06 07:07:48,2025-12-06 07:07:48,2026-01-01 07:42:19
c14a6c9a-4a9c-4e4e-82c9-9a72dfcd3385,bdcc9326-463c-4229-af7c-d130b1de40d8,bank_account,Bank_EG_10,9541,,False,True,True,2026-01-06 00:58:50,2026-01-06 00:58:50,2026-01-06 13:16:57
546f17af-4503-4f20-be07-c67f60214d5c,d5b04f39-dd87-436c-ab4c-6ee0a4772bfb,debit_card,mada,2508,2028-05-08,True,True,True,2024-01-28 17:19:49,2024-01-28 17:19:49,2025-05-11 14:37:23
8a168bfb-6e5c-4f88-a8ea-2fd9545dbe4c,26c09c67-23e8-4aed-9e98-318ae45886c2,wallet_balance,internal_wallet,,,True,True,True,2025-12-08 05:53:13,2025-12-08 05:53:13,2026-01-16 19:58:49
5c892aa4-d643-4f90-a5c5-00199cf6a52c,02d6df16-c816-4b77-a775-611c2eb5e0e7,wallet_balance,internal_wallet,,,True,True,True,2025-05-31 21:14:35,2025-05-31 21:14:35,2025-09-15 10:38:46
eddf4c5e-60ae-482d-9771-19a8a27f43a0,02d6df16-c816-4b77-a775-611c2eb5e0e7,debit_card,visa,6626,2030-09-10,False,True,True,2025-04-19 22:22:52,2025-04-19 22:22:52,2025-08-25 23:11:11
05bf3aad-ba7b-4bd0-86da-18af2cf8636f,f5df9301-0307-4321-a620-79e632af0352,debit_card,mastercard,6450,2028-12-21,True,True,True,2026-01-26 21:24:43,2026-01-26 21:24:43,2026-02-19 08:11:30
491a4a58-8c52-4746-b62b-9540718010e6,f5df9301-0307-4321-a620-79e632af0352,bank_account,Bank_SA_3,7093,,False,True,True,2026-02-03 18:23:07,2026-02-03 18:23:07,2026-02-19 18:55:48
58f93b8e-1a32-45cd-8f25-f222a514cf9a,44952ae6-758b-4bcf-ac96-386f092215ab,credit_card,meeza,6910,2027-09-17,True,True,False,2026-01-04 04:51:41,2026-01-04 04:51:41,2026-02-06 18:57:23
31433b73-21c1-4fee-a298-041607aeb8eb,44952ae6-758b-4bcf-ac96-386f092215ab,debit_card,mastercard,9072,2027-08-07,False,True,True,2024-10-24 23:03:48,2024-10-24 23:03:48,2025-03-15 15:28:35
b5576214-79de-41b8-9990-799e592b9d82,2bc92186-ab8d-4537-84dd-4b98e60b7bca,bank_account,Bank_EG_7,2069,,True,True,True,2025-10-06 02:29:10,2025-10-06 02:29:10,2025-12-01 21:14:07
e2d7cd13-969f-4573-8c7d-9f5d5500a96e,2bc92186-ab8d-4537-84dd-4b98e60b7bca,wallet_balance,internal_wallet,,,False,True,False,2025-11-14 15:33:10,2025-11-14 15:33:10,2025-11-28 19:59:56
4d7ea59a-4c5b-4c7e-adb4-3f2ded58c5ed,9de26a00-b83e-4525-9905-790fc946938c,debit_card,mastercard,6884,2030-10-18,True,True,True,2025-12-26 14:07:49,2025-12-26 14:07:49,2026-03-01 19:27:01
8eadbc84-9ae0-40a0-9982-2eb641c797fe,9de26a00-b83e-4525-9905-790fc946938c,debit_card,mastercard,4402,2029-10-22,False,False,True,2025-05-01 23:41:56,2025-05-01 23:41:56,2025-12-20 10:17:52
4bdf0607-5362-4496-af0c-2ee8946db72e,9de26a00-b83e-4525-9905-790fc946938c,debit_card,mastercard,9810,2030-04-11,False,True,True,2025-03-28 07:27:21,2025-03-28 07:27:21,2025-11-15 16:34:25
06b02d78-dee4-465c-adc4-3da29d362518,53a7f0b4-35f0-4478-975f-6aecf7ede1d0,wallet_balance,internal_wallet,,,True,True,True,2025-05-22 07:11:46,2025-05-22 07:11:46,2025-12-12 02:58:26
43556938-5603-49b4-9be2-5a26f38d1bd8,53a7f0b4-35f0-4478-975f-6aecf7ede1d0,bank_account,Bank_EG_4,7908,,False,True,True,2025-05-25 23:26:10,2025-05-25 23:26:10,2025-10-16 00:05:56
a4c69e61-958b-4dc9-82d3-29e3cb4a246c,45438d66-9218-46f6-807b-68cb0282e307,debit_card,visa,7188,2029-06-28,True,True,True,2025-04-13 15:12:57,2025-04-13 15:12:57,2025-06-18 17:16:16
8c424d9f-d189-490e-ab48-5918c52d4d14,a7225a55-3cbf-42ce-a4f8-d2a31ebc72fb,debit_card,mastercard,1966,2028-10-31,True,True,True,2025-09-11 04:46:39,2025-09-11 04:46:39,2026-01-31 11:55:01
a79108c5-954e-4004-9061-bc07ef8ba0fa,a7225a55-3cbf-42ce-a4f8-d2a31ebc72fb,wallet_balance,internal_wallet,,,False,True,True,2025-11-02 03:38:09,2025-11-02 03:38:09,2026-01-04 22:32:24
86d56631-5b2f-4372-b36b-78505fe384be,057f5914-11d2-4f6b-b63e-7ce319904fac,bank_account,Bank_EG_8,6735,,True,True,True,2025-05-08 22:41:57,2025-05-08 22:41:57,2025-10-12 05:00:11
13b6d8b1-ccff-46d6-992c-dd3aa49fe388,057f5914-11d2-4f6b-b63e-7ce319904fac,bank_account,Bank_EG_6,2333,,False,False,True,2026-02-03 13:22:45,2026-02-03 13:22:45,2026-02-13 11:48:15
fc59b0fe-9396-4dcb-abaa-299c90316edc,39ce4d54-382b-4052-b315-cf59e1501675,credit_card,amex,5724,2028-03-20,True,True,True,2025-08-09 08:04:23,2025-08-09 08:04:23,2026-01-31 20:30:55
5ad2bdb9-947d-469d-9954-51a222d2bf4e,39ce4d54-382b-4052-b315-cf59e1501675,bank_account,Bank_AE_6,8774,,False,True,True,2025-10-26 20:08:06,2025-10-26 20:08:06,2026-02-12 15:00:05
dc73b6f1-fa8e-43c8-9362-ede48f74c529,bf14e3fa-5432-429c-964c-b5694856c28e,bank_account,Bank_AE_10,1289,,True,True,True,2024-10-03 10:49:25,2024-10-03 10:49:25,2025-12-02 00:42:45
a1f4eef1-5b30-4b26-b5d4-1c50bf20930e,0e18ae7e-e515-46db-a5cc-513f807ad17b,bank_account,Bank_AE_5,2912,,True,False,True,2025-07-29 09:59:59,2025-07-29 09:59:59,2025-08-23 23:41:26
beaf6660-23ae-47ea-8851-8db69c8f1700,0e18ae7e-e515-46db-a5cc-513f807ad17b,wallet_balance,internal_wallet,,,False,True,True,2025-11-05 16:44:26,2025-11-05 16:44:26,2025-11-07 06:31:20
77e7e653-5e5b-4d55-bfaa-101be418c017,98bb1030-8bb7-4907-bde8-120e51d4777c,wallet_balance,internal_wallet,,,True,False,True,2026-01-05 01:09:42,2026-01-05 01:09:42,2026-01-27 08:05:26
75b05d28-31fa-421f-8c46-84f4e331dd41,98bb1030-8bb7-4907-bde8-120e51d4777c,credit_card,knet,9813,2029-05-03,False,True,True,2026-01-07 23:47:39,2026-01-07 23:47:39,2026-02-23 22:32:31
aff35c80-c270-4c24-8040-d1d0ffc1a4d6,98bb1030-8bb7-4907-bde8-120e51d4777c,debit_card,knet,6206,2028-10-11,False,True,True,2026-02-21 02:16:32,2026-02-21 02:16:32,2026-02-28 18:01:29
13d0690e-499b-4ee9-b219-7bf01b784921,9c01b833-5ee0-4e48-9877-89b6e726be3f,wallet_balance,internal_wallet,,,True,True,False,2025-08-31 08:11:57,2025-08-31 08:11:57,2025-12-27 15:10:46
1d6bd64c-1aa9-411e-94f8-b3e63e9ac2db,571b58d5-7708-4609-b605-bc776c87e2d1,debit_card,mada,6626,2028-08-21,True,True,True,2025-05-31 14:14:13,2025-05-31 14:14:13,2025-06-04 15:01:35
db0b576d-acb0-4bf5-86e0-973e5d6eef21,571b58d5-7708-4609-b605-bc776c87e2d1,wallet_balance,internal_wallet,,,False,True,True,2025-11-14 23:22:39,2025-11-14 23:22:39,2026-01-17 14:20:59
d75b995b-ff8e-4f6e-b6b3-92426af82cda,5ef11288-898d-4bf3-9e2c-66f67b187e59,credit_card,meeza,5590,2028-12-25,True,True,True,2025-04-04 22:41:50,2025-04-04 22:41:50,2025-06-03 03:44:45
b1916e47-3861-4957-813a-ad9b1de79978,5ef11288-898d-4bf3-9e2c-66f67b187e59,wallet_balance,internal_wallet,,,False,True,True,2025-11-04 05:29:01,2025-11-04 05:29:01,2025-11-09 03:41:25
705bfd31-f162-4a72-8486-d5ecbd914fe9,5ef11288-898d-4bf3-9e2c-66f67b187e59,wallet_balance,internal_wallet,,,False,True,True,2025-07-13 14:24:53,2025-07-13 14:24:53,2025-08-27 01:36:14
6daf663b-a6ac-435e-ac79-326f9aa7f24c,7b36b1cc-e31a-462c-8c1c-f5c2f32ac49d,credit_card,mastercard,2718,2028-05-18,True,True,True,2025-03-21 20:52:05,2025-03-21 20:52:05,2025-10-16 15:16:45
16144e24-e298-4888-b378-0d24b3e73240,7b36b1cc-e31a-462c-8c1c-f5c2f32ac49d,wallet_balance,internal_wallet,,,False,False,True,2025-10-13 20:56:47,2025-10-13 20:56:47,2025-10-27 12:39:29
7dd5900a-bfef-4083-821d-b23789e57859,b2d25e6f-3bdb-4758-b2a2-470433232f0b,debit_card,mastercard,9246,2027-05-24,True,True,True,2024-12-18 15:57:26,2024-12-18 15:57:26,2025-02-15 02:44:34
a7b24869-f181-4b22-95c5-4987e1277596,a4fdcd17-4b6b-4f59-a492-7ba0eea94694,credit_card,mastercard,8063,2027-09-11,True,True,True,2025-10-07 09:48:11,2025-10-07 09:48:11,2026-01-29 14:31:12
624d1b79-ad20-4eb7-8e29-1e101baf2831,3cc7efa0-8f3d-4bde-919f-4efa2eca1ee6,credit_card,mastercard,6197,2030-12-19,True,True,True,2026-02-10 04:16:49,2026-02-10 04:16:49,2026-02-25 15:16:37
f7c31bf8-d19d-4836-87e2-cfbb83b04d36,3cc7efa0-8f3d-4bde-919f-4efa2eca1ee6,credit_card,mastercard,2217,2029-06-19,False,True,True,2025-09-19 10:58:53,2025-09-19 10:58:53,2025-11-18 15:30:41
d1c9f2aa-185c-4453-803e-449976f67f26,3cc7efa0-8f3d-4bde-919f-4efa2eca1ee6,debit_card,mastercard,6450,2027-08-28,False,True,True,2025-11-25 08:01:49,2025-11-25 08:01:49,2026-02-26 06:18:15
bf712a5e-7f9e-4749-9602-f52e7e4d0f55,f2e42757-998d-46f7-ba2b-242687362bac,debit_card,visa,8815,2029-09-03,True,True,True,2025-12-17 12:45:09,2025-12-17 12:45:09,2026-01-06 23:34:47
fbeb2e43-9114-4439-bdf6-0641e8aed2b8,403983bd-4461-4ab5-b318-d96f4cbbf58e,wallet_balance,internal_wallet,,,True,True,True,2025-07-11 21:05:22,2025-07-11 21:05:22,2025-11-18 18:09:56
276a8dae-2076-451a-82b3-12d95648aee8,403983bd-4461-4ab5-b318-d96f4cbbf58e,bank_account,Bank_EG_1,8213,,False,True,True,2024-08-10 20:30:59,2024-08-10 20:30:59,2024-12-21 05:57:13
3d0dc459-c006-45e5-90ba-ad3693b52a42,dd52e39c-99b7-4f43-b8d5-efb9299aa4a4,wallet_balance,internal_wallet,,,True,True,True,2025-05-22 10:07:34,2025-05-22 10:07:34,2025-06-15 01:55:57
2d3cdf99-9764-48a2-bf75-bfcd6198d8b9,8fa30a19-83cc-44cd-9049-a4210c8f20b5,bank_account,Bank_EG_5,5483,,True,True,True,2024-12-14 11:36:07,2024-12-14 11:36:07,2025-04-15 10:54:22
ab14f31a-62c4-47da-9e43-1f160e666cb3,8fa30a19-83cc-44cd-9049-a4210c8f20b5,wallet_balance,internal_wallet,,,False,True,True,2024-09-26 15:07:51,2024-09-26 15:07:51,2024-11-27 17:27:03
ba0e2a0c-6131-4324-a268-23203e00dafb,f681ee48-1cc4-4eb1-8527-ec2ad4c7f05c,debit_card,visa,4268,2028-04-19,True,True,True,2025-10-30 16:41:15,2025-10-30 16:41:15,2026-01-28 20:49:51
4d3cc5e9-1978-4e9c-80b4-75c0c5007751,f681ee48-1cc4-4eb1-8527-ec2ad4c7f05c,bank_account,Bank_AE_9,7232,,False,True,True,2025-02-14 22:57:53,2025-02-14 22:57:53,2025-08-20 16:05:56
e1cfd367-4edd-4b86-b18e-97a0787832b1,f681ee48-1cc4-4eb1-8527-ec2ad4c7f05c,bank_account,Bank_AE_5,2191,,False,True,True,2025-04-06 19:11:26,2025-04-06 19:11:26,2025-10-24 19:40:46
76dc06a6-1259-4a50-9669-a8ad2a183b1b,b48a7d0b-9f46-4f23-aaeb-41006b443d63,bank_account,Bank_EG_6,1349,,True,True,True,2026-02-27 05:09:22,2026-02-27 05:09:22,2026-03-04 08:18:19
dcab2f91-d1ea-4ebb-bfb9-9f2d00ba2448,1e3a7d2b-bfa7-46e8-b632-87586cf73f5c,debit_card,mastercard,8809,2030-01-22,True,True,True,2024-08-09 23:56:58,2024-08-09 23:56:58,2025-03-19 15:13:47
f4c666f1-bfb0-43ab-81a0-97949751981d,0994b595-2162-4f03-a7ed-8bd43e4c700d,debit_card,amex,6059,2030-10-14,True,True,True,2026-01-17 07:19:46,2026-01-17 07:19:46,2026-02-01 19:17:37
a6b2e81e-1af9-47e2-9f82-e3c46aa4c9ff,0994b595-2162-4f03-a7ed-8bd43e4c700d,credit_card,visa,4668,2030-05-24,False,True,True,2025-12-20 21:38:34,2025-12-20 21:38:34,2026-02-20 15:39:17
d9163bc3-e93c-4b22-b463-7229bbf85daf,cc1d9095-1bbb-46ca-a43f-00592a6fc302,debit_card,amex,9119,2028-04-07,True,True,True,2026-01-23 06:52:50,2026-01-23 06:52:50,2026-01-26 13:48:25
91ff68bb-921a-4330-9cb3-78dc296fc24b,99425ace-6974-4c74-b336-691c812790f3,bank_account,Bank_AE_10,5438,,True,True,True,2025-10-07 20:31:26,2025-10-07 20:31:26,2025-12-16 16:51:13
d9ab7f6d-c572-4272-864b-83a48ce41f96,4cdec0b1-7461-4242-b83a-dc9fe8b21c72,credit_card,mastercard,6119,2030-11-14,True,True,False,2024-04-21 15:29:40,2024-04-21 15:29:40,2025-11-26 05:09:04
b8d23057-84a6-4e8a-9b7b-5c65e79350f9,e0d8461c-2710-48f9-9a8f-7e65ce8071be,debit_card,visa,4728,2030-12-09,True,True,True,2025-07-02 06:17:12,2025-07-02 06:17:12,2025-07-23 01:49:52
e1743ffc-9e58-492c-a3a9-9278edbf8534,1314f7d2-08df-4fab-bb6a-f95d40093934,debit_card,mastercard,6638,2028-09-18,True,True,False,2025-12-12 22:44:54,2025-12-12 22:44:54,2026-01-31 06:28:29
c561eee4-2bb4-4cb4-90d2-0d7dc154991c,1314f7d2-08df-4fab-bb6a-f95d40093934,bank_account,Bank_KW_6,2098,,False,True,True,2024-02-09 01:53:23,2024-02-09 01:53:23,2024-03-24 13:11:25
7040f10c-ff77-49d9-904f-60d3c815c6a7,29753a1c-0773-4028-b0f7-f5e53af5d510,wallet_balance,internal_wallet,,,True,False,True,2025-02-02 22:12:31,2025-02-02 22:12:31,2025-02-08 04:56:27
b3f7c96f-5b5a-4642-a80c-dcee86d251a5,d6a6b7fd-0c7e-4b8b-8f29-4e9818cbd82a,debit_card,amex,3748,2028-02-29,True,True,True,2026-02-08 22:10:07,2026-02-08 22:10:07,2026-02-16 07:42:25
9087cd14-2edb-42fb-80ca-fc4ecf2cbc3f,343f8aaf-4b9a-42e0-a382-b6064a411f58,debit_card,visa,5344,2029-08-21,True,True,True,2026-02-22 14:39:26,2026-02-22 14:39:26,2026-02-25 22:03:21
923915fe-be61-4227-a33c-b5b41fc4a343,343f8aaf-4b9a-42e0-a382-b6064a411f58,debit_card,mastercard,2039,2030-01-14,False,True,True,2025-07-11 16:01:07,2025-07-11 16:01:07,2025-07-19 19:11:34
c2d2018d-b90f-4f4b-8d38-cf4d1d1fe74d,965c1032-bb7c-4f6e-8588-27dccefc9dbe,bank_account,Bank_AE_9,7532,,True,True,True,2025-11-15 07:21:44,2025-11-15 07:21:44,2026-02-26 01:29:46
56c8cd1a-3196-41d5-9b5a-a1db7e3e42d4,965c1032-bb7c-4f6e-8588-27dccefc9dbe,wallet_balance,internal_wallet,,,False,True,True,2026-01-03 15:32:03,2026-01-03 15:32:03,2026-01-26 12:40:09
3040ad3f-ddee-40b2-8daa-6799ea85a637,3a17868b-b3d2-46ff-b717-4608d826573a,debit_card,mastercard,2275,2028-03-05,True,True,True,2025-04-13 13:46:32,2025-04-13 13:46:32,2025-09-23 19:41:44
4b9b60e4-857b-470a-8f41-70f168f470ab,34954193-c69d-4003-bbdb-0ee0a0890512,debit_card,meeza,7447,2029-12-12,True,True,True,2025-07-23 12:30:36,2025-07-23 12:30:36,2025-12-06 11:11:04
ac35acea-54f1-4a75-a5a2-48d2029905c9,636e9c86-e9c0-4e53-a135-c087533ac220,bank_account,Bank_SA_5,4951,,True,True,True,2025-12-31 12:08:55,2025-12-31 12:08:55,2026-01-27 15:37:02
264fb098-8fae-4a41-a2ef-469d3769e195,4ed94b49-7b90-4538-8549-ef0d38e13662,credit_card,amex,3706,2029-01-29,True,False,True,2026-02-24 05:40:46,2026-02-24 05:40:46,2026-02-27 23:35:36
3f544826-a471-48c7-884e-27bb296f243b,4ed94b49-7b90-4538-8549-ef0d38e13662,wallet_balance,internal_wallet,,,False,True,True,2026-02-24 05:30:14,2026-02-24 05:30:14,2026-03-03 05:05:22
afeba771-ff98-4cc8-ad39-f716b4fdc6be,c7fcae57-d35b-41c6-8683-c500a7e2eb66,credit_card,mastercard,4696,2029-12-31,True,True,True,2024-10-05 08:00:49,2024-10-05 08:00:49,2026-02-17 16:05:29
e88bbfab-1d11-4d24-8a60-fc369daf401d,b0a089d2-1899-4c58-a276-4ea1b2b5b1af,bank_account,Bank_EG_6,5554,,True,True,True,2024-08-09 13:46:36,2024-08-09 13:46:36,2025-02-05 17:47:52
cfed1b96-fa73-42fb-b35c-761da87c882f,a734b33b-45e9-4eff-a307-fddbc6bbb186,bank_account,Bank_SA_6,4181,,True,True,True,2025-05-22 20:28:00,2025-05-22 20:28:00,2026-01-08 08:56:09
8a2ce2c3-329e-499f-adac-6857ee146be0,c38bd3aa-0926-4676-9ad3-02f11aec3dbc,debit_card,mastercard,1070,2029-05-16,True,True,True,2023-08-30 03:41:15,2023-08-30 03:41:15,2024-10-30 13:24:48
90523d81-4246-4f21-85b5-3349945f4200,bae04c0e-3649-45b4-ab13-e6dc41c74310,credit_card,mastercard,1403,2030-07-29,True,True,True,2023-12-25 02:21:04,2023-12-25 02:21:04,2026-02-26 07:38:30
064a52a9-edd4-4a2c-8c8b-56f25cd52c8f,bae04c0e-3649-45b4-ab13-e6dc41c74310,wallet_balance,internal_wallet,,,False,True,False,2024-09-14 05:07:11,2024-09-14 05:07:11,2024-10-15 20:12:49
cf704e36-6dc7-4a90-b872-408162d48e9d,bae04c0e-3649-45b4-ab13-e6dc41c74310,wallet_balance,internal_wallet,,,False,True,True,2025-03-27 07:48:24,2025-03-27 07:48:24,2026-02-09 23:59:28
5ec90130-c5a5-4b45-ba36-e5f041fce3bd,efc4f5da-1837-4a5e-9af1-a51951fa88f7,credit_card,mastercard,3722,2030-04-01,True,True,True,2025-10-02 07:44:59,2025-10-02 07:44:59,2025-10-18 11:10:13
bace5a57-dedc-41fc-8b27-3586c4c7319a,efc4f5da-1837-4a5e-9af1-a51951fa88f7,bank_account,Bank_AE_1,5732,,False,True,True,2024-03-15 10:08:36,2024-03-15 10:08:36,2026-02-28 18:45:07
68e5103b-4a44-4905-be79-5f573ddba308,efc4f5da-1837-4a5e-9af1-a51951fa88f7,credit_card,visa,7793,2029-07-25,False,True,True,2024-04-28 15:00:08,2024-04-28 15:00:08,2024-12-09 07:02:35
f047fefc-16e7-4a9f-af0a-e03dcfd5ee0a,4cbd5f3e-fcd3-4416-b06f-0dfb692daaa1,debit_card,visa,7304,2028-03-12,True,True,True,2026-02-26 18:59:32,2026-02-26 18:59:32,2026-03-03 07:11:07
f4045562-d2e4-4fce-9c69-ffba1512889f,4cbd5f3e-fcd3-4416-b06f-0dfb692daaa1,debit_card,visa,1967,2030-01-27,False,True,True,2025-03-05 23:14:44,2025-03-05 23:14:44,2025-06-04 05:55:41
cafb36de-6424-4dc6-b0bb-91ef9b3ad059,4cbd5f3e-fcd3-4416-b06f-0dfb692daaa1,debit_card,visa,4095,2027-08-27,False,True,True,2024-12-01 18:53:49,2024-12-01 18:53:49,2025-08-20 02:52:44
27468bf5-fab9-4293-be10-6510ba874162,5548fb8e-6488-447d-87c5-69e665b8ee15,wallet_balance,internal_wallet,,,True,True,True,2025-05-02 13:03:53,2025-05-02 13:03:53,2025-11-17 13:59:51
42b13f9c-7a04-4430-8cd5-e7958d8c6f3c,ee1eb33f-84d6-4402-846a-949fbea56b8a,debit_card,meeza,7243,2029-05-16,True,True,True,2026-02-01 00:51:20,2026-02-01 00:51:20,2026-02-14 08:35:19
24409570-3b5b-4875-a247-680c5c35894f,ee1eb33f-84d6-4402-846a-949fbea56b8a,debit_card,visa,8321,2030-11-06,False,True,True,2025-12-15 04:37:30,2025-12-15 04:37:30,2026-01-10 03:31:58
80ba20fc-4db1-4598-b568-1f076531ceca,348da986-942b-48dd-b7fe-ae6364b84041,credit_card,meeza,1557,2028-12-12,True,True,True,2025-01-09 18:26:31,2025-01-09 18:26:31,2025-11-11 22:35:19
78965da9-dfca-4053-9905-4a4a8fdec4cc,39744d6c-1907-4071-bea9-b13643f2c381,debit_card,visa,1857,2030-10-09,True,True,True,2026-02-25 02:41:18,2026-02-25 02:41:18,2026-02-28 16:22:32
a6bab646-fe8e-44cf-b6f3-e6787f0a6343,39744d6c-1907-4071-bea9-b13643f2c381,wallet_balance,internal_wallet,,,False,True,True,2026-02-17 12:06:00,2026-02-17 12:06:00,2026-02-19 08:05:35
bd9d8431-d1b3-4fe8-a2f7-90406c098f4b,39744d6c-1907-4071-bea9-b13643f2c381,credit_card,visa,2420,2027-04-12,False,True,True,2026-02-19 18:26:51,2026-02-19 18:26:51,2026-02-24 03:36:17
8488b4ae-d57a-4b6f-9a44-f7afce770dff,cb5d206c-95a2-4591-b665-6671c10226e3,credit_card,mastercard,6437,2030-11-07,True,True,True,2026-02-11 23:18:23,2026-02-11 23:18:23,2026-02-23 19:46:29
c09310c9-8384-4f75-8c79-44a6bcf18e6c,5204fc9b-a664-41c1-8d6f-a9cff8b2daff,bank_account,Bank_KW_5,8132,,True,True,True,2026-03-02 23:10:43,2026-03-02 23:10:43,2026-03-04 00:53:46
0aba2216-1464-4dde-ad61-73d83060d6ef,792d8187-0968-4abf-8a1c-dba6e3a3573f,credit_card,visa,2608,2028-07-19,True,True,True,2025-08-04 17:10:01,2025-08-04 17:10:01,2025-08-05 10:07:56
d94a130b-811a-4433-9522-2ef62be32ee6,f5a15669-8b01-44a2-94f7-a9b70f411f23,credit_card,mastercard,9128,2028-04-05,True,True,True,2024-01-03 20:14:33,2024-01-03 20:14:33,2025-06-14 00:56:43
a014cb85-6131-43bb-9426-9659c9532944,f5a15669-8b01-44a2-94f7-a9b70f411f23,bank_account,Bank_QA_1,6896,,False,True,True,2023-11-20 21:48:21,2023-11-20 21:48:21,2024-01-22 22:34:48
8a882271-143a-4ec5-af52-f1a966802515,0371dd05-2376-4a69-acf7-3c2df29ef05f,debit_card,mastercard,5949,2027-08-11,True,True,True,2025-09-10 03:23:11,2025-09-10 03:23:11,2025-11-07 23:50:20
28c0b6aa-ad44-4bc2-b9f3-7037ff6e1def,0371dd05-2376-4a69-acf7-3c2df29ef05f,debit_card,mada,5382,2030-10-09,False,True,True,2025-10-14 14:37:07,2025-10-14 14:37:07,2026-01-01 22:07:48
8d7f5fdc-0eda-4dca-9c2a-ee841af58ebf,c393f2a5-c6cf-4d6a-8379-e254ba7bbfa8,credit_card,visa,6351,2028-11-07,True,True,True,2025-09-01 14:17:01,2025-09-01 14:17:01,2025-10-21 00:52:43
9867c037-6983-4fef-b7cc-da94083e10c7,c393f2a5-c6cf-4d6a-8379-e254ba7bbfa8,credit_card,mastercard,9508,2030-01-16,False,False,True,2025-03-22 10:50:46,2025-03-22 10:50:46,2026-02-02 07:23:05
4b393f37-bc0f-4c63-879f-eb8113e35b6d,f6129b26-0318-4f4b-b93d-db1335e01ccc,debit_card,amex,6758,2029-10-24,True,True,True,2025-05-31 19:16:50,2025-05-31 19:16:50,2025-09-23 02:06:21
0118bffa-a56b-4dc2-b9ac-21e3f8198b25,f6129b26-0318-4f4b-b93d-db1335e01ccc,debit_card,amex,4092,2028-02-21,False,False,True,2025-08-06 12:30:10,2025-08-06 12:30:10,2026-01-06 17:30:47
7168c41b-e117-4ff0-8bbd-a22f6a3c7206,25a195cd-97a3-4b15-a65c-06fd604ce643,credit_card,meeza,8682,2030-02-13,True,True,True,2025-01-12 11:51:14,2025-01-12 11:51:14,2026-01-05 10:57:13
7f38d8c9-d12c-4f46-91ab-5be33d666cca,f5561de2-f107-4181-b2c8-53760ba3bb8b,wallet_balance,internal_wallet,,,True,True,True,2025-06-23 21:43:53,2025-06-23 21:43:53,2025-12-16 00:43:02
9e522fe8-db83-46b9-b220-f29beae28877,f5561de2-f107-4181-b2c8-53760ba3bb8b,bank_account,Bank_AE_8,2195,,False,True,True,2025-06-22 21:32:37,2025-06-22 21:32:37,2025-10-25 04:20:21
24058657-d496-4230-a6b2-709b3131c69e,10495d94-81d7-4b30-ae1a-c106f43513e1,debit_card,meeza,7782,2029-08-14,True,True,False,2024-11-11 21:40:14,2024-11-11 21:40:14,2025-07-19 09:22:42
4bbd3f48-4906-48e3-8d7d-e668badb04ab,10495d94-81d7-4b30-ae1a-c106f43513e1,debit_card,mastercard,4717,2027-03-31,False,True,True,2025-05-08 15:51:20,2025-05-08 15:51:20,2025-05-26 08:37:20
046d0380-ba3d-41f8-82c1-b267822e4a1a,2316ddef-f94b-4323-b98b-24261197397d,bank_account,Bank_SA_2,4812,,True,False,True,2026-01-20 19:13:48,2026-01-20 19:13:48,2026-02-03 04:02:52
89c405f2-ec6f-4cec-aa1c-5773712e7021,13a26ec1-94d2-4f64-803a-6d4e575ce501,credit_card,mastercard,1909,2030-09-04,True,True,True,2026-02-22 09:25:55,2026-02-22 09:25:55,2026-02-23 13:36:40
62de188b-42de-4ee8-8321-291cf7aa6d40,a7752da5-5043-4f4a-a87f-f3f742839681,bank_account,Bank_EG_6,3658,,True,True,True,2025-12-07 21:46:58,2025-12-07 21:46:58,2026-02-20 12:18:36
aebfc14e-08ed-40e4-b88b-c9c388d2fba1,a7752da5-5043-4f4a-a87f-f3f742839681,bank_account,Bank_EG_5,4383,,False,True,True,2025-10-12 16:22:18,2025-10-12 16:22:18,2025-12-26 11:29:50
5566b1cc-d503-48e5-91a9-dba92a4401a2,a7752da5-5043-4f4a-a87f-f3f742839681,bank_account,Bank_EG_8,1350,,False,False,True,2025-09-29 18:51:34,2025-09-29 18:51:34,2025-12-30 08:25:36
d8ccf801-e60b-4e4f-a43b-c3689d238432,a8a35117-79b4-4d48-be8f-8bc0a3d519c8,debit_card,visa,9283,2029-03-10,True,True,True,2026-02-02 03:58:25,2026-02-02 03:58:25,2026-02-28 13:33:00
90069dea-bd4c-4c9a-8c5c-fbb352e37f26,a8a35117-79b4-4d48-be8f-8bc0a3d519c8,wallet_balance,internal_wallet,,,False,False,True,2025-07-24 18:45:33,2025-07-24 18:45:33,2025-12-17 11:26:11
85bfa78d-1101-4c99-b432-b1223fadf8b2,a8a35117-79b4-4d48-be8f-8bc0a3d519c8,bank_account,Bank_KW_4,6884,,False,True,True,2025-12-22 15:32:44,2025-12-22 15:32:44,2026-01-25 22:59:43
81c85857-fa4a-42ad-875a-31a9e1e637eb,6a8ae3d1-e134-4af7-9515-125bfb46374e,credit_card,mastercard,6196,2029-12-24,True,True,True,2025-10-29 02:16:06,2025-10-29 02:16:06,2026-02-13 07:43:32
203651cd-1387-4986-95b4-257831665ce4,c1a8c728-2e53-4cf5-8a04-2bbb6ec5824a,credit_card,visa,6671,2027-06-25,True,True,True,2025-11-21 16:59:27,2025-11-21 16:59:27,2026-02-01 01:31:36
29c9c41c-0098-4d93-91c4-1874ace79340,83c22997-29f8-4e3a-8d9f-7729b7872e50,credit_card,mastercard,7804,2028-11-12,True,True,True,2025-07-09 18:22:56,2025-07-09 18:22:56,2025-08-15 21:54:59
3f17a87a-f5fb-4d84-8938-19fb300d130e,19d28c51-f4ab-4d23-a54a-3ea5e82b29f2,debit_card,mastercard,3609,2029-07-24,True,False,True,2026-01-18 20:37:43,2026-01-18 20:37:43,2026-02-14 07:13:33
fe48d93f-1c5d-4d74-92eb-b82947f26183,f51bc0e6-e5cd-4f95-a3ca-2cd26b284224,wallet_balance,internal_wallet,,,True,True,True,2026-01-14 15:40:54,2026-01-14 15:40:54,2026-02-26 22:58:59
0032fe08-5e58-4edc-8c0d-af912a32f415,8ea7a814-4190-4ed0-a779-3cd0964b6e70,bank_account,Bank_SA_6,5894,,True,True,True,2024-01-02 07:56:01,2024-01-02 07:56:01,2026-01-02 08:49:06
8e0bdcb5-bcd2-46b1-85d5-c0cef3238852,9ae1d802-89e2-4830-8cef-f65bd7340cd9,debit_card,meeza,6521,2027-10-31,True,True,True,2025-10-27 06:24:55,2025-10-27 06:24:55,2025-11-06 00:03:08
8b127ea8-af9d-44ed-b919-5da7d24cd7c1,399b0413-76ea-47c1-bf32-14e57b72544a,bank_account,Bank_EG_3,3934,,True,True,True,2025-03-08 13:14:25,2025-03-08 13:14:25,2025-09-15 19:11:26
b5ad2799-1bf8-4081-8b8c-561c5b926365,371b7d8a-fbf2-48bd-93cf-db38f0d20198,bank_account,Bank_KW_6,8389,,True,True,True,2025-10-22 10:54:19,2025-10-22 10:54:19,2025-11-22 17:04:56
077761db-258b-46ad-9467-c385d11a65e9,9d7cf358-9f22-486e-9f1f-6bb210ec1071,debit_card,mastercard,6881,2030-05-25,True,True,True,2025-12-21 22:47:33,2025-12-21 22:47:33,2026-02-05 14:17:00
659201bc-f98a-4979-a4cc-369b26d7fb61,9d7cf358-9f22-486e-9f1f-6bb210ec1071,credit_card,visa,9889,2030-04-08,False,True,True,2025-12-02 19:45:36,2025-12-02 19:45:36,2025-12-26 08:44:48
c9936bec-1074-4032-8dee-ada9bf1facda,77d7a8dc-c9b5-457c-af23-971ba5f68ac9,credit_card,meeza,2295,2029-06-06,True,True,True,2025-01-08 03:51:30,2025-01-08 03:51:30,2025-08-16 22:01:47
5ab598d9-d317-407a-ba58-5702141d0101,a9e1d11a-f5c8-45c1-b831-a2bf0a0cf88e,bank_account,Bank_SA_5,7646,,True,True,True,2024-09-21 21:01:19,2024-09-21 21:01:19,2024-10-26 02:07:44
cf4437ae-1d68-41c4-a5da-795b45cda8ef,a9e1d11a-f5c8-45c1-b831-a2bf0a0cf88e,debit_card,visa,5477,2029-01-27,False,True,True,2024-04-04 12:01:19,2024-04-04 12:01:19,2024-11-07 12:38:43
e1f4a77b-83b0-44ad-99fa-1b0dc76b9c56,a9e1d11a-f5c8-45c1-b831-a2bf0a0cf88e,credit_card,mastercard,6041,2030-09-21,False,False,True,2024-05-14 03:21:12,2024-05-14 03:21:12,2026-01-15 03:45:53
5e348185-e8e0-4e2d-812a-de7671e829bd,53caf34d-2225-42c9-a234-6dde7f07d96f,wallet_balance,internal_wallet,,,True,True,True,2026-02-28 17:32:08,2026-02-28 17:32:08,2026-03-01 16:47:32
13ceebe1-f70b-4fa1-b0ca-a7f13ec46777,53caf34d-2225-42c9-a234-6dde7f07d96f,debit_card,mastercard,2073,2030-01-12,False,False,True,2023-12-13 01:40:58,2023-12-13 01:40:58,2025-05-29 02:13:08
be272803-05f5-4a8c-911f-5bda27f70afa,491027be-da62-4413-8079-de4eb0f42038,debit_card,meeza,7009,2029-02-10,True,False,True,2025-04-18 08:47:03,2025-04-18 08:47:03,2025-07-06 22:19:45
92daa5ce-1807-419b-b42c-5b8a9006b521,491027be-da62-4413-8079-de4eb0f42038,debit_card,mastercard,8198,2029-01-26,False,True,True,2023-07-08 23:34:14,2023-07-08 23:34:14,2025-04-09 03:37:42
292238b5-cd93-4aaa-8157-193faa2dc71b,491027be-da62-4413-8079-de4eb0f42038,wallet_balance,internal_wallet,,,False,True,True,2025-03-06 09:12:08,2025-03-06 09:12:08,2026-02-16 05:23:32
5cee5918-34c5-4003-a2b3-ebb3f6f03aa8,fd9a57ff-abcf-4aee-85ea-c6588743ecb2,debit_card,mastercard,2392,2027-04-05,True,True,True,2024-08-15 22:00:38,2024-08-15 22:00:38,2025-02-10 19:04:46
7ba38831-2d47-4bd9-9357-b82e49747a86,dd596c68-a8dc-4a43-8752-052cebcaeefb,credit_card,meeza,5138,2028-08-13,True,True,True,2024-07-04 16:13:49,2024-07-04 16:13:49,2024-11-04 02:10:19
af530f61-35d9-4296-b6ab-c7da82adbb8c,dd596c68-a8dc-4a43-8752-052cebcaeefb,credit_card,visa,3385,2029-09-25,False,False,True,2025-04-01 18:08:09,2025-04-01 18:08:09,2025-10-23 07:06:22
faa1bf7a-0b7b-436b-aab9-1d508004aa95,dd596c68-a8dc-4a43-8752-052cebcaeefb,wallet_balance,internal_wallet,,,False,True,True,2024-12-19 20:36:21,2024-12-19 20:36:21,2025-08-08 22:34:22
99f41e8c-4ecd-4fbf-af11-809f48f26bc8,feb4097d-7c68-4cf4-9c0c-b25d14ce0bdc,debit_card,mada,6337,2028-07-15,True,False,True,2025-09-30 05:05:38,2025-09-30 05:05:38,2025-12-06 18:18:18
6d0af618-9b93-4bcc-b61c-cfbd496ab2fe,4bd19135-874f-4666-81b0-ac6d3c158c35,bank_account,Bank_EG_3,4619,,True,True,True,2026-03-03 22:06:33,2026-03-03 22:06:33,2026-03-04 08:47:03
7df3ce8c-d0d7-4f5c-8f97-22d20d4a4fc8,a2a61465-e0eb-4e3a-94cb-1369c9581576,bank_account,Bank_SA_2,1284,,True,True,True,2024-03-23 01:42:47,2024-03-23 01:42:47,2025-04-01 23:55:26
e6103d0d-7667-44b0-a78a-fd7ed4a42cc2,a2a61465-e0eb-4e3a-94cb-1369c9581576,debit_card,mastercard,3175,2029-04-09,False,True,True,2025-03-28 14:43:28,2025-03-28 14:43:28,2025-04-26 00:09:04
aa09651f-c57a-4eae-9be3-59bc69f7e8e7,34435aa7-d253-466d-98bd-c41bb5d6322f,debit_card,visa,9183,2030-10-31,True,True,True,2026-03-04 00:08:42,2026-03-04 00:08:42,2026-03-04 08:15:08
f5d20cbf-3e7c-49c6-a9bc-75f35394971b,cc410718-d96f-40b2-94b6-d5fd689c2231,bank_account,Bank_EG_1,5040,,True,True,True,2024-06-12 08:23:19,2024-06-12 08:23:19,2024-11-17 00:07:35
7b420f67-c2eb-4c3b-92c2-fcda19ebb633,cc410718-d96f-40b2-94b6-d5fd689c2231,credit_card,mastercard,6971,2028-04-09,False,True,True,2024-01-01 10:14:00,2024-01-01 10:14:00,2026-02-25 18:27:59
116fadef-0f97-46b0-b44d-0fc3556d4155,db9f8ff3-e409-4255-9484-3d93ae5edd05,debit_card,visa,3981,2029-05-11,True,True,True,2025-12-27 17:40:24,2025-12-27 17:40:24,2026-01-30 13:28:55
c2ad952d-9d6b-4a2b-9626-c83cdba6092a,db9f8ff3-e409-4255-9484-3d93ae5edd05,bank_account,Bank_EG_1,1555,,False,True,True,2025-12-11 01:07:39,2025-12-11 01:07:39,2025-12-28 00:53:54
5232c0f8-17a0-4469-a195-8e60c8e22acb,7b0288c9-b724-4aad-94df-563eefb8e633,bank_account,Bank_EG_3,7159,,True,True,True,2026-02-11 06:27:45,2026-02-11 06:27:45,2026-02-16 08:18:38
1fd5e6d7-a513-497a-9989-cf395857f5b7,24b3101d-8365-4f8c-a8b2-2ffe000cb1b3,credit_card,meeza,3184,2028-07-02,True,True,False,2026-01-25 07:38:39,2026-01-25 07:38:39,2026-01-31 23:36:24
d96046f2-dd81-4be9-b6d4-24c6610ba7f1,24b3101d-8365-4f8c-a8b2-2ffe000cb1b3,credit_card,meeza,5293,2029-08-28,False,True,True,2025-04-14 00:41:52,2025-04-14 00:41:52,2025-06-15 22:31:20
b85769a2-3534-4e61-87dd-457bdefa5895,24b3101d-8365-4f8c-a8b2-2ffe000cb1b3,credit_card,visa,2269,2028-10-19,False,True,True,2026-02-24 13:40:26,2026-02-24 13:40:26,2026-03-01 18:03:27
98ca2cf8-26ad-42d8-8c8b-4ad4e2cc0ad4,de3df95d-a31d-4382-aafb-3e78884ce3fc,debit_card,mada,2565,2029-06-20,True,True,True,2025-07-01 00:37:17,2025-07-01 00:37:17,2025-09-25 18:54:29
ba2063b3-0718-4f6f-a6eb-1ec4f69463d0,5ebacd13-5b24-4a68-ad7a-3e14e1e8fc9c,credit_card,mada,8020,2028-06-22,True,True,True,2024-12-29 20:32:39,2024-12-29 20:32:39,2025-05-02 13:20:19
d20b0310-32f2-48b1-a4d8-0b291deb3298,5ebacd13-5b24-4a68-ad7a-3e14e1e8fc9c,debit_card,mastercard,1773,2028-07-08,False,True,True,2025-01-09 20:05:41,2025-01-09 20:05:41,2025-12-21 16:20:53
3887b8c4-7112-44aa-b0ff-f6532f67ac01,5ebacd13-5b24-4a68-ad7a-3e14e1e8fc9c,credit_card,visa,2335,2028-04-15,False,True,True,2025-02-11 02:56:47,2025-02-11 02:56:47,2025-11-07 20:05:01
6f33e290-fedf-48d9-a3c0-8798c282fd58,6cbf5e6c-f1f1-4d33-9ac5-761590112cdb,debit_card,mastercard,6339,2028-04-18,True,True,True,2025-10-17 16:44:33,2025-10-17 16:44:33,2026-02-12 04:39:07
d7c3a05a-ae64-4c48-95f4-1f86fe118630,6cbf5e6c-f1f1-4d33-9ac5-761590112cdb,credit_card,mada,2592,2031-02-03,False,True,True,2025-08-18 17:03:46,2025-08-18 17:03:46,2026-02-01 21:39:33
03b1ac53-dd15-43ad-b86e-5cdcb1a1dd74,319c1657-433a-46cb-8513-bf78927ac397,debit_card,mastercard,7675,2028-07-13,True,True,True,2024-08-22 03:29:50,2024-08-22 03:29:50,2024-10-19 13:13:50
67ca2462-7238-4375-9c35-35fd8e9188c2,3e993a9a-8364-4d48-b3e4-2b1c04040991,credit_card,visa,4322,2028-02-27,True,True,True,2025-05-17 00:52:17,2025-05-17 00:52:17,2025-07-17 19:24:04
5becc861-f7ca-4a1f-93b7-1243d7e6848c,3e993a9a-8364-4d48-b3e4-2b1c04040991,bank_account,Bank_EG_9,6602,,False,True,True,2026-01-07 12:40:21,2026-01-07 12:40:21,2026-01-29 19:46:40
128e8dd1-780f-4911-8feb-c7cfbd9ef384,3e993a9a-8364-4d48-b3e4-2b1c04040991,debit_card,mastercard,3816,2027-04-22,False,True,True,2025-10-18 21:32:20,2025-10-18 21:32:20,2025-10-19 18:55:32
d92aa0bc-f932-4151-b451-13474a630fa9,1621a350-2bd0-43d7-8f8c-a3ca3fcff9a0,debit_card,visa,9258,2028-07-28,True,False,True,2023-12-21 12:45:21,2023-12-21 12:45:21,2024-07-09 14:58:18
e2be5fa1-006b-41c5-adcb-2cc00263de7f,1621a350-2bd0-43d7-8f8c-a3ca3fcff9a0,debit_card,visa,8576,2027-07-18,False,True,True,2024-11-23 18:55:16,2024-11-23 18:55:16,2024-12-17 20:33:50
155488c7-630d-48cf-8f9a-72fb52091a9e,22d05d17-76fb-42aa-a744-658f808b0b43,bank_account,Bank_EG_10,4256,,True,True,True,2026-02-22 04:11:53,2026-02-22 04:11:53,2026-02-22 19:51:32
6c933730-05cd-4d69-afed-4d1446b12eff,e0889628-c5e0-4c09-898b-7acbbe3052ad,bank_account,Bank_EG_3,7449,,True,True,True,2025-12-06 14:07:54,2025-12-06 14:07:54,2025-12-07 05:16:37
22e0d448-ae5b-4cc1-a401-a76ee9509923,e0889628-c5e0-4c09-898b-7acbbe3052ad,credit_card,meeza,2736,2030-04-08,False,True,True,2026-02-27 00:41:13,2026-02-27 00:41:13,2026-02-28 15:36:14
c75b9fa5-1fc8-4720-9f1a-09cec90b3ddd,556a17f8-6203-45a9-bc46-b32af0c4bf02,credit_card,visa,8160,2028-06-01,True,False,True,2025-05-29 04:44:05,2025-05-29 04:44:05,2025-08-04 13:39:23
db907962-61ee-4ecd-ac60-07f17b27993a,556a17f8-6203-45a9-bc46-b32af0c4bf02,wallet_balance,internal_wallet,,,False,True,True,2025-11-22 02:22:05,2025-11-22 02:22:05,2026-01-01 18:44:47
1ba39af7-51b1-4990-90b7-15614a60080a,5bc4aeb1-c98b-46a7-8577-51dcd82bd231,credit_card,meeza,5492,2028-03-10,True,True,True,2026-02-03 19:12:03,2026-02-03 19:12:03,2026-02-22 11:18:57
b82250e3-29f8-4b7d-8540-29dbc63b914d,5bc4aeb1-c98b-46a7-8577-51dcd82bd231,debit_card,mastercard,8211,2031-02-25,False,True,False,2026-02-03 04:08:42,2026-02-03 04:08:42,2026-02-09 01:47:34
41d4fd9c-3874-4da1-9ab2-e6028bd48541,9f1b8f91-985a-4037-bc71-f03ad063d972,bank_account,Bank_SA_1,3627,,True,False,True,2024-03-26 03:24:19,2024-03-26 03:24:19,2024-05-27 01:59:46
0f0e75d0-20f0-4561-b436-f6036c4061f6,5d4b4a76-fdc2-43fa-8f88-8494de0df176,debit_card,mastercard,2636,2030-10-27,True,True,True,2025-12-28 09:46:30,2025-12-28 09:46:30,2025-12-29 13:07:03
47593ea3-ce68-4df6-8f01-71a4d6520230,2fd4d180-1031-4452-8c4a-efb0e380dd6c,debit_card,amex,6659,2030-11-14,True,True,True,2025-09-30 18:59:20,2025-09-30 18:59:20,2025-11-26 16:13:36
6e96998f-321a-4560-8ffa-3823c539a37c,2f67a530-4218-4358-85fb-fd47c80f1999,credit_card,mastercard,2915,2027-12-19,True,True,True,2024-10-14 02:51:03,2024-10-14 02:51:03,2026-01-10 21:45:40
3ec35a63-e9f1-493b-8ff0-09e1de179a89,2f67a530-4218-4358-85fb-fd47c80f1999,credit_card,meeza,8030,2031-01-16,False,True,True,2025-10-07 04:57:23,2025-10-07 04:57:23,2025-12-11 18:44:56
f9a796ca-880c-4e0b-aa37-e9a6006cb200,7c93b97a-1f62-45d3-a9d0-92089753bde6,credit_card,visa,3341,2027-07-08,True,True,True,2026-01-29 09:34:35,2026-01-29 09:34:35,2026-02-19 21:12:53
cee36207-55eb-4399-8e2e-fa57213777ad,7c93b97a-1f62-45d3-a9d0-92089753bde6,wallet_balance,internal_wallet,,,False,True,True,2025-01-14 09:39:45,2025-01-14 09:39:45,2026-01-30 13:23:56
e67efb7a-26be-4cb7-a8f9-0c8a5de78d7b,d0c8068d-21c5-4261-a5d0-48e0e818e957,credit_card,meeza,1628,2028-04-11,True,True,True,2026-02-12 08:25:38,2026-02-12 08:25:38,2026-02-25 17:46:49
ff064fd9-f06b-47f3-a2be-7ce2a1cbb2a6,d0c8068d-21c5-4261-a5d0-48e0e818e957,credit_card,mastercard,9634,2029-08-25,False,True,False,2026-02-08 18:52:15,2026-02-08 18:52:15,2026-02-16 13:42:13
bf3e7748-e802-4d27-aa03-b75a7fe3523d,6a2da482-c5b9-415d-bf08-955926a6a860,debit_card,visa,6097,2028-06-22,True,True,True,2024-09-11 08:07:31,2024-09-11 08:07:31,2024-10-03 19:57:18
16379025-de5a-4b0b-83ad-fd08dcb59d1f,6a2da482-c5b9-415d-bf08-955926a6a860,bank_account,Bank_EG_3,4177,,False,True,True,2025-06-03 23:54:44,2025-06-03 23:54:44,2025-10-07 04:13:56
f1ed841d-49e8-4b62-8811-c83dd727aa73,d334adc8-4cec-4223-accd-61d5b27e3437,debit_card,mastercard,9600,2030-09-28,True,True,True,2023-12-30 03:19:09,2023-12-30 03:19:09,2024-09-13 22:45:44
6f13e644-c2b5-4815-8cd6-498a96934713,d334adc8-4cec-4223-accd-61d5b27e3437,bank_account,Bank_AE_10,2577,,False,True,True,2023-11-19 21:07:03,2023-11-19 21:07:03,2024-05-27 21:54:23
1a960021-0871-45d0-aa1d-c7ca69a38a17,8876d7de-624d-465b-bd87-0f7a590318a0,debit_card,mastercard,5503,2028-11-28,True,False,True,2025-11-07 10:58:41,2025-11-07 10:58:41,2025-12-10 06:16:35
3897d6b3-22be-48c3-a0f6-daeb7b85196e,8876d7de-624d-465b-bd87-0f7a590318a0,debit_card,mastercard,3881,2027-08-03,False,True,True,2024-12-29 02:13:43,2024-12-29 02:13:43,2025-03-15 17:30:24
8926d22e-19ee-4805-afe0-5c4568bc18bb,ad02a4d2-d7df-4697-ad07-71cc2ae77022,bank_account,Bank_AE_7,2806,,True,True,True,2025-08-10 17:30:35,2025-08-10 17:30:35,2026-01-28 11:51:16
051bffd5-de24-4d06-97e2-74f8f9682f69,e63d2a7f-1e8e-44fc-be59-06d3bf9ee8b4,debit_card,visa,6814,2028-08-24,True,True,True,2024-02-26 10:04:30,2024-02-26 10:04:30,2025-04-08 11:23:16
8063f31d-d680-4411-8007-3d60f91a47ff,cdc835b9-5df0-4b58-ad1c-9fccd41f070c,credit_card,visa,4037,2030-11-19,True,True,True,2026-02-24 14:44:08,2026-02-24 14:44:08,2026-02-28 00:32:28
679349d2-0f56-43a3-a8d3-b07d22614e74,39234276-0e43-484b-bc85-50951642e91d,credit_card,meeza,1514,2029-08-08,True,True,True,2026-02-15 08:51:25,2026-02-15 08:51:25,2026-02-28 16:45:40
33538c4f-4709-4962-af4e-0581688fdec5,cd003ead-6bcd-4567-a2bf-3877a05cbfe0,credit_card,meeza,3230,2030-06-12,True,True,True,2024-10-27 06:30:10,2024-10-27 06:30:10,2025-11-18 19:49:13
a067778f-09c8-4047-96c6-d31e18950025,fc733405-d27c-4eae-905b-38d513879d79,credit_card,mastercard,8535,2027-03-27,True,True,True,2025-01-29 13:22:54,2025-01-29 13:22:54,2025-03-23 11:55:59
d0a36bdc-0263-4efe-a1c9-06907877758e,fc733405-d27c-4eae-905b-38d513879d79,credit_card,visa,6870,2029-12-03,False,True,True,2026-01-16 04:38:15,2026-01-16 04:38:15,2026-01-28 01:25:11
95332d7a-e0e6-4311-a87a-d7f2142cbb59,179c64af-12f4-464b-b50f-583411465ea2,debit_card,visa,2294,2028-04-25,True,False,True,2025-05-19 04:41:12,2025-05-19 04:41:12,2025-10-08 05:23:49
d22dbe56-e27f-4f13-8ccf-743f58df4ed9,c5b710f8-bbbb-405b-8280-c652ac1d456b,wallet_balance,internal_wallet,,,True,True,True,2025-07-09 05:11:39,2025-07-09 05:11:39,2025-10-29 05:42:49
fedd2fd8-a937-4e06-9277-55bc13b37674,c5b710f8-bbbb-405b-8280-c652ac1d456b,bank_account,Bank_SA_5,7394,,False,True,True,2026-02-28 05:00:09,2026-02-28 05:00:09,2026-03-03 00:41:02
bbd40a99-4db3-43e7-ba4f-6dd759265297,bf896088-e6c4-46b2-8e2a-1335e3673483,debit_card,mastercard,2034,2029-05-31,True,True,True,2024-05-03 22:26:30,2024-05-03 22:26:30,2025-05-25 23:12:53
31138fa2-686a-4a34-97dc-2f39727ecd4b,cbd183dd-b5b6-4b30-9c07-a2d8891fee98,bank_account,Bank_SA_8,2864,,True,True,True,2024-11-01 01:07:21,2024-11-01 01:07:21,2024-11-27 01:30:33
bd315b41-92b4-4d33-b2a7-8f884a8d08eb,cbd183dd-b5b6-4b30-9c07-a2d8891fee98,debit_card,mada,9342,2027-03-25,False,True,True,2025-08-22 17:18:55,2025-08-22 17:18:55,2025-11-24 23:04:41
2fee7b9e-a13a-452c-adcc-03f561f7bacc,f8f4fe99-721f-4725-856b-afc407efa8b8,wallet_balance,internal_wallet,,,True,True,True,2025-08-09 22:12:16,2025-08-09 22:12:16,2025-09-11 03:59:12
c9c82ae0-965f-469f-b3e3-fee7ba6be858,7d62e5c7-8e57-411c-baf3-7c2449780654,bank_account,Bank_SA_5,8141,,True,True,True,2024-10-31 15:01:43,2024-10-31 15:01:43,2025-03-10 03:26:43
ac72cf99-2810-4487-8f88-8d384202c727,7d62e5c7-8e57-411c-baf3-7c2449780654,bank_account,Bank_SA_10,3249,,False,True,True,2025-09-01 09:31:52,2025-09-01 09:31:52,2026-02-23 20:08:29
c1546bf0-5e67-4c29-9ac1-d2ecef7280fe,56120b1c-8f30-4858-88d5-7bab7641e680,debit_card,mastercard,1478,2030-11-29,True,True,True,2025-11-29 17:21:52,2025-11-29 17:21:52,2026-01-23 05:36:37
1eb6015e-c8c7-41e0-865a-5dfe5cae7a60,fb06c085-d318-44da-992e-9976b7ff9a62,debit_card,visa,2630,2028-05-27,True,True,True,2023-09-23 10:57:34,2023-09-23 10:57:34,2024-12-01 01:53:07
24c44a89-596f-4413-9209-ccf1d4637379,fb06c085-d318-44da-992e-9976b7ff9a62,bank_account,Bank_EG_5,4282,,False,True,False,2024-07-20 05:59:20,2024-07-20 05:59:20,2024-09-04 09:40:09
4e6945d1-a2ee-4221-8ee1-e71944e416cb,412d2806-8ef6-45c3-baf6-8a502b02af52,bank_account,Bank_EG_8,3846,,True,True,True,2024-10-01 19:47:18,2024-10-01 19:47:18,2025-01-05 15:41:23
488ddb37-6341-4140-ac1a-8bb9459c2e4b,412d2806-8ef6-45c3-baf6-8a502b02af52,debit_card,mastercard,3256,2030-09-21,False,True,True,2024-06-08 15:09:39,2024-06-08 15:09:39,2025-07-22 02:40:47
54fe3547-b100-4456-8919-07678d4d077a,412d2806-8ef6-45c3-baf6-8a502b02af52,credit_card,visa,6414,2030-03-21,False,True,True,2025-07-31 00:03:27,2025-07-31 00:03:27,2025-11-14 04:45:45
3abbe5e6-cfa8-48c7-81f9-9022b7b243b5,e853e32e-2810-48cc-b8a3-b09689002efe,credit_card,mastercard,1772,2029-01-15,True,True,True,2025-01-13 11:38:34,2025-01-13 11:38:34,2025-06-04 05:39:56
ca2284de-0531-43b7-bf63-9069507b8f18,29803ea9-8f60-47bc-80b7-6a32b06c62da,bank_account,Bank_EG_6,6260,,True,False,True,2024-02-12 11:27:12,2024-02-12 11:27:12,2026-02-24 08:38:25
ad34e13b-7181-407c-bb3f-0eba5fba4ba2,d4fb9b4f-8c51-4511-b485-d87612dea898,debit_card,meeza,4632,2029-02-21,True,True,True,2025-03-10 21:43:07,2025-03-10 21:43:07,2025-12-30 09:32:09
cb6f8abc-5cf7-4989-a71c-3ce66b69babe,c0408327-f93f-4c82-82da-c2c35eaaff89,debit_card,visa,4952,2029-05-12,True,True,True,2023-12-11 11:10:37,2023-12-11 11:10:37,2026-02-09 09:32:24
726dc98e-811c-4646-bb4d-a6240880db7c,c0408327-f93f-4c82-82da-c2c35eaaff89,bank_account,Bank_EG_10,9084,,False,False,True,2025-04-03 21:32:21,2025-04-03 21:32:21,2026-03-03 08:46:39
6ae56293-d2a7-4e8a-bfc5-4761483ce827,84bae234-16c6-488c-8757-d1490fef30af,debit_card,visa,5904,2030-02-03,True,True,True,2024-12-03 14:01:20,2024-12-03 14:01:20,2025-01-12 05:01:48
97044703-df28-4406-ac38-727a53f4d586,84bae234-16c6-488c-8757-d1490fef30af,credit_card,amex,2091,2027-08-29,False,False,True,2026-02-26 06:30:33,2026-02-26 06:30:33,2026-03-02 19:44:50
a146288f-4fba-4237-b4eb-6734d8f59f39,4ffcfc1b-17fa-435a-87af-4a089573af79,bank_account,Bank_QA_10,9872,,True,True,False,2024-10-11 16:12:10,2024-10-11 16:12:10,2025-12-24 04:49:14
49e56c83-0920-4227-8257-80d5614212ca,4847a438-d387-4744-8298-8447cc5f4fe7,bank_account,Bank_EG_3,8992,,True,True,True,2026-03-03 23:46:13,2026-03-03 23:46:13,2026-03-04 12:10:59
482a0795-c558-454b-bfd5-3dc71fa334aa,4847a438-d387-4744-8298-8447cc5f4fe7,bank_account,Bank_EG_10,4215,,False,True,True,2026-02-27 23:14:05,2026-02-27 23:14:05,2026-03-03 19:36:59
72a16e76-7d89-446a-8bb4-c50e571df98d,4847a438-d387-4744-8298-8447cc5f4fe7,wallet_balance,internal_wallet,,,False,False,False,2026-02-22 03:42:50,2026-02-22 03:42:50,2026-02-25 06:14:16
bef1de36-6b08-48ee-abb7-a5868fe9f4b9,80945e32-21c2-41e6-aeec-4378f905b20e,credit_card,mastercard,9995,2028-09-24,True,True,True,2024-01-14 16:16:54,2024-01-14 16:16:54,2024-06-01 20:16:26
0ceddb29-b906-4a6f-b361-76f96daa72d3,80945e32-21c2-41e6-aeec-4378f905b20e,bank_account,Bank_EG_7,6016,,False,True,True,2024-08-22 00:51:08,2024-08-22 00:51:08,2025-03-19 11:27:42
8ba34247-34c5-4aab-adc5-5d1902e30f2d,80945e32-21c2-41e6-aeec-4378f905b20e,bank_account,Bank_EG_9,4106,,False,True,True,2024-02-01 03:59:46,2024-02-01 03:59:46,2025-12-01 05:52:01
51271d11-4200-49ac-ae13-b1d15ab28ce5,ebe40594-a4d3-4cd7-8667-de6794038232,bank_account,Bank_SA_5,6964,,True,True,True,2025-12-31 18:53:21,2025-12-31 18:53:21,2026-02-12 21:28:58
bde0c97c-0dd3-484f-91fa-427a62cbac9f,ebe40594-a4d3-4cd7-8667-de6794038232,wallet_balance,internal_wallet,,,False,True,False,2023-08-27 15:10:38,2023-08-27 15:10:38,2025-05-22 15:31:34
12fb1ffa-212b-4ac7-bce9-fbf8f96d917f,66d005a8-3554-4126-961a-6df99db2bbfe,wallet_balance,internal_wallet,,,True,True,False,2026-02-10 19:58:25,2026-02-10 19:58:25,2026-02-21 03:41:48
1bae0dec-c918-4da2-8346-b4e2f69cf903,66d005a8-3554-4126-961a-6df99db2bbfe,debit_card,mada,7240,2029-04-01,False,False,True,2026-02-23 12:55:57,2026-02-23 12:55:57,2026-02-28 12:35:39
bfbc908b-140b-4c38-9b47-d3e60d865be0,9da3d3c4-7274-4567-a755-1ef9f8b1deef,debit_card,visa,2605,2029-04-16,True,True,True,2024-10-05 01:26:55,2024-10-05 01:26:55,2025-11-04 14:22:44
b869a14f-fe96-4525-9cf5-9eaa7b5b5cc8,9da3d3c4-7274-4567-a755-1ef9f8b1deef,debit_card,amex,2395,2029-01-08,False,True,True,2025-11-26 07:54:49,2025-11-26 07:54:49,2025-12-02 21:27:47
b7f280ad-86cb-4993-bc71-beb60c65d232,2e594e92-903c-4cde-ac2f-cf4ad4757a00,bank_account,Bank_EG_3,1461,,True,True,True,2026-01-04 19:14:24,2026-01-04 19:14:24,2026-02-15 00:52:51
734a790e-6ba5-4c3c-a3e7-536f0b6b0086,89fea5dc-7fe4-495a-8ab3-c56dd375f124,debit_card,mastercard,1549,2029-11-15,True,True,True,2025-10-14 02:17:38,2025-10-14 02:17:38,2025-10-14 07:39:09
b4f299af-1585-4561-93da-7428873e2345,89fea5dc-7fe4-495a-8ab3-c56dd375f124,bank_account,Bank_SA_9,1501,,False,True,True,2025-11-16 11:04:48,2025-11-16 11:04:48,2026-02-11 21:21:13
8f208998-a1ec-4ddf-9430-20fa34e12075,747bd035-1c1d-4238-9e27-9414fe372289,bank_account,Bank_KW_3,9806,,True,True,True,2026-02-24 17:12:38,2026-02-24 17:12:38,2026-02-28 07:25:14
d340702c-33c7-4773-b39e-e7a291b23a67,2ed6f0e7-f21a-4db9-83b4-f57c0d25fd54,debit_card,visa,5551,2028-05-08,True,True,True,2025-05-18 01:13:40,2025-05-18 01:13:40,2025-07-22 17:07:25
fa617206-ceb0-4005-a3e4-6907fa6faa59,2ed6f0e7-f21a-4db9-83b4-f57c0d25fd54,wallet_balance,internal_wallet,,,False,True,True,2024-03-07 03:55:24,2024-03-07 03:55:24,2024-10-16 14:13:00
6809ef55-91a3-40f0-9b8e-a205b27cf16b,870d183b-be39-405b-b1c0-3de40d9b04f8,credit_card,mada,3243,2027-08-05,True,True,True,2026-01-05 08:56:48,2026-01-05 08:56:48,2026-02-15 04:53:13
5116acec-3375-40d6-9171-123f179e1ba4,870d183b-be39-405b-b1c0-3de40d9b04f8,wallet_balance,internal_wallet,,,False,True,True,2025-11-21 16:55:42,2025-11-21 16:55:42,2026-02-23 19:54:06
23218584-4640-4f90-a242-df02cd9e93b1,870d183b-be39-405b-b1c0-3de40d9b04f8,bank_account,Bank_SA_1,3139,,False,True,True,2025-12-03 14:28:18,2025-12-03 14:28:18,2026-03-02 05:34:03
f4297e82-697a-4047-881d-7e0f70266996,4825b171-1063-47ce-a308-5dcaef0f500f,debit_card,visa,9536,2029-05-16,True,True,True,2025-02-13 16:27:25,2025-02-13 16:27:25,2025-02-27 19:11:05
f390c2ad-60f9-4836-a055-6bb945b0ff33,bc1cadc4-fe19-4910-a8ce-03f6f7d5384b,wallet_balance,internal_wallet,,,True,True,True,2024-07-02 06:56:32,2024-07-02 06:56:32,2025-12-25 20:50:05
977f4b22-c8c8-4018-8d3e-17b99c47b8ed,bc1cadc4-fe19-4910-a8ce-03f6f7d5384b,bank_account,Bank_SA_5,5802,,False,False,True,2025-12-09 00:05:22,2025-12-09 00:05:22,2025-12-24 06:42:30
a1e8f145-c31c-4408-8eea-6185d0b37e78,c532db7f-a77b-45b8-b566-e71cb4f8e43a,debit_card,meeza,6328,2028-01-28,True,True,True,2025-06-06 10:51:01,2025-06-06 10:51:01,2025-08-09 05:01:24
64b5dc08-6477-41e6-99b6-3954476f3103,c532db7f-a77b-45b8-b566-e71cb4f8e43a,bank_account,Bank_EG_4,4433,,False,True,True,2025-11-20 08:19:02,2025-11-20 08:19:02,2026-02-05 21:38:19
9e660a0a-1875-4481-b568-46fbc8c1df1b,c9994bcd-f140-4df8-b364-f6fa814a2485,wallet_balance,internal_wallet,,,True,True,True,2025-04-30 11:55:32,2025-04-30 11:55:32,2025-09-09 02:45:01
397af085-4a19-4d85-8352-b53952dfa28d,600d758d-9e33-4811-8273-142e2405d166,credit_card,mastercard,1306,2027-03-30,True,True,True,2025-12-13 16:58:27,2025-12-13 16:58:27,2026-01-05 17:44:54
2cd7c887-cd3d-4895-811c-b938a28de452,f33006c7-5f1d-4040-8fd3-22326bfc36d0,debit_card,mada,6147,2027-12-27,True,True,True,2025-09-30 18:17:37,2025-09-30 18:17:37,2025-12-30 21:54:19
8eb5ed47-f6cd-4923-88cb-de2c3ab7b163,f33006c7-5f1d-4040-8fd3-22326bfc36d0,wallet_balance,internal_wallet,,,False,True,True,2024-09-01 12:21:00,2024-09-01 12:21:00,2025-09-08 16:14:55
a16725ea-eb28-41a6-9db9-6807a9887c20,61e6b489-1612-4aa2-9241-5dda8432d996,debit_card,mastercard,2653,2027-12-16,True,True,True,2024-05-05 05:58:35,2024-05-05 05:58:35,2024-06-16 06:27:45
073a3574-ce0b-41fa-9513-e443e70d9744,87f02c91-cdef-46e5-a677-28f00059b26e,credit_card,visa,7495,2027-05-04,True,True,True,2025-10-06 15:13:20,2025-10-06 15:13:20,2026-02-28 10:03:06
a0b132eb-5fb9-47f3-8f6c-a247edc33f6d,87f02c91-cdef-46e5-a677-28f00059b26e,debit_card,visa,1541,2029-07-01,False,True,True,2025-10-02 22:27:25,2025-10-02 22:27:25,2025-11-02 18:19:56
2df5048f-995f-4f38-8411-c8bec14e89cd,87f02c91-cdef-46e5-a677-28f00059b26e,bank_account,Bank_EG_5,8375,,False,True,True,2025-12-10 04:07:57,2025-12-10 04:07:57,2025-12-29 11:22:01
a687419a-1c7f-427a-8f03-7826cbe006aa,ba4deefe-3d2f-489a-827b-729f29103ba1,credit_card,visa,8001,2027-11-16,True,True,True,2025-08-02 14:19:51,2025-08-02 14:19:51,2026-02-01 16:14:28
9675c087-ace3-40d4-af9a-869172eb8a79,ba4deefe-3d2f-489a-827b-729f29103ba1,debit_card,amex,3858,2030-05-27,False,True,True,2024-10-26 21:32:58,2024-10-26 21:32:58,2025-09-13 22:21:34
f490ff34-43b2-416e-befc-44890924b547,0c1d7f05-89d1-42de-82a3-eed6f24280c7,debit_card,mada,6154,2028-01-03,True,True,True,2025-12-21 20:15:16,2025-12-21 20:15:16,2026-01-13 08:55:07
8fe443b8-bf55-4990-b4b8-18d7ab5f0d86,0c1d7f05-89d1-42de-82a3-eed6f24280c7,credit_card,mastercard,4264,2029-06-18,False,True,True,2024-03-04 13:11:31,2024-03-04 13:11:31,2025-04-15 22:40:13
415916be-f7cb-4ad1-b38c-c4978c0f7485,f9d9585c-6a54-4f27-9c6a-d2f1d41ce07e,debit_card,visa,6417,2028-02-15,True,True,True,2025-02-25 05:26:39,2025-02-25 05:26:39,2025-04-17 16:13:57
8e4b67d2-cb1e-4f74-8193-555a6a7a91c5,f9d9585c-6a54-4f27-9c6a-d2f1d41ce07e,bank_account,Bank_SA_5,9832,,False,True,True,2024-11-04 04:24:01,2024-11-04 04:24:01,2025-04-10 12:50:31
7f297a46-abb2-4bbf-bdd9-6a4e92f24a93,3e1f3834-32af-4732-9283-05e096b9b08c,debit_card,mada,6838,2031-02-08,True,False,True,2025-08-21 08:36:54,2025-08-21 08:36:54,2026-01-08 00:01:05
ef15f452-ab0e-42f7-bca4-d231e51135f7,3e1f3834-32af-4732-9283-05e096b9b08c,wallet_balance,internal_wallet,,,False,True,True,2025-04-13 04:25:01,2025-04-13 04:25:01,2025-12-13 23:28:03
e2a301ba-38fa-44cb-a74d-f4909aee9a75,4868e04f-b436-4cd7-abd8-a7465bdb9258,debit_card,meeza,1004,2030-02-26,True,True,True,2023-07-15 21:47:32,2023-07-15 21:47:32,2023-12-19 19:52:46
c28ab5bf-bd44-4d03-807d-4a3d1b609101,4868e04f-b436-4cd7-abd8-a7465bdb9258,credit_card,visa,8266,2028-07-28,False,True,True,2024-07-24 03:17:59,2024-07-24 03:17:59,2024-09-03 18:39:21
8ad37ad0-3b15-4e3e-bfe8-9b6cb28382fd,157e6380-cc89-4781-a3b2-6c7c288786af,bank_account,Bank_SA_8,4514,,True,True,False,2026-01-31 08:31:57,2026-01-31 08:31:57,2026-02-22 10:10:40
6d4394f3-68cf-4b89-b6b1-714c2f08c6c0,157e6380-cc89-4781-a3b2-6c7c288786af,bank_account,Bank_SA_1,5008,,False,True,True,2026-02-14 04:08:20,2026-02-14 04:08:20,2026-02-19 05:45:37
20499469-3ecc-49db-9e58-e9f34e777e1f,8ccaefff-1281-4f16-9aa1-0b1ed6b53a2e,credit_card,amex,4687,2029-01-22,True,True,True,2025-11-07 03:40:47,2025-11-07 03:40:47,2025-12-13 14:00:09
ba9c7318-9ed9-4030-b725-589e4fa1ccd8,8ccaefff-1281-4f16-9aa1-0b1ed6b53a2e,debit_card,visa,3375,2029-12-31,False,True,True,2026-03-04 00:50:12,2026-03-04 00:50:12,2026-03-04 03:41:09
6b8a80fc-f9bd-4237-a6b2-432fd5a6a3b0,f810a5f8-590c-435a-bf4c-f07b4c33bf9a,debit_card,mastercard,4958,2029-05-04,True,True,True,2024-11-01 00:05:28,2024-11-01 00:05:28,2025-12-13 05:30:46
55969d13-bced-490b-b301-99d7e175b8f0,ae25417b-cd5a-4952-a247-943afad1f9a1,credit_card,meeza,1463,2030-05-10,True,False,True,2025-04-14 08:06:23,2025-04-14 08:06:23,2025-05-31 10:59:52
bcd65652-0c73-4aa7-a587-25f213deaf97,ae25417b-cd5a-4952-a247-943afad1f9a1,debit_card,meeza,2037,2029-10-16,False,True,True,2024-09-30 18:36:53,2024-09-30 18:36:53,2025-03-17 21:03:10
fe76d660-0c3a-4565-b43d-d625087d991b,7d879fc4-4b86-415c-be94-8457faf9437f,credit_card,amex,4631,2028-05-22,True,True,True,2024-09-10 10:23:13,2024-09-10 10:23:13,2025-12-17 01:01:17
a0eead03-db84-4a0e-b87a-01d2304d8cc7,7d879fc4-4b86-415c-be94-8457faf9437f,debit_card,visa,5712,2027-06-30,False,False,True,2023-07-04 01:56:39,2023-07-04 01:56:39,2024-11-08 15:33:41
3ffe9110-fba1-44eb-bf81-e1451f4d0bc3,7d879fc4-4b86-415c-be94-8457faf9437f,wallet_balance,internal_wallet,,,False,False,True,2024-12-29 11:52:18,2024-12-29 11:52:18,2025-01-17 03:09:01
304f86f7-19e4-4364-8879-61598c7bac06,5c4ecddf-9c93-457b-9897-291363a6fbe6,debit_card,meeza,8673,2027-09-28,True,False,True,2025-11-17 04:29:50,2025-11-17 04:29:50,2025-12-21 13:05:53
75ee9fb9-a695-42e8-aa4a-fdad2e12b195,5c4ecddf-9c93-457b-9897-291363a6fbe6,bank_account,Bank_EG_5,4814,,False,True,True,2025-07-08 20:26:49,2025-07-08 20:26:49,2025-12-30 20:15:17
2addf31f-1cc4-45b9-a208-5203099bcdb1,820f30d3-3fcb-4383-b1f4-67dd7bfc7ae4,bank_account,Bank_AE_4,7647,,True,True,True,2024-12-15 07:30:36,2024-12-15 07:30:36,2025-03-07 23:35:21
2f242178-8d32-4c05-ac83-96d899b9837d,a2eb6e5e-a858-4a7f-b295-bc5f6bd3a197,debit_card,visa,1299,2030-03-06,True,True,False,2025-06-16 23:20:52,2025-06-16 23:20:52,2026-02-06 20:00:03
91b890e6-f344-4e83-b3e0-6e44e461aeec,a2eb6e5e-a858-4a7f-b295-bc5f6bd3a197,credit_card,mada,9697,2030-05-25,False,True,True,2026-01-29 16:05:26,2026-01-29 16:05:26,2026-02-28 16:05:44
9b8a58d3-eda2-47ec-bc27-c29fe0b974e9,c1a7548a-29bc-4761-97bb-12a9d73afe05,debit_card,visa,1592,2028-05-05,True,True,True,2024-12-25 16:10:50,2024-12-25 16:10:50,2025-09-24 14:37:44
5415c5e0-9bf7-441c-9021-042973547fdb,c1a7548a-29bc-4761-97bb-12a9d73afe05,debit_card,visa,5091,2030-04-20,False,True,True,2024-01-19 09:09:04,2024-01-19 09:09:04,2025-04-30 06:05:01
855527aa-7591-4dd2-b3a9-ea6e7ae43064,c1a7548a-29bc-4761-97bb-12a9d73afe05,credit_card,mastercard,1778,2030-12-29,False,True,True,2024-08-20 08:47:49,2024-08-20 08:47:49,2025-05-02 09:13:11
65de4fd0-dddf-4f51-b1eb-1fe0c1147d9c,6cdd009e-dcd1-4e24-aa3e-785470a6c2a0,debit_card,mastercard,3062,2029-05-22,True,True,True,2025-04-18 02:47:37,2025-04-18 02:47:37,2025-09-29 08:37:01
25520fe0-0e16-4b7f-988e-951fa29c3a01,6cdd009e-dcd1-4e24-aa3e-785470a6c2a0,bank_account,Bank_SA_4,6629,,False,False,True,2025-06-09 03:47:56,2025-06-09 03:47:56,2025-08-11 23:32:20
0bd93018-08a0-47cd-81d5-3c4761f8ae9f,b6f83716-4d33-4576-95a3-404ede9422f7,debit_card,mastercard,8207,2027-04-19,True,False,True,2026-02-04 01:00:17,2026-02-04 01:00:17,2026-02-06 06:15:29
154f0133-4e3e-45fd-9cd7-79df9b2d8b99,b6f83716-4d33-4576-95a3-404ede9422f7,wallet_balance,internal_wallet,,,False,True,True,2026-02-18 07:08:40,2026-02-18 07:08:40,2026-02-21 14:24:04
7547f1da-83a1-4b2b-bc16-aa3c1a74db2c,3cc6294c-08ca-44de-b070-6831f46c14cc,debit_card,mastercard,3795,2029-03-02,True,True,True,2023-12-15 10:03:33,2023-12-15 10:03:33,2023-12-26 09:04:39
a512881c-22a2-46a9-81b4-a775619bf5e5,29bcfbfc-a723-4083-b9c2-1211d8882318,bank_account,Bank_EG_10,6125,,True,True,True,2026-02-02 04:04:32,2026-02-02 04:04:32,2026-03-03 22:54:12
f33ad531-cd78-4c29-afd5-f0ddf2193835,8f22b1a6-592e-4e17-8f69-04713967055f,bank_account,Bank_EG_6,2423,,True,True,True,2023-05-22 14:21:58,2023-05-22 14:21:58,2023-10-27 00:51:16
1c7ec7fa-1bd0-4d85-a8e1-31035f39e7c0,dfd5b4da-633b-4e17-8520-001e924d2d88,bank_account,Bank_EG_5,6249,,True,True,True,2025-05-30 07:05:18,2025-05-30 07:05:18,2025-09-25 04:01:53
fd29ea61-ebda-4052-a4d4-93b88a0ba837,dfd5b4da-633b-4e17-8520-001e924d2d88,debit_card,visa,9889,2030-12-07,False,True,True,2024-09-06 00:13:28,2024-09-06 00:13:28,2025-07-19 20:15:19
a6b41d28-6dcd-482c-b544-5a5cb7f5db02,dfd5b4da-633b-4e17-8520-001e924d2d88,wallet_balance,internal_wallet,,,False,True,True,2025-07-17 17:10:32,2025-07-17 17:10:32,2026-02-23 08:42:42
1a4bec6a-7b3c-4b37-9a81-3f0993912ffa,23734f8c-6d36-40d4-b97a-12181a29cff9,debit_card,meeza,4925,2028-02-25,True,True,True,2024-01-25 01:53:48,2024-01-25 01:53:48,2025-11-02 14:42:20
fed27ee3-d3dd-4d69-bc5e-3a0d15378b86,23734f8c-6d36-40d4-b97a-12181a29cff9,debit_card,visa,4661,2030-02-27,False,True,True,2025-09-12 16:12:10,2025-09-12 16:12:10,2025-10-01 05:28:19
61c86ddb-19a8-42d4-9709-b1f65de2b8e3,23734f8c-6d36-40d4-b97a-12181a29cff9,wallet_balance,internal_wallet,,,False,True,True,2025-10-04 06:00:11,2025-10-04 06:00:11,2025-11-02 09:05:23
e1e7f63e-6df6-4251-a279-c488519d17da,8b37e0fd-cb40-4edd-a010-94d12b5b3ebe,debit_card,visa,3846,2030-01-20,True,True,True,2025-05-17 18:08:02,2025-05-17 18:08:02,2025-11-06 16:11:53
b96186c7-33bb-4ffd-a488-432c85629bd4,8b37e0fd-cb40-4edd-a010-94d12b5b3ebe,debit_card,mastercard,1987,2027-11-07,False,True,True,2025-10-23 13:10:38,2025-10-23 13:10:38,2026-01-12 14:51:04
a1f4c838-0958-4f6a-8cfd-cbfc2293d2cf,8b37e0fd-cb40-4edd-a010-94d12b5b3ebe,debit_card,amex,8106,2029-09-11,False,False,True,2024-09-15 18:06:04,2024-09-15 18:06:04,2025-01-18 08:14:55
a1c9d5d0-badc-42e5-8a72-f05cde3ac6da,bf708a9f-6312-4db1-b9bd-ceab81250535,credit_card,visa,9417,2028-11-15,True,True,True,2025-12-03 13:04:15,2025-12-03 13:04:15,2026-02-17 02:20:18
caffc25d-bdc7-4a58-bfad-1a1ab8e1967b,fbe7432f-d574-4303-b5dd-1d3b4ac25527,credit_card,mastercard,3863,2028-01-29,True,True,True,2025-02-01 19:38:49,2025-02-01 19:38:49,2025-12-31 09:36:32
e9ba6ff6-5cd6-4aeb-9e5f-8cf3726de81a,fbe7432f-d574-4303-b5dd-1d3b4ac25527,debit_card,mada,5293,2028-02-09,False,True,True,2025-01-02 16:54:32,2025-01-02 16:54:32,2025-04-30 22:21:23
980b55b6-fe37-438a-9b07-d461e503f0fd,fbe7432f-d574-4303-b5dd-1d3b4ac25527,credit_card,visa,2276,2030-04-26,False,True,True,2025-07-14 05:03:40,2025-07-14 05:03:40,2025-08-04 17:08:07
8ea90c55-3716-4c3e-b596-30e7c290eb9c,1b05623f-bb37-4682-9370-753e2df13a2a,debit_card,visa,1685,2031-01-02,True,True,True,2025-11-11 04:15:51,2025-11-11 04:15:51,2025-12-18 23:02:57
35d92916-6d07-4fab-8915-51bb391f0b16,61d7b026-99b5-40e1-87bf-b578cf749011,wallet_balance,internal_wallet,,,True,True,True,2024-09-28 12:22:56,2024-09-28 12:22:56,2026-02-27 19:25:35
e22f3102-a553-4d9e-be1d-d2661378cab8,61d7b026-99b5-40e1-87bf-b578cf749011,bank_account,Bank_AE_6,4077,,False,True,True,2025-09-24 06:16:34,2025-09-24 06:16:34,2025-11-15 18:30:21
5de8f519-28a1-4f75-ab43-3b12709f8179,289842ba-917b-4cc0-8eaf-41d8e496a13b,credit_card,amex,3897,2027-09-16,True,True,True,2025-12-06 02:09:46,2025-12-06 02:09:46,2025-12-13 02:18:43
3d65e951-8d28-411a-98d9-582d16e579d5,289842ba-917b-4cc0-8eaf-41d8e496a13b,credit_card,amex,6382,2028-04-23,False,True,True,2025-10-16 05:13:50,2025-10-16 05:13:50,2026-02-23 01:45:04
d3202c9e-eb80-4a11-b984-bfbc3ad302fe,01b8e580-207d-4044-b68c-30fdfb92a9cf,credit_card,visa,8650,2028-03-22,True,False,True,2025-11-17 22:30:20,2025-11-17 22:30:20,2026-01-13 04:03:11
47db0260-822d-4b8e-941f-dbd6f68fcf20,01b8e580-207d-4044-b68c-30fdfb92a9cf,wallet_balance,internal_wallet,,,False,True,True,2025-11-26 19:35:23,2025-11-26 19:35:23,2026-02-06 18:16:15
9f9bee13-5a91-4170-bd93-a34783ad1279,53ad8cf2-b936-400a-a55e-2f83c68f0a7b,wallet_balance,internal_wallet,,,True,False,True,2024-10-10 14:25:21,2024-10-10 14:25:21,2025-06-30 11:26:14
14dd1a09-2b57-4577-bd11-8c0b2f3737a0,33dbfc6d-a86a-4593-857d-f3d79ab0e815,debit_card,visa,3825,2028-03-12,True,True,True,2025-05-13 12:07:44,2025-05-13 12:07:44,2025-06-01 00:22:23
b62cd9b9-0695-4c35-9ea4-d9423a37b904,bda5a0f5-4b4b-4897-8614-fe835598e4bc,debit_card,visa,5636,2030-05-17,True,True,True,2026-02-18 17:18:14,2026-02-18 17:18:14,2026-03-03 03:57:10
5dfe3a06-8bcb-4c52-9b9c-162a426cc422,bda5a0f5-4b4b-4897-8614-fe835598e4bc,debit_card,mastercard,3159,2030-09-29,False,True,False,2024-09-26 17:50:47,2024-09-26 17:50:47,2025-12-18 18:56:41
dd0e5a4b-e376-4b3b-9fec-bf95ae32024f,95892924-72fa-4837-ab75-9c08e66e6acf,debit_card,meeza,3516,2027-10-11,True,True,True,2025-09-02 00:54:52,2025-09-02 00:54:52,2025-10-27 23:54:50
2306b458-68c8-4611-931d-62ce3a6730fe,95892924-72fa-4837-ab75-9c08e66e6acf,credit_card,mastercard,2842,2028-02-08,False,True,True,2025-06-02 19:52:23,2025-06-02 19:52:23,2026-01-14 00:49:28
5f67006b-8682-4f93-9eb3-014b1a5e6d32,6b4ea6d7-2afa-454b-91e6-6cb835cf47a5,debit_card,meeza,9173,2028-07-30,True,True,True,2025-07-08 17:40:43,2025-07-08 17:40:43,2025-10-19 03:26:13
982800b3-0353-4139-852a-1d78b8f181cd,6b4ea6d7-2afa-454b-91e6-6cb835cf47a5,wallet_balance,internal_wallet,,,False,False,True,2023-08-03 07:43:17,2023-08-03 07:43:17,2025-02-19 14:45:46
22ccfb72-1e9c-48a6-8cd8-91d3c0140125,6b4ea6d7-2afa-454b-91e6-6cb835cf47a5,credit_card,visa,7303,2029-04-13,False,True,True,2025-11-03 03:37:45,2025-11-03 03:37:45,2026-02-16 18:05:54
cd4a60ba-5652-49e8-b8cd-e987362bf728,85176ed8-793a-4497-97c8-963acd081c0f,bank_account,Bank_SA_8,2441,,True,True,True,2025-04-20 14:12:22,2025-04-20 14:12:22,2026-01-15 23:45:26
544cb99f-eca6-48aa-9140-7968aab07814,01e34c9c-4efa-4e83-9ce7-111bc4ae2484,debit_card,mastercard,6941,2028-05-06,True,False,False,2025-12-29 17:16:38,2025-12-29 17:16:38,2026-01-09 15:52:12
db3ff65e-be23-4f86-838b-373d6c7636e5,2f6d898c-8ad7-46b7-a0ea-37ed19329d06,credit_card,mastercard,7589,2029-08-15,True,True,True,2025-05-19 10:05:28,2025-05-19 10:05:28,2025-12-01 23:33:07
27626aa4-b791-4e73-895f-9a890a0c58c0,2f6d898c-8ad7-46b7-a0ea-37ed19329d06,debit_card,visa,3212,2030-04-20,False,True,True,2025-12-12 21:50:14,2025-12-12 21:50:14,2025-12-29 10:51:31
68581d63-8b9c-4847-99a8-d5143b81c0f7,cf06170c-bf3c-439c-8b23-920d0842fd66,debit_card,amex,4380,2027-09-12,True,False,True,2025-08-04 03:36:24,2025-08-04 03:36:24,2025-08-23 18:09:24
4bb6b133-cc16-417f-8448-ffdc9e6bffe8,cf06170c-bf3c-439c-8b23-920d0842fd66,credit_card,visa,9699,2028-02-03,False,True,True,2026-01-31 21:32:34,2026-01-31 21:32:34,2026-02-26 04:19:26
270a4535-340c-42bf-9af7-00ed5cc30453,2b1a51b4-1705-45dd-a2e1-699fe734e30b,credit_card,meeza,7633,2028-07-26,True,True,True,2025-12-23 13:40:35,2025-12-23 13:40:35,2026-02-25 09:10:12
b5d6cea9-a4d6-4180-969e-47ecfce597ee,2b1a51b4-1705-45dd-a2e1-699fe734e30b,debit_card,mastercard,6036,2030-02-17,False,True,True,2024-12-25 16:23:12,2024-12-25 16:23:12,2025-09-09 05:04:59
7aed40af-2ccc-45b4-b582-8a9e80dfc949,9d5b6ad4-baa7-4218-8e84-a706c52b408d,debit_card,mastercard,6437,2030-02-03,True,True,True,2024-11-02 15:57:23,2024-11-02 15:57:23,2025-11-07 06:05:41
d59fd075-0112-4cdb-bb4c-25de6fe8c0d9,eba017c5-729c-4efb-9ef0-799bdfd90e42,bank_account,Bank_EG_2,2471,,True,False,True,2024-06-21 07:43:43,2024-06-21 07:43:43,2026-02-04 04:15:00
5691d933-f90b-4c93-a992-6e143c4b8169,e8c08864-1606-41af-96b0-8ce7b4cbaa5b,bank_account,Bank_AE_4,3272,,True,True,True,2025-12-06 10:24:21,2025-12-06 10:24:21,2026-01-02 00:51:37
11516838-37ef-4e42-b5db-63b2e5945135,e8c08864-1606-41af-96b0-8ce7b4cbaa5b,bank_account,Bank_AE_4,7623,,False,True,True,2026-01-24 07:59:37,2026-01-24 07:59:37,2026-01-27 20:45:25
3449f242-a4a5-4de3-b061-f4a086924977,431da440-69e7-41cd-8865-e8f6bb4de2e6,credit_card,mastercard,4442,2028-08-17,True,False,True,2024-07-17 11:10:36,2024-07-17 11:10:36,2025-11-26 05:22:08
60865298-3039-4d57-8a6b-18a21c8b17a4,431da440-69e7-41cd-8865-e8f6bb4de2e6,credit_card,mastercard,7939,2028-12-08,False,True,False,2024-05-12 18:42:09,2024-05-12 18:42:09,2025-08-09 11:18:02
48630d42-7ea3-41d4-94b0-b08ff5c13b32,431da440-69e7-41cd-8865-e8f6bb4de2e6,wallet_balance,internal_wallet,,,False,True,True,2025-04-11 03:35:08,2025-04-11 03:35:08,2025-12-19 19:55:29
d2a4cf0f-616b-460f-b2df-1386685858e7,fae752c0-2e5d-4a4f-a340-d4d2dff38f20,bank_account,Bank_EG_5,8631,,True,False,True,2025-12-11 15:13:03,2025-12-11 15:13:03,2026-02-11 07:19:39
7305039f-a011-440b-97b7-d7050afb2ae2,d4d8cbed-9554-4d8f-984e-b8dea0f13be0,wallet_balance,internal_wallet,,,True,False,True,2025-03-10 23:50:27,2025-03-10 23:50:27,2025-08-29 12:55:14
ffc1b206-d12f-462f-8a89-9fae6f02ccff,d4d8cbed-9554-4d8f-984e-b8dea0f13be0,bank_account,Bank_AE_3,3209,,False,True,True,2025-05-02 00:11:45,2025-05-02 00:11:45,2025-09-29 21:25:30
4e0c9348-2594-4722-acc2-99113ed5a2b9,98986e89-8d18-4fbd-8f94-56bc9663dbeb,bank_account,Bank_EG_3,8307,,True,True,True,2026-02-24 04:14:00,2026-02-24 04:14:00,2026-03-03 08:47:55
b07fc1ea-45e4-48f4-b495-5324d01f6ab8,98986e89-8d18-4fbd-8f94-56bc9663dbeb,bank_account,Bank_EG_4,1713,,False,True,True,2025-12-18 05:53:47,2025-12-18 05:53:47,2026-02-27 08:17:07
202e55b0-0494-4a38-b46f-a83cf90db0b4,98986e89-8d18-4fbd-8f94-56bc9663dbeb,bank_account,Bank_EG_8,5032,,False,False,True,2025-07-26 17:56:28,2025-07-26 17:56:28,2026-01-08 12:58:37
fc015fa2-4aec-4f8f-8d14-555933faef60,adac4178-a7fa-44de-8e1c-0c57865e94ea,wallet_balance,internal_wallet,,,True,True,True,2025-08-01 19:59:30,2025-08-01 19:59:30,2026-02-01 19:55:59
1093566e-8281-441a-86f8-04e03f20667e,beca684a-9ba3-4007-913c-056a3ffa4b89,debit_card,visa,6838,2028-12-29,True,True,True,2025-04-17 05:04:02,2025-04-17 05:04:02,2025-07-01 20:39:45
b969e4f9-eb1f-46c8-873e-d8ec618aa5c4,beca684a-9ba3-4007-913c-056a3ffa4b89,bank_account,Bank_SA_5,7064,,False,True,True,2025-10-16 17:56:16,2025-10-16 17:56:16,2025-12-26 08:13:56
bc1c96de-9625-4550-bf0a-6c88d105289e,4f2f6903-7c2f-40fe-8699-52abd489b95e,debit_card,mastercard,1701,2028-02-24,True,True,True,2025-03-26 01:03:31,2025-03-26 01:03:31,2025-10-29 12:52:51
ebf28931-494b-4af2-8a8d-bf268f7307c8,781676e8-8baa-4b53-b377-f6035e364eb4,debit_card,visa,7468,2027-05-07,True,False,True,2024-09-17 18:11:19,2024-09-17 18:11:19,2025-08-01 08:45:49
bc642da8-59bf-49c2-ac1d-5477529f17ba,781676e8-8baa-4b53-b377-f6035e364eb4,wallet_balance,internal_wallet,,,False,True,True,2025-11-02 09:58:00,2025-11-02 09:58:00,2025-12-10 16:47:14
26986bf0-cc5b-4f23-9348-37e9c4221149,1d9e1138-1d43-4c68-a7a6-66a42b8a1117,debit_card,visa,2585,2028-04-15,True,True,True,2026-01-09 14:29:14,2026-01-09 14:29:14,2026-02-14 11:27:06
d55a65b9-fef6-4beb-bb6a-740b60c8503f,1d9e1138-1d43-4c68-a7a6-66a42b8a1117,wallet_balance,internal_wallet,,,False,True,True,2025-12-28 23:22:36,2025-12-28 23:22:36,2026-01-24 15:24:15
24f1b590-85f6-4021-b207-ee1e7f39cbc2,be9c8b54-82af-42d6-965c-887466ba37a8,credit_card,visa,7457,2028-04-08,True,True,True,2026-02-25 10:59:31,2026-02-25 10:59:31,2026-03-03 23:19:05
9ea80edb-6969-42af-b689-97757d5288cd,903ba3c0-1060-4527-b75f-dcee174e6c9f,bank_account,Bank_SA_7,6088,,True,True,True,2026-01-20 00:10:21,2026-01-20 00:10:21,2026-02-26 22:49:57
3780bbea-b37d-48a5-8c19-d41f843737c3,9b79ffa3-caf2-4e37-a1fb-7a0d3f726d06,credit_card,mastercard,5894,2028-10-25,True,True,True,2024-06-15 16:41:07,2024-06-15 16:41:07,2025-06-28 15:17:07
a53bbe01-532c-49a5-a365-04902f1303f1,9b79ffa3-caf2-4e37-a1fb-7a0d3f726d06,credit_card,visa,1667,2028-01-26,False,True,True,2025-03-25 17:04:39,2025-03-25 17:04:39,2025-07-02 22:31:14
9da3bcc5-3868-479e-8305-07ef2a87180c,6631ce46-8329-4d7b-aad3-ceef6179a13c,bank_account,Bank_EG_5,6121,,True,True,True,2024-09-03 22:50:47,2024-09-03 22:50:47,2025-06-14 18:50:47
070ec7c2-9b21-4b5f-92fd-096808f6c802,6631ce46-8329-4d7b-aad3-ceef6179a13c,wallet_balance,internal_wallet,,,False,True,True,2025-08-15 02:20:23,2025-08-15 02:20:23,2025-11-02 11:30:34
f3a7181e-89bc-41ab-9c79-5fb4f000612c,6631ce46-8329-4d7b-aad3-ceef6179a13c,debit_card,mastercard,4707,2027-05-31,False,True,True,2025-04-12 19:00:50,2025-04-12 19:00:50,2025-05-10 23:43:10
ea4130f0-bf7f-47f2-aa0b-7336d13553b7,e34cc9c3-adfe-4103-bbac-403f6e523589,credit_card,mada,7828,2029-04-16,True,True,True,2025-05-12 20:09:44,2025-05-12 20:09:44,2025-08-03 00:07:48
c5ecfa6f-e89d-4021-8cc5-4dcf1a09197e,4a81473c-f30a-4c17-bc60-124bcd2a27e0,debit_card,meeza,6314,2029-10-22,True,True,True,2024-01-23 23:24:10,2024-01-23 23:24:10,2025-05-06 03:18:18
b3984c0f-e0b5-40e3-b717-cbaffd4b68c8,4a81473c-f30a-4c17-bc60-124bcd2a27e0,debit_card,meeza,6057,2030-10-12,False,True,True,2025-02-25 07:24:34,2025-02-25 07:24:34,2025-04-10 17:47:04
b2de27a3-fb4f-4611-8e3b-01fb060007e5,b48589d5-c7bc-4738-869b-6a9f9cd54b31,credit_card,visa,2681,2028-02-14,True,True,True,2024-12-01 14:10:12,2024-12-01 14:10:12,2025-10-29 13:00:56
b0254a57-b644-45b1-ab93-e07bde4023af,b48589d5-c7bc-4738-869b-6a9f9cd54b31,bank_account,Bank_EG_10,3094,,False,True,True,2025-04-28 08:04:37,2025-04-28 08:04:37,2025-07-22 15:54:32
90ea38ea-bd14-43bb-b405-3bdef7ae355f,a48dec97-f810-4af0-90be-a4228eaa2172,wallet_balance,internal_wallet,,,True,True,True,2024-02-01 09:25:09,2024-02-01 09:25:09,2026-01-14 06:33:43
f9fee910-45a1-44ed-a34a-7108332da7cc,a48dec97-f810-4af0-90be-a4228eaa2172,bank_account,Bank_EG_7,1188,,False,True,True,2025-05-21 02:44:40,2025-05-21 02:44:40,2025-12-21 14:54:33
61562662-e9af-441b-82ba-d45072ca0cd6,a48dec97-f810-4af0-90be-a4228eaa2172,debit_card,meeza,3758,2028-01-28,False,True,True,2026-02-21 08:33:10,2026-02-21 08:33:10,2026-02-22 08:54:03
8a3a3d18-d106-445f-b22d-588390aee6d1,183e9816-c15f-4425-9e3d-6e6ed29e86a5,credit_card,amex,7102,2027-07-08,True,True,True,2024-07-09 02:13:05,2024-07-09 02:13:05,2024-09-08 23:39:38
13c49d27-d5aa-40fa-b93c-131c2202f37f,82a649e7-fa5c-448d-8604-a3854faeabd3,bank_account,Bank_SA_1,5335,,True,True,True,2025-02-22 02:00:14,2025-02-22 02:00:14,2025-07-17 01:21:11
00857001-53ce-498c-8b48-d223679b8af7,82a649e7-fa5c-448d-8604-a3854faeabd3,bank_account,Bank_SA_9,1260,,False,True,True,2025-08-15 13:29:32,2025-08-15 13:29:32,2025-12-04 08:12:20
0845846b-29e1-4774-8398-81289da34ac6,d04dccd1-95d8-4b2f-b569-a335aa98d868,debit_card,visa,1714,2031-02-19,True,True,True,2025-05-10 16:51:05,2025-05-10 16:51:05,2025-12-14 20:49:33
b2aa9b15-0a55-405a-9ef3-293e07c4243f,d04dccd1-95d8-4b2f-b569-a335aa98d868,bank_account,Bank_AE_4,3463,,False,True,True,2024-03-02 05:08:15,2024-03-02 05:08:15,2025-05-02 09:26:34
7c183fce-76e0-4199-b31d-4d5acc8dcb4f,d04dccd1-95d8-4b2f-b569-a335aa98d868,debit_card,amex,9726,2028-10-18,False,True,True,2025-06-22 19:02:54,2025-06-22 19:02:54,2025-11-09 15:42:19
e9a539a8-0a04-4039-9c15-e353ef194555,f28104e7-ff77-45eb-9bcd-126efd2ae4dd,credit_card,amex,2849,2030-03-02,True,False,True,2026-01-28 08:05:19,2026-01-28 08:05:19,2026-02-18 19:13:41
146dd805-81ae-4308-a30a-6c88ef8d792b,f28104e7-ff77-45eb-9bcd-126efd2ae4dd,wallet_balance,internal_wallet,,,False,True,True,2024-03-12 07:51:30,2024-03-12 07:51:30,2024-12-11 01:08:14
d5127665-582d-4e76-8b31-39f54735a090,f28104e7-ff77-45eb-9bcd-126efd2ae4dd,credit_card,amex,1189,2028-04-19,False,True,True,2026-02-10 21:37:52,2026-02-10 21:37:52,2026-02-24 09:59:25
72eb5334-2fba-435e-bedf-72c22d109b08,92a7cf19-4e8b-4508-93ed-cae11788c6fd,credit_card,visa,3484,2029-03-19,True,True,True,2025-01-09 02:18:19,2025-01-09 02:18:19,2025-10-02 02:06:46
6740cdfb-922a-4df1-98d2-8c937cfe6305,92a7cf19-4e8b-4508-93ed-cae11788c6fd,bank_account,Bank_EG_4,2658,,False,False,True,2025-12-05 20:40:02,2025-12-05 20:40:02,2025-12-31 06:27:27
a1c5e797-9b4f-41e6-a7bc-b3a049272ac9,92a7cf19-4e8b-4508-93ed-cae11788c6fd,debit_card,meeza,8061,2029-10-31,False,False,True,2025-06-12 06:20:58,2025-06-12 06:20:58,2025-12-15 22:05:15
8bf49d0e-54fe-41ed-9140-437a04c8bbcf,0b624798-6b20-48fc-9397-1289519f0a9e,bank_account,Bank_SA_2,3708,,True,True,True,2026-03-01 12:26:45,2026-03-01 12:26:45,2026-03-03 23:43:03
ad332316-a172-4052-af3a-3961d00db4f0,ee4cfe61-730d-46f8-a026-4e7b7de71d5b,credit_card,mastercard,8968,2029-12-24,True,True,True,2025-11-27 08:36:03,2025-11-27 08:36:03,2025-12-07 11:31:28
e1348626-4ce3-4e4c-9a54-ffec43279d09,8544253c-2090-47bc-ad6a-60d5d9292718,bank_account,Bank_SA_4,1277,,True,True,True,2026-02-10 23:42:03,2026-02-10 23:42:03,2026-03-03 07:06:39
83e0685e-782c-4396-ba10-d0181b0aa7aa,8544253c-2090-47bc-ad6a-60d5d9292718,bank_account,Bank_SA_1,8314,,False,True,True,2026-01-30 11:10:50,2026-01-30 11:10:50,2026-02-17 18:33:26
87f409f7-630b-47e7-b3ac-bca4e4326dfa,ecc7990f-4356-4f19-8860-e2d57a7de711,wallet_balance,internal_wallet,,,True,True,True,2026-03-04 09:39:18,2026-03-04 09:39:18,2026-03-04 13:55:19
2b909a43-22b5-42f5-9679-2c953894e10d,ecc7990f-4356-4f19-8860-e2d57a7de711,bank_account,Bank_SA_3,8400,,False,False,True,2026-03-02 16:25:25,2026-03-02 16:25:25,2026-03-02 17:24:46
0a955721-b1fa-40f9-9166-b52cdc428238,ecc7990f-4356-4f19-8860-e2d57a7de711,wallet_balance,internal_wallet,,,False,True,True,2026-02-26 22:08:25,2026-02-26 22:08:25,2026-03-04 00:19:57
0638ac6c-c3e1-4ed1-b4e6-853777b6edcc,0d511595-8b04-4c43-a7f8-64c1d4523a04,bank_account,Bank_SA_6,8255,,True,False,True,2025-11-28 10:22:28,2025-11-28 10:22:28,2026-01-22 07:50:48
f3a44710-15db-49de-a2d1-f8cddc8966fe,0d511595-8b04-4c43-a7f8-64c1d4523a04,credit_card,visa,5090,2029-04-01,False,True,True,2025-05-07 15:44:53,2025-05-07 15:44:53,2025-08-27 18:11:45
96125e0c-0f7e-4654-b897-ba57182bef99,d6e01f66-328c-496d-b588-76f1afa40322,wallet_balance,internal_wallet,,,True,True,True,2026-03-04 07:53:16,2026-03-04 07:53:16,2026-03-04 10:59:51
e580cff1-cf98-4ad1-aeb8-becc78f0bce2,d6e01f66-328c-496d-b588-76f1afa40322,bank_account,Bank_EG_2,9523,,False,True,True,2026-02-22 10:58:45,2026-02-22 10:58:45,2026-03-04 08:51:21
2832e377-8d61-4b04-858a-74c05dcb80ae,d6e01f66-328c-496d-b588-76f1afa40322,bank_account,Bank_EG_5,9166,,False,False,True,2026-02-05 22:12:11,2026-02-05 22:12:11,2026-02-15 02:12:13
5eee7be2-ccf1-4703-84f0-dbc815b5c8d3,1d2752ba-b417-45e8-bdc1-64578717af02,bank_account,Bank_SA_4,8089,,True,False,True,2024-12-13 08:33:36,2024-12-13 08:33:36,2025-10-13 16:27:31
7b7111f4-e2d5-41d7-968b-c8513a48a13c,1d2752ba-b417-45e8-bdc1-64578717af02,credit_card,visa,7854,2030-04-27,False,True,True,2024-07-11 16:37:14,2024-07-11 16:37:14,2024-10-05 21:08:20
4b98bc71-c474-4c8b-8d6c-0c1a115d24f7,77c03751-f29b-4dc0-b6bf-7bf9b71694a3,debit_card,visa,4389,2030-08-17,True,True,True,2024-05-24 16:55:53,2024-05-24 16:55:53,2025-02-19 05:08:26
ab186c81-41f0-45b5-829c-f16609924297,a64cdd97-9ae2-4999-96be-534d8080a500,bank_account,Bank_SA_2,9440,,True,True,True,2026-01-17 08:23:59,2026-01-17 08:23:59,2026-02-26 08:03:48
d7d95495-a9e3-4f98-8a58-a08046a097b3,a64cdd97-9ae2-4999-96be-534d8080a500,wallet_balance,internal_wallet,,,False,True,True,2025-11-09 00:24:34,2025-11-09 00:24:34,2026-01-13 06:17:04
c590300f-59ef-46eb-9007-e9e89816b93c,a64cdd97-9ae2-4999-96be-534d8080a500,debit_card,mastercard,2010,2030-01-22,False,True,True,2026-02-28 22:01:11,2026-02-28 22:01:11,2026-03-02 00:52:53
fbec4ba7-d965-45da-9a60-f467d0f58f74,bea9a3b5-84ec-4926-9e82-c5c7d2020b23,debit_card,amex,4422,2027-12-22,True,True,True,2025-07-20 22:10:29,2025-07-20 22:10:29,2025-08-12 16:06:52
77fe5a28-f327-40ce-b1f0-a7edc7aaacfb,bea9a3b5-84ec-4926-9e82-c5c7d2020b23,bank_account,Bank_AE_10,8822,,False,True,False,2025-08-30 12:20:22,2025-08-30 12:20:22,2025-12-27 19:03:38
22d41fd7-ed9d-4515-827e-3b32878d23e2,bea9a3b5-84ec-4926-9e82-c5c7d2020b23,debit_card,mastercard,8328,2027-08-05,False,True,True,2026-01-13 02:02:19,2026-01-13 02:02:19,2026-01-14 05:52:12
2588d769-3459-4e12-9025-5eb7a080790f,b0b4e13a-9262-4ef5-ab4c-99901e8f7607,debit_card,visa,1958,2027-07-23,True,True,True,2025-09-26 23:50:07,2025-09-26 23:50:07,2026-02-23 11:18:51
b66122f8-95fa-430f-be5c-92478c250057,495ba244-bde6-49fb-8061-0129e367046b,bank_account,Bank_EG_2,9767,,True,True,True,2024-04-28 11:03:10,2024-04-28 11:03:10,2025-04-26 18:25:04
d9ffb5ca-dc9a-4d81-9433-fec21b8c6b1d,dc860d25-abee-44a6-b605-22d7b99fc98a,debit_card,mastercard,1116,2030-12-23,True,True,True,2024-03-15 15:58:03,2024-03-15 15:58:03,2024-08-30 03:52:26
1b96197d-5e5d-4882-9cc2-bfd7c9d23281,dc860d25-abee-44a6-b605-22d7b99fc98a,bank_account,Bank_AE_1,1499,,False,True,True,2024-06-15 08:38:28,2024-06-15 08:38:28,2024-12-23 17:04:23
627af3dd-0333-46f6-a8ce-c32f33f56b9d,dc860d25-abee-44a6-b605-22d7b99fc98a,wallet_balance,internal_wallet,,,False,True,True,2025-04-15 03:13:38,2025-04-15 03:13:38,2026-01-17 02:39:05
1ae41290-2191-4983-a586-c12a0e3dc421,f4e4ff3b-cba7-439d-9362-07dff95f0674,credit_card,visa,4888,2028-04-07,True,True,True,2024-09-24 09:28:45,2024-09-24 09:28:45,2025-02-28 08:27:31
9d086ec4-779d-4fdd-9874-d0c3bddb1941,f4e4ff3b-cba7-439d-9362-07dff95f0674,bank_account,Bank_SA_8,3113,,False,True,False,2026-02-08 19:59:26,2026-02-08 19:59:26,2026-02-24 04:04:47
854be9aa-f2da-4d88-b764-e665741ee607,f0ae3f14-fa6e-41cd-8c0d-781c923cf136,debit_card,meeza,1801,2030-03-02,True,True,True,2025-09-16 21:55:27,2025-09-16 21:55:27,2025-11-30 12:51:25
899b3449-04f2-4e82-be6f-553cc348c3e8,cc47f5ca-0c35-4f7d-9a12-1049382f0171,debit_card,visa,5053,2028-01-02,True,True,True,2025-10-10 04:18:25,2025-10-10 04:18:25,2026-02-18 16:24:46
7025c9ae-5f25-4146-967f-6a61ec38b03c,cc47f5ca-0c35-4f7d-9a12-1049382f0171,wallet_balance,internal_wallet,,,False,True,True,2026-02-06 18:55:39,2026-02-06 18:55:39,2026-02-11 21:02:15
277a492d-6eb2-474b-bc09-6813c167c7d3,cc47f5ca-0c35-4f7d-9a12-1049382f0171,wallet_balance,internal_wallet,,,False,True,True,2024-04-09 12:46:48,2024-04-09 12:46:48,2025-03-11 03:32:16
cb20fdaa-cca2-4441-b8ad-36bce3c2aab3,b068c4de-6f93-4db6-82b6-a0a71c4b5d7d,credit_card,meeza,5278,2028-10-31,True,True,True,2025-05-28 12:53:08,2025-05-28 12:53:08,2025-08-12 19:29:13
d2a29ba6-3609-46fd-b100-ab94d5a3b47e,b068c4de-6f93-4db6-82b6-a0a71c4b5d7d,credit_card,mastercard,4255,2027-10-06,False,True,True,2025-10-23 23:04:19,2025-10-23 23:04:19,2026-01-16 22:45:00
ad90795b-b1af-493d-8803-343fbda36bd5,2c235866-0a0d-49c8-bbd9-d50526d98654,bank_account,Bank_AE_6,2889,,True,True,True,2025-12-07 21:23:03,2025-12-07 21:23:03,2026-01-03 10:19:42
4b8e2ae2-47e9-483d-b8c2-6dc1364d4acf,63b938e9-e78f-4bc1-9795-200e9c8b268f,bank_account,Bank_EG_1,5753,,True,True,True,2026-01-25 15:10:39,2026-01-25 15:10:39,2026-02-17 16:55:12
95e65d0b-a188-4945-8967-902a6031cbc5,7b1fd8af-5e0f-4404-b719-790ec344cc10,bank_account,Bank_SA_9,7875,,True,True,True,2026-01-31 02:08:33,2026-01-31 02:08:33,2026-02-02 21:21:57
ec5710cd-dfdb-4b7d-b121-b314881f8fb0,61fa3c53-3ec1-4de3-b140-725d2ea99c37,credit_card,visa,4653,2030-09-26,True,True,True,2024-04-23 12:25:32,2024-04-23 12:25:32,2025-05-25 02:20:56
517577c0-57de-461c-8d94-a870ae2ce4d7,61fa3c53-3ec1-4de3-b140-725d2ea99c37,debit_card,mada,7664,2027-09-01,False,True,True,2024-11-03 07:27:31,2024-11-03 07:27:31,2026-01-13 14:03:51
c8d601f4-42aa-49f6-9650-1293888dcb3d,61fa3c53-3ec1-4de3-b140-725d2ea99c37,debit_card,visa,2628,2030-05-06,False,True,True,2025-06-25 04:07:32,2025-06-25 04:07:32,2026-01-30 21:27:13
302201b9-aa51-4069-b072-6cbd951039e7,ba353ecb-0f42-44e6-8e24-ad86ce837aba,debit_card,meeza,7542,2029-09-29,True,True,True,2024-03-28 23:29:47,2024-03-28 23:29:47,2024-07-28 13:42:45
67199f20-9d87-41d1-b4a3-49a01f3a4738,667343f9-44e6-45d0-8984-0892da50705e,credit_card,visa,4085,2028-05-13,True,True,True,2026-02-13 16:26:40,2026-02-13 16:26:40,2026-02-15 00:41:42
eae43665-24e9-4e9a-9606-c428d49fb203,3a7665db-3b72-4f2d-a583-9af6da306117,bank_account,Bank_SA_1,8817,,True,False,True,2026-01-29 21:57:41,2026-01-29 21:57:41,2026-02-15 08:32:40
f0e84fdf-79d3-4acd-9f5f-716607ed3d1c,3a173821-14ef-4fde-914c-4fc490ee3d75,wallet_balance,internal_wallet,,,True,True,True,2024-11-24 09:22:16,2024-11-24 09:22:16,2025-04-09 04:25:53
ca1ce5bc-7324-4191-bab3-6c7ed6574618,445cf7bb-24ee-4954-9d1c-f2a65098886e,credit_card,amex,1180,2027-12-01,True,True,True,2025-04-18 14:52:13,2025-04-18 14:52:13,2025-05-19 23:33:24
8f96b520-7c99-4c4f-9a4a-c0e2e187d6a4,445cf7bb-24ee-4954-9d1c-f2a65098886e,debit_card,visa,8839,2028-06-24,False,True,True,2025-12-02 15:19:45,2025-12-02 15:19:45,2026-01-27 11:06:21
71a07478-8dc7-4a32-b08b-afbc3df8f740,34fc3fbe-a255-4737-a87f-c4ddcdca2ecb,bank_account,Bank_QA_2,3370,,True,True,True,2026-01-29 20:41:22,2026-01-29 20:41:22,2026-02-03 15:56:35
792297d2-09fb-4cb5-85a6-c1ef91cfc6a2,34fc3fbe-a255-4737-a87f-c4ddcdca2ecb,credit_card,visa,4191,2029-11-29,False,True,True,2026-03-03 08:41:05,2026-03-03 08:41:05,2026-03-04 03:14:04
3fe74425-3f6a-482e-96ff-b2580177b717,34fc3fbe-a255-4737-a87f-c4ddcdca2ecb,debit_card,visa,9705,2030-08-15,False,True,True,2026-02-18 00:55:59,2026-02-18 00:55:59,2026-02-18 21:16:40
4bfe3c3e-3e92-4b0f-979f-6b3b720a57bb,c08ad21d-ac8c-4583-9dc5-c4dc0fcff5a3,wallet_balance,internal_wallet,,,True,True,True,2025-05-12 19:48:49,2025-05-12 19:48:49,2025-12-30 15:22:35
183c031c-5977-4737-bd57-8f4750f22de7,c08ad21d-ac8c-4583-9dc5-c4dc0fcff5a3,credit_card,mada,7113,2029-07-28,False,True,True,2025-12-26 01:38:08,2025-12-26 01:38:08,2026-02-04 23:58:44
c7c023db-1f3a-4eef-a660-2a23bf49e1e6,232d3b54-1ab7-42e5-a424-1b934578aa5d,bank_account,Bank_SA_9,5823,,True,False,True,2024-02-14 16:37:54,2024-02-14 16:37:54,2024-09-11 13:08:06
3daa1d59-11c0-4fe8-8364-ba3256c634ce,232d3b54-1ab7-42e5-a424-1b934578aa5d,wallet_balance,internal_wallet,,,False,True,False,2024-12-03 14:40:16,2024-12-03 14:40:16,2025-11-16 05:04:02
b5021e6a-6d18-4f3f-b5ec-a936b398835b,91023525-93ce-4e0c-b90d-b392204fda49,bank_account,Bank_EG_8,4023,,True,True,True,2025-12-31 02:08:03,2025-12-31 02:08:03,2026-01-04 23:24:18
40ad7dfa-1888-47aa-ba8c-dec145d0d6ea,91023525-93ce-4e0c-b90d-b392204fda49,wallet_balance,internal_wallet,,,False,True,True,2026-02-22 18:21:09,2026-02-22 18:21:09,2026-03-02 15:09:32
583e3600-1728-4388-8821-49d1f33c5d81,91023525-93ce-4e0c-b90d-b392204fda49,credit_card,visa,3972,2031-02-08,False,True,True,2026-01-18 00:34:44,2026-01-18 00:34:44,2026-02-07 19:03:02
c40c2337-30a6-4468-9f6e-2fe4e77b1283,990f5499-5bb0-4403-80bd-1dfc9b4bad07,wallet_balance,internal_wallet,,,True,True,True,2025-10-29 09:08:24,2025-10-29 09:08:24,2026-01-02 05:28:17
a00188f2-c520-4d3c-b477-b3cd22bf8dd7,990f5499-5bb0-4403-80bd-1dfc9b4bad07,bank_account,Bank_KW_6,5413,,False,True,True,2025-11-23 12:02:31,2025-11-23 12:02:31,2025-12-31 04:49:16
7dbde584-503f-4847-96a7-f6d9b04e3611,0fa9ddb9-f678-4f67-b1ab-af06b309f4cc,wallet_balance,internal_wallet,,,True,True,True,2023-12-10 20:16:27,2023-12-10 20:16:27,2025-03-13 02:09:32
63ba3318-a838-4ccf-b6c3-d488e510af58,38a88039-23e3-4f1a-91bb-3cee66d148a3,bank_account,Bank_SA_7,6584,,True,True,True,2026-03-01 23:11:41,2026-03-01 23:11:41,2026-03-03 08:06:50
cc932eab-3ddc-4de1-be37-477864d9e738,38a88039-23e3-4f1a-91bb-3cee66d148a3,debit_card,visa,3423,2028-12-20,False,True,True,2026-03-01 04:41:20,2026-03-01 04:41:20,2026-03-02 14:44:19
1e194602-cd0c-48e5-9ee0-4035adaefe3c,e981f3bf-4397-40d7-a424-b4ae0764ba94,debit_card,mastercard,4816,2030-06-03,True,True,True,2026-01-10 00:15:02,2026-01-10 00:15:02,2026-02-07 19:43:30
e1cfcee8-9a55-4560-b0de-6e0dd842af28,e981f3bf-4397-40d7-a424-b4ae0764ba94,credit_card,visa,7276,2030-11-17,False,True,True,2025-06-22 02:08:13,2025-06-22 02:08:13,2025-07-22 01:17:50
08f11b7b-286a-46e8-928b-6dd4ed7790ab,d5c52b18-e04e-4b33-8d0b-452e06049c79,debit_card,visa,1364,2028-08-22,True,True,True,2025-04-20 07:28:35,2025-04-20 07:28:35,2026-01-05 11:26:11
1171be5e-8e18-4732-a548-704015107213,d5c52b18-e04e-4b33-8d0b-452e06049c79,debit_card,mastercard,7249,2027-03-26,False,True,True,2025-10-27 04:14:41,2025-10-27 04:14:41,2025-12-26 15:25:38
92ccec31-d920-4830-80d3-8258e29ae378,2a57dd1a-be01-4ad1-afcd-335101a6d585,credit_card,visa,6467,2028-10-12,True,True,True,2025-03-22 11:40:54,2025-03-22 11:40:54,2025-11-25 18:12:46
fa04b792-0abb-465e-8ec8-45b2e2506a9d,2a57dd1a-be01-4ad1-afcd-335101a6d585,bank_account,Bank_SA_1,8843,,False,True,True,2024-11-29 00:37:44,2024-11-29 00:37:44,2025-04-08 15:55:52
d67f781d-e8a0-4698-9177-1b036d615942,2dcda526-9413-4f93-ac78-04ccbda0080c,credit_card,visa,8199,2027-09-12,True,True,True,2026-01-25 10:30:58,2026-01-25 10:30:58,2026-02-19 06:14:14
b26a6b11-7e87-4867-b444-0f73dd863795,24d613d0-1694-4225-966d-b854f159456b,debit_card,visa,1302,2030-11-11,True,True,True,2025-12-29 23:46:31,2025-12-29 23:46:31,2026-02-22 08:14:20
2dc8b01d-4a37-4b61-87ef-5e8ef237d9d3,24d613d0-1694-4225-966d-b854f159456b,credit_card,visa,5508,2028-04-12,False,True,True,2025-10-13 16:13:41,2025-10-13 16:13:41,2025-12-09 16:11:42
b3e2ddd6-fd6a-438e-9d9c-0ddc292d2096,1be481de-ead6-4d45-a449-c669d4a674c9,wallet_balance,internal_wallet,,,True,True,True,2025-12-05 11:05:29,2025-12-05 11:05:29,2026-01-30 02:21:28
8f1c211b-bc8e-400f-94a2-0041066e93bb,ffc71661-6cdc-431c-af33-ec448329087d,wallet_balance,internal_wallet,,,True,True,True,2025-08-18 13:21:43,2025-08-18 13:21:43,2025-12-17 14:19:53
dc8eb44c-0819-4478-8c50-cda802f36965,ffc71661-6cdc-431c-af33-ec448329087d,credit_card,mastercard,8618,2028-03-05,False,True,True,2025-12-09 08:49:43,2025-12-09 08:49:43,2026-01-09 05:09:35
48442ace-c26b-46a2-ab94-a3f3084929a5,0e950997-654a-4002-a941-2189fc9bf9bd,debit_card,amex,8316,2030-06-30,True,True,True,2026-03-03 19:54:44,2026-03-03 19:54:44,2026-03-04 10:20:05
11125eec-1695-48e5-b991-f6f5ed8b532e,c9f746b0-06d2-43a1-bb94-825b7b8958f8,credit_card,visa,9272,2029-07-25,True,True,True,2025-11-19 05:37:43,2025-11-19 05:37:43,2025-12-31 14:10:20
4e3def2a-0c82-4870-b22e-0390bea883fd,c9f746b0-06d2-43a1-bb94-825b7b8958f8,wallet_balance,internal_wallet,,,False,True,True,2025-10-13 14:17:53,2025-10-13 14:17:53,2025-11-22 11:10:08
aec640b6-40ee-4702-987f-daba93e3d30e,a732e864-9374-465b-a9e8-4d6e3f371e52,debit_card,mada,1581,2028-03-27,True,True,True,2024-09-11 06:29:12,2024-09-11 06:29:12,2025-03-14 01:32:30
a06bca2b-ea77-4517-a526-90c8d2607a31,a732e864-9374-465b-a9e8-4d6e3f371e52,debit_card,mastercard,2348,2030-01-22,False,False,True,2023-12-30 01:30:32,2023-12-30 01:30:32,2025-08-02 22:53:25
d16f55d3-b48d-4ac5-bc69-e99ce42354d1,a732e864-9374-465b-a9e8-4d6e3f371e52,bank_account,Bank_SA_4,3359,,False,True,False,2024-08-21 22:26:33,2024-08-21 22:26:33,2026-02-06 10:08:34
aaadac0b-3f5d-4ed1-bfe1-abfb8417845e,c8b3be4a-2155-43b3-8b38-c6b7030ba8c0,debit_card,visa,3531,2029-07-19,True,True,True,2025-12-15 11:31:27,2025-12-15 11:31:27,2026-01-19 20:08:51
f2e98bb4-68f3-460f-8c01-805730550ea8,c8b3be4a-2155-43b3-8b38-c6b7030ba8c0,credit_card,mastercard,3572,2030-11-14,False,True,True,2025-11-30 06:03:21,2025-11-30 06:03:21,2026-02-24 18:04:30
14df5681-9922-496a-a4ec-bf9a65f5b166,2b36007b-6292-4479-97d0-de545a658d0a,credit_card,meeza,9179,2030-06-05,True,True,True,2025-12-21 07:04:10,2025-12-21 07:04:10,2025-12-28 10:03:47
dd7cd131-1004-4162-94a7-eeaae1552a81,70856de8-cfa8-40ef-a7a2-0f3769cff4dc,bank_account,Bank_AE_6,9400,,True,True,True,2023-10-05 01:42:41,2023-10-05 01:42:41,2025-01-14 05:05:11
39d3c395-f2db-4047-9abc-c16f328e839b,70856de8-cfa8-40ef-a7a2-0f3769cff4dc,debit_card,amex,7883,2030-01-26,False,True,False,2025-10-10 11:49:55,2025-10-10 11:49:55,2025-12-06 07:02:43
5a0db657-2f5f-40bb-92c3-9502c910163c,2e14e8f5-42c3-4097-bd23-fbcfc9f07199,debit_card,visa,4616,2030-05-12,True,True,True,2026-01-27 15:32:21,2026-01-27 15:32:21,2026-02-02 09:40:30
c038f289-e415-4724-9f08-63d1cde149d5,21e123ee-ffe5-4800-92b6-c6ee022a2aed,bank_account,Bank_SA_4,1569,,True,True,True,2025-07-27 04:07:00,2025-07-27 04:07:00,2025-10-29 05:03:34
8fa7c771-5c00-42a6-af0a-5e680021e3c1,239bf625-c793-4256-a121-df81021dc5f9,debit_card,visa,7359,2030-11-26,True,True,True,2026-01-19 23:06:02,2026-01-19 23:06:02,2026-03-04 01:08:22
2952cfb5-0a79-4cd7-870a-87791af2337c,5b1e2fd4-b523-4834-8c76-e94f4ff7740f,debit_card,visa,3899,2027-08-18,True,True,True,2025-03-11 22:50:28,2025-03-11 22:50:28,2025-07-01 23:33:03
d06b8b01-ce74-4bae-b021-42a175caf4e1,5b1e2fd4-b523-4834-8c76-e94f4ff7740f,bank_account,Bank_KW_8,4831,,False,True,True,2026-02-04 18:32:40,2026-02-04 18:32:40,2026-02-23 06:32:41
d3163bbf-5736-436d-b213-7d8094d7d05f,3d771dff-5bf6-4d28-b511-0e7779225566,wallet_balance,internal_wallet,,,True,True,True,2025-07-24 17:13:18,2025-07-24 17:13:18,2025-09-21 13:02:26
41bd7366-7a94-4218-b6e5-fc55d90ee540,3d771dff-5bf6-4d28-b511-0e7779225566,credit_card,mastercard,7292,2030-06-25,False,True,True,2026-01-17 13:45:29,2026-01-17 13:45:29,2026-01-27 02:25:16
f4941973-6849-4f89-bc2a-7ef46ced5cbf,1231085b-3c29-42a2-80c6-4b08a6ab1dd6,debit_card,knet,7009,2027-10-18,True,False,True,2024-02-13 16:27:35,2024-02-13 16:27:35,2024-02-16 01:40:52
a46907b8-026e-47fd-8b97-ec70a28faebc,1231085b-3c29-42a2-80c6-4b08a6ab1dd6,wallet_balance,internal_wallet,,,False,False,True,2024-09-02 21:15:43,2024-09-02 21:15:43,2025-11-20 17:15:58
2677c319-30ec-473b-a415-1892095e8b04,1231085b-3c29-42a2-80c6-4b08a6ab1dd6,credit_card,mastercard,4207,2029-09-18,False,True,True,2025-01-30 16:47:24,2025-01-30 16:47:24,2025-07-29 16:14:20
70c681ab-eb3e-4c87-b7c1-d1fc42fd98a6,ecf10e72-64bf-4df1-8333-23e4dcec2f75,debit_card,mastercard,2480,2027-10-27,True,True,True,2025-07-06 14:31:07,2025-07-06 14:31:07,2025-08-18 08:13:30
09e7dce2-52a6-4eb8-8d50-0211e036a565,17cdef20-3925-4566-99a4-ec7be9513377,debit_card,mada,5421,2027-09-23,True,True,True,2025-12-18 20:43:53,2025-12-18 20:43:53,2026-02-26 06:34:17
836b9d46-d9a9-4565-8e67-ec6bc79fb577,03a49e1e-8ef5-4b19-875d-e3ecf70326b8,debit_card,mastercard,8675,2030-08-01,True,True,False,2025-10-06 15:24:10,2025-10-06 15:24:10,2026-02-12 08:36:46
1fcc096f-858e-4fee-8dc0-58dea6e9a049,1cc049f8-2164-47fe-8f96-549eed1e9c82,bank_account,Bank_AE_4,9906,,True,True,True,2025-09-14 16:25:43,2025-09-14 16:25:43,2025-11-04 21:11:22
fbea3565-c944-45f7-9b54-f99306a61bc0,1ea822f4-e9a5-4e2d-83db-20113993f794,credit_card,mada,6024,2029-04-24,True,True,True,2025-12-05 04:52:30,2025-12-05 04:52:30,2026-02-16 14:17:21
cc91c49b-19c0-42e0-ab93-89d6d8843858,ee197ee0-36fe-4568-a4d0-da93975fb743,wallet_balance,internal_wallet,,,True,True,True,2025-08-25 11:17:41,2025-08-25 11:17:41,2025-12-23 14:54:14
a9d9cd50-f942-47f9-b279-aa83904cffe1,ee197ee0-36fe-4568-a4d0-da93975fb743,wallet_balance,internal_wallet,,,False,False,True,2025-08-04 06:46:07,2025-08-04 06:46:07,2026-01-21 13:31:21
3863d18e-07c8-49b2-9f0c-77d412a9de83,ee197ee0-36fe-4568-a4d0-da93975fb743,bank_account,Bank_SA_2,4764,,False,True,True,2025-09-27 07:17:43,2025-09-27 07:17:43,2026-01-04 10:01:30
f3e9f359-99b8-4029-87bb-6de67d941c9e,5ce9c9c8-9c04-4483-bdff-37093f7c4b7e,debit_card,mada,9296,2028-04-13,True,True,True,2025-12-20 16:59:40,2025-12-20 16:59:40,2026-01-06 00:29:11
dff9d053-2c3b-45f0-b25f-84ab25b946e0,5ce9c9c8-9c04-4483-bdff-37093f7c4b7e,debit_card,mada,7629,2030-04-30,False,True,True,2025-08-08 22:38:32,2025-08-08 22:38:32,2025-10-01 01:51:53
61ba5b5a-3c0c-48f7-badf-92f8632362ac,d0113316-a8c0-436a-8169-294df981a163,bank_account,Bank_SA_5,1068,,True,True,True,2025-11-22 22:38:18,2025-11-22 22:38:18,2026-02-07 01:17:50
d37fecc7-38f7-4550-b4fc-60886e905fea,b7d17edf-844b-4d2d-98b5-038489f6c9d5,wallet_balance,internal_wallet,,,True,True,False,2026-01-01 15:40:49,2026-01-01 15:40:49,2026-02-19 10:59:58
13ab9847-d8c9-4d3e-9fe5-8e9878ef3311,b7d17edf-844b-4d2d-98b5-038489f6c9d5,credit_card,knet,1853,2027-09-25,False,True,True,2025-09-28 22:01:16,2025-09-28 22:01:16,2026-01-22 04:43:26
fc798212-6a8d-4445-b200-904079205ab1,b7d17edf-844b-4d2d-98b5-038489f6c9d5,bank_account,Bank_KW_10,1038,,False,True,True,2025-11-01 20:52:58,2025-11-01 20:52:58,2025-11-16 17:12:21
e2ec099a-480c-4824-af3d-471c6fefc523,778fa72c-6d0f-4cdf-87e0-61010b01b127,credit_card,visa,4472,2029-10-24,True,True,True,2026-02-06 05:03:41,2026-02-06 05:03:41,2026-02-12 03:51:55
434f7a92-72d6-4ba2-a65c-87acca910839,778fa72c-6d0f-4cdf-87e0-61010b01b127,debit_card,meeza,6534,2029-06-08,False,True,True,2026-03-02 06:28:14,2026-03-02 06:28:14,2026-03-04 13:58:55
3e9aebd5-d585-4913-9b55-0187b20c5b25,c3dd006a-1683-4ede-be49-4c261982eda3,credit_card,mada,9627,2030-06-27,True,False,True,2025-04-28 15:54:08,2025-04-28 15:54:08,2025-05-16 22:35:04
f4fa5be8-faeb-452b-914b-f1cbd864d4ba,c3dd006a-1683-4ede-be49-4c261982eda3,credit_card,visa,2607,2029-03-15,False,True,True,2025-09-19 14:37:13,2025-09-19 14:37:13,2025-11-21 23:56:27
504e93c8-6a26-43f7-82b9-3f954f2de795,7e8426f4-b37d-4029-bd5c-933c94f2baab,debit_card,amex,9554,2030-12-30,True,True,True,2025-09-11 14:16:56,2025-09-11 14:16:56,2025-10-06 22:56:26
80803877-b5d9-428c-806b-806a63a823ea,7e8426f4-b37d-4029-bd5c-933c94f2baab,debit_card,mastercard,9548,2029-02-11,False,True,True,2025-04-22 15:33:02,2025-04-22 15:33:02,2025-10-26 02:56:50
7c303b15-1974-4810-9d1a-c58373f38401,7e8426f4-b37d-4029-bd5c-933c94f2baab,wallet_balance,internal_wallet,,,False,True,True,2025-08-27 11:08:17,2025-08-27 11:08:17,2025-11-12 16:45:22
c373c0d1-ce05-460c-bfde-a5fde4e24342,6aabb5ab-7f13-45de-95e6-8e7cb9482713,debit_card,meeza,9461,2029-04-29,True,True,True,2026-02-24 13:57:07,2026-02-24 13:57:07,2026-03-04 02:43:06
876176a9-a819-4838-8fe3-21144d11bb69,cc2493e0-3b6f-4294-bf79-92a93c2468b5,credit_card,mastercard,4882,2030-08-13,True,True,True,2023-06-04 14:04:44,2023-06-04 14:04:44,2025-07-30 01:54:54
b7961ff5-ca8e-4ad5-a5ce-c340ede7106d,f150a9ba-fd7a-4efb-ae58-fe3914ed80db,bank_account,Bank_EG_5,6555,,True,True,True,2026-02-25 04:47:20,2026-02-25 04:47:20,2026-03-01 20:05:48
008ddc3f-7f88-4cd5-805a-f0e526342562,f150a9ba-fd7a-4efb-ae58-fe3914ed80db,bank_account,Bank_EG_4,8256,,False,True,True,2025-04-10 14:16:00,2025-04-10 14:16:00,2026-01-29 06:58:01
00f7344d-fc40-481a-a3b8-53ae278f7658,c324deea-b31c-4fea-aa44-7f6e1b9c1bcf,debit_card,visa,3095,2030-12-16,True,True,False,2025-09-17 03:22:38,2025-09-17 03:22:38,2025-09-26 02:07:15
b1088a98-efd6-4dfa-b671-0cb3cdff2d9e,c324deea-b31c-4fea-aa44-7f6e1b9c1bcf,bank_account,Bank_AE_7,3155,,False,True,True,2025-07-07 18:03:55,2025-07-07 18:03:55,2025-11-04 09:43:13
c6fe6015-ff3c-4b1d-9338-2aee34898ac6,f0c95015-a982-4e39-98ad-89fc2a2ba834,credit_card,mastercard,9793,2031-02-20,True,True,True,2024-02-26 16:57:18,2024-02-26 16:57:18,2025-01-06 08:14:06
217593db-1111-4378-8586-88463eda8796,f0c95015-a982-4e39-98ad-89fc2a2ba834,debit_card,visa,3511,2030-05-08,False,True,True,2024-03-01 06:18:05,2024-03-01 06:18:05,2025-07-31 20:17:33
669037f7-4e76-482a-a828-9d316525917f,8955d73c-4215-4f40-b1be-711a55cda8fd,debit_card,visa,9476,2028-10-27,True,False,False,2025-03-22 09:59:54,2025-03-22 09:59:54,2025-04-18 08:50:05
35293ef0-30ba-4673-ab92-c4678940e9b4,8955d73c-4215-4f40-b1be-711a55cda8fd,credit_card,visa,7096,2027-03-31,False,False,True,2025-03-06 03:04:25,2025-03-06 03:04:25,2025-10-16 22:03:35
4cd45b7d-00ac-4655-acad-f80c80250260,d59e8243-58d6-4ee0-875b-9480f47f5a70,bank_account,Bank_AE_9,9606,,True,True,True,2024-09-20 23:52:41,2024-09-20 23:52:41,2025-12-08 23:30:34
26d2324c-6d68-48a6-af34-67082e9cfeec,d59e8243-58d6-4ee0-875b-9480f47f5a70,debit_card,visa,9911,2031-02-10,False,False,True,2025-07-06 05:40:34,2025-07-06 05:40:34,2026-02-24 03:17:09
a72d9617-ec0b-4fd8-9909-53a69aa38c7c,bb8392d7-fad6-40e9-8b7f-1678b400d3d8,debit_card,mastercard,5382,2029-07-21,True,True,True,2024-04-29 07:11:28,2024-04-29 07:11:28,2024-07-14 06:57:30
e366ae2b-650e-4d1d-985a-6f66e92e9f82,b9fb00d2-08b9-4b49-9b6f-4c940ce7018e,bank_account,Bank_AE_2,6158,,True,True,True,2025-11-24 16:24:08,2025-11-24 16:24:08,2026-02-18 12:37:07
1474217d-eb59-4b99-b247-81bbe22494ef,9764deb0-5d42-44be-b601-1c11e80b7d74,credit_card,mastercard,4564,2031-02-25,True,True,True,2025-11-16 15:54:50,2025-11-16 15:54:50,2026-01-14 13:22:47
f28a7a39-b708-4ee8-9594-2224f0d2ca87,9764deb0-5d42-44be-b601-1c11e80b7d74,credit_card,meeza,6042,2030-02-24,False,True,True,2024-10-21 21:57:19,2024-10-21 21:57:19,2025-08-09 19:47:17
2eef6b02-f2d9-4e47-b773-482274058565,8e78b6e9-ebfb-4a41-ba24-14dfca1c83b6,debit_card,visa,7718,2027-08-21,True,True,True,2026-01-23 09:38:25,2026-01-23 09:38:25,2026-01-24 09:25:35
2b06cfee-05e3-41c5-905b-e12105263bfa,8e78b6e9-ebfb-4a41-ba24-14dfca1c83b6,credit_card,mastercard,3065,2027-12-24,False,False,True,2026-01-21 19:32:57,2026-01-21 19:32:57,2026-02-07 02:42:12
a1c59f68-e603-4c5c-bd9d-4a1d5457a355,d54f76db-30fa-4735-b8cd-3ffc3b698649,bank_account,Bank_EG_10,5316,,True,True,True,2024-08-04 18:39:46,2024-08-04 18:39:46,2024-08-15 23:12:54
c8684a76-9f25-49e1-a64c-19a620ffdefc,d54f76db-30fa-4735-b8cd-3ffc3b698649,debit_card,meeza,1040,2028-08-22,False,True,True,2024-06-19 08:54:05,2024-06-19 08:54:05,2025-01-25 15:04:28
80fc2a65-1fd1-4bbd-ba1a-d6308de4837a,e15d95f9-f00f-4ccb-b847-ce1c5adafda1,debit_card,visa,6193,2030-04-30,True,True,True,2025-07-27 04:48:20,2025-07-27 04:48:20,2025-08-14 16:11:09
979a0673-3e95-461e-8ed9-65f266862da6,156d665b-3b30-46ee-9153-c405e7bf9154,bank_account,Bank_EG_9,7216,,True,True,True,2024-08-04 17:48:46,2024-08-04 17:48:46,2025-11-24 06:26:34
ebad45b4-234e-45da-8cc3-8c0abf71c797,28e00d83-dc5a-479e-9d1e-da55fae5b781,bank_account,Bank_EG_7,7179,,True,False,True,2024-07-27 07:01:38,2024-07-27 07:01:38,2025-10-10 02:04:56
f7bf4d0b-fbef-4f1f-a91f-503e0989bc2e,f77c6272-dd65-4106-af80-890c5ba3ba91,wallet_balance,internal_wallet,,,True,True,True,2025-07-17 06:57:52,2025-07-17 06:57:52,2025-09-22 13:59:42
c02f518d-8723-4475-89e7-1222dc380a9a,4e558a19-e21b-4dba-ad3a-a447020c6f63,bank_account,Bank_EG_7,7057,,True,False,True,2024-10-15 02:26:54,2024-10-15 02:26:54,2025-06-21 20:21:09
9ae5fa9f-55d1-45b7-9fe6-bbde79d93b50,573c4358-c2d6-4d59-85ab-9fe9f9d90db5,bank_account,Bank_AE_10,7927,,True,True,True,2026-01-11 05:41:21,2026-01-11 05:41:21,2026-01-13 05:00:01
9d5cd643-9644-4412-a52e-5147e05db90e,573c4358-c2d6-4d59-85ab-9fe9f9d90db5,debit_card,visa,7444,2029-04-22,False,True,True,2025-06-03 23:31:54,2025-06-03 23:31:54,2026-01-24 09:51:48
5c0267ab-bada-4f26-bf66-b7797ea3795c,0e271f80-ad4c-481f-afea-8c4d18502140,credit_card,visa,7291,2028-11-15,True,True,True,2025-02-26 05:19:48,2025-02-26 05:19:48,2025-06-20 06:48:31
d4c767dc-1920-4df1-9cb5-52df3613e177,f8178901-5948-4ab6-a852-e045e1be5d53,debit_card,meeza,7313,2029-02-05,True,True,True,2025-05-04 10:51:59,2025-05-04 10:51:59,2025-07-06 15:18:07
90ab4aa6-f4e3-4bd3-9a98-65bc76823a5c,00281d5c-91e4-4591-8d48-267c29105175,debit_card,visa,3114,2028-03-21,True,True,True,2025-12-25 14:36:36,2025-12-25 14:36:36,2026-02-10 15:30:56
8d1790a5-d9f9-4a8f-b6d8-c42734b3adb0,93a9f057-cda3-4f2b-9d21-c9a3156743b2,bank_account,Bank_AE_4,1527,,True,True,True,2025-08-17 12:08:50,2025-08-17 12:08:50,2025-10-06 05:51:53
ebb31f8d-107c-4d65-b625-882115c8c12d,93a9f057-cda3-4f2b-9d21-c9a3156743b2,debit_card,visa,9251,2027-11-25,False,False,True,2026-01-11 00:11:07,2026-01-11 00:11:07,2026-02-17 17:27:20
617b418a-0fad-4f37-ba77-4fcf3f4660ff,93a9f057-cda3-4f2b-9d21-c9a3156743b2,wallet_balance,internal_wallet,,,False,True,True,2024-10-11 02:28:47,2024-10-11 02:28:47,2025-03-16 00:09:17
16f354f7-21f0-46b8-bc23-9520550428dc,4ed468df-5c31-460f-8107-65f6c3bee6ae,debit_card,mastercard,6365,2028-06-28,True,True,True,2025-11-11 14:03:58,2025-11-11 14:03:58,2026-01-12 15:52:41
0ef84b5b-28e9-4147-a628-0ba0f5f524db,4ed468df-5c31-460f-8107-65f6c3bee6ae,debit_card,mastercard,6783,2030-05-02,False,False,True,2026-02-02 04:29:21,2026-02-02 04:29:21,2026-02-11 10:26:29
e5592075-ee9d-4457-9999-7c9f0cf7d232,11dd7c04-02fc-45c6-a6d3-5149611a3d55,credit_card,mastercard,1812,2028-03-29,True,True,False,2025-01-25 18:20:19,2025-01-25 18:20:19,2025-08-06 09:14:17
84697c8a-a38a-4a79-bee1-49cbf931081e,8da7fd56-98cd-424f-b952-33e9ea17e0ce,bank_account,Bank_SA_8,5773,,True,True,False,2025-11-17 07:45:03,2025-11-17 07:45:03,2026-02-15 21:21:22
51b5aaf3-ad09-4f2b-a62b-787836592ce4,8da7fd56-98cd-424f-b952-33e9ea17e0ce,debit_card,mada,5116,2031-02-06,False,True,True,2026-01-14 19:37:57,2026-01-14 19:37:57,2026-01-27 22:07:47
1c7dc8fa-3d04-4594-9501-6cac5f821d05,552fa373-ee08-47d7-99d0-0c71d583c326,bank_account,Bank_AE_3,7322,,True,True,True,2023-07-12 18:47:35,2023-07-12 18:47:35,2024-02-23 07:08:34
3a25daec-4106-4d10-b8a7-9eb11c097770,25d0b8ff-e182-48e8-9d96-7b330a482ea3,wallet_balance,internal_wallet,,,True,True,True,2025-01-07 13:11:29,2025-01-07 13:11:29,2025-11-17 00:23:25
547aa4ce-cd7a-4e1a-a127-7aa1d47bfa52,02dc9053-ea33-4be1-94b1-2821be2c9b06,credit_card,meeza,1785,2029-02-26,True,True,True,2025-07-23 13:51:54,2025-07-23 13:51:54,2025-09-10 09:27:46
927ddc34-d744-4224-86f2-f48c3b6ad6cd,02dc9053-ea33-4be1-94b1-2821be2c9b06,credit_card,visa,2431,2029-02-14,False,True,True,2025-02-13 09:47:34,2025-02-13 09:47:34,2025-09-02 09:35:28
0ac4ed12-2cfe-4cc2-9ce4-8497c1ee72ec,b4009c0e-5daa-4ce5-9b74-3165e5f41ed3,bank_account,Bank_AE_1,7076,,True,True,True,2026-02-27 12:52:54,2026-02-27 12:52:54,2026-03-03 14:22:12
6afc2da0-4de6-4daa-8665-1c04f090a7cc,f57db95e-a2ee-42a3-a3be-176f389cdb00,credit_card,mastercard,2333,2030-04-30,True,True,True,2025-05-20 18:18:23,2025-05-20 18:18:23,2026-02-07 23:06:12
ae069cf9-9b30-4c1e-86dd-ed75ba4d3508,f57db95e-a2ee-42a3-a3be-176f389cdb00,credit_card,meeza,4494,2028-07-28,False,True,True,2025-07-16 08:27:48,2025-07-16 08:27:48,2025-09-18 15:22:22
79fa0e5a-e4fb-4490-9b9e-eea347d85066,f57db95e-a2ee-42a3-a3be-176f389cdb00,credit_card,visa,7033,2027-09-23,False,True,True,2026-01-01 13:14:28,2026-01-01 13:14:28,2026-01-21 09:00:04
3a310f9a-5cc8-4c87-9055-a4e03ab84a41,315ee0e6-d30b-43d2-89ef-4236641f0646,bank_account,Bank_EG_5,9679,,True,True,True,2026-02-06 15:10:17,2026-02-06 15:10:17,2026-02-18 00:08:36
188d1e11-30ff-47be-968e-f6dba93cfb85,ab05dd7b-ef43-4253-a862-7f3c3e0e973b,debit_card,visa,3672,2030-08-15,True,True,True,2025-02-26 04:57:45,2025-02-26 04:57:45,2025-07-22 16:25:34
017c2aa2-d4ae-4d17-8fec-f3b58de54f49,a5b13956-01c6-4051-90fa-3421470f1759,bank_account,Bank_QA_7,8131,,True,True,True,2023-10-23 00:47:52,2023-10-23 00:47:52,2024-08-26 00:16:58
2b23465f-0a50-41ce-bb30-0ef287928f0c,94ac225b-0bcb-4498-b42c-0a61684b29bc,wallet_balance,internal_wallet,,,True,True,True,2025-08-10 22:13:58,2025-08-10 22:13:58,2025-12-30 22:25:46
646f5098-ffd2-474a-a30b-f63f389a9fa0,94ac225b-0bcb-4498-b42c-0a61684b29bc,wallet_balance,internal_wallet,,,False,False,True,2025-11-09 22:13:42,2025-11-09 22:13:42,2025-11-25 18:14:48
144b0946-226f-4c9f-b6d9-ffb1b3b02397,522cdf24-7af4-4f14-8058-36885a41ede0,debit_card,meeza,7460,2028-12-18,True,True,False,2024-10-22 01:19:51,2024-10-22 01:19:51,2025-01-10 18:32:42
f458f482-be99-4b18-87ac-5cf6e926199a,522cdf24-7af4-4f14-8058-36885a41ede0,credit_card,mastercard,4919,2030-04-30,False,False,True,2025-11-14 14:33:07,2025-11-14 14:33:07,2026-02-02 04:48:58
c4bb5c2d-ee01-42f3-8daf-d1176906789f,522cdf24-7af4-4f14-8058-36885a41ede0,debit_card,visa,1502,2030-04-15,False,True,True,2026-01-07 11:28:32,2026-01-07 11:28:32,2026-01-25 01:51:15
2b228cd4-831b-4290-8b63-2561c983b8fd,9ea24630-b231-41b7-9b7e-85208906d6a0,debit_card,mastercard,9962,2029-06-26,True,True,True,2025-11-09 22:02:49,2025-11-09 22:02:49,2026-03-01 14:56:13
b8ff3388-6f61-4281-b094-3c8310b336b7,9ea24630-b231-41b7-9b7e-85208906d6a0,credit_card,visa,1096,2028-08-11,False,False,True,2025-02-13 03:13:13,2025-02-13 03:13:13,2025-06-15 18:03:46
69a681b7-ea51-422c-abca-47b009adef22,c236c24c-d634-44c3-b6ab-7c5d08816a59,debit_card,meeza,4281,2028-11-23,True,True,True,2026-03-04 13:02:08,2026-03-04 13:02:08,2026-03-04 13:37:01
5b8dea10-d0d9-433d-bea1-527268c0da19,9d06439b-57c4-47d5-aa0d-4e85974a065a,debit_card,mastercard,9787,2030-09-15,True,True,True,2026-03-01 17:05:17,2026-03-01 17:05:17,2026-03-02 20:44:06
05668079-e14b-4112-8c15-400390ce2e3e,9d06439b-57c4-47d5-aa0d-4e85974a065a,debit_card,meeza,5545,2027-10-13,False,True,False,2026-02-28 23:52:59,2026-02-28 23:52:59,2026-03-03 18:40:35
54218cea-073f-489d-9604-f0114f331e3e,db54583a-0126-4418-aa1c-d9396f6bf6a1,bank_account,Bank_EG_8,3187,,True,False,True,2025-11-25 13:45:34,2025-11-25 13:45:34,2025-12-19 06:53:07
6d5e8133-8a5b-406e-bc75-13062ec1a078,b439f5ba-5228-4948-80fe-d11f66c7d268,debit_card,mastercard,4899,2030-11-16,True,False,True,2026-01-12 09:10:12,2026-01-12 09:10:12,2026-02-03 11:32:39
34d2ef06-527f-456d-88d7-50c6b4bfb7ff,b439f5ba-5228-4948-80fe-d11f66c7d268,debit_card,visa,5137,2030-05-13,False,False,True,2025-03-24 18:41:01,2025-03-24 18:41:01,2026-01-15 16:12:34
1fd3d562-62b0-40a5-afea-84901bd9251d,b439f5ba-5228-4948-80fe-d11f66c7d268,credit_card,visa,1812,2029-03-01,False,True,True,2025-08-10 08:51:01,2025-08-10 08:51:01,2025-09-06 09:57:23
f60169a7-75ea-436b-81cc-cdc5587adf9c,863162c4-b3a3-4d34-a145-11cc1626808b,credit_card,visa,2998,2029-12-13,True,True,True,2024-05-01 01:00:48,2024-05-01 01:00:48,2025-01-13 23:53:16
9f03338c-fa95-4050-bcf1-5a200b8b920d,863162c4-b3a3-4d34-a145-11cc1626808b,debit_card,mastercard,2333,2030-12-20,False,True,True,2025-10-27 15:48:51,2025-10-27 15:48:51,2026-02-18 04:12:44
3420aca2-58f1-481d-a5f5-36ed183749b7,a4f3ab8f-587e-4dc8-85f7-9e2236b52949,wallet_balance,internal_wallet,,,True,False,True,2025-01-12 23:25:51,2025-01-12 23:25:51,2025-12-31 11:06:41
60774593-1f1d-4203-90f6-ddcb0a27adeb,a4f3ab8f-587e-4dc8-85f7-9e2236b52949,debit_card,visa,8048,2030-01-28,False,True,True,2024-09-13 22:05:06,2024-09-13 22:05:06,2025-03-19 19:42:01
47a04e10-187a-47b5-9ae5-670ac9ce4e67,a4f3ab8f-587e-4dc8-85f7-9e2236b52949,debit_card,visa,2029,2027-06-17,False,True,True,2024-05-18 12:16:11,2024-05-18 12:16:11,2026-01-16 04:49:04
4b495c4c-98a3-4d9b-b26f-d1f3c34cc917,90cb7375-1127-4543-8a81-f625553c7ce7,credit_card,mastercard,4901,2027-07-26,True,True,True,2026-01-20 04:36:23,2026-01-20 04:36:23,2026-02-11 01:24:33
