user_id,first_name,last_name,email,phone_number,date_of_birth,gender,country,city,preferred_currency,kyc_status,user_tier,is_active,registration_date,created_at,updated_at
6df2f683-42c2-4065-aeb2-d5439ad4f0f2,Farhan,Qureshi,farhan759@yahoo.com,+966592867825,1994-07-29,M,SA,Tabuk,SAR,verified,basic,True,2024-03-05 03:22:52,2024-03-05 03:22:52,2025-06-15 17:49:25
9872dcd8-4069-4cac-9129-8df19c724d39,Jana,Naguib,jana.naguib@gmail.com,+966544335942,1986-01-15,F,SA,Yanbu,SAR,verified,silver,True,2023-07-31 18:58:12,2023-07-31 18:58:12,2023-12-29 00:49:04
894e21f2-95f0-47b1-9942-b4a2592a470d,Farah,Chaudhry,farahchaudhry@mobily.com.sa,+971505437923,2005-03-08,F,AE,Abu Dhabi,AED,pending,gold,True,2023-05-19 21:36:40,2023-05-19 21:36:40,2024-05-07 22:16:28
74de62a3-32e1-434b-823b-ebfdfd74cf01,Maha,Elshamy,maha651@yahoo.com,+966532338687,1986-01-03,F,SA,Tabuk,SAR,verified,silver,True,2025-02-24 19:27:51,2025-02-24 19:27:51,2025-06-09 15:33:36
2aa2c801-7569-4837-a2a5-9e52c444fe9a,Mishal,Naguib,mishal323@mobily.com.sa,+201195899313,1991-05-30,M,EG,Tanta,EGP,verified,basic,True,2025-12-02 08:24:33,2025-12-02 08:24:33,2025-12-16 05:19:26
fcaa3dc3-eca3-4e3f-968e-85a1bcecc4b4,Aya,Al-Maktoum,aya.almaktoum@gmail.com,+966563342608,1971-01-27,F,SA,Najran,SAR,verified,platinum,True,2025-11-08 10:02:18,2025-11-08 10:02:18,2026-01-29 09:26:46
fc134194-e6e1-411b-8f98-efa5a316e9fb,Mansoor,Naguib,mansoor.naguib@hotmail.ae,648.401.8451x46270,1967-06-05,M,EG,Suez,EGP,verified,basic,True,2025-05-06 08:53:56,2025-05-06 08:53:56,2026-01-04 05:07:08
6e99372f-d33b-48c9-8976-72a47ba7fcb1,Anil,Malhotra,anil.malhotra@stc.com.sa,+971504337174,1993-04-04,M,AE,Ajman,AED,pending,gold,True,2023-07-20 18:32:47,2023-07-20 18:32:47,2023-11-05 06:58:33
3399de2a-32cd-4493-93f8-312e94daeb97,Mansoor,Mostafa,mansoor170@etisalat.ae,+966563109911,1975-06-23,M,SA,Yanbu,SAR,rejected,silver,True,2024-03-28 19:44:44,2024-03-28 19:44:44,2024-05-17 13:16:29
d58dec0f-140b-4181-a3bf-5c07b5e90ffe,Youssef,Al-Rashid,,+966531352896,1996-11-17,M,SA,Jeddah,SAR,pending,basic,True,2024-02-05 12:28:53,2024-02-05 12:28:53,2024-05-18 06:57:10
1efd7b0c-c563-4acf-b894-becf975d162b,Ali,Al-Nuaimi,alialnuaimi@etisalat.ae,+966568930103,1983-04-11,M,SA,Jeddah,SAR,verified,platinum,True,2024-11-24 03:57:49,2024-11-24 03:57:49,2025-02-17 00:53:09
ed21e22d-781e-4e4c-a5cd-a100200fea88,Hina,Qureshi,hinaqureshi@stc.com.sa,+966544214348,1996-12-21,F,SA,Madinah,SAR,verified,platinum,True,2025-12-16 18:52:41,2025-12-16 18:52:41,2026-03-07 22:57:48
8f1802ce-f182-43f7-98cc-36c4d49112e0,Nikhil,Mehta,nikhil.mehta@yahoo.ae,+97467818496,1980-05-17,M,QA,Al Rayyan,QAR,verified,basic,False,2023-12-29 17:03:36,2023-12-29 17:03:36,2024-12-01 21:32:15
eab23ea2-f35d-476e-b841-d2dbf207b083,Bilal,Malik,bilal162@stc.com.sa,+966512022698,1976-03-11,M,SA,Tabuk,SAR,verified,gold,True,2026-01-21 14:54:10,2026-01-21 14:54:10,2026-02-10 05:20:07
179ee36b-f7d3-473a-b700-6f13b0446d28,Pradeep,Khanna,pradeepkhanna@stc.com.sa,+966555130808,1991-05-16,M,SA,Khamis Mushait,SAR,verified,gold,False,2023-03-24 04:27:35,2023-03-24 04:27:35,2025-11-13 02:57:18
33f7fa42-f36d-4059-bfb3-d3b9e90e5590,Hossam,Al-Maktoum,hossam.almaktoum@hotmail.ae,+201185563727,1967-03-27,M,EG,Cairo,EGP,verified,basic,False,2026-01-03 06:04:42,2026-01-03 06:04:42,2026-01-16 06:59:57
ff4bc11c-48a8-4e84-9df1-b9bf3e5adbc1,Hussein,Al-Kharafi,husseinalkharafi@outlook.sa,+201245496015,1969-02-01,M,EG,Aswan,EGP,pending,silver,True,2024-08-08 21:02:36,2024-08-08 21:02:36,2025-12-16 17:41:50
7b4a6409-af3d-4503-b5a0-ed362a639635,Abeer,Mostafa,abeer.mostafa@outlook.sa,+966563710895,1981-02-28,F,SA,Dammam,SAR,verified,silver,True,2023-05-13 16:38:50,2023-05-13 16:38:50,2024-11-30 03:50:27
252965d5-1185-4a68-a239-79fdb74e9c0f,Saleh,Mohamed,saleh256@outlook.com,(886)592-3226x025,1971-01-07,M,EG,Tanta,EGP,pending,platinum,True,2024-04-27 04:23:32,2024-04-27 04:23:32,2025-12-29 18:07:00
7dca77bd-ec61-43ee-ac91-ca87804e0acf,Anand,Desai,ananddesai@outlook.com,+971531649691,1979-03-07,M,AE,Umm Al Quwain,AED,verified,silver,True,2023-06-25 13:20:51,2023-06-25 13:20:51,2024-12-22 01:01:26
948444cc-edb3-4d3b-93eb-f9283cfa3b72,Faisal,Hassan,faisalhassan@outlook.sa,+201196098221,1989-11-18,M,EG,Aswan,EGP,verified,platinum,True,2024-07-08 23:53:32,2024-07-08 23:53:32,2025-10-22 20:26:39
9ed711af-de2b-4cae-9686-bd6b000fa67c,Ghada,Al-Shehri,ghada.alshehri@stc.com.sa,+201278642041,1968-08-31,F,EG,Mansoura,EGP,verified,basic,True,2026-01-03 06:01:55,2026-01-03 06:01:55,2026-02-01 09:50:00
cab8cf99-7a2e-4372-adb7-8ae264fec597,Rania,Al-Jaber,raniaaljaber@stc.com.sa,+201178064830,1974-06-28,F,EG,6th of October City,EGP,verified,gold,True,2024-05-28 10:04:23,2024-05-28 10:04:23,2025-04-27 07:46:08
d2bff048-94cc-45e5-9fa1-ca8b89386d2c,Hossam,Al-Shehri,hossam330@mobily.com.sa,+201187844239,1963-05-01,M,EG,Ismailia,EGP,verified,silver,True,2023-04-16 15:47:56,2023-04-16 15:47:56,2024-05-01 00:11:25
0a079478-6143-43f1-9522-0f810bb23d2d,Ryan,Flores,ryan.flores@gmail.com,+971538640615,1977-02-21,M,AE,Fujairah,AED,verified,basic,True,2025-07-22 14:44:55,2025-07-22 14:44:55,2025-09-07 17:53:33
5ad6e36f-816a-4c1a-88df-38cb956ed9c2,Essam,Elgohary,essamelgohary@stc.com.sa,+201071265269,1990-02-13,M,EG,Zagazig,EGP,rejected,gold,True,2024-05-09 06:53:21,2024-05-09 06:53:21,2024-07-08 11:17:00
5c825c61-d8d4-4f42-af2b-be31e08c339a,Amira,Al-Dossari,amiraaldossari@etisalat.ae,+971565558623,1997-02-09,F,AE,Al Ain,AED,verified,silver,True,2024-08-04 17:18:24,2024-08-04 17:18:24,2025-08-01 14:45:54
0cb72df8-3fc1-4a88-a8bd-e81e9a42bc66,Essam,Al-Zahrani,essam.alzahrani@outlook.com,+201165804273,1978-10-04,M,EG,New Cairo,EGP,verified,silver,False,2024-02-13 13:47:09,2024-02-13 13:47:09,2025-01-17 02:21:26
fd03c381-3cb9-49e7-82b9-90f9deb8e35c,Maha,Farouk,maha766@yahoo.ae,+201275181765,1963-08-10,F,EG,Cairo,EGP,verified,silver,True,2023-12-17 00:30:13,2023-12-17 00:30:13,2025-01-24 03:50:02
784e489b-f1ce-4767-bbf0-0b6d0ca6e226,Zeina,Al-Falasi,,+971504551070,1961-07-28,F,AE,Umm Al Quwain,AED,verified,basic,True,2024-01-13 09:51:33,2024-01-13 09:51:33,2024-09-06 03:05:05
cd1e2ab9-ecbe-43e1-a233-df51d31ec94c,Farah,Mirza,farahmirza@yahoo.ae,645.829.9124x190,1973-09-06,F,SA,Jubail,SAR,verified,basic,False,2024-11-14 21:30:13,2024-11-14 21:30:13,2025-01-12 22:10:50
09daed4c-da09-4309-a836-38904c6211de,Hassan,Khan,hassan.khan@outlook.com,+201089470029,1967-05-15,M,EG,Suez,EGP,verified,platinum,True,2025-04-09 05:11:55,2025-04-09 05:11:55,2025-09-24 13:55:46
5665ed2c-69aa-4768-957b-27cfe9a3d9c8,Hussein,Al-Shamsi,,+971533566765,1991-10-23,M,AE,Ajman,AED,verified,silver,True,2024-03-22 13:02:32,2024-03-22 13:02:32,2025-06-08 03:48:34
d910ea07-edcd-4120-bef2-1dee520be547,Bilal,Sheikh,bilal.sheikh@hotmail.ae,+966507358385,1993-06-07,M,SA,Jubail,SAR,verified,silver,True,2024-11-30 01:53:35,2024-11-30 01:53:35,2026-02-04 07:07:39
c6a70cad-2481-4ba2-85d1-31d913f587ce,Pallavi,Mehta,pallavimehta@mobily.com.sa,+966518987516,1982-09-11,F,SA,Yanbu,SAR,verified,basic,True,2025-07-11 17:07:26,2025-07-11 17:07:26,2025-11-25 08:14:08
2e5ce170-87e7-456c-9518-6d7254dd85d6,Bushra,Mirza,bushra11@outlook.sa,+966515545223,1973-05-24,F,SA,Tabuk,SAR,verified,silver,True,2023-08-12 21:02:21,2023-08-12 21:02:21,2024-11-15 01:54:28
60bca671-5595-453e-991c-f7aaa5e9f247,Rajesh,Sinha,rajeshsinha@mobily.com.sa,+971534010529,1990-02-27,M,AE,Umm Al Quwain,AED,verified,basic,True,2025-03-22 08:54:49,2025-03-22 08:54:49,2025-08-01 16:31:23
550931d4-75f4-48af-9ad8-b542d2c5dcff,Khaled,Elbanna,khaledelbanna@etisalat.ae,+201234744872,1968-03-31,M,EG,Luxor,EGP,verified,basic,True,2024-03-29 06:23:02,2024-03-29 06:23:02,2025-06-05 17:37:09
85f49eb7-9508-4ee0-a362-fc7ac5c5a356,Karim,Al-Hashimi,karim.alhashimi@etisalat.ae,+201265857931,1976-07-04,M,EG,Alexandria,EGP,verified,gold,True,2023-11-08 16:40:02,2023-11-08 16:40:02,2024-08-04 16:54:21
61e25ef8-252d-475f-bf95-78f6a5a3d831,Farah,Al-Sabah,farah972@hotmail.com,+201084087145,1997-03-30,F,EG,6th of October City,EGP,verified,basic,True,2023-09-04 00:19:30,2023-09-04 00:19:30,2024-08-18 05:49:43
909bea60-b9fa-47b6-b37a-661fa155587d,Ana,Garcia,ana217@outlook.com,+97432198058,1994-03-30,F,QA,West Bay,QAR,verified,basic,True,2024-05-05 15:13:41,2024-05-05 15:13:41,2025-06-29 01:12:50
0d1bcf09-8ef6-47c9-8bc8-9366e5e67c41,Aisha,Hassan,aisha604@outlook.sa,+201076276072,2004-07-09,F,EG,Aswan,EGP,pending,basic,True,2025-05-23 21:31:43,2025-05-23 21:31:43,2025-11-11 15:24:19
c4d1bb8a-dafd-4e20-903b-45960a79456f,Aisha,Al-Thani,aishaalthani@yahoo.ae,+201147333543,1981-08-03,F,EG,Zagazig,EGP,verified,basic,True,2023-07-24 12:15:41,2023-07-24 12:15:41,2024-08-19 14:22:21
ae20df6a-33df-4912-88df-052a28c8cf26,Faisal,Al-Nuaimi,,+966582944841,2007-09-14,M,SA,Al Hofuf,SAR,verified,basic,True,2025-01-18 07:18:22,2025-01-18 07:18:22,2026-01-29 18:59:20
c583871b-ecdf-4ec9-9782-89d61a21b218,Dina,Elmasry,dinaelmasry@etisalat.ae,+201126297533,1994-10-25,F,EG,Zagazig,EGP,verified,silver,True,2024-06-05 02:32:31,2024-06-05 02:32:31,2025-12-05 00:22:04
c2d960e5-56b3-4d8a-9962-9751b5162306,Dennis,Rivera,dennisrivera@stc.com.sa,+971569094999,1980-07-02,M,AE,Sharjah,AED,pending,basic,True,2024-05-22 02:09:21,2024-05-22 02:09:21,2026-03-03 13:50:18
53976d12-d1bf-4f54-8f30-d0831b4bf01a,Turki,Al-Ketbi,,+201088777447,1992-05-15,M,EG,Ismailia,EGP,verified,basic,True,2024-07-15 23:37:39,2024-07-15 23:37:39,2026-01-14 18:01:40
5604ea9a-516f-4c0d-bc4a-ab107570a9af,Hamza,Siddiqui,hamza765@mobily.com.sa,(289)451-7187,2004-09-28,M,QA,Mesaieed,QAR,pending,basic,True,2024-12-05 14:15:54,2024-12-05 14:15:54,2025-04-04 11:46:00
ec394e67-ba9c-4f97-a28e-90702ae4e804,Maricel,Dela Cruz,maricel387@stc.com.sa,+966538876745,1966-11-19,F,SA,Al Hofuf,SAR,verified,silver,True,2025-01-11 20:47:00,2025-01-11 20:47:00,2025-03-30 22:22:26
a8dff8c1-a264-49e6-978d-c9e7e7ad693e,Rawia,Elsharawy,rawia.elsharawy@gmail.com,+971566024207,2006-09-03,F,AE,Umm Al Quwain,AED,verified,basic,True,2025-10-27 09:37:53,2025-10-27 09:37:53,2025-12-13 03:58:46
c82ca392-591d-4906-b3a7-d66ffd94c84c,Saad,Baig,saad83@yahoo.ae,+97475261032,1980-09-29,M,QA,Doha,QAR,verified,basic,True,2025-02-16 09:13:40,2025-02-16 09:13:40,2025-05-04 18:03:53
e6a9aade-6823-4758-8065-d0bdf072cba8,Majed,Mahmoud,majedmahmoud@yahoo.com,+201161632653,1975-11-05,M,EG,Luxor,EGP,verified,basic,True,2024-05-27 07:14:44,2024-05-27 07:14:44,2025-09-10 19:45:26
54714b96-cc2f-413c-b486-8eca6ad5d7ff,Hassan,Al-Suwaidi,hassan247@mobily.com.sa,+966524674286,1996-11-22,M,SA,Riyadh,SAR,pending,basic,True,2023-10-01 00:25:43,2023-10-01 00:25:43,2025-04-21 08:35:09
5d046d5c-8da1-4270-ae19-2aa8158c6f20,Fahad,Al-Shamsi,fahad257@yahoo.ae,+966539418719,1968-08-05,M,SA,Jubail,SAR,verified,platinum,True,2025-06-20 06:01:12,2025-06-20 06:01:12,2025-12-13 20:55:58
dde2cf41-cc0d-41a9-9f3d-740099397dd9,Shruti,Khanna,shruti764@gmail.com,+97452817745,1980-11-24,F,QA,Mesaieed,QAR,verified,silver,True,2023-05-06 12:31:23,2023-05-06 12:31:23,2025-06-09 18:54:00
46fe8991-bde7-47eb-b40d-8eabbca26f0c,Bilal,Mohamed,bilal.mohamed@etisalat.ae,+971504939290,1990-05-11,M,AE,Sharjah,AED,verified,silver,True,2024-02-10 05:33:19,2024-02-10 05:33:19,2025-01-20 15:17:12
04f01485-f92a-4096-bd74-f21cc23e01ee,Noura,Al-Anazi,noura892@outlook.sa,+201041690501,1976-10-04,F,EG,6th of October City,EGP,rejected,silver,True,2024-08-08 19:16:37,2024-08-08 19:16:37,2024-11-14 14:40:05
e5bb2e75-7cc5-455c-b5f1-beccdb9e32af,Vikram,Shah,vikram391@outlook.sa,+971552151087,2005-03-03,M,AE,Ras Al Khaimah,AED,pending,basic,True,2023-08-27 11:30:20,2023-08-27 11:30:20,2023-10-06 12:39:33
8de92119-cd14-4235-9e16-343b1f226157,Joy,Mendoza,,+971507010308,1995-02-10,F,AE,Ras Al Khaimah,AED,verified,silver,False,2024-09-22 02:56:44,2024-09-22 02:56:44,2025-12-27 05:40:56
b0d4a861-16e8-434e-b6ca-296d2f7969e5,John Paul,Dela Cruz,johnpaul.delacruz@outlook.sa,+966578583392,1970-04-12,M,SA,Jubail,SAR,verified,platinum,True,2025-10-09 16:07:34,2025-10-09 16:07:34,2025-10-22 10:13:39
6a08917c-ee43-4130-bcdf-25ed2b9c9fb4,Mark,Williams,mark.williams@mobily.com.sa,+201126937148,1988-06-29,M,EG,Mansoura,EGP,verified,silver,True,2024-11-18 02:53:35,2024-11-18 02:53:35,2025-01-30 23:25:17
e05d2bdf-fc10-4de0-9274-e87d403b12ad,Suresh,Gupta,suresh.gupta@hotmail.com,+971506243275,1998-05-27,M,AE,Dubai,AED,verified,basic,True,2025-09-05 18:09:26,2025-09-05 18:09:26,2025-12-23 19:47:29
3c3b93a8-5698-49a4-a2e9-661f8015bbae,Saleh,Al-Maktoum,saleh227@etisalat.ae,+966583050700,1985-03-13,M,SA,Hail,SAR,pending,basic,True,2025-07-20 20:14:04,2025-07-20 20:14:04,2025-09-03 11:02:35
525e129f-ad13-4065-9b80-a2c25375c86d,Yasmin,Al-Saud,yasmin.alsaud@yahoo.com,+971548199311,2003-04-10,F,AE,Al Ain,AED,verified,silver,True,2023-10-16 02:37:29,2023-10-16 02:37:29,2023-12-02 17:36:15
380c5b3c-4785-4eec-b3ab-4f7a2e024124,Sanjay,Desai,sanjaydesai@etisalat.ae,+971534609330,1990-05-04,M,AE,Sharjah,AED,verified,basic,True,2024-05-05 09:53:01,2024-05-05 09:53:01,2025-10-01 13:18:54
0863ae79-4937-4099-a26d-e57d50c6f918,Hessa,Mostafa,hessa576@mobily.com.sa,+201066910299,1987-01-31,F,EG,Alexandria,EGP,rejected,silver,True,2024-02-15 06:40:39,2024-02-15 06:40:39,2025-05-25 18:54:16
0c0596e7-06a7-41ef-99f3-ec020dae02b1,Saeed,Abdelrahman,saeed377@hotmail.ae,+966591128967,1963-01-24,M,SA,Buraidah,SAR,verified,basic,True,2024-11-15 13:02:26,2024-11-15 13:02:26,2025-10-20 08:45:47
b4fb38a6-3af8-484e-af88-27fcf7b4c2b6,Salma,Al-Nuaimi,salma.alnuaimi@yahoo.com,+96596252285,1989-11-26,F,KW,Fintas,KWD,verified,basic,True,2023-07-24 14:52:28,2023-07-24 14:52:28,2024-01-05 01:44:17
93f9ee11-0080-4afd-a135-5cfdfabdd0b0,Tarek,Elmasry,tarek84@gmail.com,+971537718433,1967-03-08,M,AE,Ajman,AED,verified,basic,True,2024-03-10 17:53:44,2024-03-10 17:53:44,2024-07-02 11:48:49
596bdafd-3c85-4c4f-bcac-ed9b71a50701,Dana,Mohamed,dana.mohamed@mobily.com.sa,,1973-08-11,F,EG,Ismailia,EGP,pending,silver,True,2024-04-10 08:20:29,2024-04-10 08:20:29,2024-08-23 02:35:51
5917b2a9-af1e-42c6-997d-2eb44a0040d4,Majed,Elgohary,majed236@stc.com.sa,+201290852623,2000-06-06,M,EG,Hurghada,EGP,pending,gold,True,2024-05-09 09:43:51,2024-05-09 09:43:51,2024-06-22 00:51:18
8933ee94-1558-4826-aff7-9408e86a297e,Munira,Ibrahim,munira472@hotmail.com,+966519511700,2004-07-17,F,SA,Yanbu,SAR,verified,basic,True,2025-08-13 18:03:37,2025-08-13 18:03:37,2025-10-25 20:34:45
2e5bbb64-29dc-46c2-9e8d-dddf3676700c,Hana,Al-Maktoum,hana199@stc.com.sa,+201153154591,1979-06-09,F,EG,Port Said,EGP,verified,basic,True,2024-10-08 22:05:01,2024-10-08 22:05:01,2025-08-05 20:03:06
55c9f6a3-72c1-4993-8f5f-d52d251a4b8c,Aditya,Mehta,aditya460@mobily.com.sa,+971521878547,1965-12-13,M,AE,Abu Dhabi,AED,verified,silver,True,2025-09-19 01:53:57,2025-09-19 01:53:57,2025-11-18 04:39:19
51b0941b-8333-46c7-a212-ba6db8ce18be,Dana,Al-Mutairi,danaalmutairi@gmail.com,+966517319630,1975-08-08,F,SA,Jeddah,SAR,verified,silver,True,2024-01-01 23:37:42,2024-01-01 23:37:42,2024-08-02 16:26:11
9c7f84db-3141-4ee9-9ec7-ddd29e151ed0,Mariam,Al-Dossari,mariam87@hotmail.ae,001-988-205-9296x22292,1984-12-22,F,EG,Suez,EGP,verified,gold,True,2024-12-06 23:04:25,2024-12-06 23:04:25,2025-06-09 10:57:26
43990b65-8278-48dc-9dd5-96b663138ed1,Christopher,Williams,christopher396@stc.com.sa,+971568531761,1973-10-10,M,AE,Sharjah,AED,pending,basic,True,2023-11-16 11:07:15,2023-11-16 11:07:15,2024-06-18 10:59:31
8386d830-ae19-4d5a-a39d-c1e87892b966,Rahul,Joshi,rahul.joshi@hotmail.ae,+966581875431,1961-12-31,M,SA,Riyadh,SAR,verified,basic,True,2024-09-02 18:37:50,2024-09-02 18:37:50,2025-07-22 00:52:10
96d0440e-5e47-4969-943a-6eaa9ec5969d,Aya,Elsharawy,aya790@yahoo.com,+96597274032,2002-01-22,F,KW,Salmiya,KWD,verified,basic,True,2025-02-03 14:13:46,2025-02-03 14:13:46,2025-02-07 16:07:07
029a070b-4781-4288-8bcf-cf0f41849ed6,Bilal,Akhtar,bilalakhtar@outlook.com,+966571318832,2003-09-01,M,SA,Hail,SAR,pending,basic,True,2024-12-20 21:23:06,2024-12-20 21:23:06,2025-12-10 22:36:01
39a367a7-1619-423f-86cc-3d53a0a2edc6,Lama,Al-Zahrani,lama.alzahrani@yahoo.ae,+966522859886,1984-09-21,F,SA,Jubail,SAR,verified,basic,True,2025-05-30 22:04:23,2025-05-30 22:04:23,2025-06-26 04:53:24
d8fca2de-7a18-4145-88a6-e660efc58c7e,Layla,Naguib,layla.naguib@stc.com.sa,406.254.0515x3195,1997-05-05,F,AE,Fujairah,AED,verified,basic,True,2024-09-06 23:48:53,2024-09-06 23:48:53,2025-05-27 22:47:34
40dc1b36-06c8-4bc1-a9d7-8c9767e0b411,Ananya,Singh,ananya.singh@hotmail.ae,+97474058117,1987-04-14,F,QA,Doha,QAR,pending,basic,True,2025-05-18 08:02:50,2025-05-18 08:02:50,2025-12-15 05:27:36
09a02265-aa8a-437e-a69f-f2b95561bfc9,Lama,Abdelfattah,lama.abdelfattah@gmail.com,+201273538641,1995-07-10,F,EG,Cairo,EGP,verified,basic,True,2024-09-30 08:50:25,2024-09-30 08:50:25,2025-04-25 12:52:27
19fde24b-e7dd-476f-ac33-1ea120df2968,Abdullah,Al-Nuaimi,abdullah999@yahoo.com,+201221087928,1990-05-24,M,EG,Sharm El Sheikh,EGP,verified,basic,True,2026-02-13 05:27:01,2026-02-13 05:27:01,2026-02-21 18:14:28
2d183a01-d058-4983-9e51-8e65cf275fa7,Lauren,Wilson,lauren753@yahoo.com,+971526914963,1985-02-11,F,AE,Sharjah,AED,pending,silver,False,2025-12-05 22:34:11,2025-12-05 22:34:11,2026-01-10 02:26:30
b15e5c0f-3574-411b-b034-dcf3a86a5a7e,Usman,Nadeem,,(271)492-8565x431,1995-06-02,M,SA,Hail,SAR,verified,silver,True,2025-04-22 22:51:42,2025-04-22 22:51:42,2025-09-20 05:50:43
4465cf90-cf65-4438-87c8-375e184cff08,Nasser,Naguib,nassernaguib@hotmail.ae,+201285386435,2006-08-04,M,EG,Sharm El Sheikh,EGP,verified,silver,True,2023-07-24 02:13:49,2023-07-24 02:13:49,2024-12-01 13:19:33
cee9a9f9-ebaf-4088-8393-a68119a58694,Lina,Elgohary,lina.elgohary@hotmail.ae,+201299635939,1997-11-20,F,EG,Hurghada,EGP,verified,basic,True,2024-09-20 08:21:07,2024-09-20 08:21:07,2025-12-08 20:22:33
023c89b0-c430-4ee6-9910-d8ae8fc7e9ea,Mariam,Hassan,mariamhassan@yahoo.ae,+201259514418,2003-09-22,F,EG,Giza,EGP,verified,silver,True,2025-07-13 03:14:11,2025-07-13 03:14:11,2026-02-26 09:47:56
38120f52-844a-42b2-b801-d61a83d75d43,Adnan,Sheikh,adnan141@yahoo.com,682-342-2535,1973-07-18,M,KW,Kuwait City,KWD,verified,basic,True,2024-04-02 00:23:51,2024-04-02 00:23:51,2025-08-08 06:43:10
d2a10b72-2a2b-4821-81ce-8a7beae44596,Amna,Raza,amna939@outlook.sa,+966515604524,1965-09-17,F,SA,Najran,SAR,rejected,silver,False,2023-04-22 18:59:41,2023-04-22 18:59:41,2023-07-02 09:56:00
ba58e1c9-e221-4fb7-986d-c9e0f463c97e,Elizabeth,Taylor,elizabethtaylor@hotmail.com,+97451508113,1974-01-26,F,QA,Doha,QAR,verified,basic,True,2025-02-28 04:48:47,2025-02-28 04:48:47,2025-07-10 07:38:15
8a8a961c-ef85-4f91-b952-d84d5272fce9,Mark,Cruz,mark421@etisalat.ae,+97436794356,1979-12-08,M,QA,The Pearl,QAR,verified,silver,True,2023-05-27 07:51:23,2023-05-27 07:51:23,2025-01-13 02:00:00
8dc9cc94-7dc6-42e1-ae0e-25e14c3e254b,Omar,Ali,omar.ali@outlook.sa,+966538015136,1986-12-12,M,SA,Buraidah,SAR,verified,platinum,True,2023-07-27 14:25:40,2023-07-27 14:25:40,2025-09-19 18:45:47
b84c8c95-53e5-49aa-81aa-7774b009e507,Amr,Al-Shamsi,amr.alshamsi@hotmail.com,+966595038756,1985-01-28,M,SA,Riyadh,SAR,verified,gold,True,2024-04-23 13:25:07,2024-04-23 13:25:07,2025-12-07 20:44:26
3e2ced41-079a-46eb-9ce5-13fe0548842c,Waleed,Al-Suwaidi,waleed559@etisalat.ae,+201164123845,2006-06-27,M,EG,Giza,EGP,verified,basic,True,2025-11-01 21:17:04,2025-11-01 21:17:04,2026-02-28 12:57:06
9fe716fd-39d9-42ec-ae49-c487f4cbe972,Ananya,Sinha,ananyasinha@hotmail.ae,+966583158613,2001-06-10,F,SA,Madinah,SAR,verified,basic,True,2023-10-27 02:03:53,2023-10-27 02:03:53,2026-01-04 21:30:41
bab6b04d-4f6f-499e-8c1a-21a59330f95c,Haifa,Abdelfattah,haifaabdelfattah@hotmail.com,+1-749-758-8879x470,1967-08-24,F,EG,Hurghada,EGP,verified,basic,True,2026-01-19 10:28:39,2026-01-19 10:28:39,2026-02-28 21:05:12
da515910-f17d-4bcc-a887-0b977dbd9489,Mona,Al-Shamsi,monaalshamsi@gmail.com,+96598962302,1961-06-22,F,KW,Mangaf,KWD,verified,basic,True,2023-12-31 02:06:35,2023-12-31 02:06:35,2025-11-15 05:13:09
fdfe0663-da70-47cb-b017-c8c402797087,Ali,Al-Ketbi,alialketbi@stc.com.sa,+966578025967,1983-06-25,M,SA,Madinah,SAR,verified,basic,True,2025-06-14 21:34:19,2025-06-14 21:34:19,2026-01-13 01:12:26
7d88d8c1-1e7b-45c5-b80e-8dbd7efd9d00,Eman,Al-Mazrouei,eman.almazrouei@stc.com.sa,+97475135904,1999-03-18,F,QA,Al Khor,QAR,verified,silver,True,2023-09-15 00:57:01,2023-09-15 00:57:01,2026-01-05 20:34:26
92bb03db-6e9e-4d3a-ada5-859e29e925a9,Rowena,Bautista,rowenabautista@gmail.com,+97435872986,1967-08-14,F,QA,Mesaieed,QAR,rejected,silver,True,2023-10-08 23:03:40,2023-10-08 23:03:40,2024-10-14 16:08:35
983374a9-fa0b-4cac-8510-5ea00acf4f92,Anil,Kapoor,anilkapoor@mobily.com.sa,+966531851702,1992-07-22,M,SA,Najran,SAR,verified,basic,True,2025-12-17 22:45:43,2025-12-17 22:45:43,2026-02-02 07:17:51
4f9f4287-1088-4dc4-a998-0d5ffcdf49b3,Ana,Mendoza,anamendoza@stc.com.sa,+966584346315,1960-10-25,F,SA,Abha,SAR,verified,silver,True,2023-05-06 21:59:41,2023-05-06 21:59:41,2024-08-12 10:51:45
0fb2b47d-6492-4b16-986c-a33a95345dce,Sneha,Menon,sneha.menon@outlook.sa,+966542800206,1983-02-15,F,SA,Jubail,SAR,verified,gold,True,2023-03-31 14:15:04,2023-03-31 14:15:04,2024-07-01 21:33:09
79509e25-be20-41ef-9d21-bc14e44ded1c,Munira,Al-Qahtani,muniraalqahtani@hotmail.com,+201286206305,1980-09-24,F,EG,Mansoura,EGP,verified,basic,False,2024-08-02 18:28:35,2024-08-02 18:28:35,2025-10-29 04:19:54
035ced32-91d8-40b4-bec2-ea17be7ca93c,Ibrahim,Abdelfattah,ibrahim.abdelfattah@stc.com.sa,+966511191859,1975-03-20,M,SA,Dammam,SAR,verified,basic,False,2025-10-19 12:03:07,2025-10-19 12:03:07,2025-12-01 01:15:54
31bae564-e08c-4b81-90a3-c40cac31f9d1,Eman,Saad,eman.saad@gmail.com,(387)283-3918x78519,1994-08-01,F,SA,Khobar,SAR,verified,silver,False,2025-07-07 10:59:53,2025-07-07 10:59:53,2025-09-23 23:14:08
14926170-3b97-404b-a7d7-5f916ccc26ea,Heba,Al-Kharafi,heba.alkharafi@outlook.sa,,1996-09-14,F,EG,Shubra El Kheima,EGP,pending,basic,True,2025-08-15 09:01:13,2025-08-15 09:01:13,2025-10-12 13:44:44
9795bf68-1f45-4326-b220-edf9abdd085d,Rose,Del Rosario,rosedelrosario@yahoo.com,+966546504900,1981-02-26,F,SA,Khamis Mushait,SAR,verified,silver,True,2026-01-17 19:45:09,2026-01-17 19:45:09,2026-01-19 22:28:52
f1cad000-1201-47af-a6d5-54a6ee56f658,Maitha,Al-Saud,maitha.alsaud@yahoo.com,+971511050591,1969-05-27,F,AE,Umm Al Quwain,AED,verified,platinum,True,2023-12-14 07:20:40,2023-12-14 07:20:40,2025-09-27 07:34:24
9909e703-7643-4f96-9f00-2e65d28a95b1,Manoj,Sinha,manojsinha@yahoo.com,+971558525204,1961-09-25,M,AE,Al Ain,AED,verified,basic,False,2023-03-15 02:38:53,2023-03-15 02:38:53,2024-06-20 14:25:35
22ebbfe6-53b8-490b-b73a-971b0bd8998e,Samina,Akhtar,samina822@etisalat.ae,+966538115687,1964-10-06,F,SA,Jubail,SAR,verified,basic,True,2024-01-23 20:26:03,2024-01-23 20:26:03,2024-04-11 05:17:06
6490c583-6e90-4875-8001-317ac6d975a1,Suresh,Reddy,sureshreddy@stc.com.sa,+966591563316,1980-09-20,M,SA,Najran,SAR,verified,basic,True,2024-03-11 17:34:37,2024-03-11 17:34:37,2026-01-21 08:12:57
5659c88d-1f20-430f-9e99-52b0eab5cb90,Farah,Mirza,farah75@outlook.com,708-892-6870x568,1970-05-04,F,SA,Hail,SAR,verified,basic,True,2024-12-02 22:09:35,2024-12-02 22:09:35,2025-07-23 20:29:11
8dadea0e-7555-41db-941f-97efafa148ab,Nisha,Shah,nishashah@yahoo.ae,+971518944327,1965-07-26,F,AE,Fujairah,AED,verified,silver,True,2025-12-08 08:05:46,2025-12-08 08:05:46,2026-03-07 21:02:19
8324a3d9-d328-4777-a04d-0bb51194f9e0,Mark,Martin,mark.martin@outlook.com,+201070369365,1982-11-04,M,EG,New Cairo,EGP,verified,gold,True,2024-01-28 05:06:14,2024-01-28 05:06:14,2024-09-19 16:56:17
b8b2e5fc-b52b-4ef7-874b-cfc21124d94e,Mahmoud,Al-Dossari,mahmoud.aldossari@gmail.com,+201112058055,1977-12-26,M,EG,Alexandria,EGP,verified,platinum,True,2024-06-30 19:58:14,2024-06-30 19:58:14,2025-04-06 04:13:55
11f64f72-94ad-49e7-bb29-4e0ba4e8dfd9,Radha,Rao,radha534@hotmail.com,+96592654371,1973-07-15,F,KW,Mangaf,KWD,verified,basic,True,2023-11-01 11:27:49,2023-11-01 11:27:49,2025-03-27 21:43:58
006bb2bb-ee6f-4405-b797-ae68476dca29,Bushra,Akhtar,bushraakhtar@outlook.sa,+966577372653,2005-08-28,F,SA,Dammam,SAR,pending,gold,True,2023-07-03 04:23:34,2023-07-03 04:23:34,2023-09-16 13:08:25
cd6cac3f-bafb-4691-a744-499d976482b4,Saad,Raza,saadraza@yahoo.com,+97432140312,1997-09-22,M,QA,Doha,QAR,pending,basic,True,2025-06-13 11:28:26,2025-06-13 11:28:26,2025-11-20 05:25:36
c346f363-c11a-4ed0-bf64-25949c2c660a,Waqar,Javed,waqar.javed@gmail.com,+971559882154,1987-03-12,M,AE,Ajman,AED,verified,basic,True,2024-04-27 23:44:34,2024-04-27 23:44:34,2024-06-28 08:46:05
d80f6980-56e9-4433-83ed-315992a9e400,Maha,Farouk,mahafarouk@stc.com.sa,+201260070135,1982-09-23,F,EG,New Cairo,EGP,verified,gold,True,2025-12-05 13:02:20,2025-12-05 13:02:20,2026-01-29 11:34:49
9dab281b-835c-4800-ba27-62a89affac11,Eman,Al-Rashid,eman.alrashid@mobily.com.sa,+201222799248,1969-12-30,F,EG,Luxor,EGP,verified,silver,True,2025-09-06 15:26:48,2025-09-06 15:26:48,2026-01-30 17:12:23
184a385a-9619-49cb-9d31-63d23cdbeffe,Rahul,Khanna,,,1965-06-03,M,KW,Salmiya,KWD,pending,basic,True,2024-11-17 10:42:22,2024-11-17 10:42:22,2025-07-07 21:37:54
0cf534b1-57dc-40a8-8a61-a1decc550ac8,Zeina,Al-Hashimi,zeinaalhashimi@mobily.com.sa,+201031803703,2003-05-04,F,EG,Aswan,EGP,verified,basic,True,2023-04-24 17:40:44,2023-04-24 17:40:44,2024-06-22 08:02:56
fe28e782-7e02-49f4-b28e-5ae295b6ba59,Zara,Butt,zara.butt@stc.com.sa,+966589230960,1967-06-09,F,SA,Makkah,SAR,verified,basic,True,2024-09-20 01:02:01,2024-09-20 01:02:01,2024-11-30 03:05:53
5d746a3b-d9f1-4520-aa9a-aa3e89ac6b59,Rahul,Bhatia,rahul.bhatia@gmail.com,+97435525929,1966-04-14,M,QA,Al Wakrah,QAR,verified,basic,True,2023-04-19 12:16:09,2023-04-19 12:16:09,2024-10-20 07:09:00
267ffe2c-c7b2-44cf-8902-a843764b1e4a,Juan,Gonzales,juangonzales@mobily.com.sa,+966542561359,1970-02-12,M,SA,Abha,SAR,verified,basic,True,2025-04-13 18:08:51,2025-04-13 18:08:51,2025-05-08 07:50:24
aa635df2-76a1-4ac5-9072-4d57aaebb2e5,Dana,Elmasry,danaelmasry@mobily.com.sa,+971535629871,2002-05-22,F,AE,Abu Dhabi,AED,verified,platinum,True,2024-08-06 19:06:35,2024-08-06 19:06:35,2025-05-28 20:46:18
1cc12c3b-46e2-40ba-b109-d27897fe26e6,Adam,Al-Mazrouei,adam.almazrouei@hotmail.ae,+966578385715,1986-12-04,M,SA,Yanbu,SAR,verified,silver,True,2024-05-18 03:30:04,2024-05-18 03:30:04,2025-02-25 15:53:02
a3ccfc50-0a57-4ddd-80c3-8577d8055140,Rajesh,Sinha,rajesh399@hotmail.com,+971504018677,1990-09-29,M,AE,Al Ain,AED,verified,basic,True,2023-07-02 14:46:28,2023-07-02 14:46:28,2026-01-16 11:21:51
1f9402e9-fbfb-4a46-ad40-aab717fa141c,Yasmin,Al-Qahtani,yasmin804@mobily.com.sa,+966507724393,2004-01-30,F,SA,Tabuk,SAR,verified,basic,True,2025-07-31 15:31:43,2025-07-31 15:31:43,2026-01-02 20:14:09
efcf509b-1903-4f0b-8fab-b2ea2c625e5f,Salma,Hassan,salmahassan@outlook.sa,+201054506155,1993-01-14,F,EG,Mansoura,EGP,verified,basic,True,2023-04-16 20:54:59,2023-04-16 20:54:59,2023-09-26 06:47:56
eee31a90-03bc-4a61-9f1d-42feccb5e29a,Abeer,Al-Dossari,abeer.aldossari@mobily.com.sa,(745)373-8757x177,1963-03-24,F,EG,Zagazig,EGP,verified,silver,True,2024-06-18 03:48:39,2024-06-18 03:48:39,2025-12-22 05:41:29
3779745a-25e8-48f3-ad32-8a7bc0597e9a,Faisal,Al-Otaibi,faisal.alotaibi@mobily.com.sa,001-438-828-2586x7362,1962-03-04,M,SA,Najran,SAR,pending,basic,True,2024-11-13 05:32:04,2024-11-13 05:32:04,2026-03-05 05:19:02
e572085a-08f9-4450-9452-79b71ede5491,Waleed,Al-Sabah,waleed.alsabah@outlook.sa,+971568206700,2005-10-29,M,AE,Umm Al Quwain,AED,verified,basic,False,2024-04-20 06:23:52,2024-04-20 06:23:52,2026-02-19 07:06:30
82fc5ebc-53d3-456b-8404-1fba76c52c77,Samina,Chaudhry,samina681@outlook.com,001-315-457-9249,1968-03-16,F,AE,Ras Al Khaimah,AED,rejected,basic,True,2024-07-08 05:33:55,2024-07-08 05:33:55,2025-01-09 12:52:59
0af853cd-64e2-4c46-86ef-8e43f46af5c1,Mishal,Al-Mutairi,mishal513@mobily.com.sa,966.692.9662x78282,1972-12-01,M,EG,Giza,EGP,verified,gold,True,2023-10-13 15:47:18,2023-10-13 15:47:18,2025-02-13 08:10:52
aff1a1aa-77b6-4636-8858-cf2524ac177c,Shamma,Al-Anazi,shammaalanazi@yahoo.com,+201170532325,1965-10-23,F,EG,Shubra El Kheima,EGP,verified,basic,True,2023-11-24 12:48:59,2023-11-24 12:48:59,2024-01-11 11:23:12
ff1c21d0-0ed0-46dc-83c0-78a423ab5edc,Ali,Baig,ali.baig@etisalat.ae,+971511548532,1985-02-24,M,AE,Ajman,AED,verified,basic,True,2025-06-30 09:37:13,2025-06-30 09:37:13,2026-01-26 21:49:50
ab1b572e-9b89-49d5-ad9d-2d10f76b3184,Hana,Al-Nuaimi,hana.alnuaimi@stc.com.sa,+201015584869,2002-02-11,F,EG,Zagazig,EGP,verified,silver,True,2023-11-22 13:23:51,2023-11-22 13:23:51,2024-06-25 20:27:11
2f989c66-a6cf-4b73-9fcd-a07f5c4bb4e0,Dana,Al-Suwaidi,danaalsuwaidi@hotmail.com,+201137732020,2004-10-26,F,EG,New Cairo,EGP,verified,basic,True,2024-05-13 12:31:30,2024-05-13 12:31:30,2024-08-20 01:53:30
ee9e2051-d7a6-4a17-aa02-fe66ef049ca5,Nikhil,Joshi,nikhiljoshi@hotmail.ae,+966505188889,1982-06-16,M,SA,Hail,SAR,verified,basic,True,2025-04-05 20:46:17,2025-04-05 20:46:17,2025-11-17 20:59:24
d1e20767-8ee8-4661-9d2e-4527d4db3eec,Mohamed,Abdelrahman,mohamed.abdelrahman@outlook.sa,+966572562657,1993-03-19,M,SA,Madinah,SAR,verified,basic,True,2025-08-05 04:27:43,2025-08-05 04:27:43,2025-12-16 16:20:50
d39ca56a-ae65-4150-a750-e1702d515add,Rashed,Al-Falasi,rashed.alfalasi@yahoo.ae,+97471273155,2004-09-23,M,QA,Al Wakrah,QAR,verified,platinum,True,2023-08-01 17:07:16,2023-08-01 17:07:16,2025-02-11 15:07:34
b2f4d961-9b9c-4c6d-bb7c-7e759d0bedbf,Zeina,Al-Hashimi,zeina.alhashimi@mobily.com.sa,+201043606680,2007-07-10,F,EG,Suez,EGP,verified,silver,True,2023-03-22 05:44:55,2023-03-22 05:44:55,2024-09-05 23:07:16
df5dea6e-46a8-4782-a21a-345a61aa3130,Waleed,Ahmed,waleed887@hotmail.com,+201026185823,2006-04-07,M,EG,Aswan,EGP,verified,basic,True,2025-11-30 08:50:48,2025-11-30 08:50:48,2025-12-28 02:35:24
7a51bb9e-67c8-4399-b06d-5f3ebf177cc5,Gaurav,Verma,gauravverma@hotmail.ae,+971501142182,1981-08-03,M,AE,Umm Al Quwain,AED,verified,silver,True,2025-01-04 17:55:37,2025-01-04 17:55:37,2025-04-23 08:33:02
5ff5dd2b-2aa2-4ce8-9f62-4eab31411181,Rekha,Nair,rekhanair@hotmail.ae,+971542413458,2003-08-10,F,AE,Dubai,AED,verified,silver,True,2025-04-23 18:56:29,2025-04-23 18:56:29,2025-12-10 10:46:05
d61af336-76d7-4fd9-a64d-1a8c6cba32fd,Ahmed,Al-Shehri,ahmed310@hotmail.com,+201119531069,1978-01-10,M,EG,Suez,EGP,verified,silver,True,2023-03-31 03:24:38,2023-03-31 03:24:38,2024-02-29 06:53:25
a2b5e04c-094a-4e69-b715-f278dce19204,Joy,Santos,joy.santos@yahoo.com,+971507676912,1996-09-08,F,AE,Fujairah,AED,verified,basic,True,2023-11-06 02:02:01,2023-11-06 02:02:01,2025-03-27 16:10:03
462ea0b5-7459-4728-8899-97500037a677,Saleh,Farouk,saleh694@hotmail.com,+201262443094,1961-01-17,M,EG,Mansoura,EGP,verified,basic,True,2023-09-11 06:18:45,2023-09-11 06:18:45,2024-04-11 09:56:20
f0d5151d-7b30-4ce9-9595-9e2327f27c61,Hussein,Mostafa,hussein394@mobily.com.sa,+966553748655,1994-12-11,M,SA,Makkah,SAR,verified,silver,True,2025-02-13 20:09:27,2025-02-13 20:09:27,2025-11-20 13:21:12
6681cfa7-35ee-4c1c-be93-f8412c93fa37,Fares,Farouk,fares194@mobily.com.sa,+201117440911,1972-05-13,M,EG,Tanta,EGP,verified,basic,True,2023-10-28 20:42:59,2023-10-28 20:42:59,2023-12-22 19:09:57
42a327b3-413f-461d-8fbe-762c97155f48,Aya,Al-Zahrani,ayaalzahrani@mobily.com.sa,+97435165165,1981-04-30,F,QA,Al Wakrah,QAR,verified,basic,False,2024-05-21 06:19:02,2024-05-21 06:19:02,2025-01-30 11:38:55
e0340ee8-833a-4224-98d0-495ff3c5ca8e,Geeta,Sinha,geetasinha@yahoo.ae,+96597189439,1976-01-16,F,KW,Ahmadi,KWD,verified,gold,False,2023-04-15 20:35:36,2023-04-15 20:35:36,2025-08-04 02:51:42
f511589f-a5c2-418e-9b94-7457535dfffb,Farah,Al-Mansouri,farahalmansouri@yahoo.com,001-541-838-3670x2410,1985-07-14,F,EG,Shubra El Kheima,EGP,verified,silver,True,2026-03-02 10:37:15,2026-03-02 10:37:15,2026-03-08 00:09:23
4c1d5fdf-d5f9-4ad1-b417-0db4d494cbb4,Karim,Al-Thani,,+971549479670,1982-05-22,M,AE,Sharjah,AED,verified,gold,True,2026-03-02 06:05:54,2026-03-02 06:05:54,2026-03-06 02:44:21
490dd998-40e7-415f-ad25-f8ab6eef7e9d,Majed,Naguib,majed999@outlook.sa,+201070768130,1984-07-26,M,EG,Suez,EGP,verified,basic,True,2025-06-19 05:52:11,2025-06-19 05:52:11,2025-09-07 21:10:46
ad01f222-12b1-47c2-8b23-102f2bae28bb,Zayed,Elsayed,,524-790-3521,1995-02-16,M,SA,Khobar,SAR,pending,gold,True,2024-11-14 06:13:07,2024-11-14 06:13:07,2024-12-22 06:43:27
2e57e34e-e9fd-4647-aee5-a17cc225ab87,Dalia,Al-Harbi,daliaalharbi@hotmail.ae,+96591521470,1985-07-08,F,KW,Kuwait City,KWD,rejected,basic,True,2024-11-20 23:55:36,2024-11-20 23:55:36,2025-01-25 06:32:06
7dbf605c-f722-4e5c-a4d4-c5cf742fdc19,Amira,Al-Mutairi,,+201288158177,1993-12-12,F,EG,Sharm El Sheikh,EGP,rejected,silver,True,2024-11-12 07:46:22,2024-11-12 07:46:22,2024-12-05 05:21:45
da787497-e7a7-44dd-94d4-c801290c61a9,Waleed,Ibrahim,waleed860@hotmail.ae,+966558158234,1988-03-22,M,SA,Khamis Mushait,SAR,verified,basic,True,2025-04-22 17:10:54,2025-04-22 17:10:54,2025-11-22 13:58:19
16872f91-706b-41da-b896-e4754c858176,Tarek,Al-Khalifa,tarek.alkhalifa@gmail.com,(963)983-8065,1998-09-05,M,SA,Makkah,SAR,verified,basic,True,2024-08-25 03:40:33,2024-08-25 03:40:33,2025-09-19 08:57:53
70ac243d-3054-4c94-b056-42901b1e9d5f,Karim,Abdelfattah,karimabdelfattah@hotmail.ae,+201253165014,1963-12-28,M,EG,Mansoura,EGP,verified,silver,True,2025-06-15 18:32:36,2025-06-15 18:32:36,2025-09-08 23:36:27
694b785d-38c8-4557-8c34-e8b7e5aa24b2,Haifa,Ali,haifaali@outlook.com,+201187268086,1997-01-28,F,EG,Alexandria,EGP,verified,gold,True,2025-04-12 08:41:48,2025-04-12 08:41:48,2025-08-10 09:16:48
1095fb40-165a-4518-8559-6d7b603eb3ee,Anjali,Khanna,anjali.khanna@hotmail.com,+971551636925,1972-04-05,F,AE,Abu Dhabi,AED,pending,basic,True,2024-08-20 01:34:20,2024-08-20 01:34:20,2025-04-28 09:42:17
81675af1-a30f-4626-b4bd-64c323480a56,Mishal,Al-Ghamdi,mishal601@yahoo.com,+971503478196,2007-05-20,M,AE,Abu Dhabi,AED,pending,silver,True,2025-07-29 17:11:13,2025-07-29 17:11:13,2025-12-15 07:02:31
5a11819c-7f89-48a8-8b9e-09f148dda0ed,Malak,Al-Shehri,malakalshehri@yahoo.ae,,2005-06-22,F,EG,New Cairo,EGP,verified,basic,True,2024-02-19 12:02:27,2024-02-19 12:02:27,2025-05-21 22:52:02
3dd4eb17-22af-42e6-ad79-60637a76da35,Adam,Al-Suwaidi,adamalsuwaidi@outlook.sa,+201233535297,1969-10-03,M,EG,New Cairo,EGP,verified,gold,True,2025-04-18 12:16:27,2025-04-18 12:16:27,2025-08-25 02:59:15
6c5fab71-2289-48f5-b5ac-66c69122b7c3,Fahad,Al-Anazi,fahadalanazi@etisalat.ae,+966554992909,1988-09-28,M,SA,Tabuk,SAR,verified,silver,True,2025-01-18 11:11:07,2025-01-18 11:11:07,2025-05-27 15:57:30
e5ce0656-216f-467c-b962-a49430bf4fd5,Nadia,Hussain,nadiahussain@outlook.com,+971567353742,1967-04-24,F,AE,Sharjah,AED,verified,basic,True,2024-04-18 08:42:03,2024-04-18 08:42:03,2024-06-14 23:53:47
3d455120-f3f4-438c-a333-88f9c9770166,Shahid,Iqbal,shahidiqbal@outlook.com,+966573853891,1967-01-28,M,SA,Tabuk,SAR,verified,basic,True,2023-05-31 21:51:26,2023-05-31 21:51:26,2024-10-27 05:57:28
db26a01d-762b-4e1d-a7f5-b3c47ffd7937,Khaled,Al-Saud,khaled722@hotmail.com,+966584187406,2002-09-21,M,SA,Yanbu,SAR,verified,basic,True,2026-01-01 03:03:26,2026-01-01 03:03:26,2026-02-28 09:39:38
be97971c-a194-49c2-97d9-fd3b1e2984a2,Latifa,Al-Mansouri,latifa911@stc.com.sa,+97454472094,1997-03-19,F,QA,Mesaieed,QAR,verified,silver,False,2025-11-30 19:40:03,2025-11-30 19:40:03,2026-02-14 01:40:29
143cca8f-e91c-4468-ba1b-0e3e82adb5f8,Sarah,Miller,sarah.miller@mobily.com.sa,+96567197531,1988-05-10,F,KW,Jahra,KWD,verified,gold,True,2025-06-27 19:50:11,2025-06-27 19:50:11,2026-02-11 20:29:06
3c829917-67d3-4ace-b278-ff8df67ade05,Meera,Nair,meeranair@yahoo.com,+971507494562,1971-12-13,F,AE,Sharjah,AED,pending,basic,True,2025-02-04 06:34:09,2025-02-04 06:34:09,2025-06-14 02:44:47
a3b3bcf7-981f-49dc-881a-c92f3fdf49e4,Ryan,Torres,ryantorres@gmail.com,,1973-04-20,M,SA,Buraidah,SAR,rejected,basic,True,2024-02-01 20:59:31,2024-02-01 20:59:31,2024-05-09 21:16:10
aaf39ec1-40ac-4c2f-95f8-b28f54204018,Hassan,Al-Rashid,hassanalrashid@mobily.com.sa,+201115727862,2002-08-02,M,EG,Zagazig,EGP,verified,basic,True,2026-03-01 18:24:39,2026-03-01 18:24:39,2026-03-08 21:33:17
34d7038c-863f-448d-bb4f-41dbcb9e7bbc,Jasmine,Gonzales,jasmine563@yahoo.ae,+971522887752,1986-04-02,F,AE,Umm Al Quwain,AED,verified,basic,True,2024-04-23 00:52:54,2024-04-23 00:52:54,2025-09-13 15:00:30
b17e845c-d453-42e2-8ca1-3ec44ae1f3ce,Mostafa,Farouk,mostafafarouk@etisalat.ae,+201175174087,1981-05-06,M,EG,6th of October City,EGP,verified,basic,True,2024-06-22 11:51:43,2024-06-22 11:51:43,2025-01-26 05:54:08
7f81ac79-04f6-4126-9dc6-565657c2afc1,Juan,Mendoza,juan.mendoza@yahoo.com,+966562647814,1971-01-02,M,SA,Yanbu,SAR,pending,basic,True,2025-05-18 03:48:04,2025-05-18 03:48:04,2025-06-12 15:23:44
cfe9af36-fad4-4ea5-9e5c-92828572f687,Nadia,Abbasi,nadia36@yahoo.ae,+971557767679,1973-09-25,F,AE,Umm Al Quwain,AED,verified,platinum,False,2026-03-08 07:48:43,2026-03-08 07:48:43,2026-03-08 17:47:13
d6787ad6-66e3-42b9-bb67-eb2755372507,Hassan,Al-Sabah,hassan265@hotmail.com,+971509474614,1962-01-20,M,AE,Al Ain,AED,verified,gold,True,2024-05-25 13:18:40,2024-05-25 13:18:40,2025-03-21 19:25:03
2dc94679-b510-4f85-92a6-f102e095f2eb,Salma,Elsharawy,salma.elsharawy@mobily.com.sa,+971564595669,1985-10-21,F,AE,Al Ain,AED,verified,basic,True,2024-12-27 01:49:01,2024-12-27 01:49:01,2025-09-23 22:13:39
6872f645-0673-43da-9ea2-22f5e1e361e8,Zeina,Al-Mazrouei,zeina.almazrouei@yahoo.ae,+1-389-969-1085x89944,1983-01-26,F,EG,Luxor,EGP,verified,silver,True,2023-06-16 21:10:20,2023-06-16 21:10:20,2024-08-19 09:12:53
360816a7-253c-41da-84dd-38dceb6fa054,Dina,Abdelrahman,dinaabdelrahman@etisalat.ae,+201195979171,1977-11-03,F,EG,New Cairo,EGP,verified,silver,True,2024-06-10 22:05:38,2024-06-10 22:05:38,2025-05-02 00:43:25
c018f761-5ad1-4991-a84e-04f5cbac0fee,Zayed,Al-Otaibi,zayed30@stc.com.sa,+971511592554,1972-08-23,M,AE,Ras Al Khaimah,AED,verified,basic,True,2025-07-25 03:21:54,2025-07-25 03:21:54,2025-12-02 11:41:10
f8181c0c-930a-44ce-905c-98ca3f907629,Sanjay,Iyer,sanjay.iyer@etisalat.ae,+966592498202,1994-03-30,M,SA,Buraidah,SAR,verified,silver,True,2024-01-05 22:16:23,2024-01-05 22:16:23,2024-07-10 01:20:05
3afaed0f-25c6-4808-977f-efb0157938df,Hossam,Abdelrahman,hossamabdelrahman@outlook.com,+201261226775,1982-10-27,M,EG,Port Said,EGP,verified,silver,True,2025-04-05 03:29:09,2025-04-05 03:29:09,2025-12-06 05:08:15
85277796-c4ff-484c-b5c0-3dd8a1d66cee,Rawia,Naguib,rawianaguib@yahoo.ae,+201033732951,1960-07-03,F,EG,Cairo,EGP,verified,silver,True,2024-10-25 04:13:35,2024-10-25 04:13:35,2024-11-23 11:28:38
ed41d254-13bc-4459-82ad-d90c25f492f8,Dina,Al-Anazi,dina333@outlook.sa,+201181643088,1963-04-19,F,EG,6th of October City,EGP,verified,silver,True,2023-06-19 03:13:51,2023-06-19 03:13:51,2024-09-24 09:00:59
166787d2-3c61-4398-84f7-6500b97621dd,Haifa,Al-Otaibi,haifa726@gmail.com,+966558649174,2004-06-15,F,SA,Hail,SAR,pending,silver,True,2024-09-29 04:40:27,2024-09-29 04:40:27,2024-10-28 05:10:44
46c44bd5-7b75-49ff-bbef-c2a2266a1da9,Nikhil,Gupta,nikhil.gupta@stc.com.sa,+971519971338,2005-03-18,M,AE,Al Ain,AED,verified,gold,True,2024-12-22 12:22:46,2024-12-22 12:22:46,2025-03-10 22:46:48
53dc757c-5577-4b6d-84c8-aaa89a20eae3,Rowena,Reyes,rowena967@mobily.com.sa,+966539729340,1973-11-28,F,SA,Al Hofuf,SAR,verified,gold,True,2025-05-30 09:27:17,2025-05-30 09:27:17,2025-10-16 09:31:40
258267ff-789e-46be-b34c-eb37aa63cd70,Aisha,Elsharawy,aisha.elsharawy@hotmail.com,+201264996550,1995-01-03,F,EG,Aswan,EGP,verified,silver,True,2023-07-27 15:40:47,2023-07-27 15:40:47,2023-11-21 05:40:47
3b46cf47-82cb-4e88-94bd-eb964baf7172,Majed,Al-Hashimi,majedalhashimi@yahoo.ae,270-212-0455x611,2005-04-29,M,EG,Zagazig,EGP,verified,basic,True,2023-10-10 16:52:23,2023-10-10 16:52:23,2024-07-01 14:01:53
b576841c-5200-41b2-b562-f02b15ec9779,Fahad,Farouk,fahad603@yahoo.ae,+201054112109,1964-03-05,M,EG,Zagazig,EGP,verified,silver,True,2026-02-23 04:14:54,2026-02-23 04:14:54,2026-02-27 01:06:10
4e7197e4-5c79-4ba2-9815-333e5fdb9206,Sneha,Reddy,sneha.reddy@yahoo.ae,+97434041047,1981-07-27,F,QA,Al Khor,QAR,verified,silver,True,2025-12-21 04:20:20,2025-12-21 04:20:20,2025-12-22 09:08:24
c9432547-a0e1-43f9-9816-74dc843ce1b0,Zeina,Ahmed,zeina111@gmail.com,+201080439867,1992-02-14,F,EG,Shubra El Kheima,EGP,verified,basic,True,2025-05-03 02:04:46,2025-05-03 02:04:46,2025-11-11 15:35:45
c22a5b6d-fd4b-4091-9463-1fd9d577efa8,Fares,Mahmoud,fares621@outlook.sa,+966512256030,1981-09-10,M,SA,Madinah,SAR,verified,silver,True,2025-02-01 05:03:43,2025-02-01 05:03:43,2025-05-04 09:55:04
9e56fcbe-4796-4409-ab13-a01057046619,Pradeep,Joshi,pradeepjoshi@stc.com.sa,+971522722069,1984-11-28,M,AE,Abu Dhabi,AED,pending,silver,True,2024-08-20 05:07:12,2024-08-20 05:07:12,2024-10-01 08:52:59
ef104b37-ab88-425f-ac23-b10b1a2a7099,Youssef,Al-Jaber,youssef237@outlook.sa,+201139919562,1993-09-11,M,EG,Alexandria,EGP,pending,basic,True,2023-11-19 17:18:36,2023-11-19 17:18:36,2024-06-24 21:38:06
e15b4cfb-b938-4cd7-ac9b-c5d4636318d3,Mahmoud,Elsayed,mahmoudelsayed@hotmail.com,+966592794516,2004-12-29,M,SA,Abha,SAR,verified,basic,False,2025-02-17 05:48:37,2025-02-17 05:48:37,2025-10-04 02:38:06
cec9b502-e80b-41aa-be45-729b5dfbb77e,Shamsa,Al-Harbi,shamsa.alharbi@hotmail.com,+201277672253,2001-08-17,F,EG,Sharm El Sheikh,EGP,pending,silver,True,2024-12-19 02:06:26,2024-12-19 02:06:26,2025-06-29 21:36:49
d891924c-d1f6-4a93-a849-cd36b83f5874,Aya,Al-Anazi,ayaalanazi@yahoo.com,+201046721417,2002-08-29,F,EG,Tanta,EGP,rejected,silver,True,2024-01-29 11:48:37,2024-01-29 11:48:37,2025-08-06 08:54:11
8a014b35-3055-4748-9b0b-c51587b49996,Abdullah,Al-Anazi,abdullah.alanazi@yahoo.ae,+966596793064,1995-10-04,M,SA,Hail,SAR,pending,gold,True,2023-03-29 13:16:25,2023-03-29 13:16:25,2023-09-10 22:46:49
c046c812-1536-4bcd-97e2-e33e0cd0eea1,Faisal,Ahmed,faisal388@stc.com.sa,+966517389943,1967-02-28,M,SA,Hail,SAR,verified,basic,True,2025-02-09 19:06:02,2025-02-09 19:06:02,2025-08-03 00:29:35
ba90e89e-6167-492d-9ad4-5803c9a97a5b,Mahmoud,Al-Ketbi,mahmoud987@yahoo.com,001-906-566-5800x439,2008-02-19,M,SA,Jubail,SAR,pending,silver,True,2025-11-18 06:30:07,2025-11-18 06:30:07,2026-01-28 16:17:59
c31c637f-c77b-401a-9773-15a6f838ff2b,Hessa,Al-Khalifa,hessa228@yahoo.com,,1997-05-20,F,EG,Luxor,EGP,pending,platinum,True,2025-09-08 17:44:59,2025-09-08 17:44:59,2026-01-30 03:10:34
c28725fb-5f63-4d28-8690-efd7cccb935c,Amr,Al-Subaie,amr.alsubaie@yahoo.ae,+966534296204,1971-02-19,M,SA,Taif,SAR,verified,basic,True,2023-09-27 18:23:10,2023-09-27 18:23:10,2024-10-27 22:04:38
cf4eeec5-4dd8-466a-bbc6-fad23533cb74,Dennis,Del Rosario,dennis.delrosario@stc.com.sa,+96553597208,1995-12-09,M,KW,Fintas,KWD,pending,silver,True,2024-07-15 11:47:49,2024-07-15 11:47:49,2025-01-02 08:11:09
c6c4fde2-36b4-48d6-9022-1328cacde280,Hamza,Butt,hamza904@mobily.com.sa,+966569734324,2005-09-15,M,SA,Abha,SAR,rejected,basic,True,2023-09-03 22:17:55,2023-09-03 22:17:55,2025-02-22 10:23:07
2bc3f632-07c6-4171-b568-dc4773f886bf,Princess,Flores,princess298@mobily.com.sa,+966525032368,1973-04-14,F,SA,Abha,SAR,verified,silver,True,2025-12-15 19:53:10,2025-12-15 19:53:10,2026-01-15 22:16:08
093f8947-397e-45bd-964d-0841140dcb6c,Pallavi,Joshi,pallavi.joshi@yahoo.ae,+966562381527,1991-06-09,F,SA,Khobar,SAR,rejected,silver,True,2023-04-15 14:43:42,2023-04-15 14:43:42,2024-09-11 21:58:26
c64160c2-8922-4565-bca5-1c8f0153380a,Meera,Mohamed,meera.mohamed@etisalat.ae,+201215085015,1968-03-27,F,EG,Ismailia,EGP,verified,basic,True,2026-01-18 15:33:02,2026-01-18 15:33:02,2026-01-19 05:17:45
8f15b158-08cd-4e6b-9b1b-ce9b33096a9c,Mariam,Elsayed,mariam890@outlook.com,+966532060950,1997-04-28,F,SA,Taif,SAR,verified,platinum,True,2024-11-06 02:24:49,2024-11-06 02:24:49,2025-06-23 05:12:38
dc164038-fee4-4f4b-8c51-154d0f4fc0c4,Khaled,Al-Kharafi,khaled.alkharafi@yahoo.ae,+201295100169,1983-08-02,M,EG,Hurghada,EGP,verified,basic,True,2024-01-30 00:29:37,2024-01-30 00:29:37,2024-07-12 11:33:22
02b86c2f-ec67-4d77-82eb-c7605f72ef86,Hamza,Al-Suwaidi,hamzaalsuwaidi@outlook.sa,+201265385548,2005-11-22,M,EG,Suez,EGP,verified,silver,True,2024-06-03 05:28:16,2024-06-03 05:28:16,2024-07-25 13:12:14
bf5ed946-7528-425f-b5fd-19873180341f,Nagwa,Elshamy,nagwaelshamy@hotmail.ae,+966582647562,1998-10-05,F,SA,Jubail,SAR,verified,gold,True,2025-08-04 06:27:41,2025-08-04 06:27:41,2025-12-23 19:47:11
626d4c0e-ed86-425f-a397-cea18d8b0a66,Anand,Pillai,anandpillai@yahoo.com,+966548185805,1993-04-28,M,SA,Najran,SAR,verified,basic,True,2024-06-26 05:58:06,2024-06-26 05:58:06,2025-08-28 17:52:35
3e9d54a1-cff5-4b7d-936f-77cdb501aaa6,Ali,Khan,ali645@outlook.com,+201224607269,1997-09-20,M,EG,New Cairo,EGP,verified,gold,True,2023-05-05 15:48:02,2023-05-05 15:48:02,2024-06-13 12:16:52
a11e3ea3-2068-4bc7-9eb7-bcadbbb26647,Sara,Hussein,sarahussein@hotmail.com,+201282943217,1976-06-10,F,EG,6th of October City,EGP,verified,basic,True,2026-01-02 03:35:57,2026-01-02 03:35:57,2026-03-02 18:24:24
3b454def-0660-4f25-bbe7-9e4f73bcd66f,Bilal,Chaudhry,bilal.chaudhry@stc.com.sa,+966549625782,1985-04-29,M,SA,Najran,SAR,verified,silver,True,2024-04-23 09:06:07,2024-04-23 09:06:07,2024-10-22 03:31:34
1ddbb425-85fe-4fa5-a790-17b473f59a0f,Mishal,Al-Falasi,mishalalfalasi@hotmail.com,+201215745651,2000-03-05,M,EG,Cairo,EGP,verified,basic,True,2024-09-27 04:24:19,2024-09-27 04:24:19,2026-02-16 15:28:52
72967dfc-ddb7-41d5-b1b0-149439d56256,Fahad,Elshamy,fahad.elshamy@stc.com.sa,+201020447168,1972-11-26,M,EG,Alexandria,EGP,pending,gold,False,2023-10-29 02:31:22,2023-10-29 02:31:22,2024-06-29 13:13:48
98e82bfd-4a65-4800-ab0d-d8e250f0ddd8,Youssef,Abdelaziz,youssefabdelaziz@mobily.com.sa,+966522985251,1995-01-26,M,SA,Makkah,SAR,pending,basic,True,2025-11-11 16:07:21,2025-11-11 16:07:21,2025-11-19 06:45:54
41a09323-b825-4c35-addc-6140c06a8cc1,Neha,Chopra,nehachopra@hotmail.ae,+966533463987,1971-10-17,F,SA,Jubail,SAR,verified,silver,True,2025-03-26 23:03:14,2025-03-26 23:03:14,2025-06-20 03:40:22
0253804d-c179-48cc-82b5-ae3c9d667b1f,Sidra,Butt,sidra.butt@mobily.com.sa,+966583394312,1973-12-15,F,SA,Riyadh,SAR,pending,silver,True,2023-04-04 10:39:14,2023-04-04 10:39:14,2025-06-24 10:44:42
daf158bd-1189-40d0-b2e8-85fe9d71e49b,Daniel,White,danielwhite@hotmail.com,+966548042991,1963-02-21,M,SA,Riyadh,SAR,verified,silver,True,2024-10-05 01:49:35,2024-10-05 01:49:35,2025-11-20 14:19:19
0628c969-fa3f-459f-8216-c01191e3303a,Hamza,Nadeem,hamza676@mobily.com.sa,+966574850140,1973-01-18,M,SA,Tabuk,SAR,verified,basic,True,2024-04-13 04:49:14,2024-04-13 04:49:14,2024-04-17 10:46:42
be3a8637-1c45-411f-aaf7-88893aef4c9f,Aisha,Mohamed,,+201010954835,1987-03-26,F,EG,Suez,EGP,verified,basic,True,2026-01-29 23:58:27,2026-01-29 23:58:27,2026-03-07 15:34:48
cc31a7ba-ac69-4936-9c4e-cca04ee56de2,Kamran,Qureshi,kamranqureshi@hotmail.ae,+971509094465,2007-10-10,M,AE,Ajman,AED,verified,silver,True,2025-01-31 11:25:05,2025-01-31 11:25:05,2025-06-06 03:29:51
c6311fd6-4867-4768-94f8-3cc8f051dab6,Rania,Al-Kaabi,rania117@hotmail.ae,+201123459168,1978-02-02,F,EG,New Cairo,EGP,verified,basic,True,2023-06-17 06:14:49,2023-06-17 06:14:49,2024-05-26 18:26:27
f01add32-8f1c-4e67-9a94-576ac5492f5c,Tarek,Ahmed,tarek982@hotmail.com,+1-584-290-2770x384,1994-12-05,M,EG,Mansoura,EGP,verified,platinum,True,2025-09-26 00:41:25,2025-09-26 00:41:25,2026-01-04 04:33:21
cc7a92ed-dc5f-4514-9fc5-69ddbb02556c,Jana,Elgohary,janaelgohary@stc.com.sa,+201241094351,1979-07-19,F,EG,6th of October City,EGP,verified,basic,True,2025-07-10 11:27:13,2025-07-10 11:27:13,2026-02-12 14:46:21
48501fc4-5422-41ce-8179-e088138a9916,Jessica,Miller,jessica40@mobily.com.sa,+96555639031,1968-02-24,F,KW,Salmiya,KWD,pending,basic,True,2024-08-18 20:00:05,2024-08-18 20:00:05,2025-09-21 12:21:31
45856839-851d-4784-b467-89b3e76be9e3,Shweta,Patel,shweta.patel@yahoo.ae,+96597326357,1995-05-02,F,KW,Ahmadi,KWD,verified,basic,True,2024-09-08 05:32:14,2024-09-08 05:32:14,2025-10-29 06:48:45
d594817b-b223-4479-84f5-6bc2049e7073,Fatma,Al-Khalifa,fatma536@gmail.com,+201011305024,1976-08-28,F,EG,Shubra El Kheima,EGP,verified,silver,True,2024-03-08 13:25:15,2024-03-08 13:25:15,2026-01-15 10:31:12
25edb3be-bda4-4c4a-9ba3-ce7cf14e2d11,Sadia,Siddiqui,sadia803@yahoo.ae,+971544845464,1999-04-13,F,AE,Al Ain,AED,verified,silver,True,2025-04-12 12:56:02,2025-04-12 12:56:02,2025-07-28 05:37:52
7e06f200-d04b-47db-89f7-3287d554dde7,Rashed,Al-Thani,rashed.althani@yahoo.com,+201175874779,1972-01-30,M,EG,Cairo,EGP,pending,silver,True,2026-02-07 21:42:49,2026-02-07 21:42:49,2026-03-02 02:23:08
8749ab62-6243-4d06-aea6-c1fd32f7d4e9,Essam,Al-Ghamdi,essam394@gmail.com,+966599694039,1978-07-09,M,SA,Jeddah,SAR,pending,silver,True,2024-03-12 02:20:34,2024-03-12 02:20:34,2025-03-13 04:51:25
a5975656-c6ad-4482-95d2-c437502d3d6a,Miguel,Flores,,+966536756203,1989-08-06,M,SA,Riyadh,SAR,rejected,basic,True,2025-07-19 09:43:55,2025-07-19 09:43:55,2025-12-14 07:49:20
7f81895c-fd09-4a8f-9a5a-47be1f592aa8,Eman,Al-Nahyan,,+201036315159,1966-12-03,F,EG,Aswan,EGP,verified,platinum,True,2024-11-17 14:39:14,2024-11-17 14:39:14,2025-03-24 11:34:02
3a5a1bf0-5581-405f-9079-b5229cfc1104,Waleed,Al-Maktoum,waleed302@yahoo.com,+966584614941,1999-05-17,M,SA,Yanbu,SAR,verified,silver,True,2025-08-21 19:49:16,2025-08-21 19:49:16,2025-10-28 14:38:27
a5d46cbc-278f-4dbf-af06-eae4ab87893d,Emma,White,emmawhite@yahoo.com,001-371-369-4722x56996,1983-07-27,F,QA,Doha,QAR,verified,basic,True,2023-11-16 08:55:59,2023-11-16 08:55:59,2024-11-04 21:30:52
d29edcdc-df95-44c8-873f-b473e9602e66,Heba,Al-Anazi,heba276@outlook.com,+201252074850,1971-07-18,F,EG,Tanta,EGP,pending,basic,True,2024-01-30 19:49:43,2024-01-30 19:49:43,2024-12-04 05:17:41
e5dd3bd3-6ddb-47b8-8240-7cdbc6b08a17,Dina,Ali,dina7@etisalat.ae,+201223825676,1977-01-08,F,EG,Sharm El Sheikh,EGP,pending,gold,True,2024-02-29 00:09:51,2024-02-29 00:09:51,2025-09-23 21:53:54
001b9628-73ab-4424-8d6b-6d8ccae21c89,Zayed,Naguib,zayed.naguib@mobily.com.sa,+201148141360,1996-11-19,M,EG,Suez,EGP,verified,basic,True,2026-02-25 10:25:13,2026-02-25 10:25:13,2026-02-27 13:59:09
3c234dd5-e9e5-4cb8-8471-99597f97f63e,Hossam,Al-Zahrani,hossamalzahrani@hotmail.ae,+201189299984,1969-06-17,M,EG,Zagazig,EGP,verified,basic,True,2025-05-30 15:47:52,2025-05-30 15:47:52,2025-10-11 05:02:15
7298c72d-9bf5-4cb2-89c2-ea560f2f1283,Nisha,Verma,nisha.verma@mobily.com.sa,+971569977469,1971-04-19,F,AE,Fujairah,AED,pending,basic,True,2024-03-31 21:57:25,2024-03-31 21:57:25,2025-10-08 05:22:00
7cd04544-7a08-4204-968b-f48195634308,Heba,Al-Harbi,heba738@stc.com.sa,+971527347794,1972-08-06,F,AE,Sharjah,AED,verified,silver,True,2023-06-24 01:40:32,2023-06-24 01:40:32,2024-01-22 07:23:19
ffe35f6e-2150-4453-ab16-aecd64dc5c26,Sadia,Sheikh,sadiasheikh@stc.com.sa,+966512851472,1990-01-07,F,SA,Khobar,SAR,rejected,basic,True,2023-09-19 22:57:13,2023-09-19 22:57:13,2023-10-02 16:49:27
b3493bb6-1e02-44b5-9317-3969479abf6e,Divine,Bautista,divine.bautista@hotmail.com,+966562513254,1978-04-27,F,SA,Makkah,SAR,verified,basic,True,2023-06-04 18:24:55,2023-06-04 18:24:55,2025-02-03 08:57:34
fa7d0250-8692-4b3f-a3a1-1f99f4b0b3fd,Nisha,Verma,nisha602@hotmail.ae,+966568887754,1981-06-04,F,SA,Tabuk,SAR,verified,gold,True,2026-01-31 07:09:55,2026-01-31 07:09:55,2026-02-15 23:33:40
62418a34-cb1e-43fa-ae65-4a7acbed205b,Hussein,Hassan,hussein56@etisalat.ae,,2002-12-31,M,EG,6th of October City,EGP,verified,platinum,True,2023-11-11 02:37:02,2023-11-11 02:37:02,2024-01-15 15:25:19
4001d67f-ebec-48bd-b8d7-e271a0b612fb,Rajesh,Joshi,rajeshjoshi@outlook.sa,+966589739692,1960-10-16,M,SA,Jubail,SAR,pending,basic,True,2024-03-21 08:10:54,2024-03-21 08:10:54,2024-04-22 22:59:41
a9d3c417-d956-4934-9b8b-42841862781d,Rose,Torres,rose767@etisalat.ae,427.319.5005,1993-05-20,F,QA,Al Rayyan,QAR,verified,silver,True,2023-09-21 04:20:31,2023-09-21 04:20:31,2024-09-16 15:04:51
3643de6c-60a8-4e1d-861d-9f8fe2a794ce,Fatma,Elsayed,fatmaelsayed@hotmail.com,+201252512063,1983-11-05,F,EG,New Cairo,EGP,verified,basic,True,2025-07-01 04:47:50,2025-07-01 04:47:50,2025-11-03 21:43:17
cdef5631-eb95-46da-9cee-d136c2812861,Saif,Al-Shehri,saif755@hotmail.com,+966535619177,2002-05-11,M,SA,Buraidah,SAR,verified,silver,True,2023-04-07 19:04:52,2023-04-07 19:04:52,2024-10-24 08:47:17
91d9ede8-7f21-4057-b5b7-400bea406228,Sultan,Ali,sultanali@mobily.com.sa,+966575006173,1995-10-16,M,SA,Riyadh,SAR,verified,basic,True,2023-08-06 05:50:57,2023-08-06 05:50:57,2023-11-17 19:51:14
2724e57c-8d1c-4018-82a8-56b9aa2f96f1,Suresh,Sharma,sureshsharma@hotmail.ae,+971533997061,1975-03-17,M,AE,Sharjah,AED,verified,silver,True,2024-09-28 19:49:20,2024-09-28 19:49:20,2026-01-12 11:36:59
19441b15-c6f1-43b9-a8b6-e41ae3e460ee,Carlo,Castillo,carlo255@yahoo.com,+966531219548,1995-07-15,M,SA,Madinah,SAR,verified,platinum,True,2024-02-08 02:29:31,2024-02-08 02:29:31,2024-04-23 12:55:33
29ec0c00-4763-4da2-8978-09dd8bf24da9,Amanda,Johnson,amanda126@stc.com.sa,+966544875838,2005-06-15,F,SA,Taif,SAR,rejected,basic,True,2026-03-05 02:07:56,2026-03-05 02:07:56,2026-03-07 16:19:46
30439880-d1d1-42a7-b74c-871cac5bdeb4,Munira,Abdelfattah,,+201223972387,1997-08-18,F,EG,Giza,EGP,verified,basic,True,2024-10-12 08:31:09,2024-10-12 08:31:09,2025-04-27 17:05:01
41cd5dff-5c88-4792-8043-0018f7229012,Bilal,Elsharawy,bilal.elsharawy@yahoo.com,+201158319528,1994-12-23,M,EG,Hurghada,EGP,verified,basic,True,2025-07-16 19:12:46,2025-07-16 19:12:46,2026-02-17 20:31:11
a57adb4b-0e82-4a41-8ea8-43440997e1f7,Latifa,Al-Khalifa,latifa714@outlook.sa,+971542581875,1982-04-13,F,AE,Al Ain,AED,pending,basic,True,2023-07-07 15:26:14,2023-07-07 15:26:14,2025-07-26 05:34:40
21652980-9687-41f2-af19-cc11b3cddc4a,Abdulrahman,Al-Falasi,abdulrahman519@gmail.com,+201033206579,1995-11-14,M,EG,Giza,EGP,verified,basic,True,2024-06-25 04:18:10,2024-06-25 04:18:10,2024-07-27 03:59:44
322744f9-2923-47d3-bc43-6f4caf61da9d,Mahira,Javed,mahira.javed@hotmail.ae,+966513509536,1970-04-04,F,SA,Taif,SAR,verified,basic,True,2024-11-11 06:33:33,2024-11-11 06:33:33,2025-02-21 22:44:29
8ade8990-4d0b-4c3e-a75f-efca918bba37,Ritu,Agarwal,ritu.agarwal@outlook.sa,516-586-2278x376,1965-01-22,F,SA,Makkah,SAR,verified,silver,True,2024-03-20 03:18:57,2024-03-20 03:18:57,2024-10-12 22:42:27
62fe0385-1132-408a-b9a8-6cb3699be990,Mariam,Al-Suwaidi,mariam73@gmail.com,+971542503148,1976-01-28,F,AE,Fujairah,AED,verified,basic,True,2023-05-18 10:18:38,2023-05-18 10:18:38,2024-03-23 15:06:53
5d5f58d1-22c3-4697-a190-88d22633d9bf,Rohit,Desai,rohitdesai@mobily.com.sa,+966563617098,1974-05-29,M,SA,Abha,SAR,verified,basic,True,2024-08-06 06:24:55,2024-08-06 06:24:55,2026-03-04 01:15:25
7e610cf2-14ed-47bc-9489-388ad9d3de34,Ananya,Iyer,ananya332@yahoo.ae,+96569778944,1979-07-07,F,KW,Fintas,KWD,verified,basic,True,2023-06-11 02:13:10,2023-06-11 02:13:10,2024-04-17 20:42:38
bf54cc8b-1c40-4e32-92f3-2188f61256e6,Miguel,Santos,miguel.santos@outlook.com,+97451139824,1993-03-02,M,QA,Al Rayyan,QAR,verified,basic,True,2024-07-11 18:12:19,2024-07-11 18:12:19,2025-10-18 13:04:31
b0d92491-695e-4228-a67c-516ac48c3a54,Turki,Hussein,turki.hussein@mobily.com.sa,+966552476741,2002-09-25,M,SA,Madinah,SAR,verified,basic,True,2024-09-11 18:36:41,2024-09-11 18:36:41,2025-05-04 14:22:49
8ecad25e-8081-4de5-bf12-8cf77ed39adb,Waqar,Sheikh,waqarsheikh@yahoo.ae,+966539409604,1999-03-04,M,SA,Yanbu,SAR,verified,basic,True,2024-03-17 02:27:17,2024-03-17 02:27:17,2024-07-13 17:54:19
40f24426-afb2-4d8a-9915-5d0aaeaf816b,Nagwa,Elsharawy,nagwaelsharawy@yahoo.ae,+966586240913,1998-08-16,F,SA,Yanbu,SAR,verified,basic,True,2025-12-23 03:14:50,2025-12-23 03:14:50,2026-01-07 11:31:32
4b4daf6f-3339-42c4-b41a-01b40d58bd8f,Nisha,Kapoor,nisha.kapoor@hotmail.com,+971539941610,1998-10-09,F,AE,Ajman,AED,verified,basic,True,2025-10-05 11:43:37,2025-10-05 11:43:37,2026-02-01 09:32:26
16e5925c-46b2-4751-892e-dc480ae57587,Waleed,Al-Shehri,waleedalshehri@outlook.com,972-989-7526,1971-05-01,M,SA,Najran,SAR,verified,basic,False,2023-10-09 08:00:01,2023-10-09 08:00:01,2024-08-04 13:14:56
625c4825-dcce-4fe4-802d-3fc5ed9bb292,Yasmin,Ali,yasmin949@outlook.com,+201140369856,1987-01-03,F,EG,Sharm El Sheikh,EGP,verified,basic,True,2024-07-07 18:49:06,2024-07-07 18:49:06,2025-10-25 18:05:43
b1ef9f6b-ab82-4fa5-9d62-6f9bfd2dc965,Zeina,Al-Jaber,zeinaaljaber@gmail.com,+201286763742,1980-01-01,F,EG,Mansoura,EGP,verified,silver,True,2023-12-29 15:17:17,2023-12-29 15:17:17,2025-11-11 11:02:39
87f2c442-f9d9-48a2-98dd-2493f64dc850,Fares,Naguib,fares.naguib@hotmail.ae,,1980-11-28,M,SA,Yanbu,SAR,verified,basic,False,2024-11-17 01:09:25,2024-11-17 01:09:25,2025-06-27 02:59:28
72806902-36f1-48b5-85ae-339d891fe9e8,Lina,Al-Falasi,lina990@outlook.com,+201271920968,1990-11-13,F,EG,6th of October City,EGP,verified,basic,True,2024-07-24 04:39:07,2024-07-24 04:39:07,2024-08-12 13:02:50
172e11e2-892a-46e4-95f2-9acf8d86ec46,Maitha,Naguib,maithanaguib@outlook.sa,+201034008676,1986-02-01,F,EG,6th of October City,EGP,verified,basic,True,2025-07-11 15:32:10,2025-07-11 15:32:10,2025-07-28 16:46:13
1f97c87d-f38c-4b49-aac8-b302e0c556a4,Hamza,Akhtar,hamzaakhtar@mobily.com.sa,+97453426109,2002-07-20,M,QA,Mesaieed,QAR,verified,gold,True,2023-03-15 04:52:13,2023-03-15 04:52:13,2024-04-11 09:31:53
d8ac13f2-7ee7-48ae-85cc-b3189d484016,Karan,Reddy,karan972@stc.com.sa,+966558694746,1979-02-10,M,SA,Al Hofuf,SAR,rejected,basic,True,2025-07-06 23:31:43,2025-07-06 23:31:43,2026-03-04 16:10:00
170d4ec8-f12d-4edc-a908-ac67a4e602c5,Sneha,Singh,sneha632@gmail.com,+971511820721,1988-07-23,F,AE,Dubai,AED,verified,silver,True,2023-08-25 20:46:48,2023-08-25 20:46:48,2024-05-28 18:21:42
154071c4-6613-419f-938d-349881edd200,Samina,Hussain,saminahussain@etisalat.ae,3146556168,1969-05-05,F,SA,Al Hofuf,SAR,verified,silver,True,2025-03-10 02:28:43,2025-03-10 02:28:43,2025-04-26 11:49:03
04c68c13-e654-4df7-b45b-9d49a61ac95a,Ashok,Agarwal,ashokagarwal@hotmail.ae,+201146831833,1981-09-21,M,EG,6th of October City,EGP,verified,silver,True,2025-10-10 12:31:35,2025-10-10 12:31:35,2025-11-29 22:37:47
9a9d112a-e811-4e49-a566-2082c0623f18,Rashed,Al-Mutairi,rashed.almutairi@gmail.com,+966506936673,1963-04-13,M,SA,Najran,SAR,verified,basic,True,2024-12-11 21:43:37,2024-12-11 21:43:37,2025-08-28 04:03:56
58d2b491-f815-4206-a935-969b95886b83,Mariam,Al-Thani,mariamalthani@hotmail.com,+966514562439,1982-09-04,F,SA,Dammam,SAR,verified,basic,True,2024-01-05 02:34:46,2024-01-05 02:34:46,2025-06-13 01:46:42
cff44768-7bbc-443f-8e2a-88a5d7693549,Mark,Ramos,mark751@hotmail.com,+966578960796,1999-06-24,M,SA,Yanbu,SAR,verified,platinum,True,2024-01-27 05:44:31,2024-01-27 05:44:31,2025-07-12 16:15:47
05dffd82-e5f3-4771-91d1-ae6a82aa81af,Layla,Al-Rashid,layla.alrashid@hotmail.com,+201054522609,1981-08-02,F,EG,Hurghada,EGP,verified,basic,True,2026-03-09 07:23:00,2026-03-09 07:23:00,2026-03-09 07:31:38
78bb6246-7c96-4f3c-90fb-f4bd5aedfde8,Carlo,Santos,carlo827@etisalat.ae,,1988-05-07,M,QA,Al Rayyan,QAR,verified,basic,True,2024-05-04 11:18:42,2024-05-04 11:18:42,2024-07-10 21:20:22
18cacb12-83e8-4e56-8fe0-0683a8d13fcf,Raj,Menon,raj644@outlook.sa,+966504986975,1994-03-19,M,SA,Jeddah,SAR,verified,basic,True,2025-03-28 12:08:32,2025-03-28 12:08:32,2025-05-27 08:15:04
94948254-3eb1-45a7-8325-3b8e8df393f3,Sarah,Brown,sarah.brown@hotmail.com,001-252-318-2307x68104,1991-12-16,F,SA,Jubail,SAR,pending,basic,True,2024-08-08 11:05:49,2024-08-08 11:05:49,2024-09-13 07:12:16
3b2eceaf-6838-4ad1-a3fa-16a94e43643e,Alanoud,Al-Ketbi,alanoud.alketbi@etisalat.ae,+201123838227,1961-03-23,F,EG,Alexandria,EGP,verified,silver,True,2023-09-03 12:32:50,2023-09-03 12:32:50,2026-01-19 20:54:28
31cb4000-d215-41ea-8360-b8e60677a56b,Elizabeth,Martin,elizabethmartin@hotmail.ae,+97476343290,1992-03-21,F,QA,Al Rayyan,QAR,verified,basic,True,2023-04-23 18:04:48,2023-04-23 18:04:48,2026-03-08 02:23:38
81bf0bb1-d326-4c80-b9b8-9d444861dbb5,Mohamed,Al-Mutairi,mohamed869@yahoo.com,+971537435734,1992-01-20,M,AE,Ajman,AED,verified,basic,True,2026-02-26 22:49:41,2026-02-26 22:49:41,2026-02-28 03:09:28
11d4989e-c140-4522-a8fb-7c4c3b59c51f,Pallavi,Rao,pallavi342@yahoo.com,+971548808058,1964-08-19,F,AE,Ras Al Khaimah,AED,pending,basic,True,2023-04-25 17:28:59,2023-04-25 17:28:59,2025-05-03 03:13:57
d3fda395-50b6-4c5d-ab54-6c0dc091265c,Hamza,Al-Mutairi,hamzaalmutairi@stc.com.sa,+201125151444,1988-04-27,M,EG,Zagazig,EGP,verified,basic,True,2025-09-12 01:55:50,2025-09-12 01:55:50,2025-10-28 09:46:19
bb7625ab-a020-4e9f-8662-b0d3bbe02203,Salma,Naguib,salmanaguib@hotmail.ae,+201093332410,2005-10-02,F,EG,Ismailia,EGP,verified,basic,True,2026-01-02 01:07:47,2026-01-02 01:07:47,2026-01-09 14:38:12
8d98e46c-a3bb-4d4e-8729-b6ef6664a5d8,Angel,Del Rosario,angel.delrosario@outlook.sa,+1-817-724-6191,2004-01-29,F,SA,Najran,SAR,verified,silver,True,2025-04-15 13:48:47,2025-04-15 13:48:47,2025-12-27 22:59:40
baf03ca4-b564-489d-97c1-da7edd0a6f3f,Manisha,Kapoor,manisha.kapoor@hotmail.ae,+201018252004,1966-04-06,F,EG,Hurghada,EGP,verified,gold,True,2024-08-25 12:16:11,2024-08-25 12:16:11,2025-11-21 03:05:16
323ccbac-563f-479d-96bc-3b3e66c24afa,Younis,Hussein,younis.hussein@gmail.com,+201211089747,2007-12-21,M,EG,Mansoura,EGP,verified,basic,True,2025-01-08 08:40:29,2025-01-08 08:40:29,2025-11-10 14:22:08
cabbac0f-11b4-42bc-afdb-71ad67bc901c,Reem,Elsharawy,reem.elsharawy@yahoo.com,+201293914843,2004-04-22,F,EG,Aswan,EGP,verified,silver,True,2023-06-29 04:02:20,2023-06-29 04:02:20,2023-07-23 13:40:05
5ac01201-8bad-469c-9f4d-ce4ef8054a94,Nasser,Al-Falasi,nasser.alfalasi@hotmail.com,+201229326800,1984-05-13,M,EG,6th of October City,EGP,verified,basic,True,2024-10-27 08:21:31,2024-10-27 08:21:31,2025-04-20 16:28:27
238eac29-fcd4-42c8-8704-efd2827a2d7c,Jasmine,Villanueva,jasmine.villanueva@stc.com.sa,+971511124654,1965-08-19,F,AE,Al Ain,AED,verified,silver,True,2026-02-14 08:45:30,2026-02-14 08:45:30,2026-02-17 19:31:49
2356e31d-e0d7-445e-b8bb-7a7b6a3c4d96,Adam,Abdelaziz,adam.abdelaziz@yahoo.ae,+201280653292,1992-02-12,M,EG,Giza,EGP,verified,basic,True,2025-05-14 02:37:13,2025-05-14 02:37:13,2025-12-23 00:21:52
6be3bbb2-a279-48dc-b678-499b9e075fc2,Aya,Al-Maktoum,ayaalmaktoum@yahoo.com,+201054495054,1980-01-15,F,EG,Tanta,EGP,verified,basic,False,2025-12-23 06:31:59,2025-12-23 06:31:59,2026-03-04 20:45:11
3ac33c5e-c922-45d3-9f15-ff0d68627f07,Jana,Al-Shehri,jana807@yahoo.ae,+201293794410,2001-04-11,F,EG,Sharm El Sheikh,EGP,verified,basic,True,2023-08-30 00:01:03,2023-08-30 00:01:03,2024-05-27 06:05:36
47c6b1fa-2939-4d13-b09e-bbde1c4d99b9,Munira,Hassan,munirahassan@mobily.com.sa,+201289426041,2005-02-21,F,EG,Cairo,EGP,verified,silver,True,2024-03-13 08:28:40,2024-03-13 08:28:40,2025-02-18 06:07:15
372781b5-1586-4f55-8e0d-be05c5b51028,Ghada,Farouk,ghadafarouk@outlook.sa,+201195573823,1970-01-23,F,EG,Ismailia,EGP,verified,gold,False,2024-04-20 16:31:47,2024-04-20 16:31:47,2025-06-06 16:41:15
fc6c4755-4f89-4455-abe0-c9d1fe15e3e2,Lama,Ibrahim,lamaibrahim@mobily.com.sa,+201268349054,2006-02-20,F,EG,Suez,EGP,verified,basic,True,2025-02-23 00:31:43,2025-02-23 00:31:43,2025-12-10 22:33:43
599bd27d-b38c-487f-927a-68616b307301,Aya,Mostafa,,+96566660743,1961-10-19,F,KW,Mangaf,KWD,pending,gold,True,2023-05-01 14:19:24,2023-05-01 14:19:24,2025-12-18 19:07:32
32987ed6-0376-4110-9cb2-a8131f10f44e,Pradeep,Malhotra,pradeepmalhotra@yahoo.ae,+96593043299,1965-05-03,M,KW,Farwaniya,KWD,verified,basic,False,2025-12-29 17:33:11,2025-12-29 17:33:11,2026-03-01 18:01:10
964d1dd0-3268-45e7-a724-f0ec4fc68f7a,Ali,Al-Anazi,ali494@yahoo.com,+966525636946,1964-11-27,M,SA,Makkah,SAR,verified,silver,True,2025-01-22 02:58:29,2025-01-22 02:58:29,2026-02-08 01:19:59
a2142d2d-7694-4c6f-80b4-f031de040ee5,Rohit,Chopra,rohitchopra@gmail.com,+966577587312,1999-01-24,M,SA,Abha,SAR,verified,platinum,True,2023-06-27 02:18:58,2023-06-27 02:18:58,2024-07-20 09:13:30
2f311261-5323-4bb3-a8bd-8c34e9cda5ac,Younis,Al-Kharafi,younisalkharafi@mobily.com.sa,+201169845276,1987-09-03,M,EG,Ismailia,EGP,pending,silver,True,2025-01-15 02:33:45,2025-01-15 02:33:45,2025-03-10 13:18:55
0bdbc406-338f-4d12-9ef0-6d6c846885b3,Faisal,Abdelaziz,faisalabdelaziz@outlook.sa,+201082494849,1991-06-19,M,EG,Luxor,EGP,pending,basic,True,2023-07-12 16:48:02,2023-07-12 16:48:02,2024-10-05 03:14:35
51e577e4-c3f6-4d5a-9699-daf238b5ff42,Hassan,Elsharawy,hassanelsharawy@hotmail.com,+966564407796,1964-06-21,M,SA,Khobar,SAR,verified,silver,True,2024-11-02 15:27:31,2024-11-02 15:27:31,2025-12-27 12:04:44
649dacbf-8891-42c2-b6e3-e96d317f784a,Rashid,Al-Otaibi,rashid972@etisalat.ae,+966536162867,1976-01-15,M,SA,Dammam,SAR,verified,basic,True,2025-08-25 16:43:41,2025-08-25 16:43:41,2025-09-22 16:07:43
deaff3b8-2423-4de4-abc4-af04e2803a19,Ana,Garcia,anagarcia@hotmail.ae,+971529202292,1994-01-06,F,AE,Al Ain,AED,verified,basic,True,2023-09-03 02:04:53,2023-09-03 02:04:53,2024-08-10 17:37:16
9556b64f-b031-4a1a-be93-4be8ac7c60c5,Ali,Baig,ali.baig@gmail.com,,1973-12-22,M,AE,Abu Dhabi,AED,verified,silver,True,2023-06-15 18:04:11,2023-06-15 18:04:11,2025-04-07 20:23:05
b66b3187-cfe9-4adb-8821-738c545ba517,Priya,Agarwal,priya916@mobily.com.sa,+971556439759,1999-10-16,F,AE,Sharjah,AED,verified,silver,True,2024-03-22 04:53:01,2024-03-22 04:53:01,2024-04-22 19:33:57
07222053-51eb-47be-9498-ae6c4dfcf791,Khaled,Abdelaziz,khaled465@yahoo.com,+971557310431,1976-06-19,M,AE,Abu Dhabi,AED,verified,basic,True,2024-12-08 18:47:44,2024-12-08 18:47:44,2025-04-23 08:37:24
5cd16f67-2c89-4dfd-9ce4-699f96b9b7de,Noura,Elgohary,noura.elgohary@etisalat.ae,+97472476750,2005-01-19,F,QA,Al Wakrah,QAR,pending,silver,True,2025-11-06 21:26:03,2025-11-06 21:26:03,2025-12-17 07:17:27
864a57e4-b1f6-47f0-a608-d5ed31c9bbe1,Nour,Al-Subaie,nour.alsubaie@gmail.com,+201147101348,1963-10-03,F,EG,Sharm El Sheikh,EGP,verified,basic,True,2023-08-18 22:15:18,2023-08-18 22:15:18,2025-11-30 16:30:42
8b74139e-e07b-450a-923f-0f7e1347d13a,Imran,Siddiqui,imran.siddiqui@etisalat.ae,+971551487633,1982-05-19,M,AE,Abu Dhabi,AED,verified,gold,True,2023-08-27 19:12:19,2023-08-27 19:12:19,2024-08-15 15:32:10
f217784c-4dce-4489-8ad9-cb9ece72525d,Cherry,Reyes,cherryreyes@outlook.com,+971537922203,1985-08-08,F,AE,Sharjah,AED,verified,basic,False,2024-10-31 09:52:29,2024-10-31 09:52:29,2025-02-14 08:38:27
9a5e6c53-d04d-4419-a293-2840ab0e46e7,Meera,Al-Mansouri,meeraalmansouri@stc.com.sa,+201071436848,2001-10-19,F,EG,Alexandria,EGP,verified,basic,True,2025-11-24 19:29:20,2025-11-24 19:29:20,2025-12-27 19:26:44
f1cc0a86-57ca-4efc-8b7e-17b95abf1935,Farhan,Chaudhry,,+966504853765,1960-07-13,M,SA,Dammam,SAR,verified,silver,True,2025-08-16 22:16:11,2025-08-16 22:16:11,2026-01-26 04:11:08
255f070f-1563-460b-b232-e275dea42ab2,Ali,Chaudhry,ali.chaudhry@yahoo.com,+971508896240,2004-04-04,M,AE,Fujairah,AED,verified,platinum,True,2024-03-15 02:02:47,2024-03-15 02:02:47,2024-05-24 13:22:01
7df8583d-3cf3-4499-926d-132afb21e1c6,Ibrahim,Elgohary,ibrahimelgohary@yahoo.com,+201112138110,1964-12-30,M,EG,Alexandria,EGP,verified,silver,True,2025-11-08 04:46:51,2025-11-08 04:46:51,2026-01-21 22:26:53
0309738b-ac78-4d41-9027-c3414f7404f0,Hamad,Hussein,,+201054681905,2002-04-26,M,EG,Mansoura,EGP,verified,basic,True,2025-03-01 14:46:01,2025-03-01 14:46:01,2025-03-17 11:44:36
4e829cf0-b509-46a2-96bb-8e3024660b91,Mahmoud,Al-Mazrouei,mahmoud974@etisalat.ae,+201159066128,1994-06-15,M,EG,Shubra El Kheima,EGP,verified,gold,False,2024-04-28 00:58:39,2024-04-28 00:58:39,2025-10-08 09:19:22
a986cb8f-f1e5-4025-8653-002ed6be8eff,Maryam,Mirza,maryam.mirza@yahoo.com,+966575649727,1991-05-06,F,SA,Jubail,SAR,verified,basic,True,2023-12-27 07:29:05,2023-12-27 07:29:05,2024-05-10 22:35:27
1adbb67f-e957-45fb-b32b-9711247a233a,Mariam,Al-Falasi,mariamalfalasi@gmail.com,+971553999964,2006-08-16,F,AE,Ras Al Khaimah,AED,verified,basic,True,2024-12-15 18:45:59,2024-12-15 18:45:59,2026-02-09 07:50:43
505ec57e-df56-4ee2-aa8f-1932bae48731,Lulwa,Abdelrahman,lulwaabdelrahman@mobily.com.sa,+201127720413,1980-11-17,F,EG,Luxor,EGP,verified,silver,True,2025-02-18 04:53:47,2025-02-18 04:53:47,2025-09-26 12:03:54
2ce6253a-1922-4d97-bda0-be7c5920c7da,Amit,Sinha,amit.sinha@outlook.sa,+97464804769,2005-07-13,M,QA,Mesaieed,QAR,verified,silver,True,2026-02-18 00:49:12,2026-02-18 00:49:12,2026-03-09 07:37:29
03e94af8-9595-492a-b288-e32a6c25d7a0,Rohit,Menon,rohitmenon@stc.com.sa,+966593705405,1980-09-15,M,SA,Al Hofuf,SAR,verified,basic,True,2025-06-15 16:48:21,2025-06-15 16:48:21,2025-08-01 21:10:29
8aa04db7-6ede-406b-a96a-6d641c83fcda,James,Martin,jamesmartin@gmail.com,+966507787429,1969-09-03,M,SA,Madinah,SAR,verified,basic,True,2023-05-10 23:28:45,2023-05-10 23:28:45,2025-09-12 20:45:23
29e73184-c617-44af-b7fa-843e77668687,Mahira,Sheikh,mahira.sheikh@yahoo.com,251.350.9398x343,1990-07-01,F,EG,Hurghada,EGP,verified,gold,True,2025-06-23 02:37:10,2025-06-23 02:37:10,2025-07-27 01:01:53
84e3f4e0-506c-4931-8a64-4ee6064b7758,Maria,Cruz,maria34@hotmail.ae,+971544262330,1981-02-24,F,AE,Abu Dhabi,AED,verified,basic,False,2024-09-05 12:37:10,2024-09-05 12:37:10,2025-08-17 14:45:31
b166422c-223d-4e93-9f17-623897f16b1b,Joy,Castillo,joy.castillo@mobily.com.sa,+966582469661,2000-05-19,F,SA,Abha,SAR,verified,basic,True,2023-06-20 10:07:45,2023-06-20 10:07:45,2025-01-24 03:56:24
befc8c95-2f10-4a97-98e9-f3ba4e7a8227,Ryan,Villanueva,ryan697@outlook.sa,+96565585697,2000-01-04,M,KW,Hawalli,KWD,verified,basic,True,2024-06-20 20:15:56,2024-06-20 20:15:56,2025-02-11 21:38:24
04071ce5-2c59-4b60-b365-926441131bf4,Grace,Flores,grace.flores@etisalat.ae,+971504766824,1979-01-19,F,AE,Sharjah,AED,verified,gold,True,2023-09-11 03:01:07,2023-09-11 03:01:07,2025-10-16 01:15:47
7435f0d1-49c8-465a-8cf5-b55886b3212f,Meera,Mostafa,meeramostafa@yahoo.ae,+966547069317,1971-04-20,F,SA,Tabuk,SAR,pending,basic,True,2024-09-14 21:27:01,2024-09-14 21:27:01,2024-10-25 23:21:36
725fb8df-03bc-4a0d-918e-b137dde575d2,Shamma,Al-Ketbi,shamma136@outlook.sa,+966527059317,2007-09-07,F,SA,Khamis Mushait,SAR,verified,basic,True,2026-02-06 12:20:54,2026-02-06 12:20:54,2026-02-24 02:43:04
74ff7465-b3fa-4d49-9085-535168297fa1,Anil,Sinha,anil.sinha@hotmail.com,+966529966085,1975-03-26,M,SA,Abha,SAR,verified,basic,True,2025-04-29 16:37:44,2025-04-29 16:37:44,2025-07-11 20:48:02
ae54a833-d1e6-4b76-86c1-35fa65b91407,Fahad,Elsharawy,fahad.elsharawy@stc.com.sa,711.420.7545x279,1962-02-21,M,EG,Zagazig,EGP,verified,platinum,True,2024-06-25 00:36:25,2024-06-25 00:36:25,2026-01-24 06:21:04
3d294f53-ea61-44c7-8e77-8517da2da0a9,Lama,Al-Nuaimi,lama929@mobily.com.sa,+966514730545,1995-02-16,F,SA,Madinah,SAR,verified,basic,True,2025-12-28 15:51:55,2025-12-28 15:51:55,2026-02-24 06:03:57
12facd86-9604-4a38-b55e-13ae3ea7b285,Younis,Al-Mansouri,younis.almansouri@stc.com.sa,+966538869895,1966-05-13,M,SA,Makkah,SAR,rejected,basic,True,2023-04-24 04:00:48,2023-04-24 04:00:48,2023-12-06 06:46:14
cbd3696c-215d-41fc-9d4b-66633404467a,Andrew,Jackson,andrewjackson@yahoo.ae,001-293-389-1190x83342,1994-06-30,M,SA,Makkah,SAR,verified,gold,True,2024-02-05 04:13:34,2024-02-05 04:13:34,2025-11-27 09:32:55
21d3e1db-cb52-438f-87a3-22826a4fc34c,Alanoud,Al-Jaber,alanoud613@hotmail.com,+966547148229,1967-09-10,F,SA,Yanbu,SAR,verified,basic,True,2025-03-02 11:13:43,2025-03-02 11:13:43,2025-09-20 07:26:26
08e53a63-d281-4fc2-9e61-19ce79704735,Mahira,Raza,mahiraraza@yahoo.ae,+966549318412,1987-11-26,F,SA,Najran,SAR,verified,silver,True,2025-07-17 04:38:08,2025-07-17 04:38:08,2025-11-07 01:07:27
38b6abdd-7a19-4ede-b33a-b5d982ffb19f,Lama,Al-Harbi,lama.alharbi@outlook.com,+201167440042,2007-06-26,F,EG,New Cairo,EGP,pending,silver,True,2024-11-21 01:30:37,2024-11-21 01:30:37,2026-02-22 18:17:41
c4bab984-73fe-457d-93cc-59586383f877,Ali,Ibrahim,ali60@hotmail.com,+966523830705,1994-12-27,M,SA,Al Hofuf,SAR,verified,platinum,True,2025-03-31 09:50:55,2025-03-31 09:50:55,2025-07-17 17:17:51
73b52caf-6c34-4bdf-9376-893d6f01d778,Hamza,Elgohary,hamza.elgohary@mobily.com.sa,+201129780216,2002-07-06,M,EG,Luxor,EGP,pending,basic,True,2024-06-22 00:35:23,2024-06-22 00:35:23,2025-10-19 02:29:16
2fe4a342-239f-45f4-b822-e4bae34937a5,Layla,Mahmoud,layla.mahmoud@stc.com.sa,+201222929680,1968-04-17,F,EG,Giza,EGP,verified,basic,True,2025-01-06 07:52:05,2025-01-06 07:52:05,2025-10-31 07:14:50
4458af26-f60f-46f6-8235-b009691df412,Mashael,Al-Mazrouei,mashael.almazrouei@hotmail.ae,+201070413482,1967-08-18,F,EG,Ismailia,EGP,verified,basic,True,2025-04-04 22:47:28,2025-04-04 22:47:28,2025-11-11 20:54:21
e8089ebe-5c7a-453c-b325-1470bef903f9,Saeed,Al-Shehri,,+966588882244,2000-05-14,M,SA,Buraidah,SAR,verified,basic,True,2023-04-22 10:33:00,2023-04-22 10:33:00,2023-07-01 12:41:16
79ae9d3a-9c20-4559-80df-59e1cab92736,Deepak,Chopra,deepak360@hotmail.com,,1985-02-13,M,EG,Port Said,EGP,pending,gold,False,2023-09-24 20:43:28,2023-09-24 20:43:28,2025-03-19 19:47:37
e7b12d13-aaad-4996-95b0-84bd2a506185,Adam,Abdelfattah,adam.abdelfattah@yahoo.com,(355)765-0333x49114,1961-07-11,M,EG,Suez,EGP,pending,basic,False,2023-11-28 10:59:00,2023-11-28 10:59:00,2025-04-18 01:30:01
af2d5120-7d89-4ce0-acaf-0863eb2d4f0b,Sachin,Mehta,sachin.mehta@mobily.com.sa,+201015016739,2006-02-15,M,EG,Tanta,EGP,verified,silver,True,2026-02-14 22:25:47,2026-02-14 22:25:47,2026-02-19 22:22:48
9f0baae4-d90f-4aa4-8e83-52ae6b32c1fe,Saleh,Al-Khalifa,saleh.alkhalifa@gmail.com,+966569333769,2002-09-08,M,SA,Najran,SAR,verified,basic,False,2024-02-23 14:47:38,2024-02-23 14:47:38,2025-09-22 15:13:49
bbd821cc-a4bd-4d16-b940-45920460b6c6,Leo,Aquino,leo108@etisalat.ae,+966512589366,1996-12-05,M,SA,Madinah,SAR,verified,gold,True,2026-01-03 08:36:46,2026-01-03 08:36:46,2026-02-02 18:46:41
3434044a-db41-407e-b4a0-c47da071f2fd,Younis,Al-Otaibi,younis512@yahoo.ae,+201236853878,1973-11-03,M,EG,6th of October City,EGP,rejected,basic,True,2025-05-29 00:46:33,2025-05-29 00:46:33,2025-10-17 12:03:42
f15bf5a7-6f69-4465-8e95-ed92090da332,Hamad,Abdelrahman,hamad.abdelrahman@hotmail.com,(365)413-6442x49363,1962-01-26,M,SA,Yanbu,SAR,verified,basic,True,2024-01-01 20:18:07,2024-01-01 20:18:07,2025-01-17 08:26:03
61d05953-03b8-4cc7-a676-53d5450c6a69,Arjun,Mehta,arjunmehta@outlook.com,+966588787307,1981-07-19,M,SA,Riyadh,SAR,rejected,basic,True,2023-07-18 02:16:28,2023-07-18 02:16:28,2026-02-06 15:32:18
cf1b8a78-d3e2-480d-8aaf-6eb7829cdcef,Nisha,Shah,nisha.shah@gmail.com,+96567097414,1982-08-05,F,KW,Mangaf,KWD,verified,basic,True,2024-07-08 13:56:18,2024-07-08 13:56:18,2025-10-05 10:34:06
b5bd1d4b-e575-4b93-89da-dca485c985e7,Layla,Al-Maktoum,laylaalmaktoum@outlook.sa,+966594958384,1967-11-15,F,SA,Riyadh,SAR,verified,basic,True,2026-02-28 12:47:37,2026-02-28 12:47:37,2026-03-04 08:58:40
a4dbbf1b-83e3-4731-b00c-a786deadc47a,Christopher,Jackson,christopherjackson@hotmail.ae,+971518966730,1986-05-13,M,AE,Abu Dhabi,AED,pending,basic,True,2025-07-15 08:20:39,2025-07-15 08:20:39,2025-11-12 10:56:07
c7a6fc4c-e9f8-4bfa-aca8-4578426f1ce0,Majed,Al-Nuaimi,majedalnuaimi@yahoo.ae,,2007-11-11,M,SA,Hail,SAR,verified,platinum,True,2025-11-26 06:54:06,2025-11-26 06:54:06,2026-02-04 17:55:44
67370f0d-b45e-4c7c-8f7f-bd0c74140040,Hussein,Al-Thani,husseinalthani@hotmail.ae,+201226381779,1987-11-01,M,EG,New Cairo,EGP,verified,silver,False,2025-12-04 19:13:39,2025-12-04 19:13:39,2026-02-19 10:28:13
5b496235-c3dd-443b-9e7a-d0356f44e3ae,Omar,Farouk,omar.farouk@yahoo.ae,+201014547522,1962-01-17,M,EG,Sharm El Sheikh,EGP,verified,basic,True,2026-02-21 16:27:56,2026-02-21 16:27:56,2026-02-22 22:48:55
36a1c6f6-d580-4f7b-a0f0-efe5577aa422,Pallavi,Rao,pallavirao@yahoo.ae,+971518439100,1969-04-09,F,AE,Ajman,AED,verified,silver,False,2025-03-21 19:54:43,2025-03-21 19:54:43,2025-07-01 01:37:28
337b9bce-79ea-463a-98f7-b7c05a758dfe,Manisha,Bhatia,manishabhatia@outlook.com,+201033283960,1971-09-02,F,EG,New Cairo,EGP,verified,silver,True,2026-03-03 02:03:54,2026-03-03 02:03:54,2026-03-03 16:33:55
90783b01-4ad3-44c2-ac22-72357d094ab0,Lama,Al-Mansouri,lama.almansouri@mobily.com.sa,+201063825994,1993-10-24,F,EG,Ismailia,EGP,verified,basic,True,2024-05-30 01:09:17,2024-05-30 01:09:17,2025-03-22 19:31:16
afabe3bc-5b0a-4d42-83f1-5b9cc998b1e5,Faisal,Mostafa,,001-736-926-2044x3973,1960-11-20,M,SA,Hail,SAR,verified,basic,True,2023-07-20 21:43:26,2023-07-20 21:43:26,2025-07-18 06:53:50
4faeec5e-11be-4e8f-be2e-4fff98c9321b,Haifa,Al-Ghamdi,haifaalghamdi@yahoo.com,+201227878463,1977-06-12,F,EG,Aswan,EGP,verified,basic,True,2023-03-18 01:01:35,2023-03-18 01:01:35,2025-05-09 19:42:55
b0838a48-f57e-4756-ba36-50b78ec0a558,Shruti,Das,shrutidas@outlook.com,+971516075231,1966-04-15,F,AE,Dubai,AED,verified,basic,False,2023-09-30 15:28:16,2023-09-30 15:28:16,2025-02-04 13:55:14
51b81847-eff5-4798-a588-0fbac019a455,Dalia,Naguib,dalianaguib@hotmail.com,+201181192277,1970-06-24,F,EG,Alexandria,EGP,verified,silver,True,2025-04-10 21:12:20,2025-04-10 21:12:20,2025-11-12 16:28:09
7c58cfeb-7b42-48f1-8658-7bad43a1c500,Shalini,Iyer,shalini888@yahoo.com,+966568381800,1990-03-26,F,SA,Tabuk,SAR,verified,gold,True,2023-05-12 01:58:46,2023-05-12 01:58:46,2024-11-15 22:00:45
f67ebf72-f1b5-41fa-b9b8-7aacc41d3012,Joanne,Reyes,joannereyes@yahoo.com,+966559140297,1999-01-11,F,SA,Buraidah,SAR,verified,basic,True,2025-06-03 20:25:48,2025-06-03 20:25:48,2025-08-12 23:27:13
4209f913-94cc-4324-8429-8b2a2543ce5a,Ayesha,Malik,ayesha455@hotmail.com,+971535129836,2004-12-17,F,AE,Abu Dhabi,AED,verified,basic,True,2025-09-17 18:41:41,2025-09-17 18:41:41,2025-09-18 21:44:58
3dec21b6-cc3b-4648-b7a2-364f78bb9ee8,Waleed,Al-Saud,waleedalsaud@hotmail.com,+971568601790,1972-04-19,M,AE,Ras Al Khaimah,AED,verified,gold,False,2024-04-09 02:21:15,2024-04-09 02:21:15,2024-10-12 13:46:19
4420cf96-82a5-4d87-aca2-0e93b5bd8171,Mohamed,Al-Ketbi,mohamed.alketbi@outlook.com,+971551344134,1990-07-01,M,AE,Fujairah,AED,verified,basic,False,2025-04-08 07:37:27,2025-04-08 07:37:27,2025-09-06 00:52:50
144b3aa8-1cc4-403b-a209-94f83fafdcfb,Khalifa,Al-Shehri,khalifa507@etisalat.ae,+201273946652,1992-01-18,M,EG,6th of October City,EGP,verified,gold,True,2024-06-03 07:20:55,2024-06-03 07:20:55,2025-05-09 00:14:47
6ce0a702-40b1-422f-80cb-77706382e1c7,Ashley,Martin,ashley.martin@hotmail.com,+97453143956,1991-10-22,F,QA,Al Rayyan,QAR,verified,basic,True,2023-08-03 11:47:12,2023-08-03 11:47:12,2026-01-02 14:11:25
e37d9399-8d6b-49a1-aa9b-a9e787bf1bb3,Megan,Martin,megan.martin@outlook.sa,6177226016,1991-02-24,F,QA,Doha,QAR,verified,basic,True,2025-09-06 21:52:11,2025-09-06 21:52:11,2026-01-31 23:23:47
0b22a174-585e-4b99-9ed6-932b83b625f4,Pallavi,Patel,pallavi.patel@outlook.sa,+97464140556,1961-02-02,F,QA,West Bay,QAR,verified,basic,True,2023-09-06 23:14:07,2023-09-06 23:14:07,2024-05-30 17:59:35
cede806f-28b8-44da-a8e1-3007c66987fc,Alanoud,Saad,alanoud850@outlook.sa,+201198020116,1992-12-04,F,EG,Sharm El Sheikh,EGP,verified,basic,True,2024-01-28 17:47:41,2024-01-28 17:47:41,2025-06-15 13:00:28
3a6b7ac4-4d04-41ba-9240-743a61a469c3,Salma,Ahmed,salmaahmed@gmail.com,+966575056398,1980-04-01,F,SA,Jubail,SAR,rejected,basic,True,2024-01-16 11:35:41,2024-01-16 11:35:41,2025-09-16 00:28:27
d33c7b20-d6ae-4aff-8465-3f758332e367,Hassan,Elshamy,hassan.elshamy@hotmail.com,+201116834659,1961-06-24,M,EG,Cairo,EGP,verified,basic,True,2025-06-07 09:56:04,2025-06-07 09:56:04,2025-11-18 07:18:06
203e2aff-59bb-4e63-b5c4-698d84e67dca,Abeer,Ibrahim,abeeribrahim@yahoo.com,+201087363548,1975-02-19,F,EG,Sharm El Sheikh,EGP,verified,platinum,True,2025-05-06 07:11:39,2025-05-06 07:11:39,2025-12-20 12:34:13
f01fe988-0f2b-4f73-bd91-55aa1d4348b4,Rashed,Al-Saud,rashed.alsaud@mobily.com.sa,+201055520344,1993-10-13,M,EG,6th of October City,EGP,verified,basic,True,2024-12-14 22:10:31,2024-12-14 22:10:31,2025-08-07 18:39:24
582bc816-2084-435e-8abc-4741d3e6cfac,Mona,Elmasry,monaelmasry@yahoo.ae,+971501789356,1977-09-24,F,AE,Al Ain,AED,pending,silver,True,2025-04-03 06:10:01,2025-04-03 06:10:01,2025-08-13 10:13:06
3f27fbe0-f285-4ee1-9f94-580cd623fe7f,Latifa,Al-Dossari,latifaaldossari@etisalat.ae,+201157679636,1968-03-21,F,EG,New Cairo,EGP,verified,basic,True,2025-11-12 06:30:08,2025-11-12 06:30:08,2025-12-22 03:40:17
ab2a8cf1-2541-4315-8ac6-c5798889039e,Robert,White,robert.white@stc.com.sa,+97469487536,1971-11-03,M,QA,Al Khor,QAR,verified,basic,True,2025-05-02 05:45:59,2025-05-02 05:45:59,2025-06-04 08:12:12
b423287c-e9d0-43b3-ba3f-3658f91e2e9e,Amit,Kapoor,amitkapoor@yahoo.ae,+966597248445,1970-02-03,M,SA,Makkah,SAR,verified,basic,True,2025-01-25 05:41:02,2025-01-25 05:41:02,2025-02-01 23:08:28
13fa70e2-97af-4605-9f55-967f6318e65a,Juan,Cruz,juancruz@outlook.sa,(626)706-0290x8466,1960-09-21,M,SA,Khobar,SAR,verified,basic,False,2024-08-25 08:16:15,2024-08-25 08:16:15,2025-03-30 15:45:42
320b2ead-2160-48f0-a829-49a14bca861b,Mohamed,Elsayed,mohamed.elsayed@gmail.com,+201180839007,1968-10-04,M,EG,Luxor,EGP,verified,platinum,True,2024-11-04 13:10:02,2024-11-04 13:10:02,2025-12-13 19:25:32
69fa5ef5-60e3-4082-b8f3-ca0486240d96,Ahmed,Elbanna,ahmed994@gmail.com,+971534585870,1988-12-14,M,AE,Fujairah,AED,pending,gold,True,2024-06-23 20:56:12,2024-06-23 20:56:12,2025-07-21 07:56:15
09d776dc-ad73-4ddb-b601-bd27aa0482bf,Alanoud,Ibrahim,alanoud720@hotmail.com,+201124823261,1979-07-20,F,EG,6th of October City,EGP,verified,basic,True,2024-06-16 12:11:56,2024-06-16 12:11:56,2025-11-16 12:31:58
78929651-1a12-48b5-a890-332b8e255fc6,Jana,Al-Mazrouei,jana.almazrouei@outlook.sa,+971547336179,1966-06-18,F,AE,Dubai,AED,verified,basic,True,2023-07-15 00:21:58,2023-07-15 00:21:58,2023-10-19 15:06:51
e20060ce-c30f-40b0-9137-2fb625da5802,Rania,Al-Subaie,raniaalsubaie@hotmail.ae,+201067027331,2007-01-27,F,EG,Hurghada,EGP,verified,basic,True,2025-01-21 08:31:27,2025-01-21 08:31:27,2026-02-05 14:13:51
7fe55106-d06e-48f9-ad85-e434a1bad718,Lama,Al-Jaber,lama669@yahoo.ae,+201165958370,1968-05-30,F,EG,Giza,EGP,verified,basic,True,2023-08-28 02:47:05,2023-08-28 02:47:05,2025-03-24 05:56:53
bf8b5fb6-b6e5-4433-b8d0-abd65eaad686,Junaid,Javed,junaid.javed@stc.com.sa,+966545858523,1980-12-13,M,SA,Jeddah,SAR,pending,basic,True,2023-05-24 06:59:48,2023-05-24 06:59:48,2024-08-06 15:58:58
d1baab9e-5831-4f6c-8b78-9b2488bb3ed8,Nasser,Al-Qahtani,nasseralqahtani@stc.com.sa,+201238934853,1992-07-10,M,EG,Hurghada,EGP,verified,platinum,True,2024-10-15 20:07:40,2024-10-15 20:07:40,2026-01-29 07:22:30
8b07fc13-2807-49e5-94c5-0df9314e0cc9,Mahmoud,Al-Maktoum,mahmoud.almaktoum@yahoo.com,+97478548562,1966-03-18,M,QA,Al Wakrah,QAR,verified,basic,True,2025-12-07 02:40:05,2025-12-07 02:40:05,2026-03-01 04:29:10
f671b6c9-aebb-4041-bc32-92353eb2494a,Waleed,Elsayed,waleedelsayed@etisalat.ae,+201032228439,1996-05-18,M,EG,Tanta,EGP,verified,silver,True,2025-12-26 06:39:27,2025-12-26 06:39:27,2026-01-12 17:29:23
2d22375b-32ab-46a8-aaad-6199a147a9fd,Haifa,Al-Mutairi,haifa371@stc.com.sa,+201112546591,1988-06-03,F,EG,Zagazig,EGP,verified,silver,True,2023-12-15 02:58:50,2023-12-15 02:58:50,2024-01-21 11:53:17
b89f72b7-d931-4278-83c3-79df0b5a2693,Bilal,Elsharawy,bilal731@gmail.com,+201280853774,2006-05-13,M,EG,Zagazig,EGP,pending,basic,True,2024-12-01 09:31:13,2024-12-01 09:31:13,2025-04-11 19:28:12
74ce2a7f-b89f-4cb9-a591-c9d93fdcc490,Adnan,Raza,adnan668@mobily.com.sa,+966566457472,1994-07-06,M,SA,Abha,SAR,verified,silver,True,2025-05-07 19:55:47,2025-05-07 19:55:47,2025-10-04 08:50:36
2a9fbcb6-fbf9-4997-8bb8-d16b99f6c2a9,Maitha,Al-Ketbi,maitha164@hotmail.ae,,1978-07-06,F,SA,Buraidah,SAR,verified,silver,True,2023-09-04 11:41:56,2023-09-04 11:41:56,2023-12-07 16:13:22
5b5d7b5d-88a0-4fb6-96ee-c74171a0e3fa,Andrew,Anderson,andrew.anderson@hotmail.ae,+97439123050,1987-11-12,M,QA,Lusail,QAR,pending,platinum,True,2025-08-08 10:53:14,2025-08-08 10:53:14,2026-01-28 15:44:35
1c226a65-4262-404c-84cb-62b27cd60f8c,Vijay,Khanna,vijay144@mobily.com.sa,+971504413440,1971-07-30,M,AE,Ras Al Khaimah,AED,verified,basic,True,2025-12-18 04:57:10,2025-12-18 04:57:10,2025-12-18 06:13:04
beb0ff5d-6bd2-4296-8e2d-42fbde3f4f36,Karim,Al-Anazi,karimalanazi@yahoo.com,+966599089743,1998-01-20,M,SA,Hail,SAR,verified,platinum,True,2023-10-12 15:41:37,2023-10-12 15:41:37,2024-12-19 18:39:14
5e418b26-c40e-4db1-a8e8-e2e01543d0ea,Jennifer,Jones,jennifer.jones@etisalat.ae,+96596340253,1960-11-02,F,KW,Kuwait City,KWD,verified,gold,True,2023-03-16 08:41:46,2023-03-16 08:41:46,2026-01-24 09:00:31
b49acb65-da3f-46a6-8739-2e1b90602e86,Hessa,Al-Nuaimi,hessa.alnuaimi@stc.com.sa,+97472361450,1973-04-26,F,QA,Al Khor,QAR,verified,basic,True,2024-10-05 05:40:25,2024-10-05 05:40:25,2025-09-15 13:12:06
f08dc473-54b3-4ee4-8ce2-6420a94807e2,Manisha,Mehta,,+971531331881,2001-06-04,F,AE,Ras Al Khaimah,AED,verified,basic,True,2026-03-07 09:57:18,2026-03-07 09:57:18,2026-03-08 01:10:48
d3c16dcc-ec37-4e5f-8338-50b182ed6bfe,Rashid,Al-Dossari,rashid334@hotmail.com,001-487-328-3999,1968-11-29,M,SA,Abha,SAR,verified,platinum,True,2025-09-08 09:31:10,2025-09-08 09:31:10,2026-01-31 06:00:27
f7a11a59-a2ad-4ebe-b4d2-76f0b86fac2c,Mohamed,Al-Nuaimi,mohamed661@outlook.sa,001-843-808-9487x0605,1968-06-20,M,AE,Ajman,AED,verified,basic,True,2024-05-08 09:56:31,2024-05-08 09:56:31,2025-10-18 17:17:40
72fe0b58-f23b-4d63-b482-29cfe5a96cd5,Faisal,Elshamy,faisalelshamy@mobily.com.sa,+966598828026,1989-01-10,M,SA,Riyadh,SAR,verified,basic,True,2026-02-12 21:24:11,2026-02-12 21:24:11,2026-02-16 12:07:56
ff80b586-0393-4d0b-91dd-4a671cacc812,Rania,Mahmoud,rania.mahmoud@outlook.sa,+966524303044,1976-05-28,F,SA,Abha,SAR,verified,silver,True,2025-03-14 09:22:01,2025-03-14 09:22:01,2025-07-24 17:52:17
dea2e2fb-4643-4dc7-9908-c01b81c95653,Saud,Abdelaziz,saud.abdelaziz@yahoo.com,001-499-271-7911x00651,1963-11-30,M,EG,Aswan,EGP,verified,basic,True,2025-01-24 05:04:00,2025-01-24 05:04:00,2025-09-15 08:53:41
207e3845-8a67-4e00-9bf2-c34bac006117,Priya,Verma,priya104@mobily.com.sa,+966528245056,1991-10-10,F,SA,Taif,SAR,verified,basic,True,2024-10-26 02:43:49,2024-10-26 02:43:49,2025-09-23 15:11:58
b2455d7d-802c-49d1-b0b6-caf524607797,Majed,Al-Ketbi,majedalketbi@gmail.com,+201293243271,1992-12-11,M,EG,Sharm El Sheikh,EGP,verified,basic,True,2024-12-22 17:25:59,2024-12-22 17:25:59,2025-12-03 01:49:51
27c04acd-a332-4a5c-a406-2feaf6a5b48b,Miguel,Reyes,miguel72@stc.com.sa,+97462014873,1981-03-11,M,QA,Lusail,QAR,verified,platinum,True,2025-03-08 02:16:08,2025-03-08 02:16:08,2025-10-28 09:42:26
cf1a59ab-e6d6-4ec3-be8f-3e5188952822,Shalini,Shah,shalinishah@hotmail.ae,+966555883242,1973-11-18,F,SA,Riyadh,SAR,verified,basic,True,2025-11-28 18:46:04,2025-11-28 18:46:04,2025-12-12 01:33:08
10ce3ec6-29b3-435e-956b-64b065ded397,Meera,Hussein,meera32@yahoo.com,001-995-294-6521,1975-02-12,F,EG,6th of October City,EGP,pending,basic,True,2025-04-18 02:47:24,2025-04-18 02:47:24,2025-04-19 13:14:57
b6b3af61-3611-4ab5-a0e1-cd5937322378,Saleh,Elbanna,saleh21@outlook.com,+971514863356,1962-03-25,M,AE,Ajman,AED,verified,basic,True,2024-09-15 16:08:11,2024-09-15 16:08:11,2025-11-20 12:20:14
f3cf5d91-7358-4110-835b-f2cb571a0d42,Hamza,Al-Otaibi,hamza513@outlook.sa,+201225460445,1961-08-25,M,EG,Port Said,EGP,verified,basic,False,2024-01-08 04:06:01,2024-01-08 04:06:01,2024-10-07 16:44:32
66205045-b717-418f-bcc8-fa6de3678c23,Radha,Sharma,radha259@stc.com.sa,+971531352216,1969-01-31,F,AE,Ras Al Khaimah,AED,verified,platinum,True,2023-10-20 01:58:43,2023-10-20 01:58:43,2024-08-09 16:18:44
7b16f812-9b8f-4db4-bd92-15285983d010,Shamma,Mohamed,shamma.mohamed@outlook.com,+966589934785,1994-10-10,F,SA,Abha,SAR,verified,basic,True,2023-09-22 03:52:12,2023-09-22 03:52:12,2025-10-20 18:45:44
5ff43f8f-4470-4e2a-847a-a07269fe864f,Dalia,Elbanna,dalia.elbanna@outlook.sa,+971538896486,1999-12-04,F,AE,Ras Al Khaimah,AED,pending,basic,True,2025-11-24 23:27:19,2025-11-24 23:27:19,2025-12-02 02:02:40
1040f3e6-9a50-4f7e-8fc2-61be173729ff,Khalifa,Abdelfattah,khalifa450@mobily.com.sa,(634)966-9254x8121,1984-02-10,M,QA,Doha,QAR,verified,gold,True,2025-05-23 16:11:34,2025-05-23 16:11:34,2025-08-21 01:36:11
ab11188e-c0e9-46e0-adc0-02ddf69b011e,Rashed,Ahmed,rashed.ahmed@yahoo.ae,+971508805651,1965-10-17,M,AE,Fujairah,AED,verified,basic,True,2024-09-17 13:06:33,2024-09-17 13:06:33,2025-05-04 07:19:09
9a627ab6-dff5-4260-8089-0a4a2e3b0b3a,Alanoud,Al-Suwaidi,alanoud961@hotmail.ae,+201077345747,2006-09-13,F,EG,Cairo,EGP,verified,basic,True,2024-06-21 23:12:33,2024-06-21 23:12:33,2025-01-21 03:35:57
5aa5556e-c6d2-46d1-b889-1d29fac20b82,Abdulrahman,Al-Qahtani,abdulrahmanalqahtani@mobily.com.sa,+201035587594,2000-02-18,M,EG,Luxor,EGP,verified,gold,True,2025-05-19 00:31:02,2025-05-19 00:31:02,2025-12-19 15:15:52
f3240aa3-7a24-4fd9-9cda-a4db3063278e,Lama,Al-Ghamdi,lama674@stc.com.sa,+201072912993,1960-11-04,F,EG,Mansoura,EGP,rejected,silver,True,2024-06-26 09:42:06,2024-06-26 09:42:06,2025-07-19 14:39:10
ef5138b9-fd4f-4cdb-982e-d747c9c15eb2,Rashid,Al-Mazrouei,rashid987@mobily.com.sa,+201198429098,1986-10-08,M,EG,Alexandria,EGP,verified,gold,True,2024-01-20 22:27:15,2024-01-20 22:27:15,2024-04-28 21:42:25
1edd9132-a6ca-4cbc-bfdc-1d6e63d50b47,Kavita,Mehta,kavita385@hotmail.ae,+966507483284,1979-07-02,F,SA,Madinah,SAR,verified,basic,True,2024-10-29 04:19:47,2024-10-29 04:19:47,2025-04-07 02:26:25
4e1677a5-e4d7-4d3b-8b41-52e3207edf1c,Nour,Elbanna,nour.elbanna@hotmail.com,+96592174060,1988-08-28,F,KW,Kuwait City,KWD,verified,basic,True,2025-06-20 01:34:21,2025-06-20 01:34:21,2025-12-22 19:11:46
deac7d28-7b9c-42ef-b6f5-87f87406ca57,Vikram,Rao,vikramrao@outlook.sa,+971544464154,1964-07-15,M,AE,Abu Dhabi,AED,verified,gold,True,2025-01-30 03:13:56,2025-01-30 03:13:56,2025-12-06 05:32:51
5451ead1-24e4-4b09-b17c-6615e97d9e41,Ghada,Al-Mazrouei,ghada.almazrouei@outlook.com,+201291181404,2002-03-22,F,EG,Zagazig,EGP,verified,silver,True,2023-12-13 16:18:41,2023-12-13 16:18:41,2025-10-14 21:17:42
d6800bd4-e1c4-44b7-aaec-b46fd965fe1e,Yasmin,Al-Anazi,yasmin.alanazi@mobily.com.sa,+201171448654,1967-05-07,F,EG,Luxor,EGP,verified,basic,False,2023-07-06 14:32:06,2023-07-06 14:32:06,2025-08-28 03:44:15
7bc3c6bd-8117-4f5b-8a2b-8e51a82d00e9,Shruti,Bhatia,,+966577880270,1962-10-03,F,SA,Al Hofuf,SAR,pending,basic,False,2024-11-14 22:14:43,2024-11-14 22:14:43,2024-11-23 06:24:15
82ce433b-f7b1-4521-8cab-f08038fde0eb,Hassan,Saad,hassan.saad@hotmail.ae,+201143635732,1968-08-19,M,EG,New Cairo,EGP,verified,silver,True,2024-06-08 15:39:43,2024-06-08 15:39:43,2025-07-28 22:19:54
45257120-4da1-4842-b1c1-7d184f3025e5,Abdulrahman,Al-Mansouri,abdulrahmanalmansouri@yahoo.com,(275)323-0837,2007-03-01,M,EG,Shubra El Kheima,EGP,verified,basic,True,2024-11-05 12:27:48,2024-11-05 12:27:48,2025-07-03 00:02:38
e16447ad-0fa9-4a0b-8a1f-1af05104ae98,Reem,Elbanna,reem758@hotmail.com,+201169590884,1971-08-11,F,EG,6th of October City,EGP,pending,silver,True,2026-01-04 08:55:24,2026-01-04 08:55:24,2026-01-20 14:10:17
56ca13a0-4c3b-4450-9835-0da9311258be,Essam,Abdelrahman,essamabdelrahman@outlook.com,+201215907259,2004-09-09,M,EG,Giza,EGP,verified,basic,True,2024-11-23 10:00:04,2024-11-23 10:00:04,2025-07-27 01:08:46
9a25223f-6fe4-41bf-a30d-16d01bccafc8,Saif,Ibrahim,saif.ibrahim@mobily.com.sa,+966507529468,1998-12-02,M,SA,Al Hofuf,SAR,verified,silver,True,2025-06-19 15:27:02,2025-06-19 15:27:02,2025-08-25 05:33:55
baf38cb8-7519-4c48-b8b7-fab8aeb86867,Nour,Al-Nuaimi,nour.alnuaimi@hotmail.com,225-571-5099x76838,2002-02-16,F,SA,Taif,SAR,pending,basic,True,2023-04-11 16:02:47,2023-04-11 16:02:47,2023-10-21 09:11:43
e6f7b29b-7920-46e3-811f-7b8bdf116474,Swati,Bhatia,swati.bhatia@yahoo.com,+966524966072,1990-05-19,F,SA,Taif,SAR,verified,platinum,True,2025-09-23 19:00:48,2025-09-23 19:00:48,2026-02-14 08:11:39
a23bb9a2-c181-4987-9177-7f927d44d6a9,Saleh,Al-Nahyan,,+201154116005,1990-04-15,M,EG,Sharm El Sheikh,EGP,verified,basic,True,2023-12-19 20:13:32,2023-12-19 20:13:32,2023-12-29 05:30:44
03a0dfdd-fb74-423c-aa8f-690978ab8d3d,Fares,Al-Anazi,faresalanazi@mobily.com.sa,+1-923-621-2983x3816,1973-08-17,M,EG,Hurghada,EGP,verified,basic,True,2023-11-19 17:26:18,2023-11-19 17:26:18,2024-12-04 04:54:09
70178073-58d7-49f4-a8dd-016433b496df,Malak,Mohamed,malak903@outlook.sa,+966543960096,1988-12-13,F,SA,Khobar,SAR,pending,silver,True,2025-01-23 08:50:49,2025-01-23 08:50:49,2026-02-19 20:10:58
814ad686-28cf-40af-9ddc-196b1838886e,Zain,Siddiqui,zain.siddiqui@gmail.com,+96599086630,1998-06-10,M,KW,Hawalli,KWD,verified,silver,True,2024-10-12 11:38:38,2024-10-12 11:38:38,2026-01-26 04:46:31
013aa15c-8be6-44ec-9432-570c46dac6a9,Youssef,Mahmoud,youssefmahmoud@hotmail.ae,+966532206947,1986-04-27,M,SA,Najran,SAR,verified,silver,True,2024-10-09 09:00:16,2024-10-09 09:00:16,2025-10-24 14:53:55
6de817a3-b564-4b15-98d8-9cac2f67cd06,Karim,Al-Saud,karimalsaud@etisalat.ae,+201051313669,1962-07-14,M,EG,Aswan,EGP,pending,basic,True,2025-03-20 20:03:15,2025-03-20 20:03:15,2026-01-30 14:56:29
2afd73fe-5d4f-4e26-b2d2-8c6ca3a94710,Munira,Elmasry,munira280@gmail.com,+201158508204,1989-03-26,F,EG,Mansoura,EGP,verified,basic,True,2023-11-22 07:30:23,2023-11-22 07:30:23,2024-12-19 03:13:45
a701b806-0950-4b85-9a70-927dbddb7d1d,Turki,Al-Dossari,turki.aldossari@gmail.com,+966539399459,1964-12-08,M,SA,Al Hofuf,SAR,verified,basic,True,2023-08-07 04:45:16,2023-08-07 04:45:16,2025-05-17 06:56:38
8003cf4e-4057-466b-b64b-8f4696f00224,Hussein,Al-Kaabi,hussein.alkaabi@hotmail.com,+966557993453,1973-11-10,M,SA,Yanbu,SAR,pending,basic,True,2023-12-23 02:14:32,2023-12-23 02:14:32,2024-03-23 17:15:10
fb3d692e-fb76-49f0-a7f2-0dc972d4a775,Bilal,Al-Saud,,+201034525524,2005-12-20,M,EG,Mansoura,EGP,verified,silver,True,2025-04-01 10:30:39,2025-04-01 10:30:39,2026-01-21 19:11:51
9d62589b-6f1d-4cbe-b71b-f1d69540d946,Vikram,Agarwal,vikram947@yahoo.ae,+1-890-713-8069x84775,2006-08-02,M,QA,Al Rayyan,QAR,verified,basic,True,2024-10-05 17:01:32,2024-10-05 17:01:32,2025-06-29 04:27:09
c548f3d0-f9cc-459c-b397-5f552fb92c64,Ahmed,Abdelrahman,,+966545019771,1990-12-09,M,SA,Makkah,SAR,verified,basic,True,2024-10-02 01:12:59,2024-10-02 01:12:59,2026-01-25 08:07:38
3f44b11e-1d9a-42ee-91d2-d14f6162cf00,Abdullah,Al-Jaber,abdullah899@etisalat.ae,+201198432853,1965-09-21,M,EG,Ismailia,EGP,verified,basic,True,2025-10-16 08:15:08,2025-10-16 08:15:08,2025-12-22 23:36:22
d99ab78b-3a5f-43bf-8d05-bed6a9749319,Fares,Abdelfattah,fares894@outlook.com,+201167433950,1968-01-22,M,EG,Sharm El Sheikh,EGP,verified,basic,True,2025-01-30 23:55:42,2025-01-30 23:55:42,2026-02-09 12:12:05
1f517c08-9a8a-4562-91e7-47c5e3de6902,Khaled,Al-Shamsi,khaled.alshamsi@outlook.com,+201198938318,1982-10-31,M,EG,Suez,EGP,verified,basic,True,2026-02-16 08:45:06,2026-02-16 08:45:06,2026-02-21 19:07:41
0a2b9162-08fc-4153-80a1-9326486ee44e,Nikhil,Kumar,nikhilkumar@hotmail.ae,+97477403032,1985-03-18,M,QA,Al Rayyan,QAR,verified,basic,True,2025-08-15 14:08:26,2025-08-15 14:08:26,2025-10-04 01:45:26
bed98fb8-d159-43cc-b1ef-3af3ba5f26a4,Mahira,Hussain,mahirahussain@etisalat.ae,+971541028160,1960-10-23,F,AE,Umm Al Quwain,AED,verified,gold,True,2024-11-12 19:28:06,2024-11-12 19:28:06,2026-01-04 21:58:33
dcf08bc8-bdb3-432f-a1fe-592dba14e971,Noor,Siddiqui,noorsiddiqui@hotmail.ae,972.594.2095x4814,1980-01-09,F,AE,Abu Dhabi,AED,verified,basic,True,2025-04-16 17:02:37,2025-04-16 17:02:37,2026-01-15 04:06:30
72d2f8e1-3417-48c4-a15f-aee591f4828c,Samina,Abbasi,samina60@hotmail.ae,001-930-727-6420x8656,1986-10-18,F,SA,Jubail,SAR,verified,silver,True,2024-11-06 16:12:50,2024-11-06 16:12:50,2025-01-01 11:05:44
97010ec3-e0e6-492a-aca0-6acd178584d7,Radha,Gupta,radha975@mobily.com.sa,+966505748621,1993-01-06,F,SA,Makkah,SAR,verified,basic,True,2026-02-22 20:15:25,2026-02-22 20:15:25,2026-03-01 21:49:27
655a9577-f73b-4a0d-aa57-5bebb6f45e1f,Divine,Bautista,divine.bautista@yahoo.com,(291)326-6201x572,2004-06-04,F,AE,Fujairah,AED,verified,basic,True,2025-05-18 09:58:14,2025-05-18 09:58:14,2025-09-26 20:53:13
6d1f3e54-6dfd-4b1c-9773-59c60f2825d8,Waleed,Al-Nahyan,waleed442@outlook.sa,+966528278315,1986-03-10,M,SA,Madinah,SAR,verified,silver,True,2025-12-13 22:30:12,2025-12-13 22:30:12,2026-01-09 15:48:11
ee1a74fd-de8b-4384-88d1-196734364fcd,Sherif,Abdelaziz,sherifabdelaziz@yahoo.ae,+201294870367,1966-08-15,M,EG,Giza,EGP,verified,basic,True,2026-02-19 09:07:43,2026-02-19 09:07:43,2026-03-05 18:30:20
df4d3a22-2b3e-41df-b7fc-d45da5091f38,Dina,Elsayed,dina597@gmail.com,+966517441777,1995-07-01,F,SA,Buraidah,SAR,pending,basic,True,2023-06-17 00:41:58,2023-06-17 00:41:58,2025-12-11 08:41:54
31a804c9-2994-404b-af64-7df3a6505dfa,Ananya,Rao,ananya409@hotmail.ae,+966553081873,1965-12-11,F,SA,Yanbu,SAR,verified,gold,True,2023-05-03 02:14:45,2023-05-03 02:14:45,2023-11-12 20:02:13
d628f513-2413-4683-9478-2824a72bf8a7,Dalia,Al-Ghamdi,dalia424@etisalat.ae,+966556009306,1966-12-03,F,SA,Abha,SAR,verified,basic,True,2026-02-10 09:03:19,2026-02-10 09:03:19,2026-02-12 13:10:33
3c6a69ca-badc-4152-ab91-852d79bbc746,Nikhil,Khanna,nikhil395@yahoo.com,+971564155352,1977-07-15,M,AE,Abu Dhabi,AED,verified,silver,True,2025-07-10 20:59:47,2025-07-10 20:59:47,2025-10-20 02:39:29
d03d3f97-a9e7-4dd0-b7f7-8fcdc002e562,Mostafa,Al-Anazi,mostafa.alanazi@outlook.com,+971507711882,1981-09-18,M,AE,Ras Al Khaimah,AED,pending,silver,True,2023-11-03 03:43:44,2023-11-03 03:43:44,2025-09-06 18:31:12
ad7a97ff-5dee-41b2-a952-11ab79d8e4b2,Joy,Mendoza,joy.mendoza@etisalat.ae,+201160860721,1975-07-20,F,EG,6th of October City,EGP,pending,silver,True,2023-10-23 00:43:06,2023-10-23 00:43:06,2024-12-21 03:00:36
f39933fa-724c-48aa-bdf1-0e146c7d095d,Nadia,Mirza,nadia.mirza@yahoo.com,+966592643275,1978-08-19,F,SA,Dammam,SAR,pending,platinum,True,2025-07-13 12:08:21,2025-07-13 12:08:21,2026-03-06 10:08:29
69b214ff-3fe7-4910-a460-9ad644db0394,Sherif,Al-Zahrani,sherifalzahrani@hotmail.ae,+201023296433,1995-02-18,M,EG,Cairo,EGP,verified,basic,True,2026-02-08 09:37:59,2026-02-08 09:37:59,2026-02-15 22:47:36
7bccf935-2f8a-45b7-88e6-9f3fef66d17e,Ashok,Gupta,ashok682@hotmail.com,+96567355220,1989-04-18,M,KW,Hawalli,KWD,verified,silver,True,2024-05-11 04:34:48,2024-05-11 04:34:48,2025-06-19 13:10:04
07b6ee4c-7fc7-4616-8247-85a5b7c8f0a2,Bandar,Ahmed,bandar.ahmed@hotmail.ae,001-251-811-3129x01487,1994-10-20,M,SA,Khobar,SAR,pending,silver,True,2026-01-24 10:46:35,2026-01-24 10:46:35,2026-02-28 22:13:01
0ef82914-a067-43d4-9de1-083505415611,Saif,Al-Otaibi,saifalotaibi@etisalat.ae,+971549351785,2006-02-01,M,AE,Ajman,AED,verified,basic,True,2023-11-26 12:29:43,2023-11-26 12:29:43,2026-02-16 18:36:06
b954cda0-43a7-4c01-80f6-edc9f37922e7,Turki,Al-Mutairi,turki.almutairi@mobily.com.sa,+201140208193,1978-03-15,M,EG,Mansoura,EGP,verified,basic,True,2024-06-07 17:18:24,2024-06-07 17:18:24,2024-11-20 05:08:37
a8c91bab-1413-49c6-982e-866536888cae,Majed,Al-Sabah,majed.alsabah@gmail.com,+966527603872,1967-06-24,M,SA,Dammam,SAR,verified,basic,True,2024-09-09 11:13:56,2024-09-09 11:13:56,2024-09-13 11:19:02
9661b09b-b199-4ef1-aa0d-33d41231695b,Lina,Elgohary,lina815@yahoo.ae,+201056938851,1970-10-11,F,EG,Hurghada,EGP,verified,basic,True,2023-03-20 10:47:41,2023-03-20 10:47:41,2026-01-03 11:51:50
5bde0bcb-6724-4d17-be3d-8e7091f2d1a0,Ali,Al-Nuaimi,ali186@yahoo.com,+966564793248,1967-09-19,M,SA,Makkah,SAR,verified,gold,True,2024-01-12 00:27:06,2024-01-12 00:27:06,2024-11-01 12:01:27
790b9a2f-d68f-4bd2-bf45-11500bc96a62,Mansoor,Al-Nahyan,mansoor552@stc.com.sa,+966511675388,1986-08-24,M,SA,Khobar,SAR,verified,basic,True,2025-04-27 07:47:54,2025-04-27 07:47:54,2025-06-17 08:41:59
bfa711b3-3cfb-4da6-93d9-9ae809ad7f50,Hassan,Al-Ketbi,hassan.alketbi@gmail.com,+201224728084,1989-05-17,M,EG,Cairo,EGP,verified,basic,False,2023-07-16 01:15:39,2023-07-16 01:15:39,2024-08-03 21:56:58
6ddf509e-ee53-4b84-88a4-e377fd37a776,Amna,Iqbal,amna933@hotmail.ae,+96594134994,1969-03-10,F,KW,Kuwait City,KWD,verified,basic,True,2023-09-12 20:16:23,2023-09-12 20:16:23,2025-05-28 05:11:37
7931ce6b-870c-4d2a-be74-52efc60b9a81,Bryan,Aquino,bryanaquino@mobily.com.sa,+971534224201,1989-03-07,M,AE,Abu Dhabi,AED,pending,silver,False,2024-08-12 22:46:23,2024-08-12 22:46:23,2025-08-20 03:37:11
5296936e-a86f-4315-a9cf-b86fab869999,Faisal,Al-Hashimi,faisal382@outlook.com,+201218234220,1963-09-25,M,EG,Zagazig,EGP,rejected,basic,True,2023-03-10 13:08:07,2023-03-10 13:08:07,2025-12-30 11:46:42
1894eb90-7252-4942-8c3b-1e3c92066675,Mansoor,Ali,mansoor.ali@yahoo.ae,+966554556393,1984-10-11,M,SA,Tabuk,SAR,verified,basic,False,2024-09-19 20:07:48,2024-09-19 20:07:48,2025-12-21 06:13:41
76b75f9a-e579-4ddb-8cff-08dfdc4c42a4,Mostafa,Elgohary,mostafa842@outlook.sa,+201080982664,1990-07-09,M,EG,Shubra El Kheima,EGP,pending,basic,False,2026-03-08 08:47:07,2026-03-08 08:47:07,2026-03-08 12:22:35
167deef7-7aa7-4d36-9347-6a7ec81f788a,Meera,Al-Ketbi,meeraalketbi@yahoo.ae,+201120050169,2003-01-18,F,EG,Port Said,EGP,verified,silver,True,2025-02-03 09:47:00,2025-02-03 09:47:00,2025-05-05 14:49:02
fcdbcdc6-62f3-4c70-8c59-b5c3bb5d22f6,Nicole,Rivera,nicolerivera@hotmail.com,+971529100385,1994-11-04,F,AE,Ajman,AED,verified,gold,False,2025-01-17 17:28:07,2025-01-17 17:28:07,2025-11-12 02:33:05
fa1564f6-5d4b-4bed-a45a-d76c686b3748,Grace,Cruz,grace.cruz@yahoo.com,(602)693-9087,1980-05-09,F,SA,Al Hofuf,SAR,verified,gold,True,2024-02-14 23:53:17,2024-02-14 23:53:17,2025-08-18 02:42:45
cc5f2c13-507e-4b36-b25c-e81e0d3fdf78,Adam,Elbanna,adam436@gmail.com,+966552998223,1968-02-03,M,SA,Khobar,SAR,verified,gold,True,2025-06-17 04:17:52,2025-06-17 04:17:52,2025-06-17 17:20:46
a04229ac-7565-4107-8b7d-cdc79e696f35,Karim,Al-Maktoum,karimalmaktoum@gmail.com,+201097059725,1961-04-01,M,EG,Shubra El Kheima,EGP,verified,basic,True,2024-04-10 09:02:57,2024-04-10 09:02:57,2025-06-01 18:42:01
42bee440-6246-4a65-b5c3-b51cd499d88b,Dana,Al-Mansouri,danaalmansouri@gmail.com,+201198223673,1993-12-08,F,EG,Luxor,EGP,verified,basic,True,2023-08-02 06:12:37,2023-08-02 06:12:37,2024-05-10 05:31:32
6a6f4f7b-d514-4e28-b23f-935b527bd105,Hamad,Elbanna,hamad.elbanna@stc.com.sa,+966504104255,2004-02-01,M,SA,Yanbu,SAR,verified,basic,True,2025-02-13 13:41:04,2025-02-13 13:41:04,2025-12-23 04:54:30
7f1ade6c-402b-453c-b7f3-145e75a66728,Mashael,Al-Kaabi,mashael.alkaabi@hotmail.com,+966509837877,1983-03-19,F,SA,Khamis Mushait,SAR,verified,basic,True,2025-06-29 06:10:47,2025-06-29 06:10:47,2025-08-01 06:06:45
987fab15-80f4-417a-a8e9-89c4ed0d5261,Junaid,Mirza,junaid508@etisalat.ae,+96568454556,1988-06-11,M,KW,Hawalli,KWD,verified,basic,True,2025-05-12 08:50:16,2025-05-12 08:50:16,2025-07-06 10:50:09
77195dd6-f1be-44d4-9ebc-22e92aa542b8,Nasser,Al-Shehri,nasseralshehri@gmail.com,+201110162459,1982-11-23,M,EG,Suez,EGP,verified,silver,True,2025-10-21 03:59:37,2025-10-21 03:59:37,2025-11-13 03:32:56
33d8f06b-5399-4153-bfb2-038bb396e65d,Paul,Davis,paul748@yahoo.com,+97453987481,1960-05-02,M,QA,Al Khor,QAR,verified,basic,True,2023-07-06 08:24:55,2023-07-06 08:24:55,2024-02-22 06:13:33
10cb86f2-a7b6-447c-af1a-7e8973815248,Hassan,Ahmed,hassanahmed@stc.com.sa,+201098027250,1993-10-25,M,EG,New Cairo,EGP,verified,basic,True,2024-07-17 18:06:34,2024-07-17 18:06:34,2025-06-11 22:54:42
b63fcefa-c570-40f4-ae45-5a5e9d554fd3,Dalia,Al-Saud,dalia.alsaud@hotmail.com,,2007-05-17,F,EG,Zagazig,EGP,verified,basic,True,2025-03-26 08:53:31,2025-03-26 08:53:31,2025-09-03 03:07:58
e7180daa-f924-4bf6-ba21-e2ab64c92759,Hamad,Al-Ghamdi,hamad.alghamdi@yahoo.com,+201290764593,1984-10-19,M,EG,Luxor,EGP,verified,basic,True,2024-03-09 01:47:15,2024-03-09 01:47:15,2024-03-11 07:12:56
b04ece91-4139-49d6-81bf-69bce5907d2e,Lulwa,Hussein,lulwa761@hotmail.com,+201037283734,1975-06-21,F,EG,Shubra El Kheima,EGP,verified,basic,True,2024-01-31 02:00:46,2024-01-31 02:00:46,2024-03-14 11:25:27
1b3cea76-f4d1-4f44-8c9a-f7f9e914d89e,Hamza,Malik,hamza729@yahoo.ae,001-765-401-9179x202,1976-11-10,M,AE,Abu Dhabi,AED,verified,basic,False,2023-07-10 10:14:16,2023-07-10 10:14:16,2023-11-07 03:26:25
d01507a3-b75a-48f4-b83b-eee93f6bb1f4,Hamza,Javed,,+971553511838,1971-02-05,M,AE,Abu Dhabi,AED,verified,silver,True,2025-04-29 13:22:04,2025-04-29 13:22:04,2025-05-03 18:39:39
5163b40e-baee-4318-8508-8ba704585bf5,Michelle,Torres,,+971568621830,1998-03-31,F,AE,Al Ain,AED,verified,basic,True,2023-12-20 01:45:16,2023-12-20 01:45:16,2024-04-18 00:19:24
e36a8726-3509-4c87-86bc-bf5d576ca14a,Mansoor,Abdelfattah,mansoorabdelfattah@hotmail.com,+966509009715,1976-06-26,M,SA,Riyadh,SAR,verified,silver,False,2023-04-22 06:53:30,2023-04-22 06:53:30,2024-07-03 16:19:43
5716842f-cc92-42a3-b910-43ff202d8f04,Haifa,Al-Suwaidi,haifa836@gmail.com,,1997-01-14,F,EG,Luxor,EGP,verified,platinum,True,2023-11-17 13:18:07,2023-11-17 13:18:07,2024-04-30 22:35:16
c755e56a-7f72-4f06-a927-6d38fe874f78,Steven,Anderson,steven212@mobily.com.sa,+97474149818,1981-08-04,M,QA,Lusail,QAR,verified,basic,True,2023-05-23 08:32:50,2023-05-23 08:32:50,2023-10-15 03:42:09
bc6b5580-266a-4841-a0b6-613f825709ce,Heba,Elgohary,heba185@etisalat.ae,+966541142249,1962-09-24,F,SA,Taif,SAR,verified,basic,True,2025-09-05 14:10:21,2025-09-05 14:10:21,2025-10-31 22:13:36
82225ce2-2c66-4439-a95e-f5dda7f4313d,Shamma,Mostafa,shamma103@gmail.com,+96552321253,2002-08-12,F,KW,Hawalli,KWD,verified,gold,True,2024-09-19 10:43:18,2024-09-19 10:43:18,2025-08-20 03:18:24
485d2435-6953-46ac-8bec-2598fbeca1c0,Hussein,Al-Falasi,hussein88@hotmail.ae,+971535011610,1981-07-14,M,AE,Sharjah,AED,verified,basic,True,2025-02-13 05:37:13,2025-02-13 05:37:13,2025-06-25 01:23:10
e90a86e5-3e88-44f2-bb5f-936b64a88648,John Paul,Bautista,johnpaul.bautista@yahoo.ae,,1971-03-05,M,SA,Tabuk,SAR,verified,basic,True,2024-06-10 22:13:34,2024-06-10 22:13:34,2024-08-02 20:51:17
87faa9c6-6058-416a-90bb-83ac04a5f585,Steven,Brown,steven.brown@yahoo.com,+966557095636,1979-09-10,M,SA,Makkah,SAR,pending,silver,True,2024-09-24 08:22:36,2024-09-24 08:22:36,2025-08-01 18:25:31
c733876c-e7c5-47b8-8619-a98a41c9dbc8,Suresh,Khanna,sureshkhanna@mobily.com.sa,+1-255-416-8740x903,1979-12-19,M,SA,Makkah,SAR,verified,gold,False,2023-08-20 06:56:55,2023-08-20 06:56:55,2025-03-26 02:35:48
35291e94-bf00-4501-9f77-10d47fec5cbc,Rajesh,Shah,rajesh.shah@etisalat.ae,815.577.8711x216,1982-07-22,M,AE,Sharjah,AED,verified,basic,True,2024-11-22 10:55:21,2024-11-22 10:55:21,2025-01-11 12:45:32
7401e4a2-b743-4152-97f3-e24ef64da052,Geeta,Rao,geetarao@outlook.com,+966586744913,1986-01-24,F,SA,Al Hofuf,SAR,verified,silver,True,2025-09-28 10:56:40,2025-09-28 10:56:40,2025-10-10 13:45:02
458ae986-a38a-42c4-86df-587251f69173,Ahmed,Elshamy,ahmedelshamy@gmail.com,+201058518736,1980-06-27,M,EG,Port Said,EGP,verified,basic,True,2023-07-14 15:29:27,2023-07-14 15:29:27,2025-06-14 21:40:58
6cb50f39-99b8-4484-8c8d-ec32979e1fd9,Kavita,Patel,kavita721@yahoo.com,+97464088321,2007-01-22,F,QA,Al Wakrah,QAR,verified,basic,True,2025-06-18 14:16:33,2025-06-18 14:16:33,2025-08-20 00:00:26
ef4585e5-9758-4818-b6fa-16e4d28ea767,Tarek,Hussein,tarek852@gmail.com,+971537528651,1967-12-01,M,AE,Al Ain,AED,verified,silver,True,2024-07-13 05:41:37,2024-07-13 05:41:37,2025-12-18 16:56:41
2a85e517-8c07-40cb-9363-531abf835ab2,Tarek,Ahmed,tarek770@gmail.com,+966505409097,1983-11-15,M,SA,Buraidah,SAR,pending,basic,True,2024-02-08 11:20:11,2024-02-08 11:20:11,2024-07-20 09:36:12
5c998795-a61d-4df7-8ba2-179911ca7945,Hassan,Al-Nahyan,hassan217@hotmail.com,+966531241105,1991-05-30,M,SA,Najran,SAR,verified,silver,True,2023-12-07 19:58:05,2023-12-07 19:58:05,2025-10-03 07:16:00
0e0831b0-a049-4dea-90aa-c9dced713a02,Bilal,Al-Shehri,bilal.alshehri@yahoo.com,+201260079518,1999-09-27,M,EG,Shubra El Kheima,EGP,verified,basic,True,2025-04-29 15:49:55,2025-04-29 15:49:55,2026-03-08 15:05:26
fa4d3774-de30-424a-a8ca-888ace01a114,Mahmoud,Abdelfattah,mahmoud46@mobily.com.sa,001-578-661-3715x76605,2005-01-03,M,EG,Cairo,EGP,rejected,silver,False,2024-04-28 10:20:46,2024-04-28 10:20:46,2024-11-19 20:57:58
0ed593a2-53c7-4099-a087-2ed27b50fe01,Samina,Iqbal,saminaiqbal@yahoo.com,+966587957788,1998-01-01,F,SA,Yanbu,SAR,verified,gold,True,2024-03-19 09:16:18,2024-03-19 09:16:18,2025-01-17 08:47:43
4ae98979-12ee-46f5-ae6c-0b2733a75cc8,Farah,Hussein,farah.hussein@outlook.com,+1-862-665-8263x1281,1971-01-04,F,EG,Zagazig,EGP,verified,basic,True,2025-07-15 14:57:57,2025-07-15 14:57:57,2025-11-17 19:59:41
4f0fb9d5-94cc-4066-8634-119a7aba3e12,Lulwa,Abdelfattah,lulwa77@mobily.com.sa,+966572564549,2003-05-12,F,SA,Khamis Mushait,SAR,verified,platinum,True,2025-02-11 12:32:59,2025-02-11 12:32:59,2025-11-16 16:24:56
cfa69506-55b1-4ae6-be58-39cc2d1511b7,Amr,Saad,amr373@outlook.sa,+1-336-340-4120,2000-09-26,M,EG,Aswan,EGP,verified,basic,False,2025-02-19 22:40:35,2025-02-19 22:40:35,2025-04-08 14:10:37
e4e75257-6776-4602-9d54-d03414327eec,Lama,Al-Otaibi,lama133@mobily.com.sa,+96565395541,2002-10-06,F,KW,Fintas,KWD,verified,gold,True,2025-04-03 11:50:01,2025-04-03 11:50:01,2025-05-03 03:07:09
3b5ce3f9-ee65-4c8d-89bc-c12d44aa78bb,Farhan,Khan,farhankhan@yahoo.com,+966568044872,2001-12-20,M,SA,Najran,SAR,verified,basic,True,2025-03-30 10:39:49,2025-03-30 10:39:49,2025-11-18 11:00:08
083301cf-e724-4274-9cbc-b94aee92df03,Heba,Al-Jaber,hebaaljaber@yahoo.ae,+966511084130,1974-12-13,F,SA,Hail,SAR,verified,basic,True,2023-09-04 00:46:41,2023-09-04 00:46:41,2023-10-19 20:31:44
c70581f1-3acd-4a43-acf5-d0bca8f75f70,Waqar,Malik,waqar.malik@yahoo.ae,+96552399937,1971-12-15,M,KW,Kuwait City,KWD,rejected,silver,True,2024-04-01 05:18:10,2024-04-01 05:18:10,2024-09-01 21:59:13
b6a7cb20-0402-4e2d-866b-096469d78b4d,Faisal,Al-Otaibi,faisalalotaibi@etisalat.ae,+966547590525,1973-10-11,M,SA,Al Hofuf,SAR,verified,silver,True,2025-01-04 15:06:08,2025-01-04 15:06:08,2025-10-05 17:55:26
8e217af9-ff95-40d3-8c82-c17998870d38,Meera,Al-Thani,meeraalthani@yahoo.ae,+201260192126,1965-02-16,F,EG,Port Said,EGP,verified,platinum,False,2024-03-24 19:16:40,2024-03-24 19:16:40,2024-09-07 22:36:04
aa4cfd13-0ef1-4ecd-a68b-1308f4eb86f2,Aisha,Elsharawy,aisha.elsharawy@hotmail.ae,505-305-3795,1979-06-27,F,AE,Sharjah,AED,verified,silver,True,2024-10-28 17:01:28,2024-10-28 17:01:28,2026-02-08 03:25:30
9f05641d-89e8-45f4-87a8-c6a2e41c106a,Mansoor,Elmasry,mansoorelmasry@outlook.com,+201038477668,1988-11-06,M,EG,Ismailia,EGP,verified,gold,True,2024-05-09 00:06:14,2024-05-09 00:06:14,2024-08-09 15:15:11
274df010-6ab2-41af-9534-b7c7744b5d7c,Maha,Al-Qahtani,maha998@yahoo.ae,+966528596473,1996-06-27,F,SA,Khobar,SAR,verified,basic,True,2023-05-06 04:55:11,2023-05-06 04:55:11,2025-08-02 16:03:19
5b9e02a3-ba87-43f8-b71c-365a2ca1acee,Shalini,Agarwal,shalini.agarwal@yahoo.com,+966516660462,1963-05-23,F,SA,Madinah,SAR,verified,basic,True,2025-10-15 22:07:22,2025-10-15 22:07:22,2025-12-31 07:09:42
34787eae-ecd8-4dd7-bc91-03fd54d786c6,Aisha,Al-Ketbi,aishaalketbi@outlook.com,+966578626616,1996-10-07,F,SA,Jubail,SAR,verified,basic,True,2024-10-02 17:58:48,2024-10-02 17:58:48,2024-10-06 14:05:36
c233c42e-2adc-4866-a844-bb2e87290694,Joanne,Gonzales,,+966505356836,1988-04-23,F,SA,Abha,SAR,verified,platinum,False,2025-09-02 03:06:37,2025-09-02 03:06:37,2026-01-03 19:17:47
a0a04b96-946f-4e82-a110-623bd459fc94,Rawia,Al-Otaibi,rawiaalotaibi@mobily.com.sa,001-677-345-7314,1998-03-11,F,EG,Suez,EGP,verified,basic,True,2024-09-08 02:18:35,2024-09-08 02:18:35,2025-03-15 08:31:50
6b12e6c6-83a1-4cd6-9ed1-7979bae391a4,Jennifer,Torres,jennifer.torres@outlook.com,+966504454281,1996-02-03,F,SA,Makkah,SAR,verified,basic,True,2025-09-12 01:27:04,2025-09-12 01:27:04,2025-12-20 20:31:33
5b3b7d62-d883-4c43-9def-1f95db22cd22,Geeta,Menon,geeta.menon@stc.com.sa,+97469464296,1979-02-03,F,QA,Al Khor,QAR,verified,silver,True,2023-06-24 08:12:48,2023-06-24 08:12:48,2025-04-11 14:18:01
1e5a4e5a-b9b9-4d28-afc6-f3a281c37dca,Pooja,Singh,pooja.singh@outlook.sa,+201132038057,1968-03-28,F,EG,Cairo,EGP,verified,basic,True,2024-04-25 06:38:49,2024-04-25 06:38:49,2025-06-26 17:03:43
1e380fdd-958e-42d5-8239-d7444a69f967,Ghada,Al-Hashimi,ghada.alhashimi@hotmail.com,+201021283250,1987-08-03,F,EG,Zagazig,EGP,rejected,basic,True,2023-12-29 00:20:55,2023-12-29 00:20:55,2024-09-28 10:09:19
cd836ced-115d-420e-981e-200bcd59574c,Abdulrahman,Ali,abdulrahman24@gmail.com,+966535629265,2002-05-23,M,SA,Riyadh,SAR,verified,basic,True,2024-02-24 12:22:55,2024-02-24 12:22:55,2025-08-20 20:14:09
09a0bf1f-92bb-4521-b363-14c70d0f1241,Eman,Hussein,eman302@stc.com.sa,+96562699603,1976-06-03,F,KW,Farwaniya,KWD,verified,gold,True,2026-02-10 09:15:52,2026-02-10 09:15:52,2026-02-18 15:35:59
816d062c-3173-428c-8af4-fc741306454b,Mona,Al-Jaber,monaaljaber@etisalat.ae,+201152293683,1960-04-03,F,EG,Luxor,EGP,verified,silver,True,2025-08-31 14:53:33,2025-08-31 14:53:33,2025-12-04 10:34:10
dac3de9e-06bb-4c4c-b60a-c1e0aa387712,Carlo,Rivera,carlorivera@stc.com.sa,+201043220287,1993-07-29,M,EG,Luxor,EGP,verified,basic,True,2025-02-09 19:54:54,2025-02-09 19:54:54,2025-11-09 06:56:51
6c4a0c53-8d72-4dec-8810-4a964c030129,Ghada,Al-Thani,,+201183244637,2005-01-20,F,EG,6th of October City,EGP,verified,basic,True,2024-02-14 20:52:42,2024-02-14 20:52:42,2024-06-03 21:06:40
b125e130-ca9b-462a-9c6b-53a3426c5778,Aditya,Desai,adityadesai@yahoo.ae,+966539352238,2000-04-11,M,SA,Buraidah,SAR,verified,basic,True,2024-11-06 03:40:07,2024-11-06 03:40:07,2025-09-26 06:35:52
4ee10a77-3e1b-4b5d-a042-5aa724d8925d,Nour,Saad,,+201247077262,1970-05-29,F,EG,6th of October City,EGP,verified,basic,True,2026-01-30 11:48:23,2026-01-30 11:48:23,2026-02-24 21:21:44
9f1bb543-8b89-4200-b9c3-3faa001185ae,Hussein,Al-Harbi,husseinalharbi@outlook.sa,+201148893851,1960-07-13,M,EG,6th of October City,EGP,verified,platinum,True,2024-06-26 19:00:23,2024-06-26 19:00:23,2025-05-27 00:48:19
3a3a5de7-31f4-4c8c-9059-276f8cfee81a,John Paul,Santos,johnpaul.santos@gmail.com,+966561010766,1992-05-20,M,SA,Jubail,SAR,pending,basic,True,2023-04-28 15:17:49,2023-04-28 15:17:49,2024-10-30 12:56:42
c9aeb194-a2fc-4af0-a997-9f358e1c18ae,Mahmoud,Ali,,+966557480045,1973-10-06,M,SA,Khobar,SAR,pending,basic,True,2025-07-17 18:21:04,2025-07-17 18:21:04,2025-11-11 16:27:17
81c56b39-2b56-4ca9-a302-94de4f2fea29,Waleed,Al-Hashimi,waleed541@yahoo.com,+201150935883,1962-01-25,M,EG,Aswan,EGP,verified,silver,True,2025-02-23 07:04:04,2025-02-23 07:04:04,2026-02-12 16:43:39
e55f7753-4c4e-4380-b392-4a81366d14ac,Bryan,Cruz,bryan.cruz@etisalat.ae,+971538061842,2005-10-13,M,AE,Ras Al Khaimah,AED,verified,basic,True,2024-11-24 15:55:32,2024-11-24 15:55:32,2024-11-29 06:53:40
e54aab9d-8d29-4ec7-bc8d-49463295fad6,Rose,Garcia,rosegarcia@outlook.com,+971548721222,1999-12-20,F,AE,Al Ain,AED,verified,silver,False,2023-09-14 08:51:56,2023-09-14 08:51:56,2025-11-15 21:38:52
ae614a06-8e95-4219-9383-eddf4c4b38fa,Hussein,Al-Kharafi,husseinalkharafi@gmail.com,+966574440410,1970-08-07,M,SA,Madinah,SAR,pending,basic,True,2023-03-09 18:29:09,2023-03-09 18:29:09,2025-10-02 17:25:59
0e21cdfd-184a-481e-87eb-a22fa43183bc,Mariam,Al-Dossari,mariam.aldossari@yahoo.com,+201226244964,1976-03-04,F,EG,Aswan,EGP,verified,basic,True,2023-12-20 14:48:35,2023-12-20 14:48:35,2025-01-27 22:26:07
0eae4f37-dc62-4e1d-b2de-4afc75aedcaa,Essam,Ali,essam273@gmail.com,+966518367376,2005-08-15,M,SA,Madinah,SAR,verified,silver,True,2024-09-30 08:33:36,2024-09-30 08:33:36,2025-05-02 02:18:43
72a81161-677a-46fe-ac50-dde18295f64a,Shahid,Javed,shahid4@outlook.sa,+966597472998,1992-01-10,M,SA,Tabuk,SAR,verified,silver,True,2023-10-12 02:45:58,2023-10-12 02:45:58,2025-09-23 03:17:57
b34e5360-83a3-4142-b6af-cdaa6151d808,Fatma,Al-Kaabi,fatma.alkaabi@hotmail.ae,+201147165431,1964-10-29,F,EG,Sharm El Sheikh,EGP,verified,basic,True,2024-11-10 15:52:55,2024-11-10 15:52:55,2025-11-21 09:32:09
37f0f31d-1631-410d-871a-fbd4b4dca31f,Sultan,Abdelrahman,sultan.abdelrahman@hotmail.com,+201060536025,2005-06-16,M,EG,Luxor,EGP,rejected,basic,True,2023-08-06 16:26:34,2023-08-06 16:26:34,2024-01-18 16:37:39
05fa5eb6-e58c-49f2-b5e7-1a4840831da5,Turki,Al-Khalifa,turki878@stc.com.sa,+201277032883,1985-08-28,M,EG,New Cairo,EGP,pending,silver,True,2025-01-23 14:31:41,2025-01-23 14:31:41,2025-02-15 11:41:31
5c34c1cf-7fd7-4e7d-96a9-aeac7fdcfefc,Sachin,Desai,sachin.desai@yahoo.com,(598)533-4774,1989-09-21,M,SA,Khobar,SAR,verified,silver,True,2023-11-16 12:17:31,2023-11-16 12:17:31,2026-02-14 13:17:52
d46172ce-73c5-4553-9259-c9650da876a2,Sadia,Javed,sadia719@mobily.com.sa,+201235809507,1974-04-21,F,EG,Cairo,EGP,verified,silver,True,2023-12-30 01:58:18,2023-12-30 01:58:18,2026-01-04 00:00:47
2413279b-2f57-402a-b9c0-67631325bd71,Layla,Farouk,laylafarouk@yahoo.com,,1984-02-23,F,EG,Alexandria,EGP,verified,silver,True,2025-04-25 18:12:23,2025-04-25 18:12:23,2025-09-11 04:53:21
479e7cef-1307-45e5-871b-8d1b0b7be9f8,Fares,Elsayed,,+1-761-291-2841x1730,1979-11-30,M,SA,Buraidah,SAR,verified,silver,True,2024-02-20 17:16:15,2024-02-20 17:16:15,2026-02-06 01:41:30
3d491536-71dc-45d3-9d01-d38ccaa9fdce,Shamsa,Al-Qahtani,shamsaalqahtani@yahoo.ae,+96592140059,2004-08-21,F,KW,Mangaf,KWD,verified,basic,True,2024-04-21 08:29:01,2024-04-21 08:29:01,2024-05-14 15:18:52
31248243-58d3-4141-9ae3-b5fd72dde1e3,Waleed,Al-Ketbi,waleed.alketbi@outlook.sa,+966576671458,2001-11-11,M,SA,Al Hofuf,SAR,verified,basic,True,2025-09-23 21:42:51,2025-09-23 21:42:51,2025-10-09 13:18:25
54e2d8a5-7a4a-4b83-a461-ee616c6161d5,Alanoud,Al-Mutairi,alanoudalmutairi@yahoo.ae,,1992-10-06,F,SA,Riyadh,SAR,rejected,basic,True,2025-07-13 07:46:40,2025-07-13 07:46:40,2025-09-01 14:28:30
45378d54-8b80-45bf-8933-f2e328e6793c,Samina,Iqbal,saminaiqbal@mobily.com.sa,+966521700297,1986-07-13,F,SA,Najran,SAR,pending,basic,True,2023-05-29 17:05:24,2023-05-29 17:05:24,2025-01-04 17:09:43
2f69aad3-410a-4b2d-93ad-6498bb088cca,Vikram,Joshi,vikram.joshi@hotmail.ae,+97432939164,1996-09-03,M,QA,Al Khor,QAR,verified,platinum,True,2024-12-10 09:21:06,2024-12-10 09:21:06,2026-02-24 14:32:43
ed200d4a-f7cc-40c2-97fa-04f98437a51d,Vijay,Das,vijaydas@gmail.com,+971505193002,2001-06-07,M,AE,Abu Dhabi,AED,verified,basic,True,2023-09-27 05:19:35,2023-09-27 05:19:35,2025-06-06 05:04:50
fabfe68b-6f12-44e4-ad09-561932b638d8,Rania,Farouk,rania.farouk@hotmail.com,+201274250209,1978-05-23,F,EG,Shubra El Kheima,EGP,verified,silver,True,2025-06-05 03:19:45,2025-06-05 03:19:45,2025-10-06 23:18:35
87cb3a2f-7535-4d09-9dfa-fa636a4c117f,Gaurav,Sinha,gauravsinha@etisalat.ae,+971542751175,2007-09-16,M,AE,Fujairah,AED,verified,silver,True,2024-03-08 22:30:47,2024-03-08 22:30:47,2025-02-13 21:52:43
e1cd3967-a744-484e-89cc-6f7c53823de7,Rashid,Ali,rashid311@gmail.com,8449964104,1986-03-22,M,AE,Umm Al Quwain,AED,pending,basic,True,2023-04-07 23:52:35,2023-04-07 23:52:35,2024-11-25 13:09:42
c0d94378-7f35-4350-a436-2d215bfe7ff2,Khalifa,Al-Zahrani,khalifa156@hotmail.com,+201269595320,1974-12-03,M,EG,Ismailia,EGP,pending,basic,True,2025-09-12 17:41:20,2025-09-12 17:41:20,2026-02-06 18:44:24
b5449ded-4c12-430b-8602-d405c4a987cf,Divya,Chopra,divya539@stc.com.sa,+966556720097,1991-12-27,F,SA,Yanbu,SAR,verified,basic,True,2024-10-22 00:42:52,2024-10-22 00:42:52,2025-04-25 01:35:09
c22f6718-6a8b-4080-86da-804d358706be,Saeed,Al-Saud,saeed.alsaud@outlook.com,+201027699655,1977-03-26,M,EG,Aswan,EGP,verified,silver,True,2025-12-27 19:01:41,2025-12-27 19:01:41,2026-03-01 04:42:02
e19c3574-d670-439b-8ab5-fc9506122187,Saud,Mahmoud,saud.mahmoud@yahoo.ae,+971513085515,1999-08-17,M,AE,Al Ain,AED,verified,silver,True,2023-06-08 17:21:19,2023-06-08 17:21:19,2023-10-10 07:04:42
701224ec-ffc3-4b90-8181-6b232412e7a9,Mohamed,Al-Hashimi,mohamed.alhashimi@yahoo.com,+966506268490,1994-09-01,M,SA,Hail,SAR,verified,basic,True,2026-02-04 22:58:43,2026-02-04 22:58:43,2026-02-26 07:58:32
09b35a90-7494-4366-9bec-5a1b9cbe7179,Pallavi,Gupta,pallavigupta@etisalat.ae,+966596323988,1965-06-16,F,SA,Hail,SAR,verified,silver,True,2025-05-11 13:56:22,2025-05-11 13:56:22,2025-08-11 14:44:28
4b23e393-d80a-40a9-aed4-5d5050b38473,Meera,Pillai,meera.pillai@yahoo.com,+201037386042,1963-03-22,F,EG,Alexandria,EGP,verified,gold,True,2024-10-01 20:26:42,2024-10-01 20:26:42,2025-05-15 18:42:13
4c3750b4-f7d9-4c58-9ee8-f9b79e69d334,Fatima,Baig,fatimabaig@outlook.com,889.353.6902x61139,1963-09-08,F,KW,Kuwait City,KWD,verified,basic,False,2025-06-06 13:20:20,2025-06-06 13:20:20,2026-01-28 07:56:23
ab6ef1a1-49fb-4da8-8c92-d83a3c866ed7,Rahul,Desai,rahul.desai@mobily.com.sa,+96598399044,1984-10-23,M,KW,Fintas,KWD,verified,silver,True,2024-12-05 12:17:47,2024-12-05 12:17:47,2025-02-05 09:49:37
030c315e-a3d8-42b3-9e4d-52227ab79793,Omar,Ibrahim,omar623@outlook.com,+201257242574,1981-07-17,M,EG,6th of October City,EGP,verified,basic,True,2024-08-21 07:52:27,2024-08-21 07:52:27,2024-11-20 22:52:58
0870309a-8579-4637-b1d3-ca8a61392cbc,Zeina,Al-Ghamdi,zeinaalghamdi@hotmail.ae,+201020939544,1968-10-14,F,EG,Alexandria,EGP,rejected,basic,True,2023-08-13 14:32:05,2023-08-13 14:32:05,2023-10-05 12:58:03
89d6fc22-f76f-485f-81ac-d33ecac25394,Rashed,Elgohary,rashedelgohary@hotmail.ae,+971513800715,1984-05-04,M,AE,Abu Dhabi,AED,verified,basic,False,2023-07-02 06:50:54,2023-07-02 06:50:54,2025-05-29 14:52:46
9290dc32-c0f4-4132-932a-41165bcec9d8,Nagwa,Al-Dossari,nagwa300@hotmail.ae,+201064878236,1972-03-18,F,EG,New Cairo,EGP,verified,silver,True,2025-01-19 00:51:52,2025-01-19 00:51:52,2026-02-18 03:06:29
50eb693f-cbc3-4a1d-bcc6-85f390fbaf97,Khalifa,Abdelrahman,khalifa.abdelrahman@stc.com.sa,+201288930879,1974-07-10,M,EG,Hurghada,EGP,rejected,basic,True,2023-05-13 20:34:59,2023-05-13 20:34:59,2025-03-12 16:11:24
0ef26614-5127-4cbe-a2df-251859fe3c7f,Yasmin,Ahmed,yasminahmed@mobily.com.sa,+201179677116,1966-09-19,F,EG,Suez,EGP,verified,basic,True,2023-10-14 18:07:55,2023-10-14 18:07:55,2024-08-31 01:48:07
b2bdd78c-5c4a-4ee1-bdf1-517fc8badab6,Deepa,Rao,deepa222@outlook.sa,+201184110122,1968-10-09,F,EG,6th of October City,EGP,rejected,gold,True,2025-05-26 21:29:11,2025-05-26 21:29:11,2025-11-19 03:40:09
2f255e66-9297-4963-bd05-873bc3474f29,Sadia,Hussain,sadia947@etisalat.ae,+97468252219,2003-02-06,F,QA,Lusail,QAR,verified,basic,True,2025-02-11 03:31:11,2025-02-11 03:31:11,2025-04-09 16:37:46
7e4ac8c5-218e-4c63-a5fa-d82f0f1c5f78,Noura,Al-Mansouri,noura.almansouri@mobily.com.sa,+201252253072,1979-06-02,F,EG,Cairo,EGP,verified,basic,False,2025-04-19 08:27:25,2025-04-19 08:27:25,2025-06-09 12:50:48
065a816e-85c7-4572-aa95-2ea409c8aa1c,Ibrahim,Hussein,ibrahim322@mobily.com.sa,+966522488335,2004-11-21,M,SA,Dammam,SAR,verified,basic,True,2025-06-10 18:10:44,2025-06-10 18:10:44,2025-08-19 16:30:00
b86f00ea-74d8-4c5a-8f4c-f480b51d212f,Mahmoud,Elgohary,mahmoud325@etisalat.ae,+1-769-558-7413x1467,1989-02-05,M,SA,Riyadh,SAR,verified,gold,True,2026-01-01 17:53:40,2026-01-01 17:53:40,2026-01-12 23:46:21
7ec7d608-4cd4-4469-aa9f-d9299febce46,Rahul,Kapoor,rahul.kapoor@stc.com.sa,+971526350354,1998-06-12,M,AE,Fujairah,AED,pending,basic,True,2023-06-12 04:03:51,2023-06-12 04:03:51,2024-10-26 05:32:09
f573662a-d0d3-47f1-b194-477328585249,Rawia,Al-Ghamdi,rawia32@outlook.sa,+971517899279,1967-09-10,F,AE,Ajman,AED,pending,basic,True,2025-11-05 01:31:30,2025-11-05 01:31:30,2026-03-04 03:43:43
40828d82-602a-4bf9-9581-7322647c8d3d,Megan,Johnson,meganjohnson@hotmail.com,+966516531182,1971-03-03,F,SA,Madinah,SAR,pending,basic,True,2024-06-02 12:07:40,2024-06-02 12:07:40,2025-03-19 21:45:18
21deb391-ee17-439c-8711-ba64522adce4,Eman,Al-Nuaimi,emanalnuaimi@outlook.com,+966537935621,1975-11-02,F,SA,Najran,SAR,verified,gold,True,2023-04-16 09:02:59,2023-04-16 09:02:59,2025-12-22 11:08:43
4e222e2b-f8d2-4e1c-8619-7c8d25e99c5b,Bilal,Al-Anazi,bilalalanazi@etisalat.ae,+201043193217,1986-10-20,M,EG,Ismailia,EGP,verified,basic,True,2025-09-08 10:40:58,2025-09-08 10:40:58,2025-10-16 04:06:43
242be6c5-86dd-4086-987e-4cec40c45fc3,Aditya,Nair,aditya.nair@etisalat.ae,+966546237674,1998-05-12,M,SA,Dammam,SAR,pending,silver,True,2024-11-29 22:15:41,2024-11-29 22:15:41,2025-07-04 06:57:25
20312c2b-5414-4377-af33-a2363a9d47cd,Khalifa,Al-Zahrani,khalifa.alzahrani@hotmail.ae,+201274874074,1998-07-05,M,EG,Zagazig,EGP,verified,silver,False,2025-03-19 09:46:56,2025-03-19 09:46:56,2025-04-30 17:15:19
c013fb0a-566b-4554-ad9e-d8d75c071f80,Noor,Nadeem,noornadeem@yahoo.ae,+201296277647,1998-09-29,F,EG,Cairo,EGP,verified,basic,True,2025-05-30 19:07:55,2025-05-30 19:07:55,2025-08-29 01:32:03
64a62fdb-875c-443f-8563-812758374392,Jana,Naguib,jana.naguib@yahoo.com,+201117909847,1976-03-24,F,EG,6th of October City,EGP,verified,basic,True,2025-12-16 13:47:52,2025-12-16 13:47:52,2026-01-16 19:44:04
7c9a956e-2825-4701-88d8-64c8b2d37aae,Ravi,Chopra,ravi.chopra@hotmail.ae,+971529630721,1995-11-19,M,AE,Sharjah,AED,verified,gold,False,2025-11-06 10:16:27,2025-11-06 10:16:27,2026-02-09 00:45:35
c652333a-af2e-4204-9459-1891c4f1657e,Jerome,Garcia,jerome.garcia@stc.com.sa,,1997-05-31,M,AE,Dubai,AED,rejected,basic,True,2023-10-12 23:42:50,2023-10-12 23:42:50,2025-07-23 13:22:36
d5f1a300-f172-45db-bc45-7ddcb2fec8e8,Sultan,Al-Nuaimi,sultan130@etisalat.ae,+201163607320,1991-09-07,M,EG,New Cairo,EGP,verified,basic,True,2025-03-12 02:41:32,2025-03-12 02:41:32,2025-06-01 21:47:10
1d3e00e9-daf6-4a5e-8047-77514a4809bf,Michael,Wilson,michael.wilson@hotmail.ae,+201154315629,1966-07-28,M,EG,Zagazig,EGP,pending,basic,True,2026-02-19 21:02:02,2026-02-19 21:02:02,2026-03-04 22:17:06
0e3d0f67-181e-4fa1-bcc7-747a9bb89423,Pallavi,Khanna,pallavi643@gmail.com,,1982-09-17,F,AE,Sharjah,AED,verified,gold,True,2025-02-19 02:45:44,2025-02-19 02:45:44,2025-03-27 21:33:57
c3806e79-c7aa-4e2f-886d-33944af23c15,Heba,Al-Jaber,heba.aljaber@hotmail.com,+201018201748,1997-01-01,F,EG,Giza,EGP,verified,silver,True,2025-07-28 08:56:13,2025-07-28 08:56:13,2025-10-15 01:11:42
11c236df-c441-4502-a237-6dd2a6582b38,Farah,Al-Shamsi,farahalshamsi@hotmail.ae,+201020398669,1971-08-17,F,EG,Sharm El Sheikh,EGP,verified,basic,True,2024-01-28 20:40:27,2024-01-28 20:40:27,2024-01-30 22:27:40
7d8b4ee3-49e2-4759-afc6-0141fdf0b86e,Sultan,Al-Harbi,sultan.alharbi@hotmail.ae,+966524631318,1980-10-10,M,SA,Yanbu,SAR,verified,silver,True,2024-07-29 19:55:47,2024-07-29 19:55:47,2025-08-22 11:35:51
3de4ee7b-2b4c-425d-ba01-c865a1d3cd24,Nicole,Santos,nicole.santos@stc.com.sa,+971547597584,1990-03-29,F,AE,Fujairah,AED,verified,basic,True,2025-07-27 09:34:55,2025-07-27 09:34:55,2026-02-02 17:35:04
ab409d54-460a-4169-b6d8-9e41f5946350,Kavita,Rao,kavitarao@gmail.com,+96596841499,1960-11-29,F,KW,Hawalli,KWD,pending,silver,True,2023-12-12 18:58:00,2023-12-12 18:58:00,2024-10-12 00:15:54
e14573fc-e9e4-452e-9078-963b1b84809e,Mohamed,Al-Zahrani,mohamedalzahrani@hotmail.ae,+966517056430,1978-11-23,M,SA,Taif,SAR,rejected,silver,True,2025-12-09 03:11:41,2025-12-09 03:11:41,2026-02-09 10:24:13
8049827c-fb6c-42e8-a360-80d34d0a103a,Hessa,Al-Rashid,hessa255@stc.com.sa,+971561736811,1970-08-11,F,AE,Umm Al Quwain,AED,verified,basic,True,2025-10-16 20:29:11,2025-10-16 20:29:11,2026-03-02 21:00:18
095daceb-edc8-4090-b8bb-fca9066b20b7,Mostafa,Al-Zahrani,mostafa898@hotmail.com,+966513208690,1981-09-21,M,SA,Dammam,SAR,verified,basic,True,2026-01-16 14:47:30,2026-01-16 14:47:30,2026-02-02 01:05:16
7300f7ab-df9b-4166-b56f-75f0d069415a,Samantha,Smith,samantha.smith@etisalat.ae,+971539662755,1960-05-28,F,AE,Ajman,AED,rejected,basic,True,2025-11-20 14:50:39,2025-11-20 14:50:39,2026-01-20 00:58:33
7c124691-fdf0-41a5-8a86-7a652ef40578,Nikhil,Das,nikhil732@hotmail.ae,+96566728622,2002-10-29,M,KW,Fintas,KWD,verified,silver,True,2025-09-13 00:46:08,2025-09-13 00:46:08,2025-09-16 22:28:33
85840a23-4e8e-40ef-9ce9-45bcf55b4223,Amr,Elshamy,amr256@etisalat.ae,+971564649478,1998-08-21,M,AE,Umm Al Quwain,AED,verified,basic,True,2023-10-13 20:37:04,2023-10-13 20:37:04,2025-02-15 00:50:17
a405b362-6c76-4fbf-b084-105c4fd57c36,Lina,Al-Harbi,lina215@outlook.sa,+201165563827,1995-10-12,F,EG,Sharm El Sheikh,EGP,verified,gold,False,2025-11-30 18:09:31,2025-11-30 18:09:31,2026-02-26 01:47:14
c7c96370-dc7f-454e-b492-b17f2093df15,Youssef,Al-Zahrani,youssef.alzahrani@gmail.com,+201094694930,1974-07-11,M,EG,New Cairo,EGP,verified,silver,True,2025-05-15 01:20:18,2025-05-15 01:20:18,2025-08-23 08:03:57
b6c6c3a2-8040-4352-91ff-cd6260a62e54,Lama,Ali,lama945@outlook.sa,+201139293679,1988-11-11,F,EG,Suez,EGP,verified,basic,True,2023-11-11 07:48:07,2023-11-11 07:48:07,2025-11-18 23:34:29
836cff02-a5ac-421d-be45-90d645b6cda1,Noura,Al-Anazi,noura738@hotmail.ae,+966526648416,1985-08-01,F,SA,Al Hofuf,SAR,verified,basic,False,2024-04-05 01:49:27,2024-04-05 01:49:27,2025-07-15 20:11:36
b3640e37-8bfa-487e-9d07-24773d0d7d9e,Hussein,Al-Falasi,hussein.alfalasi@yahoo.com,+201255349252,1971-07-05,M,EG,Cairo,EGP,pending,basic,True,2025-05-13 09:31:00,2025-05-13 09:31:00,2025-09-07 03:09:03
c14f6720-92a8-45e8-8b8f-5881fcbe5dff,Nisha,Verma,nisha.verma@outlook.com,+971524329642,1965-08-27,F,AE,Sharjah,AED,verified,basic,True,2024-06-29 10:34:58,2024-06-29 10:34:58,2024-11-19 19:39:28
c61a1380-6fc1-4a09-8b44-e9d47fc8bb25,Rebecca,Davis,rebecca.davis@outlook.com,+201241700023,2005-09-03,F,EG,Zagazig,EGP,verified,platinum,True,2025-03-12 09:59:47,2025-03-12 09:59:47,2025-08-05 13:17:17
a06ece89-5346-4b94-a95f-1da4f884d432,Princess,Bautista,princess.bautista@yahoo.com,+971552607674,1985-04-21,F,AE,Ras Al Khaimah,AED,verified,gold,True,2024-03-09 00:27:52,2024-03-09 00:27:52,2024-12-15 09:51:40
dbf35abb-e2fa-450f-89ec-6ba46f172413,Samantha,Thompson,samantha124@outlook.sa,+97462296369,1981-05-10,F,QA,The Pearl,QAR,verified,basic,True,2024-05-25 09:23:13,2024-05-25 09:23:13,2025-03-21 20:09:02
901227c4-2935-4e6b-ad6f-e24dccc37655,Ali,Khan,ali200@hotmail.ae,,1992-11-22,M,QA,Mesaieed,QAR,verified,gold,True,2026-01-21 17:09:14,2026-01-21 17:09:14,2026-01-23 09:43:47
405205e6-5b94-42e4-b986-8255f14569d8,Amit,Bhatia,amitbhatia@etisalat.ae,+1-881-971-5160x25298,1993-04-08,M,SA,Riyadh,SAR,pending,gold,False,2023-03-27 17:12:39,2023-03-27 17:12:39,2026-01-06 09:17:02
9ac1e0e5-f6d6-4f11-b6ca-0f2564012704,Rawia,Al-Falasi,rawiaalfalasi@gmail.com,,1987-07-10,F,SA,Dammam,SAR,verified,basic,True,2026-01-13 19:49:56,2026-01-13 19:49:56,2026-02-23 20:13:42
43aac153-0433-4fd7-ac67-fe152b9f60c1,Hamza,Al-Khalifa,hamza285@yahoo.com,+201017316381,1960-08-28,M,EG,Zagazig,EGP,pending,basic,False,2023-10-29 07:59:47,2023-10-29 07:59:47,2025-04-05 00:34:48
bf22f3b1-b43b-4af0-aa2e-e88861640e13,Farah,Akhtar,farah.akhtar@gmail.com,+971554315396,1997-02-13,F,AE,Dubai,AED,verified,basic,True,2023-04-15 06:25:45,2023-04-15 06:25:45,2024-06-03 09:41:29
64fd6ca7-26e5-44cc-8453-c0c02459ebcd,Saif,Al-Qahtani,saif857@etisalat.ae,+201233988490,1970-01-11,M,EG,Giza,EGP,verified,basic,False,2023-09-21 12:48:41,2023-09-21 12:48:41,2025-10-27 01:58:18
59ebd486-88c9-47c1-8abd-040c0d3c59cd,Manoj,Shah,manojshah@outlook.com,+971556794620,1980-09-25,M,AE,Fujairah,AED,verified,basic,True,2025-11-22 20:34:55,2025-11-22 20:34:55,2026-02-12 21:42:50
2b93139e-99e1-4a60-b32e-03d27d55c827,Faisal,Elbanna,faisalelbanna@outlook.sa,+201163786357,2007-01-23,M,EG,Hurghada,EGP,pending,silver,True,2024-05-09 13:56:49,2024-05-09 13:56:49,2026-01-04 02:40:40
24119fee-b918-4c69-956a-c9785ac826a1,Malak,Elshamy,malakelshamy@yahoo.ae,+96561767426,2000-12-14,F,KW,Farwaniya,KWD,verified,basic,True,2025-02-25 02:12:46,2025-02-25 02:12:46,2025-12-28 23:57:11
022a8d98-46ef-4950-9d18-ff01ad441f01,Rashid,Al-Shamsi,rashidalshamsi@mobily.com.sa,+201095209019,1986-08-29,M,EG,Cairo,EGP,verified,basic,True,2025-06-27 20:10:08,2025-06-27 20:10:08,2025-12-29 13:06:32
5ade48ff-6695-4919-8fa6-f58843900122,Turki,Elmasry,turki.elmasry@hotmail.com,+96596714252,1983-09-07,M,KW,Fintas,KWD,pending,basic,True,2025-07-28 16:53:40,2025-07-28 16:53:40,2025-08-29 23:22:04
11fba5b5-e8bf-4bdc-92c9-454b064fe71f,Nagwa,Al-Maktoum,nagwaalmaktoum@yahoo.ae,001-257-670-2992x95966,1993-07-31,F,EG,Mansoura,EGP,rejected,basic,True,2025-07-21 02:43:19,2025-07-21 02:43:19,2025-10-20 06:27:27
04674e65-960b-4cbc-9b90-d40d928262e1,Turki,Elsharawy,turkielsharawy@etisalat.ae,+966523209515,1984-11-24,M,SA,Khobar,SAR,verified,basic,True,2024-07-17 21:22:47,2024-07-17 21:22:47,2025-11-19 10:34:10
8a75c3e7-af05-46da-b38e-52f9a6a7c064,Layla,Al-Qahtani,layla404@stc.com.sa,+201124178596,1971-11-28,F,EG,Shubra El Kheima,EGP,verified,basic,False,2025-12-23 01:42:49,2025-12-23 01:42:49,2026-02-27 10:02:19
892488a3-68b8-488c-a323-7bf66269a3d7,Alanoud,Al-Mazrouei,alanoudalmazrouei@yahoo.com,+201223196701,2001-09-06,F,EG,Luxor,EGP,verified,basic,True,2024-07-26 14:47:23,2024-07-26 14:47:23,2025-02-05 18:01:23
584d6a82-e7d5-4163-8474-9a496a587a4d,Stephanie,Jones,stephanie.jones@gmail.com,+966558917395,1964-08-05,F,SA,Khamis Mushait,SAR,verified,silver,True,2024-06-06 20:18:43,2024-06-06 20:18:43,2024-06-30 20:08:19
07f1b85b-bd82-4dc5-b8de-2ccaf03d598b,Munira,Al-Sabah,muniraalsabah@yahoo.com,+201137784045,1962-05-21,F,EG,Port Said,EGP,verified,basic,True,2023-03-20 09:46:58,2023-03-20 09:46:58,2026-02-11 21:27:55
a78b1100-217e-439b-8ab5-4340fa86e3cc,Mariam,Farouk,mariam827@yahoo.com,+966589720251,1968-08-17,F,SA,Jubail,SAR,verified,basic,True,2025-01-03 12:05:35,2025-01-03 12:05:35,2025-03-24 23:45:57
ea1aaf20-4ff4-4025-a9bd-0da71a024e8f,Anand,Sinha,anand833@outlook.com,+971502875419,1990-06-12,M,AE,Umm Al Quwain,AED,verified,basic,True,2026-02-12 08:10:24,2026-02-12 08:10:24,2026-02-28 09:25:17
d9a47254-3c8b-4cec-8879-975a96c80814,Lama,Ibrahim,lamaibrahim@hotmail.com,+201070448464,2003-04-28,F,EG,Luxor,EGP,verified,basic,True,2025-08-07 12:18:17,2025-08-07 12:18:17,2025-12-03 20:42:00
e9079aa5-8e90-41ab-92ea-3bb6fd37edbf,Tarek,Al-Hashimi,tarekalhashimi@outlook.sa,+201273791651,1961-01-02,M,EG,Zagazig,EGP,verified,basic,False,2025-09-02 07:00:20,2025-09-02 07:00:20,2025-10-22 15:59:45
673bf1e7-894d-47ac-ac5c-66ab179973f0,Hassan,Al-Rashid,hassanalrashid@outlook.sa,+966549532750,1986-01-13,M,SA,Al Hofuf,SAR,rejected,silver,True,2025-03-30 13:55:24,2025-03-30 13:55:24,2025-04-05 02:34:50
0067b054-3c5d-4f37-9302-e716c8da1ba6,John,Moore,johnmoore@outlook.com,+97436189331,1975-09-23,M,QA,Al Khor,QAR,verified,basic,True,2025-05-31 21:42:07,2025-05-31 21:42:07,2025-08-18 13:25:05
ba5abac9-4bd0-4d9c-a01f-5ff2fa66fd12,Reem,Naguib,reem.naguib@hotmail.ae,+201058796241,2007-02-12,F,EG,Hurghada,EGP,verified,silver,True,2024-02-27 10:17:02,2024-02-27 10:17:02,2025-09-06 15:13:20
74931e73-709f-4722-a76e-6aa154679e0d,Saud,Al-Qahtani,saudalqahtani@hotmail.com,+201171212149,1966-11-15,M,EG,Aswan,EGP,verified,silver,True,2025-02-27 22:26:34,2025-02-27 22:26:34,2025-09-24 11:01:37
bf857ef5-8a00-415c-ad36-2e7c87b68667,Maha,Hussein,mahahussein@stc.com.sa,+201116856217,1960-11-02,F,EG,Suez,EGP,verified,basic,True,2025-08-10 03:17:17,2025-08-10 03:17:17,2026-01-24 00:54:03
9ea397c5-10c1-4f4b-ad98-01c6d8ef58df,Sidra,Qureshi,sidra.qureshi@stc.com.sa,669-547-2587x844,1978-12-02,F,AE,Al Ain,AED,verified,basic,True,2024-08-20 15:51:38,2024-08-20 15:51:38,2026-01-29 03:45:41
2e00b1c7-02c4-4653-850a-54244c64a2d4,Samina,Raza,saminaraza@mobily.com.sa,+971556180871,2006-12-07,F,AE,Fujairah,AED,verified,basic,True,2025-11-24 15:09:19,2025-11-24 15:09:19,2026-03-09 05:10:01
6616280d-42c3-4cbb-b2f5-cc767be8ad21,Heba,Al-Otaibi,hebaalotaibi@stc.com.sa,+201234515629,1971-11-16,F,EG,New Cairo,EGP,rejected,basic,True,2024-11-14 06:03:06,2024-11-14 06:03:06,2025-03-16 22:19:32
04eb5e59-81c3-4c58-a22f-5df3ec52ab76,Arjun,Kumar,arjun.kumar@yahoo.ae,+966523636248,1989-02-15,M,SA,Jubail,SAR,verified,silver,True,2024-06-30 04:51:22,2024-06-30 04:51:22,2025-09-10 17:16:32
a79a8c8a-4f1d-45e7-a9f4-705ac0bb4ed3,Amr,Al-Mutairi,amr.almutairi@outlook.com,+201262820340,1998-04-17,M,EG,Cairo,EGP,verified,basic,True,2025-07-23 15:26:37,2025-07-23 15:26:37,2025-10-09 02:28:20
8d8fc28e-2fc0-48f1-bc96-3fcf11edb0d7,Adnan,Butt,adnan.butt@hotmail.ae,+966519437990,2001-06-21,M,SA,Al Hofuf,SAR,pending,platinum,True,2024-05-17 21:37:40,2024-05-17 21:37:40,2025-08-16 03:35:29
2b9c6347-bd1f-4a1b-ad55-4767c79b064e,Joy,Santos,joysantos@gmail.com,+201260334193,1973-10-17,F,EG,Shubra El Kheima,EGP,verified,silver,True,2025-08-17 12:42:39,2025-08-17 12:42:39,2025-09-20 16:58:42
b9f63c59-bc62-44d0-91ee-49abdc46bcd6,Shahid,Akhtar,shahid.akhtar@hotmail.com,+966545114220,2006-04-20,M,SA,Hail,SAR,verified,silver,True,2024-01-12 19:51:34,2024-01-12 19:51:34,2025-02-18 05:02:31
c9c4f653-1537-44b9-b4e4-0ca5ec1aa0eb,Sadia,Mirza,sadia.mirza@hotmail.com,+966531388196,1982-11-24,F,SA,Khamis Mushait,SAR,pending,basic,True,2025-08-18 15:49:42,2025-08-18 15:49:42,2025-09-13 17:20:02
d2752e1e-9eb9-4ad5-b14f-ff36a2bf3e03,Neha,Das,neha.das@hotmail.com,+966542545911,1996-02-05,F,SA,Khamis Mushait,SAR,verified,basic,True,2025-02-12 01:15:23,2025-02-12 01:15:23,2026-01-13 21:43:25
07f40a1b-b491-4fb2-ac62-82b6bc627f85,Layla,Al-Qahtani,layla322@mobily.com.sa,+966577735482,2005-06-19,F,SA,Yanbu,SAR,verified,gold,True,2025-12-19 01:36:07,2025-12-19 01:36:07,2026-01-07 12:24:29
d4fd5b62-1ffc-4cfd-8c9b-d2c88cbe8818,Younis,Al-Jaber,younisaljaber@outlook.com,+201287099818,1981-08-23,M,EG,Luxor,EGP,verified,basic,True,2024-07-30 09:47:13,2024-07-30 09:47:13,2025-01-25 03:14:01
0ccca6a6-5680-4ad2-b676-01a5791b2452,Mansoor,Al-Kharafi,mansoor.alkharafi@yahoo.com,+201298337685,1987-05-08,M,EG,Tanta,EGP,verified,silver,True,2025-01-18 23:21:58,2025-01-18 23:21:58,2025-06-22 06:14:30
6fd2d6fd-e4d2-4a4d-8e48-238e49ef4312,Grace,Flores,grace.flores@yahoo.com,+97473937636,1977-07-23,F,QA,Doha,QAR,verified,silver,True,2025-03-21 05:30:05,2025-03-21 05:30:05,2025-10-04 19:15:27
334e0835-7697-499b-b9f1-58f0312d9a39,Hussein,Al-Falasi,husseinalfalasi@mobily.com.sa,+201025031359,1969-10-06,M,EG,Mansoura,EGP,verified,silver,True,2023-05-19 04:39:06,2023-05-19 04:39:06,2024-06-08 23:58:28
4160c734-ef7b-42b4-94bf-b6d3161e5485,Lina,Naguib,linanaguib@hotmail.com,+97463613190,1971-12-02,F,QA,Lusail,QAR,verified,silver,True,2024-12-19 23:31:22,2024-12-19 23:31:22,2025-05-04 15:00:04
3b7abd32-3c99-4212-ba05-492642c2e521,Khaled,Al-Subaie,,+966573539743,1982-10-01,M,SA,Al Hofuf,SAR,verified,basic,True,2023-04-18 20:10:04,2023-04-18 20:10:04,2023-06-02 02:36:31
30924443-d55a-4699-a5b6-c5fccb7690ed,Hussein,Abdelrahman,husseinabdelrahman@stc.com.sa,+1-569-382-2105,1964-09-12,M,EG,Mansoura,EGP,verified,basic,True,2024-12-20 23:31:21,2024-12-20 23:31:21,2025-03-18 07:00:27
e06b64ca-398c-48b2-8032-ef795420c86b,Adam,Al-Kaabi,adamalkaabi@stc.com.sa,+1-904-977-4258x591,1973-07-17,M,AE,Al Ain,AED,verified,basic,True,2025-08-13 02:30:28,2025-08-13 02:30:28,2025-09-30 23:21:22
970a912f-f1fc-4773-ac58-f3b6e47e0fef,Rekha,Chopra,rekha.chopra@yahoo.ae,+1-611-464-9133x42457,1988-11-26,F,AE,Al Ain,AED,verified,silver,True,2024-07-31 03:47:36,2024-07-31 03:47:36,2025-05-18 06:01:31
c6023e93-54ed-4a63-8256-02a8068ce6f3,Nour,Al-Saud,nouralsaud@yahoo.ae,+971561574205,1983-08-03,F,AE,Abu Dhabi,AED,verified,basic,True,2025-03-30 08:11:53,2025-03-30 08:11:53,2025-06-11 06:08:19
a537e3bd-ed54-4d41-a039-32b3db0de838,Sara,Al-Kaabi,sara.alkaabi@etisalat.ae,+96554604353,1966-10-02,F,KW,Jahra,KWD,verified,basic,False,2026-01-03 00:50:05,2026-01-03 00:50:05,2026-03-08 21:25:01
b597a1b5-f42f-4836-8401-2181c6bc44c8,Youssef,Al-Saud,youssef.alsaud@yahoo.ae,+201255952797,1965-10-31,M,EG,Zagazig,EGP,verified,silver,True,2025-07-16 05:37:08,2025-07-16 05:37:08,2026-01-28 05:59:05
529d2b20-0eb2-474d-8c64-626a01e7d48d,Neha,Kumar,nehakumar@hotmail.ae,+966537669918,1970-12-27,F,SA,Jubail,SAR,verified,silver,True,2024-10-11 10:29:13,2024-10-11 10:29:13,2024-12-28 05:11:45
eeb96201-81ef-4d24-b4bc-a19446858fbe,Bilal,Al-Harbi,bilal.alharbi@etisalat.ae,206-346-8677x524,1998-01-02,M,EG,Zagazig,EGP,verified,basic,True,2024-04-03 03:23:15,2024-04-03 03:23:15,2025-09-04 02:03:00
9abd457c-de6e-431e-8c0f-3a3e471dc901,Rohit,Singh,rohit.singh@stc.com.sa,+966594502324,1964-12-26,M,SA,Al Hofuf,SAR,pending,basic,True,2024-09-04 01:17:12,2024-09-04 01:17:12,2025-02-26 19:55:07
c782967d-6fb3-4051-b2b1-ee11d4265769,Michael,Miller,michaelmiller@hotmail.ae,+97463547556,2005-02-15,M,QA,West Bay,QAR,verified,basic,True,2024-03-04 09:29:45,2024-03-04 09:29:45,2025-02-07 19:28:40
b26b5668-d09b-400d-8c52-0f4814941bfb,Saud,Al-Falasi,saud948@outlook.com,+201250107238,2000-12-13,M,EG,Suez,EGP,verified,basic,False,2025-10-01 22:24:27,2025-10-01 22:24:27,2025-12-11 08:00:36
28767c03-3f9e-4dc4-93f6-1756d46172e0,Youssef,Al-Saud,youssef214@outlook.com,+201042385743,1993-11-13,M,EG,Cairo,EGP,verified,gold,True,2025-09-04 16:46:09,2025-09-04 16:46:09,2025-10-17 16:30:45
7a3a0edf-2216-4611-8cb8-3cc6553102c9,Mona,Al-Zahrani,,+971565458615,1966-08-24,F,AE,Sharjah,AED,verified,basic,True,2025-08-19 22:01:46,2025-08-19 22:01:46,2025-10-04 12:57:37
12ae66f3-e3b0-40cd-b077-83101cf6f051,Hamad,Al-Kharafi,hamadalkharafi@hotmail.ae,+201042026271,1980-01-28,M,EG,Hurghada,EGP,verified,basic,True,2023-08-10 04:50:31,2023-08-10 04:50:31,2025-05-11 10:40:50
4f4131fa-a4e8-44ed-b527-9674ceab0e0b,Vijay,Kumar,vijay.kumar@outlook.sa,+97466772196,1971-11-23,M,QA,The Pearl,QAR,verified,silver,True,2024-09-01 03:38:07,2024-09-01 03:38:07,2025-09-24 09:15:40
935e73cd-e08b-44b2-875f-b4da59503870,Saeed,Mohamed,saeed677@outlook.com,+201221927856,1971-01-08,M,EG,Port Said,EGP,verified,silver,True,2024-09-21 05:28:47,2024-09-21 05:28:47,2025-01-30 03:21:09
cd3991f1-77ed-4130-be83-f33377852935,James,White,james383@yahoo.ae,+971522870334,1996-06-11,M,AE,Umm Al Quwain,AED,verified,gold,True,2024-08-19 03:23:08,2024-08-19 03:23:08,2025-05-20 22:41:20
b557ed56-8b5c-4088-aef8-c9c73385dc05,Shamma,Elmasry,shammaelmasry@gmail.com,+201063251788,1975-02-01,F,EG,New Cairo,EGP,pending,basic,True,2026-02-21 11:34:53,2026-02-21 11:34:53,2026-02-27 10:30:32
6b5b0cf4-fc2e-40c1-9b9f-d77d1cb44d34,Saeed,Abdelaziz,saeedabdelaziz@stc.com.sa,+966518387946,1984-12-14,M,SA,Dammam,SAR,pending,basic,True,2024-04-18 22:17:35,2024-04-18 22:17:35,2026-01-02 23:14:26
13331659-579f-44bf-a03e-aa2d9b6f720b,Deepa,Singh,deepa.singh@outlook.sa,+971557211403,1975-09-09,F,AE,Sharjah,AED,verified,basic,True,2025-10-03 03:19:16,2025-10-03 03:19:16,2026-02-19 23:15:34
d323a2d3-d87c-4ace-baea-03708befd94f,Steven,Johnson,steven.johnson@hotmail.com,+971518806211,1970-04-01,M,AE,Umm Al Quwain,AED,verified,basic,True,2025-03-19 03:04:34,2025-03-19 03:04:34,2025-04-12 21:31:09
76c4cdd4-1a30-41ef-8720-2ad6289e7239,Maryam,Nadeem,maryamnadeem@stc.com.sa,+971525632027,1996-11-27,F,AE,Umm Al Quwain,AED,verified,basic,True,2023-10-19 18:33:10,2023-10-19 18:33:10,2025-02-19 06:25:07
2fc42626-6c46-4127-bf75-efc7cd0fe83a,Hessa,Al-Shehri,hessa.alshehri@stc.com.sa,+971507012107,1966-08-05,F,AE,Ras Al Khaimah,AED,verified,basic,False,2023-07-26 03:15:24,2023-07-26 03:15:24,2025-04-13 00:53:17
5445a0f0-d6f7-49e5-b74e-1d874c6cac83,Zayed,Elbanna,zayed.elbanna@outlook.com,+201287041363,1977-11-29,M,EG,Alexandria,EGP,pending,basic,True,2023-12-21 10:17:16,2023-12-21 10:17:16,2025-09-05 00:35:57
455d6798-8dfa-48be-8afd-e07f7c4f6949,Vikram,Khanna,vikram.khanna@mobily.com.sa,+96592368490,1982-06-06,M,KW,Ahmadi,KWD,verified,platinum,True,2023-03-16 22:55:48,2023-03-16 22:55:48,2024-11-03 15:34:51
845a20ab-fd6d-4081-a95f-541188668806,Aisha,Al-Saud,aisha.alsaud@outlook.sa,797.428.3512,1972-04-06,F,EG,Giza,EGP,verified,basic,True,2025-01-22 07:33:04,2025-01-22 07:33:04,2026-02-20 08:50:38
eb8196b0-085d-451d-bbf4-4ce63198dfab,Anil,Bhatia,anil.bhatia@mobily.com.sa,+971511509048,1997-06-23,M,AE,Abu Dhabi,AED,verified,basic,True,2025-12-26 15:21:59,2025-12-26 15:21:59,2026-02-02 09:26:34
7468e851-1546-4041-b2bb-72499697c6b7,Saud,Elsayed,saudelsayed@stc.com.sa,+201270120895,1998-07-01,M,EG,Shubra El Kheima,EGP,verified,silver,True,2025-06-05 21:43:15,2025-06-05 21:43:15,2026-01-15 05:55:05
8a8ed62d-e94c-4017-9a03-e80c3fb14d7e,Sara,Al-Zahrani,sara.alzahrani@outlook.sa,+971517613325,1986-08-23,F,AE,Ajman,AED,verified,basic,True,2025-10-11 19:02:50,2025-10-11 19:02:50,2025-12-10 04:37:59
cf4ecab1-d275-4302-8779-7590837289e0,Radha,Mehta,radhamehta@yahoo.ae,214.299.8250,1986-05-18,F,QA,The Pearl,QAR,verified,silver,False,2024-06-22 07:47:49,2024-06-22 07:47:49,2024-11-15 12:49:35
fbba1a87-59d6-46a6-a719-cc522508dec6,Hamad,Abdelfattah,hamad445@outlook.com,+201057213180,1993-11-21,M,EG,6th of October City,EGP,verified,basic,True,2024-01-20 00:13:10,2024-01-20 00:13:10,2024-12-06 03:55:52
07334b3e-1e86-48be-a64e-ca399354f9be,Vikram,Menon,vikrammenon@mobily.com.sa,+966501261602,1976-12-08,M,SA,Jeddah,SAR,pending,silver,True,2025-09-24 20:14:00,2025-09-24 20:14:00,2026-01-23 13:51:44
18683489-9b40-4b3c-9f67-2bdd346663d6,Anil,Sharma,anil.sharma@hotmail.ae,+971558094088,1990-10-01,M,AE,Ras Al Khaimah,AED,verified,platinum,True,2026-02-22 21:58:51,2026-02-22 21:58:51,2026-02-26 01:03:49
0a60d150-2bb5-4b69-a835-69ead99296c8,Sadia,Hussain,sadia330@stc.com.sa,+971562183202,1998-12-25,F,AE,Ajman,AED,verified,basic,True,2024-05-24 23:43:10,2024-05-24 23:43:10,2024-12-14 02:25:03
5590dae2-e545-4249-a4d3-0af4bd7ba63d,Latifa,Al-Hashimi,latifa.alhashimi@yahoo.ae,+201224561556,1986-08-05,F,EG,Suez,EGP,rejected,basic,True,2023-05-07 19:03:44,2023-05-07 19:03:44,2024-02-18 08:54:46
98436ecf-1790-4267-980b-47754565b3d3,Zara,Siddiqui,zara.siddiqui@yahoo.com,+966592130790,1972-02-17,F,SA,Abha,SAR,verified,basic,False,2024-04-02 07:44:12,2024-04-02 07:44:12,2024-12-30 06:23:40
f46cd904-74b2-49b9-98bd-33ab38f4d914,Yasmin,Al-Saud,yasmin.alsaud@etisalat.ae,+201072013345,1976-11-28,F,EG,Tanta,EGP,verified,basic,True,2023-06-25 11:56:08,2023-06-25 11:56:08,2026-01-15 03:26:53
1b48b969-fbf7-430e-8620-0dea2e84046b,Mohamed,Al-Suwaidi,mohamedalsuwaidi@etisalat.ae,+201280941666,1969-12-13,M,EG,6th of October City,EGP,verified,silver,False,2023-05-08 09:55:46,2023-05-08 09:55:46,2023-10-16 15:35:52
6c1d1a6e-52a4-4120-b979-43ca383fe135,Shweta,Menon,shweta.menon@hotmail.ae,+971567395699,2006-08-28,F,AE,Sharjah,AED,verified,gold,False,2024-03-12 22:05:55,2024-03-12 22:05:55,2025-03-28 22:50:36
4b0b6337-58d6-40ab-a082-2702758c1c7c,Lina,Abdelrahman,lina.abdelrahman@stc.com.sa,+971536790593,1961-08-11,F,AE,Fujairah,AED,verified,platinum,True,2024-10-01 12:06:01,2024-10-01 12:06:01,2025-09-01 20:15:12
ecc0f803-5306-4981-a2d5-94fec08c7c59,Leo,Mendoza,leo.mendoza@hotmail.ae,+966593415646,1984-12-04,M,SA,Hail,SAR,verified,silver,True,2025-02-26 18:19:35,2025-02-26 18:19:35,2025-07-07 22:51:46
252ed51a-f88b-4489-9e08-e7c98fe924b8,Dana,Al-Rashid,danaalrashid@stc.com.sa,+201253756453,1981-01-26,F,EG,Luxor,EGP,verified,silver,True,2025-12-04 03:12:59,2025-12-04 03:12:59,2025-12-24 20:44:21
68c92663-02af-44b0-bb2c-7e23a669d2b4,Eman,Abdelfattah,eman.abdelfattah@hotmail.com,,1969-10-20,F,EG,Sharm El Sheikh,EGP,verified,basic,True,2024-11-08 22:54:07,2024-11-08 22:54:07,2025-11-09 04:40:12
d910dfa7-de33-412b-be9b-b1304b7b95e5,Farah,Abbasi,farah.abbasi@hotmail.ae,+966528588667,1974-03-27,F,SA,Khobar,SAR,verified,basic,True,2026-02-19 18:13:00,2026-02-19 18:13:00,2026-03-01 03:03:39
6950e132-064e-41e9-8eb1-bbbf543b40eb,Hussein,Al-Nahyan,hussein.alnahyan@mobily.com.sa,001-732-265-7327,1966-10-16,M,SA,Riyadh,SAR,verified,basic,True,2026-01-23 03:19:22,2026-01-23 03:19:22,2026-03-02 08:12:00
fcf6a066-8bb4-4b87-89eb-e5835a5bc19a,Amanda,Davis,amanda.davis@etisalat.ae,+96591145436,1972-02-10,F,KW,Salmiya,KWD,pending,silver,True,2026-03-06 17:23:01,2026-03-06 17:23:01,2026-03-07 14:28:54
34ffab0d-b4b6-4054-8205-64c10fcc6067,Rashed,Ibrahim,rashed.ibrahim@stc.com.sa,+201150700248,1986-02-09,M,EG,Suez,EGP,pending,basic,True,2023-10-06 08:38:30,2023-10-06 08:38:30,2025-10-09 20:23:28
0c757f2c-8cbf-42c9-aee4-e3d3da83c9e3,Amira,Al-Zahrani,amira568@yahoo.com,+97477079798,2002-08-26,F,QA,West Bay,QAR,verified,basic,False,2023-10-05 08:12:32,2023-10-05 08:12:32,2025-01-13 12:55:01
86845cc2-6a71-4a58-8d20-1df37a80ad10,Mark,Villanueva,mark720@mobily.com.sa,+966583507958,1981-11-12,M,SA,Najran,SAR,verified,basic,True,2025-04-08 07:06:10,2025-04-08 07:06:10,2025-06-12 02:33:18
fc8c629b-500b-4dce-ad0e-02ac2a5ebf65,Nour,Al-Subaie,nouralsubaie@stc.com.sa,+966575006465,1992-03-05,F,SA,Jeddah,SAR,verified,basic,True,2024-01-13 20:21:44,2024-01-13 20:21:44,2025-08-26 04:25:13
f169d306-eae1-48ab-9602-f010d4997c26,Juan,Santos,,+971545534607,2005-11-25,M,AE,Sharjah,AED,verified,silver,True,2025-02-05 13:40:51,2025-02-05 13:40:51,2025-04-12 10:22:47
a1248473-f09e-4b80-b9b3-9c02f086afab,Nadia,Baig,nadiabaig@outlook.com,+201299418882,1960-11-03,F,EG,Shubra El Kheima,EGP,pending,basic,True,2023-07-04 20:42:02,2023-07-04 20:42:02,2023-07-25 18:02:57
67518aa2-60b5-46ab-acdd-1973aaad0d08,Lulwa,Abdelrahman,lulwa.abdelrahman@yahoo.ae,+971543621335,1986-07-07,F,AE,Fujairah,AED,verified,silver,True,2023-07-11 01:50:48,2023-07-11 01:50:48,2024-11-19 19:24:32
f6f6e3cc-bdfa-4c03-8d03-4c0935fb34fb,Fatma,Al-Harbi,fatmaalharbi@yahoo.ae,+201093946711,1978-02-06,F,EG,6th of October City,EGP,verified,silver,True,2024-01-10 20:42:32,2024-01-10 20:42:32,2024-08-21 09:25:12
cbc6c4e1-6271-4b4b-842c-38293c6afbc4,Vikram,Reddy,vikram.reddy@etisalat.ae,+966524176691,1977-04-06,M,SA,Khamis Mushait,SAR,verified,basic,True,2024-12-31 07:05:45,2024-12-31 07:05:45,2025-09-25 01:52:12
7a6062bd-6f2c-4809-8519-c882a2abd785,Leo,Flores,leoflores@gmail.com,+201042315695,2006-07-14,M,EG,Giza,EGP,verified,silver,True,2026-02-26 03:18:47,2026-02-26 03:18:47,2026-03-05 11:40:46
a819ffec-b7c8-41a7-89c6-7800233c1552,Zayed,Elbanna,zayed.elbanna@hotmail.ae,+201018842104,1991-08-08,M,EG,Mansoura,EGP,pending,basic,True,2025-02-28 23:33:12,2025-02-28 23:33:12,2025-07-04 22:52:48
266a01bc-eef2-400c-9eb8-048ebe243359,Hamza,Elbanna,hamza.elbanna@etisalat.ae,+96598586261,2005-03-21,M,KW,Salmiya,KWD,verified,basic,True,2025-01-12 12:03:42,2025-01-12 12:03:42,2025-05-26 16:54:48
28f256c8-3c05-49cd-a77a-5d5416840785,Amr,Al-Jaber,amr.aljaber@hotmail.ae,+201030272064,2001-06-24,M,EG,6th of October City,EGP,verified,basic,True,2025-04-03 12:29:07,2025-04-03 12:29:07,2026-01-09 14:07:49
1bdf6c57-b806-40d6-8572-ad7cc48eba69,Saeed,Al-Nuaimi,saeed631@outlook.sa,+966538262122,1981-02-22,M,SA,Najran,SAR,verified,gold,True,2023-03-29 20:37:16,2023-03-29 20:37:16,2025-12-04 20:58:06
11c6ed3b-50f1-46ba-a3de-7bdf83a9b4a6,Hamza,Al-Jaber,hamzaaljaber@yahoo.ae,+971536211203,1976-12-07,M,AE,Fujairah,AED,verified,basic,True,2024-12-16 12:03:46,2024-12-16 12:03:46,2025-05-28 04:36:19
ae0d5ef3-2898-4590-9cbb-95259b0f2f25,Munira,Al-Harbi,munira464@etisalat.ae,+966574916445,1998-07-08,F,SA,Dammam,SAR,verified,basic,True,2025-04-06 17:01:56,2025-04-06 17:01:56,2025-10-06 03:26:35
6b0acd99-fd5e-47d8-8744-193946803538,Shahid,Nadeem,shahidnadeem@yahoo.ae,+201012603460,1964-03-14,M,EG,Hurghada,EGP,verified,silver,True,2024-09-24 19:56:50,2024-09-24 19:56:50,2025-09-27 19:13:48
38b70a73-8248-4ce2-9a2f-14a30d0d9842,Nasser,Al-Ketbi,nasser443@yahoo.ae,+966504746911,1973-06-14,M,SA,Khobar,SAR,verified,silver,True,2023-06-11 19:06:17,2023-06-11 19:06:17,2025-09-02 00:40:51
3db79d39-684b-42e9-9627-7f3fee3a6792,Eman,Elsharawy,eman.elsharawy@etisalat.ae,+201077663082,2002-10-11,F,EG,Giza,EGP,verified,basic,True,2025-01-31 14:46:54,2025-01-31 14:46:54,2025-11-24 08:08:25
315a3355-d3fd-4b92-9b4a-c7aef35e6424,Fahad,Elbanna,fahadelbanna@outlook.com,+201184526321,1997-10-15,M,EG,Suez,EGP,verified,basic,True,2024-07-28 23:22:29,2024-07-28 23:22:29,2025-08-03 13:11:29
8889358b-41d2-46ca-9619-278a6872636e,Mostafa,Al-Falasi,mostafa.alfalasi@yahoo.ae,+1-265-462-5904x5990,1964-07-13,M,KW,Salmiya,KWD,pending,basic,True,2025-04-19 06:36:02,2025-04-19 06:36:02,2025-05-15 15:25:28
6c75074c-9b71-4cb6-ad88-2c15dd447097,Divya,Sharma,divyasharma@hotmail.ae,+971502715524,1987-02-18,F,AE,Abu Dhabi,AED,pending,basic,True,2025-11-30 17:53:24,2025-11-30 17:53:24,2025-12-30 20:10:04
9e99624d-1034-425f-8c67-e2eff6cd3fb9,Rania,Al-Kaabi,raniaalkaabi@hotmail.ae,+201083564403,1975-02-02,F,EG,New Cairo,EGP,rejected,basic,True,2023-05-14 05:35:06,2023-05-14 05:35:06,2024-05-09 15:59:20
0d3d1970-b220-401d-a649-ae91b5be553c,Amr,Ahmed,amrahmed@outlook.sa,+966553309771,1999-11-04,M,SA,Abha,SAR,verified,basic,False,2024-02-29 05:45:28,2024-02-29 05:45:28,2025-03-16 23:19:49
b9247a19-4df9-4378-aef3-6b0dd2b82268,Sherif,Al-Anazi,sherif689@gmail.com,+966556861649,1973-11-26,M,SA,Abha,SAR,verified,basic,True,2023-11-13 01:17:27,2023-11-13 01:17:27,2024-12-15 04:02:08
9b39f173-bdfe-4ee4-bed7-41a62cf3da6c,Mashael,Al-Kaabi,mashael918@hotmail.ae,+201054893916,1986-07-21,F,EG,Port Said,EGP,verified,basic,True,2023-05-13 10:21:18,2023-05-13 10:21:18,2023-10-26 05:31:25
224728a3-b084-43f9-9330-b5dc5d7c581e,Nasser,Al-Suwaidi,nasser989@mobily.com.sa,+201137592908,1994-03-08,M,EG,Alexandria,EGP,verified,basic,True,2024-01-24 06:32:26,2024-01-24 06:32:26,2026-01-28 16:04:47
901ccf7a-da6f-4719-92db-3421a5b3fe43,Hassan,Elsayed,hassan.elsayed@outlook.com,+201062153213,1980-11-01,M,EG,Mansoura,EGP,verified,basic,True,2023-03-09 17:30:28,2023-03-09 17:30:28,2025-01-29 02:34:12
a8b1f61d-6da7-4296-ad9d-26098f1e1f26,Zayed,Elsayed,zayedelsayed@outlook.com,+966593675751,1969-11-02,M,SA,Makkah,SAR,verified,silver,True,2024-06-20 22:23:56,2024-06-20 22:23:56,2025-01-10 23:57:36
102643e6-3c83-44e3-80ad-51f1a305feaa,Jana,Saad,jana293@stc.com.sa,+201171327790,1998-07-07,F,EG,Aswan,EGP,verified,basic,True,2026-03-05 14:17:53,2026-03-05 14:17:53,2026-03-08 12:09:47
9f6a56b6-04f0-4a81-ba27-25b3858c5598,Pradeep,Kumar,pradeep.kumar@etisalat.ae,+966513571860,1978-05-17,M,SA,Makkah,SAR,verified,silver,True,2024-01-18 14:18:25,2024-01-18 14:18:25,2024-02-25 12:29:05
e56ff95c-0f04-4d78-9758-0dfb88bf16b2,Dana,Al-Subaie,dana.alsubaie@outlook.com,+201046502180,1971-05-04,F,EG,6th of October City,EGP,verified,gold,True,2025-07-02 16:58:08,2025-07-02 16:58:08,2025-11-24 16:04:25
4188f1eb-ed6f-460e-bb0c-12606e194101,Nour,Mostafa,nour153@yahoo.ae,+201098395975,1982-10-31,F,EG,Suez,EGP,verified,basic,True,2023-10-09 12:48:04,2023-10-09 12:48:04,2025-04-18 16:56:20
6332a724-53da-47ed-81ee-88c07ee30ca2,Mishal,Elmasry,mishalelmasry@stc.com.sa,+201196632730,1960-06-17,M,EG,Suez,EGP,verified,silver,True,2025-08-19 16:01:46,2025-08-19 16:01:46,2025-11-26 14:09:55
57935135-67cc-4bbb-85ce-8eac835f6b77,Lina,Saad,linasaad@stc.com.sa,+201183879955,1967-06-06,F,EG,Ismailia,EGP,verified,basic,True,2026-02-10 04:13:55,2026-02-10 04:13:55,2026-02-21 03:19:30
20412fd4-99d6-4d0b-9356-ae6579e40e49,Hessa,Al-Thani,hessa994@hotmail.ae,+201095962340,1968-06-04,F,EG,Zagazig,EGP,verified,gold,True,2024-06-11 04:47:02,2024-06-11 04:47:02,2024-11-19 01:10:22
5b08abb5-2fac-451d-9b70-86e56fc7bb9a,Bushra,Baig,bushrabaig@hotmail.com,+966532196822,1989-05-07,F,SA,Tabuk,SAR,verified,basic,True,2024-06-23 15:08:24,2024-06-23 15:08:24,2025-10-17 14:56:29
ddaac6ef-0bb4-4f47-93b9-db464269f883,Tarek,Al-Suwaidi,tarekalsuwaidi@stc.com.sa,+966549026882,1962-10-26,M,SA,Buraidah,SAR,verified,basic,True,2024-10-19 23:21:43,2024-10-19 23:21:43,2025-11-02 14:03:31
59961fbd-3a0f-4b6e-892c-a1a36ff38b71,Anand,Iyer,anand150@etisalat.ae,+966578967026,2008-02-05,M,SA,Taif,SAR,rejected,basic,True,2025-07-15 04:32:10,2025-07-15 04:32:10,2026-01-06 10:00:55
13581ffc-d691-4f71-ad3b-f9a370fdf0f0,Asad,Qureshi,asad839@yahoo.ae,+971512593059,2000-01-15,M,AE,Fujairah,AED,verified,basic,True,2024-04-06 01:17:42,2024-04-06 01:17:42,2024-07-06 10:47:45
87147015-25d8-4fdd-b8d4-81755b0504bd,Lina,Al-Dossari,linaaldossari@yahoo.com,+201079355175,1977-02-17,F,EG,Zagazig,EGP,rejected,basic,True,2025-04-03 01:46:24,2025-04-03 01:46:24,2025-04-05 06:49:52
740f0200-2eb9-409e-982e-e4fa42e85427,Lulwa,Al-Ketbi,,+966563963386,2001-05-15,F,SA,Abha,SAR,verified,basic,True,2023-09-30 18:26:02,2023-09-30 18:26:02,2026-02-21 00:02:54
292fa4cd-802e-41c3-aad3-a855183dc787,Youssef,Mostafa,youssef.mostafa@stc.com.sa,+201013178034,1964-08-14,M,EG,New Cairo,EGP,verified,basic,True,2023-06-21 16:48:16,2023-06-21 16:48:16,2023-11-04 05:27:27
a2821d24-9678-4453-bcc9-e52cb663f0d4,Munira,Al-Thani,munira.althani@yahoo.com,+201045269140,1978-01-31,F,EG,Cairo,EGP,verified,silver,True,2025-07-22 13:21:26,2025-07-22 13:21:26,2026-01-24 03:31:09
75636446-72e6-4c5b-b8a9-7c7aaf2ff5a5,Tarek,Mostafa,tarekmostafa@hotmail.ae,+201218968278,2005-07-02,M,EG,New Cairo,EGP,verified,basic,True,2025-06-01 14:17:06,2025-06-01 14:17:06,2025-09-12 20:32:10
a490ad60-0f48-4543-a463-006a7cb4f658,Yasmin,Al-Shamsi,yasmin.alshamsi@stc.com.sa,+201088594257,1968-10-28,F,EG,Luxor,EGP,verified,basic,True,2026-01-08 23:47:13,2026-01-08 23:47:13,2026-02-27 11:51:54
9de06834-47ae-4316-9e2d-c8d871deed40,Noura,Al-Otaibi,nouraalotaibi@outlook.sa,,1964-10-24,F,SA,Yanbu,SAR,verified,basic,True,2023-10-21 14:09:24,2023-10-21 14:09:24,2025-11-01 15:40:15
0ad4ec22-c44a-4428-bc00-2b56a4ef0c25,Ali,Al-Kharafi,ali838@outlook.com,+201178905312,1975-06-24,M,EG,Aswan,EGP,verified,basic,True,2025-10-06 18:44:46,2025-10-06 18:44:46,2026-03-01 03:30:52
c53b2c9b-f660-42a1-be60-211d27ac6094,Manisha,Pillai,manishapillai@etisalat.ae,+971539548784,1965-12-16,F,AE,Ajman,AED,verified,basic,True,2025-07-29 06:21:05,2025-07-29 06:21:05,2025-09-23 19:06:15
8b793065-c07a-4610-b07f-44b62060f50c,Faisal,Elsayed,faisal582@yahoo.ae,475-948-9547x876,1966-05-18,M,EG,Luxor,EGP,verified,basic,True,2024-08-14 08:13:51,2024-08-14 08:13:51,2026-02-02 09:18:35
ee77d5e2-063c-484d-9a57-7da390b64958,Ravi,Shah,ravi.shah@outlook.com,+971539937879,1982-12-25,M,AE,Ajman,AED,verified,gold,True,2024-01-01 17:42:42,2024-01-01 17:42:42,2025-10-02 01:00:24
df2b4f80-a4d5-4642-b296-7c8b844df311,Saeed,Hassan,saeed.hassan@hotmail.com,+201247382608,2003-04-17,M,EG,Hurghada,EGP,verified,platinum,True,2025-09-23 21:06:12,2025-09-23 21:06:12,2026-03-04 02:59:52
aead8816-5018-429f-9200-e2d2d0e6ce5c,Carlo,Bautista,carlobautista@outlook.com,,1972-08-23,M,EG,Aswan,EGP,rejected,basic,True,2024-08-14 19:17:48,2024-08-14 19:17:48,2025-12-30 17:08:56
1ac46e17-924f-4685-b520-999fb7c8fa99,Majed,Al-Ketbi,majed.alketbi@etisalat.ae,+971525121051,1964-09-18,M,AE,Umm Al Quwain,AED,pending,basic,True,2023-03-14 18:57:35,2023-03-14 18:57:35,2024-01-02 06:42:33
753fb247-03cc-4e8a-9726-5c5f90225165,Aditya,Iyer,adityaiyer@mobily.com.sa,+96595648826,1981-06-30,M,KW,Mangaf,KWD,verified,basic,True,2024-10-30 17:15:40,2024-10-30 17:15:40,2025-01-31 11:52:23
eed0f5b8-4b68-4217-bfb3-aa75b0bae192,Rawia,Al-Mutairi,rawia169@stc.com.sa,+971563062198,2005-02-12,F,AE,Sharjah,AED,pending,basic,False,2023-05-10 18:07:40,2023-05-10 18:07:40,2025-10-06 21:17:21
3347ee2e-adb2-4c92-b846-b0503d7c36f3,Haifa,Ali,haifa.ali@stc.com.sa,+971522869519,1971-11-18,F,AE,Ras Al Khaimah,AED,verified,basic,True,2024-02-14 06:35:17,2024-02-14 06:35:17,2025-11-01 02:07:00
b9c1d138-3d85-482f-929a-a0f828acc9c9,Munira,Abdelrahman,munira770@yahoo.ae,+201061441896,1971-06-17,F,EG,Shubra El Kheima,EGP,verified,gold,True,2025-10-11 16:57:30,2025-10-11 16:57:30,2025-11-14 09:43:40
4d778be3-4c12-4413-8c2e-7f12c1519ee6,Mona,Al-Falasi,mona.alfalasi@outlook.com,,1979-03-16,F,EG,Ismailia,EGP,verified,basic,True,2024-02-15 00:05:07,2024-02-15 00:05:07,2024-05-08 09:55:20
a478a379-4180-4004-9b62-d40121b81116,Rania,Al-Shehri,rania.alshehri@yahoo.ae,+201110425250,2006-01-02,F,EG,Sharm El Sheikh,EGP,verified,basic,True,2024-01-22 08:54:32,2024-01-22 08:54:32,2026-02-23 22:05:46
55066b9d-e9fc-42f9-9373-14dd4b67f02b,Priya,Verma,priya789@yahoo.ae,889.567.9352x1962,1981-07-26,F,QA,West Bay,QAR,verified,basic,True,2024-02-11 06:06:45,2024-02-11 06:06:45,2024-11-11 15:27:30
400560a0-bb76-4aa6-85ef-8e936211c027,Hamza,Mahmoud,hamza.mahmoud@hotmail.ae,+966505599335,1989-11-16,M,SA,Al Hofuf,SAR,verified,silver,True,2025-04-10 09:22:32,2025-04-10 09:22:32,2026-01-16 15:12:29
c3dcb740-0005-4c4f-bec7-1801a388a5f1,Mark,Williams,markwilliams@etisalat.ae,+966588115851,1984-12-29,M,SA,Madinah,SAR,verified,basic,True,2024-10-22 06:25:14,2024-10-22 06:25:14,2024-11-28 12:48:18
3a6012fb-3f37-49c5-b29a-45ffd7c59028,Younis,Al-Rashid,younis.alrashid@hotmail.com,+201140679513,1995-08-10,M,EG,Alexandria,EGP,verified,basic,True,2023-11-23 13:31:34,2023-11-23 13:31:34,2024-03-06 07:13:26
0b379d1f-759b-4d1c-acc2-d022a9ecb80b,Mashael,Al-Thani,mashael.althani@yahoo.com,+966592548050,1972-05-07,F,SA,Al Hofuf,SAR,verified,basic,True,2024-04-30 15:50:47,2024-04-30 15:50:47,2025-06-19 09:27:28
9adc3379-4d98-487f-bbad-4733d98864da,Mahmoud,Naguib,mahmoud.naguib@yahoo.ae,+1-223-805-2480,1971-07-20,M,SA,Dammam,SAR,verified,basic,True,2023-10-05 08:25:18,2023-10-05 08:25:18,2023-12-19 10:50:02
12a9c14c-5956-4064-b674-9741f1fe0b8d,Pallavi,Iyer,pallavi.iyer@etisalat.ae,+966523615725,1969-06-07,F,SA,Tabuk,SAR,verified,basic,True,2024-10-16 00:34:55,2024-10-16 00:34:55,2024-10-16 11:16:14
8343ce0b-da8b-4bcf-89b7-c4cb3f9a46ac,Fatma,Ali,fatma544@outlook.sa,,1991-07-17,F,EG,Port Said,EGP,verified,basic,True,2024-05-28 20:50:22,2024-05-28 20:50:22,2025-07-13 16:07:13
a4ce2959-0674-4c74-b4cb-9c8a79133cdf,Mona,Mahmoud,mona643@stc.com.sa,+201075760850,2001-01-01,F,EG,Giza,EGP,verified,platinum,True,2023-07-01 18:20:28,2023-07-01 18:20:28,2025-01-22 15:46:52
2b5107a5-f707-4b87-9ca8-712647c03c21,Hessa,Abdelrahman,hessa.abdelrahman@yahoo.ae,+201050056231,1969-11-14,F,EG,Luxor,EGP,verified,silver,True,2024-03-23 12:28:07,2024-03-23 12:28:07,2024-04-05 05:46:38
1742682b-4505-4bb1-9c3e-97ed6781ccca,Faizan,Hussain,faizanhussain@stc.com.sa,+971545243292,1991-11-01,M,AE,Abu Dhabi,AED,verified,silver,True,2024-09-04 06:47:46,2024-09-04 06:47:46,2025-07-01 12:44:16
a4748ac0-19ee-4034-8290-3f26055139f9,Aisha,Al-Mansouri,aishaalmansouri@hotmail.ae,+201297702160,1961-11-12,F,EG,Port Said,EGP,verified,basic,True,2023-06-10 17:54:08,2023-06-10 17:54:08,2025-08-10 05:41:20
b0b39ec0-6e6e-422b-8fd1-1922388af78f,Faisal,Naguib,faisal234@mobily.com.sa,(959)975-9545x0891,1995-02-28,M,EG,Mansoura,EGP,pending,basic,True,2025-01-10 23:46:56,2025-01-10 23:46:56,2025-02-08 01:46:38
6ae076f0-93f1-4711-a09f-c2a7051e481c,Eman,Al-Suwaidi,eman303@hotmail.com,+201299431958,1973-06-03,F,EG,Hurghada,EGP,verified,basic,True,2023-10-02 05:35:32,2023-10-02 05:35:32,2025-07-13 03:46:31
34cd827e-c80d-44ad-aefc-bddea444b5da,Aditya,Rao,adityarao@etisalat.ae,+971548005981,1992-01-20,M,AE,Abu Dhabi,AED,verified,platinum,True,2024-02-13 01:35:15,2024-02-13 01:35:15,2026-01-23 20:55:19
3b213595-8b77-4218-b22a-20b98ba7dfd8,Abdulrahman,Al-Subaie,abdulrahman841@stc.com.sa,695-574-9885x58298,1961-09-12,M,QA,Al Rayyan,QAR,verified,basic,True,2024-02-24 02:27:37,2024-02-24 02:27:37,2025-01-26 02:26:45
dcbc78d7-093d-4a11-9454-b292be679e7b,Omar,Mohamed,omar.mohamed@outlook.sa,+201174880308,1997-01-30,M,EG,Alexandria,EGP,verified,basic,True,2026-02-25 01:25:46,2026-02-25 01:25:46,2026-03-09 08:06:17
b44eecc1-bbe3-4b95-adfd-f4c59e231a8c,Nagwa,Al-Suwaidi,nagwa363@outlook.sa,+201058720083,1982-11-25,F,EG,Suez,EGP,pending,silver,True,2023-04-26 05:50:16,2023-04-26 05:50:16,2024-11-21 14:36:31
d159522c-c1ca-47bc-acb5-784cadf40ac5,Adam,Naguib,adam.naguib@yahoo.com,+966536167506,1967-01-13,M,SA,Tabuk,SAR,verified,basic,True,2023-07-16 11:05:03,2023-07-16 11:05:03,2023-11-20 23:48:09
46cb36cb-73a1-43ec-b85d-ced85a8d9359,Nagwa,Mahmoud,nagwa455@yahoo.ae,+966561142436,1999-02-10,F,SA,Buraidah,SAR,verified,silver,True,2026-01-07 09:36:18,2026-01-07 09:36:18,2026-01-15 21:32:30
2a4736e4-670b-4d28-9666-91c03f497c87,Aarti,Kapoor,aarti211@etisalat.ae,+971546197034,2000-07-25,F,AE,Fujairah,AED,verified,basic,True,2024-04-27 23:57:00,2024-04-27 23:57:00,2024-12-10 08:34:11
e9298a52-5078-48ef-ab01-ecaa5a6e4121,Lulwa,Al-Mazrouei,lulwa958@gmail.com,+201292602298,1986-12-15,F,EG,Luxor,EGP,verified,basic,True,2023-04-28 11:27:31,2023-04-28 11:27:31,2024-10-05 13:31:45
f5a23d1b-eea6-47b0-89d8-858739b22caa,Noura,Al-Qahtani,nouraalqahtani@hotmail.ae,+966533731440,1968-03-12,F,SA,Yanbu,SAR,verified,silver,True,2025-09-07 15:34:05,2025-09-07 15:34:05,2025-10-06 07:48:23
2b1bdc78-fce1-4c8a-b198-8f3bc1499337,Bilal,Mirza,bilalmirza@outlook.sa,+96553505288,1970-11-02,M,KW,Salmiya,KWD,verified,basic,True,2024-09-25 11:51:45,2024-09-25 11:51:45,2025-07-26 00:47:45
464164e9-add0-4412-80dd-70a146758133,Saeed,Al-Shehri,saeed.alshehri@outlook.com,+201035701165,1977-03-28,M,EG,Aswan,EGP,pending,basic,True,2023-11-19 18:11:44,2023-11-19 18:11:44,2025-08-26 16:22:54
f00b3348-cbf5-497d-9592-f30d0b3ce06f,Mahira,Hussain,mahirahussain@gmail.com,+966589168729,1984-09-24,F,SA,Khobar,SAR,verified,basic,True,2025-11-14 18:35:46,2025-11-14 18:35:46,2026-01-20 08:55:10
6f0b8b50-c48b-4abe-8ef9-b3052aa66463,Sadia,Nadeem,sadia113@hotmail.com,583.832.5848x6899,1991-02-22,F,AE,Sharjah,AED,verified,basic,True,2023-05-09 23:02:01,2023-05-09 23:02:01,2025-11-13 00:11:02
0f4deeb9-ac74-4a27-912d-d010baa16c0a,Manisha,Pillai,manisha966@etisalat.ae,+966595868635,2004-07-22,F,SA,Al Hofuf,SAR,verified,gold,True,2024-06-18 04:29:51,2024-06-18 04:29:51,2024-07-18 06:06:46
e8e05c56-ff53-4cdd-ab98-27ae607f45e1,Saleh,Farouk,salehfarouk@yahoo.ae,+201140799334,2003-09-27,M,EG,Mansoura,EGP,verified,silver,True,2025-04-27 03:49:07,2025-04-27 03:49:07,2026-02-27 04:27:12
b1389aae-abf9-425a-9816-91b6ba4d652b,Miguel,Castillo,miguel.castillo@gmail.com,+971539332162,1961-08-05,M,AE,Ajman,AED,verified,basic,True,2025-03-24 03:48:01,2025-03-24 03:48:01,2025-05-01 18:50:02
01ec1e10-ab44-4751-b26a-47cf458f8908,Omar,Al-Qahtani,omar894@yahoo.ae,+96595904259,1964-09-03,M,KW,Fintas,KWD,verified,basic,True,2024-03-15 20:16:43,2024-03-15 20:16:43,2025-11-10 15:38:37
6abc51c0-954e-44df-9437-3f78a8782ccd,Tarek,Al-Kharafi,tarek.alkharafi@outlook.sa,,1972-05-13,M,SA,Taif,SAR,verified,basic,True,2024-05-02 05:23:21,2024-05-02 05:23:21,2024-07-29 06:46:23
522c13de-046c-4cab-8cc1-25cebc254b57,Ghada,Saad,ghada127@stc.com.sa,+201170571332,2002-05-26,F,EG,Giza,EGP,rejected,basic,True,2023-04-07 00:43:35,2023-04-07 00:43:35,2023-08-19 06:51:14
ee23dd4c-d3e1-4ba1-b15e-13b09a874613,Farah,Naguib,farah.naguib@outlook.com,+201118513830,2007-08-22,F,EG,Port Said,EGP,verified,basic,True,2025-09-05 14:02:01,2025-09-05 14:02:01,2025-09-18 13:48:46
44335d80-becf-4e27-8d2e-5b610af7fc74,Karan,Verma,karan.verma@outlook.com,+971528681501,1991-09-22,M,AE,Ajman,AED,verified,platinum,False,2024-07-11 07:33:00,2024-07-11 07:33:00,2024-09-15 12:15:50
d87f908b-1f8b-4e19-8cf4-efcda21e6042,Anand,Agarwal,anandagarwal@hotmail.ae,+966592610232,1963-12-03,M,SA,Abha,SAR,verified,silver,True,2023-08-22 06:31:49,2023-08-22 06:31:49,2024-11-30 14:59:17
786ee9f5-ee3b-4867-a41e-ff583ff36a3a,Nadia,Qureshi,nadiaqureshi@yahoo.ae,+966543297127,1972-10-04,F,SA,Khamis Mushait,SAR,pending,basic,True,2024-07-30 20:42:12,2024-07-30 20:42:12,2026-02-03 17:37:22
084106ca-c9ed-4f33-af37-ae1dda86cea8,Ryan,Del Rosario,ryan556@yahoo.com,+966563305604,1979-01-01,M,SA,Tabuk,SAR,verified,basic,False,2023-05-24 22:56:28,2023-05-24 22:56:28,2024-09-19 20:04:29
cf6295ba-207b-4a84-8e38-dd97cb3d1556,Anjali,Desai,anjali.desai@yahoo.ae,+201083847719,1992-02-12,F,EG,Sharm El Sheikh,EGP,pending,basic,True,2023-05-14 18:35:44,2023-05-14 18:35:44,2024-11-25 18:25:50
9d621ee9-6d6e-4452-ad27-fba8096138ce,Adam,Elmasry,adamelmasry@mobily.com.sa,+966512793332,1994-11-14,M,SA,Al Hofuf,SAR,verified,basic,False,2026-02-01 20:39:52,2026-02-01 20:39:52,2026-02-13 10:38:16
ef095c14-831c-436f-80fd-8b178df351da,Ahmed,Al-Anazi,ahmedalanazi@hotmail.com,+971559774066,1979-10-05,M,AE,Al Ain,AED,verified,basic,True,2025-08-24 02:55:22,2025-08-24 02:55:22,2025-12-06 17:32:31
390884d3-e468-4ed6-8d35-64ec1c7cdee2,Sherif,Elmasry,sherif.elmasry@etisalat.ae,+97439349638,1962-12-03,M,QA,Mesaieed,QAR,verified,basic,True,2023-10-01 11:11:42,2023-10-01 11:11:42,2024-09-24 02:07:02
ff107c5c-9186-4d7a-b2f3-c94f40c76b1b,Essam,Al-Thani,essamalthani@yahoo.ae,341.790.3106,1990-08-11,M,EG,Ismailia,EGP,verified,silver,True,2024-01-24 05:49:22,2024-01-24 05:49:22,2024-05-15 09:19:48
d57ace9d-17c2-4eed-b145-ff6d3a98b0ed,Matthew,Thomas,matthew.thomas@etisalat.ae,+971507186712,1977-05-05,M,AE,Umm Al Quwain,AED,verified,silver,True,2023-05-24 17:31:29,2023-05-24 17:31:29,2023-05-29 11:30:45
b6fc12fa-3d62-46c2-afa2-74bfec231361,Shamsa,Al-Shehri,shamsa602@stc.com.sa,+201268155654,1964-08-17,F,EG,6th of October City,EGP,verified,basic,True,2025-06-09 09:47:19,2025-06-09 09:47:19,2026-01-23 04:13:11
e1129cd8-0480-4e18-affc-ab51bee184e5,Aarti,Shah,aarti884@yahoo.ae,+971556086779,2004-02-04,F,AE,Sharjah,AED,verified,silver,False,2024-03-07 21:00:05,2024-03-07 21:00:05,2025-03-20 06:52:54
15b6fe89-d84c-4296-99f2-0844823377fd,Princess,Mendoza,,+966594672077,1977-05-04,F,SA,Al Hofuf,SAR,verified,basic,True,2024-05-22 01:11:59,2024-05-22 01:11:59,2026-02-09 23:17:27
99ef59d2-8bef-44a4-bbb5-9daa183cf06e,Dina,Al-Anazi,dina.alanazi@stc.com.sa,+201142788611,1967-07-26,F,EG,Mansoura,EGP,verified,gold,True,2023-12-25 18:53:02,2023-12-25 18:53:02,2025-04-14 15:59:39
d53ef284-40bd-412c-91ba-d2912745d0d4,Aisha,Mohamed,aishamohamed@gmail.com,+1-799-995-1679x33505,1996-06-03,F,SA,Tabuk,SAR,pending,silver,True,2024-03-18 08:31:00,2024-03-18 08:31:00,2024-12-02 08:05:13
937991d0-94bc-4ad7-a6be-c8db8aa60b20,Fares,Al-Shamsi,fares.alshamsi@outlook.sa,+201076189546,1997-07-07,M,EG,New Cairo,EGP,verified,basic,True,2026-01-30 13:12:40,2026-01-30 13:12:40,2026-02-20 23:20:27
7a6c91df-5393-4558-a525-129606e8f35d,Farah,Farouk,farahfarouk@gmail.com,+966584703271,1983-05-18,F,SA,Tabuk,SAR,pending,basic,True,2023-08-01 22:27:06,2023-08-01 22:27:06,2024-08-03 15:37:18
cb56d680-db51-4477-8ca9-b40fcd1325f8,Majed,Hussein,majedhussein@outlook.com,,1968-04-08,M,EG,Port Said,EGP,pending,silver,True,2025-10-15 01:44:37,2025-10-15 01:44:37,2025-11-02 05:31:57
1519b2d5-0acf-499b-bf1b-e3f8ecfde92d,Alanoud,Elshamy,alanoud.elshamy@hotmail.ae,+201143596935,1989-04-01,F,EG,Port Said,EGP,pending,gold,True,2023-03-09 20:37:06,2023-03-09 20:37:06,2026-02-23 15:30:44
002f103c-a174-4b35-915c-61d6c1ca7e0e,Jessica,Thompson,jessica477@stc.com.sa,+201156836458,1991-07-19,F,EG,Luxor,EGP,verified,silver,True,2024-06-09 23:33:01,2024-06-09 23:33:01,2024-07-27 13:48:07
be6588c8-b83a-4016-aef0-157f0c716a3e,Adam,Hussein,adam.hussein@hotmail.com,+201298806672,1985-09-03,M,EG,6th of October City,EGP,verified,basic,True,2023-11-30 22:28:59,2023-11-30 22:28:59,2024-01-24 12:12:21
efd6442f-6aca-4276-92c1-4ece4bdc41a3,Sneha,Agarwal,sneha715@mobily.com.sa,+971568052414,2000-08-16,F,AE,Umm Al Quwain,AED,verified,silver,True,2023-11-09 05:20:44,2023-11-09 05:20:44,2026-02-13 23:21:02
6b373f15-a854-4d5a-bdd1-7bd0807cc5f0,Malak,Al-Qahtani,,+1-974-354-9303x646,1968-01-13,F,EG,Hurghada,EGP,verified,silver,True,2025-08-28 21:24:41,2025-08-28 21:24:41,2026-01-30 13:50:41
0feae717-871f-4660-9744-514d992a1d0d,Nikhil,Mehta,nikhil780@stc.com.sa,+966501902483,1963-08-22,M,SA,Al Hofuf,SAR,verified,gold,True,2024-03-17 07:00:25,2024-03-17 07:00:25,2025-04-16 04:34:03
93dafa58-8333-4d79-aa4d-998ab4807b12,Bandar,Elsharawy,bandar.elsharawy@yahoo.ae,+201191456926,1970-03-31,M,EG,Cairo,EGP,rejected,basic,True,2025-05-22 07:55:08,2025-05-22 07:55:08,2026-01-19 23:51:00
99bd0d74-73f6-4a32-9a17-28b3aab8daa6,Vikram,Verma,vikram.verma@hotmail.ae,+971568082038,2007-01-01,M,AE,Al Ain,AED,pending,basic,True,2023-07-16 01:55:16,2023-07-16 01:55:16,2024-05-06 21:22:06
7bec89b1-92e1-40f8-8519-e01f3ff24c3c,Dana,Mahmoud,danamahmoud@gmail.com,+971558364846,2005-08-26,F,AE,Sharjah,AED,verified,gold,True,2025-09-27 07:45:39,2025-09-27 07:45:39,2026-01-17 05:54:34
12f6ecaa-817b-4c72-bc21-4f1b861d9912,Hessa,Al-Otaibi,hessa.alotaibi@outlook.sa,+201282479365,2000-12-17,F,EG,Shubra El Kheima,EGP,verified,basic,True,2023-05-17 07:03:07,2023-05-17 07:03:07,2023-08-01 04:25:45
3fcc8917-acac-4abf-8495-62d5270ce3e8,Thomas,Martin,,+971565120699,1995-01-02,M,AE,Ajman,AED,verified,basic,True,2024-05-01 05:27:37,2024-05-01 05:27:37,2024-10-25 04:47:39
bdf86d1b-1104-4a4f-a8dc-bde773009580,Munira,Al-Shamsi,muniraalshamsi@mobily.com.sa,+201253169846,2001-02-27,F,EG,Sharm El Sheikh,EGP,verified,basic,True,2024-12-05 21:54:08,2024-12-05 21:54:08,2026-02-12 12:40:01
e5b15e18-1dc3-4517-b1ae-c6f8d58ec864,Zain,Qureshi,zain.qureshi@gmail.com,+971551285118,2002-10-03,M,AE,Ajman,AED,verified,basic,True,2024-04-19 02:36:03,2024-04-19 02:36:03,2025-11-09 16:01:26
843ebf59-ae78-40ba-a52a-45e024e30696,Ahmed,Al-Harbi,ahmedalharbi@outlook.com,636.438.1643x21269,1999-01-26,M,EG,6th of October City,EGP,verified,silver,True,2025-05-28 04:24:55,2025-05-28 04:24:55,2026-02-02 17:59:07
9248f686-f769-4b07-b409-54df2c9b1235,Fahad,Elbanna,fahadelbanna@outlook.com,+201199858121,1991-08-16,M,EG,Suez,EGP,verified,gold,True,2023-07-15 08:36:35,2023-07-15 08:36:35,2023-09-16 16:57:20
0018baea-938b-4ac0-a0fa-aec0071cc5f2,Rania,Saad,rania.saad@outlook.sa,+966575892660,1981-02-15,F,SA,Jubail,SAR,verified,basic,True,2024-10-15 18:50:30,2024-10-15 18:50:30,2025-08-31 04:00:32
97d8e116-c9e4-45b6-bfcb-135e3451f8e6,Reem,Elmasry,reem.elmasry@etisalat.ae,,1979-12-17,F,AE,Ajman,AED,verified,basic,False,2024-05-17 08:23:37,2024-05-17 08:23:37,2025-06-19 19:02:11
3274d333-782c-413a-96e3-ddd53aba2898,Saleh,Al-Nahyan,salehalnahyan@yahoo.com,+966549897879,1979-11-25,M,SA,Madinah,SAR,verified,basic,True,2023-05-07 00:47:01,2023-05-07 00:47:01,2026-01-23 19:27:39
06014ae3-ad51-4e61-addf-d5dbe99abb95,Jose,Mendoza,jose789@hotmail.ae,+971505006686,1966-04-25,M,AE,Al Ain,AED,verified,basic,True,2023-08-15 10:32:21,2023-08-15 10:32:21,2024-01-09 08:32:47
68468986-40d2-4fdb-830f-24b5acc4c697,Fares,Al-Mazrouei,fares.almazrouei@hotmail.ae,+201290511200,2004-01-05,M,EG,Luxor,EGP,verified,basic,True,2024-11-27 20:26:38,2024-11-27 20:26:38,2025-08-05 17:58:34
b6a217a4-8685-4e75-9ff7-fc4263e236dd,Hussein,Al-Nuaimi,husseinalnuaimi@outlook.com,+201040295304,1972-10-05,M,EG,Hurghada,EGP,verified,basic,True,2023-03-26 07:01:59,2023-03-26 07:01:59,2024-02-13 12:03:55
d068af8c-b77c-44ba-8ef3-fb397c5eb4a5,Ibrahim,Al-Harbi,ibrahim603@outlook.sa,+201013566065,1979-06-28,M,EG,Aswan,EGP,verified,basic,True,2024-04-22 15:34:49,2024-04-22 15:34:49,2026-01-21 22:10:30
ff8659f4-2bb0-4deb-b58c-b78d5245fcab,Saad,Hussain,saadhussain@gmail.com,+971527971116,1980-01-27,M,AE,Ajman,AED,pending,basic,True,2025-06-24 09:04:51,2025-06-24 09:04:51,2025-09-20 02:06:01
0f910524-901c-4dd6-bc86-ca4fa95de0c2,Amira,Al-Thani,amira586@yahoo.com,,1987-03-15,F,EG,Aswan,EGP,verified,silver,True,2024-03-03 02:29:21,2024-03-03 02:29:21,2025-04-18 16:19:37
e93eb8b9-a648-434b-8ab9-2afdb2899fc2,Hossam,Elbanna,hossam.elbanna@etisalat.ae,+201074068414,1982-12-30,M,EG,Mansoura,EGP,verified,silver,True,2024-05-09 22:37:50,2024-05-09 22:37:50,2025-01-27 05:42:56
b3abe8b4-2aec-4484-a8af-44f977ed85a4,Sunita,Reddy,sunita.reddy@gmail.com,+971552547274,1963-05-05,F,AE,Sharjah,AED,verified,basic,True,2025-01-14 00:58:15,2025-01-14 00:58:15,2026-02-21 10:09:22
244419cc-853d-41a6-a390-9ab890c99647,Khalifa,Al-Khalifa,khalifa921@stc.com.sa,3302835669,1970-08-31,M,EG,New Cairo,EGP,verified,silver,True,2024-10-29 18:52:13,2024-10-29 18:52:13,2025-10-18 16:24:21
01e1d45b-b263-4760-a24f-7f52b937c2c5,Raj,Nair,raj477@yahoo.ae,001-934-855-0688x26917,2004-01-08,M,EG,Tanta,EGP,verified,basic,True,2025-07-28 18:34:37,2025-07-28 18:34:37,2025-09-22 03:39:57
2d11562f-775f-42d5-bcc8-e9667d54716e,Jennifer,Johnson,jennifer.johnson@stc.com.sa,+966504537620,1963-04-29,F,SA,Makkah,SAR,verified,basic,True,2024-12-01 16:15:42,2024-12-01 16:15:42,2025-05-15 07:29:47
67dfd423-afd5-40aa-be54-1238f8e22f91,Mahmoud,Al-Shehri,mahmoud.alshehri@outlook.com,+201041373052,1977-07-22,M,EG,Giza,EGP,verified,basic,True,2025-02-10 14:14:33,2025-02-10 14:14:33,2025-06-19 05:16:10
32bf99e4-f372-4f46-985b-bf688d7035c9,Fatma,Ibrahim,fatma32@gmail.com,+201064070291,1998-08-28,F,EG,Shubra El Kheima,EGP,verified,gold,True,2024-08-03 21:38:13,2024-08-03 21:38:13,2024-10-22 20:39:06
cc56c277-874c-4cab-becb-830fc0731023,Fahad,Al-Saud,fahad662@yahoo.com,+201149514706,2007-10-19,M,EG,Sharm El Sheikh,EGP,verified,basic,True,2025-10-31 07:07:04,2025-10-31 07:07:04,2025-11-04 18:07:20
e59a6671-6eb1-4e0b-8a21-cd2c3a28ef3f,Sara,Al-Saud,sara446@gmail.com,+201084881217,1976-10-14,F,EG,6th of October City,EGP,verified,basic,True,2025-12-13 17:58:45,2025-12-13 17:58:45,2026-02-02 06:09:10
561007ef-214b-4322-adef-3058727dbc6a,Ali,Ali,aliali@hotmail.com,+966551293589,1978-04-16,M,SA,Khobar,SAR,verified,basic,True,2025-12-30 09:59:10,2025-12-30 09:59:10,2026-01-08 11:51:02
f27caab2-a4f4-4887-b1fb-7064c2110fd5,Mona,Abdelfattah,mona472@mobily.com.sa,+971567346755,1973-04-03,F,AE,Dubai,AED,verified,basic,True,2024-04-04 01:48:20,2024-04-04 01:48:20,2025-11-28 18:12:38
580b4ea1-9aca-438d-b0e8-52bfdfb9b19b,Khalifa,Al-Kharafi,,+201145842449,1986-07-14,M,EG,Tanta,EGP,verified,basic,True,2023-09-07 03:10:31,2023-09-07 03:10:31,2025-10-28 21:54:14
dfb89f42-7581-459e-8b58-f343b6366576,Abdullah,Elsharawy,abdullah410@hotmail.com,+966522259243,1963-11-19,M,SA,Khobar,SAR,verified,gold,True,2024-07-20 23:32:45,2024-07-20 23:32:45,2025-07-07 22:37:47
ea58568d-5587-46f1-893e-3f9b2269497c,Dana,Abdelaziz,danaabdelaziz@gmail.com,+201264732787,1964-02-23,F,EG,Alexandria,EGP,verified,silver,True,2023-11-16 20:35:42,2023-11-16 20:35:42,2025-10-14 09:27:48
82f39448-da30-4474-9f34-2ab0fc308e58,Mohamed,Al-Kaabi,mohamedalkaabi@yahoo.ae,+201128754310,1995-11-04,M,EG,Shubra El Kheima,EGP,verified,basic,True,2024-11-15 20:47:07,2024-11-15 20:47:07,2026-01-04 06:37:03
61629944-7129-43c2-95c6-29f8d40a30c9,Aya,Al-Mutairi,aya705@gmail.com,+201145272295,1974-02-17,F,EG,Mansoura,EGP,verified,silver,True,2023-03-26 05:53:38,2023-03-26 05:53:38,2023-12-06 10:25:49
cd04d143-6b44-493d-8421-f6cb0537eb76,Hina,Siddiqui,hina.siddiqui@hotmail.com,+971533741108,1973-02-21,F,AE,Abu Dhabi,AED,verified,silver,True,2023-09-14 02:12:43,2023-09-14 02:12:43,2024-08-18 03:18:01
943884f7-1e96-4372-9079-59f50577d34e,Karim,Al-Otaibi,karim.alotaibi@outlook.com,+966512247151,1978-12-04,M,SA,Abha,SAR,rejected,basic,False,2025-01-07 11:57:17,2025-01-07 11:57:17,2025-08-16 16:16:38
a2cbba87-14f6-4db2-b416-f55cd144f06e,Khaled,Elshamy,khaled110@gmail.com,+971548578916,1961-02-20,M,AE,Fujairah,AED,verified,silver,True,2023-07-04 12:00:52,2023-07-04 12:00:52,2024-03-11 08:18:39
db80ed3a-905d-43ce-8c17-6cd1869d78f8,Waleed,Elsayed,waleedelsayed@outlook.com,+971509247265,1989-03-05,M,AE,Abu Dhabi,AED,pending,silver,True,2024-03-07 00:15:19,2024-03-07 00:15:19,2026-01-09 02:32:35
c3ae82db-050d-4757-bfd8-673ae897b1a4,Munira,Al-Nahyan,munira143@gmail.com,+1-956-805-3970,2006-07-06,F,EG,Port Said,EGP,verified,basic,True,2024-11-24 09:55:59,2024-11-24 09:55:59,2025-02-24 20:09:35
c984da1e-8b2c-4224-916f-67ef9941c292,Mahmoud,Al-Thani,mahmoud.althani@outlook.sa,+966509024898,1971-10-26,M,SA,Abha,SAR,verified,gold,True,2025-12-27 07:07:11,2025-12-27 07:07:11,2026-01-13 19:35:46
7be35f6a-67ae-49c7-a2be-fafedee44cde,John Paul,Garcia,johnpaul.garcia@yahoo.ae,+97462446013,1969-08-17,M,QA,Al Wakrah,QAR,pending,silver,True,2025-08-12 03:20:43,2025-08-12 03:20:43,2025-12-17 06:51:53
69d0af8f-5a5b-47e0-8d29-5cca3d03d074,Hossam,Mahmoud,hossammahmoud@outlook.com,+966507676164,1997-02-01,M,SA,Madinah,SAR,verified,silver,True,2026-01-01 13:59:39,2026-01-01 13:59:39,2026-02-12 15:18:31
06370d16-fbbc-4171-9cfd-ec72beda42eb,Arjun,Verma,arjun.verma@gmail.com,+966505207244,2004-09-29,M,SA,Abha,SAR,verified,basic,True,2026-02-21 19:05:06,2026-02-21 19:05:06,2026-03-04 12:13:20
d41b98e3-84b0-40c0-b318-ed837a9b2460,Hossam,Abdelrahman,hossam128@mobily.com.sa,+966556988423,2001-09-22,M,SA,Jeddah,SAR,verified,platinum,True,2025-04-16 12:17:55,2025-04-16 12:17:55,2025-11-09 04:44:13
1298588e-0cf8-46dd-b1a6-4832d550c172,Heba,Ibrahim,hebaibrahim@etisalat.ae,+201076098362,2002-09-24,F,EG,6th of October City,EGP,pending,silver,True,2026-02-01 16:35:09,2026-02-01 16:35:09,2026-02-13 05:16:19
be55a1bd-3a54-4d50-8859-0bc6771a581d,Shamma,Saad,shamma394@hotmail.ae,+966531870268,1977-04-12,F,SA,Khamis Mushait,SAR,verified,silver,True,2024-04-29 12:56:24,2024-04-29 12:56:24,2024-09-18 08:01:52
d1bd76f5-0fc7-4772-a5e0-ac8f872f2b34,Essam,Saad,essamsaad@yahoo.ae,(659)842-3289,1973-06-05,M,QA,Al Rayyan,QAR,verified,silver,True,2024-02-17 21:15:52,2024-02-17 21:15:52,2025-04-17 02:50:11
8c1030ad-30bc-4e5a-809d-6fe4bbad3728,Anil,Das,anil234@stc.com.sa,+966552729774,1975-04-09,M,SA,Dammam,SAR,verified,basic,True,2025-09-09 21:17:52,2025-09-09 21:17:52,2026-02-25 12:01:44
bfd6942b-124a-442a-876a-4d5cf322bcb9,Maha,Al-Harbi,maha.alharbi@yahoo.com,+971539887577,1982-04-05,F,AE,Sharjah,AED,verified,silver,True,2025-07-24 14:26:14,2025-07-24 14:26:14,2025-07-30 16:08:30
936fba4f-a6ae-4524-a11c-23719d085885,Amira,Al-Zahrani,amiraalzahrani@hotmail.ae,+201091857225,1993-02-20,F,EG,Port Said,EGP,verified,silver,True,2025-09-25 05:31:55,2025-09-25 05:31:55,2025-10-27 05:37:30
bd51e460-3bed-474a-8662-25b642fad674,Sherif,Naguib,sherif.naguib@hotmail.com,+201116293447,1967-06-26,M,EG,Suez,EGP,verified,basic,True,2024-01-17 23:20:25,2024-01-17 23:20:25,2024-12-19 10:37:10
47e24826-6cf2-4318-97f3-c140dbba3da6,Divine,Cruz,divinecruz@yahoo.com,+971554598169,1984-04-07,F,AE,Dubai,AED,verified,basic,True,2023-05-03 09:12:51,2023-05-03 09:12:51,2024-02-02 20:21:36
c80bedb8-ee54-48ff-959b-c7fec17729d3,Farah,Al-Mazrouei,farah.almazrouei@hotmail.ae,+966587424539,1969-07-01,F,SA,Dammam,SAR,verified,basic,True,2023-11-17 14:23:15,2023-11-17 14:23:15,2025-04-14 14:58:51
0fe2cc4e-ff01-4aa6-9853-7f99f2b29b8e,Lina,Saad,lina966@gmail.com,+201084813845,2003-03-16,F,EG,Luxor,EGP,verified,silver,True,2025-06-27 16:07:30,2025-06-27 16:07:30,2025-11-06 12:49:54
718b7666-deef-4f06-8d2f-373f6f378ae2,Sarah,Miller,sarah.miller@mobily.com.sa,+966508079391,1962-11-13,F,SA,Taif,SAR,verified,basic,True,2023-03-19 10:27:10,2023-03-19 10:27:10,2023-05-25 00:56:46
dce1c769-be4e-4426-a5d5-3d43df4a050f,Layla,Elbanna,layla.elbanna@yahoo.ae,+201030930333,1962-06-26,F,EG,Giza,EGP,verified,basic,True,2025-03-25 04:34:52,2025-03-25 04:34:52,2025-10-13 19:59:15
bd04bb5b-e3e0-410b-985a-52004cba5f05,Fares,Al-Saud,fares588@etisalat.ae,+971514055953,1990-03-14,M,AE,Al Ain,AED,verified,basic,True,2025-11-23 18:14:03,2025-11-23 18:14:03,2026-01-19 14:10:00
4adbd19b-ea6c-4895-a4bf-8887c4b84909,Munira,Saad,munirasaad@yahoo.com,+201096321540,1968-10-12,F,EG,6th of October City,EGP,verified,basic,True,2023-06-15 10:49:03,2023-06-15 10:49:03,2024-04-21 10:06:34
e5b4d922-e746-4550-9985-a3920b5cd446,Divya,Reddy,divya95@hotmail.com,+966583402708,1991-09-15,F,SA,Buraidah,SAR,verified,platinum,True,2025-07-15 09:01:07,2025-07-15 09:01:07,2025-11-26 08:43:04
5aebc2e2-d0ac-4737-bc83-f6c8101476a6,Amna,Qureshi,amna249@outlook.com,+966529934087,1999-01-21,F,SA,Abha,SAR,verified,silver,False,2023-11-05 02:50:11,2023-11-05 02:50:11,2023-12-25 21:44:55
235fbe53-1c0a-4b37-8d6c-81afed92394a,Rania,Al-Mutairi,raniaalmutairi@gmail.com,+201153679044,1990-04-29,F,EG,Cairo,EGP,verified,basic,True,2024-01-11 19:06:15,2024-01-11 19:06:15,2024-12-14 07:30:50
a0651c3c-9e45-46fb-87ad-94f80b71a2e2,Hamza,Al-Qahtani,hamza.alqahtani@hotmail.com,(829)799-3621,2000-01-03,M,EG,Aswan,EGP,verified,basic,True,2025-12-24 17:06:08,2025-12-24 17:06:08,2026-01-01 00:42:37
893e2469-0093-4bdd-b5aa-97a5ee1da21c,Ali,Mostafa,alimostafa@yahoo.ae,+966586086827,1968-07-01,M,SA,Khamis Mushait,SAR,verified,gold,False,2024-12-17 20:40:42,2024-12-17 20:40:42,2026-01-01 18:13:23
823703f2-15d8-4725-a5bf-70c135204b4b,Mahmoud,Al-Mazrouei,mahmoud862@outlook.com,+201296517618,1972-11-23,M,EG,Ismailia,EGP,verified,basic,True,2023-03-13 21:22:24,2023-03-13 21:22:24,2025-08-16 23:24:26
285a21c5-ea75-43f4-83c2-07ede92587e9,Miguel,Aquino,miguel469@stc.com.sa,+971502172433,1962-02-04,M,AE,Fujairah,AED,verified,basic,True,2023-10-27 13:12:33,2023-10-27 13:12:33,2024-03-28 15:39:30
c80bb5be-178f-4117-9604-1bc846ed7423,Adam,Al-Dossari,adam66@yahoo.com,+97474161506,1974-07-08,M,QA,Al Khor,QAR,pending,basic,True,2026-02-03 15:30:32,2026-02-03 15:30:32,2026-03-09 07:17:05
fc103bae-7e3e-4a16-a9bf-79539d63ed8c,Jerome,Villanueva,jeromevillanueva@outlook.com,+966589629101,1964-09-14,M,SA,Khobar,SAR,verified,silver,True,2025-02-21 15:12:17,2025-02-21 15:12:17,2025-07-06 08:25:48
4e056087-a393-401b-b7f5-e580812e8469,Manoj,Pillai,manojpillai@mobily.com.sa,+966504524077,1999-06-03,M,SA,Khobar,SAR,verified,basic,True,2023-03-17 08:18:17,2023-03-17 08:18:17,2024-12-21 22:24:51
b2b5980d-5e6e-46d8-8762-052298765b29,Munira,Elbanna,muniraelbanna@mobily.com.sa,+201073095299,1969-09-08,F,EG,Tanta,EGP,pending,basic,False,2025-12-29 06:33:13,2025-12-29 06:33:13,2026-01-03 11:13:32
c9546b6f-60ea-42e8-aa18-1457d352df18,Anil,Verma,anil.verma@hotmail.ae,+96562890953,1974-10-03,M,KW,Salmiya,KWD,verified,basic,True,2025-11-01 11:18:32,2025-11-01 11:18:32,2025-11-08 15:50:55
5e668b73-cb25-410c-96fe-4637bc2d3952,Maitha,Mahmoud,maithamahmoud@yahoo.ae,680.427.4812,1966-04-26,F,EG,Zagazig,EGP,verified,basic,True,2023-08-12 18:31:31,2023-08-12 18:31:31,2024-10-27 15:36:22
a173fed2-13d3-4c32-a389-c41fcc2ec8b3,Eman,Farouk,eman916@yahoo.com,+966517623371,1985-02-21,F,SA,Khobar,SAR,verified,basic,True,2026-03-02 02:22:24,2026-03-02 02:22:24,2026-03-06 08:18:39
0ca78d13-5382-40da-874d-b49724bcb5d3,Sana,Sheikh,sana.sheikh@outlook.sa,+966512107591,1984-08-13,F,SA,Khobar,SAR,verified,gold,True,2024-12-27 03:52:46,2024-12-27 03:52:46,2026-02-27 02:56:11
01afc3dc-695f-4190-b7df-38dbb6e5b423,Majed,Al-Dossari,majed.aldossari@gmail.com,+966527152047,2001-12-26,M,SA,Makkah,SAR,verified,basic,True,2024-09-21 18:52:40,2024-09-21 18:52:40,2025-01-25 13:54:59
b7824393-7e0a-4089-b1e1-e7db53a7d0ef,Arjun,Mehta,arjun855@mobily.com.sa,+966504872295,1969-01-11,M,SA,Jubail,SAR,verified,gold,False,2024-02-27 05:06:49,2024-02-27 05:06:49,2024-06-04 10:55:24
4ded053a-4825-457d-8228-37a3cc0a5e32,Ghada,Al-Shamsi,ghada453@etisalat.ae,+966529909493,2003-09-23,F,SA,Buraidah,SAR,verified,basic,True,2025-08-02 12:33:57,2025-08-02 12:33:57,2026-01-24 20:36:17
a92c904a-53cf-42b9-b9e6-333c7a0ce57b,Zeina,Saad,zeinasaad@hotmail.com,695.954.6234x712,1960-05-15,F,QA,Doha,QAR,verified,gold,True,2025-01-12 04:44:23,2025-01-12 04:44:23,2025-04-08 01:43:54
3f8842fa-0103-41c1-accc-e64939acd315,Nagwa,Al-Shamsi,nagwa.alshamsi@outlook.com,+201015922169,1971-03-15,F,EG,Cairo,EGP,verified,basic,True,2025-04-07 07:48:25,2025-04-07 07:48:25,2025-09-18 21:57:30
bfbdf455-5406-4484-9e20-cd0779075b30,Divya,Khanna,divyakhanna@outlook.sa,+966591715102,1967-02-07,F,SA,Tabuk,SAR,verified,gold,True,2025-02-10 08:50:38,2025-02-10 08:50:38,2025-08-20 19:59:34
619b8758-4dc1-4d60-aa5c-1ef1696f594f,Rose,Santos,rose721@stc.com.sa,+971514845153,1973-07-24,F,AE,Sharjah,AED,verified,silver,True,2026-03-07 10:35:26,2026-03-07 10:35:26,2026-03-07 12:23:44
762776de-8dc2-46e9-9228-955caa0ab27e,Younis,Elsharawy,younis313@gmail.com,+201012339362,1987-08-01,M,EG,New Cairo,EGP,verified,basic,True,2025-10-07 14:21:49,2025-10-07 14:21:49,2025-11-07 00:06:00
d91a1009-f340-45f2-addc-9e70617129b4,Saeed,Al-Otaibi,saeed467@yahoo.com,+966555265122,1978-04-15,M,SA,Jubail,SAR,verified,basic,True,2023-06-07 03:55:31,2023-06-07 03:55:31,2025-02-22 04:16:13
b3a4e43e-aec5-491a-900b-ac6d429beec2,Adam,Hussein,adamhussein@etisalat.ae,+201265674053,1976-03-29,M,EG,Suez,EGP,verified,platinum,True,2025-09-04 08:35:06,2025-09-04 08:35:06,2025-12-18 23:14:24
15583612-8c11-43f2-a82d-6f1483fcbb34,Eman,Al-Dossari,eman672@outlook.com,+201084092834,2000-11-15,F,EG,Mansoura,EGP,verified,gold,False,2025-12-08 03:33:19,2025-12-08 03:33:19,2026-02-25 22:16:56
867be804-0664-46ea-ba90-02917a15d73e,Grace,Bautista,grace.bautista@stc.com.sa,+971559878299,1970-04-15,F,AE,Ajman,AED,verified,gold,True,2023-08-11 09:38:43,2023-08-11 09:38:43,2024-07-12 09:16:54
eab10ccd-0907-49c9-bc30-d6140622a04a,Latifa,Abdelrahman,latifaabdelrahman@yahoo.ae,+201075089615,1990-07-17,F,EG,Sharm El Sheikh,EGP,verified,silver,True,2025-10-13 03:57:55,2025-10-13 03:57:55,2025-10-16 00:17:17
49e84003-3835-4377-9ab8-cee451ddd9f1,Malak,Elgohary,malak.elgohary@hotmail.com,+966595431092,1970-12-18,F,SA,Taif,SAR,verified,gold,True,2023-06-03 00:48:44,2023-06-03 00:48:44,2023-07-15 15:27:16
fba1b0fc-25a5-4e5c-b0d2-ec05f35467a1,Mohamed,Al-Sabah,mohamed.alsabah@yahoo.com,+966505353544,1994-10-08,M,SA,Jeddah,SAR,verified,basic,True,2025-12-31 07:09:10,2025-12-31 07:09:10,2026-01-03 06:18:22
4cefece8-dcec-4e3b-b429-160084feefaa,Ritu,Chopra,ritu758@outlook.com,+96556102187,1960-12-20,F,KW,Mangaf,KWD,pending,silver,False,2025-01-17 14:35:39,2025-01-17 14:35:39,2025-05-31 15:37:33
a07b1c47-6f69-462f-be1d-1cd6b4e99e1f,Ravi,Joshi,ravi84@yahoo.ae,+971505353698,1994-03-10,M,AE,Sharjah,AED,rejected,gold,True,2025-05-11 08:49:22,2025-05-11 08:49:22,2026-01-28 06:07:53
d60c3897-b2de-4184-a596-40d41d844036,Tarek,Al-Mansouri,tarek357@mobily.com.sa,+96568104723,1977-10-14,M,KW,Farwaniya,KWD,verified,silver,True,2023-09-08 21:18:23,2023-09-08 21:18:23,2024-01-24 06:28:33
c7f7771e-971c-4794-b763-6a986464f332,Jana,Al-Subaie,jana.alsubaie@yahoo.com,+966528105533,1984-04-11,F,SA,Madinah,SAR,pending,gold,False,2024-10-15 23:09:20,2024-10-15 23:09:20,2025-01-07 01:56:44
60e33580-9b56-4084-88c3-ea811aedadfd,Younis,Al-Kharafi,younis.alkharafi@yahoo.com,+966527679985,1981-06-11,M,SA,Jeddah,SAR,verified,silver,True,2025-05-12 14:44:10,2025-05-12 14:44:10,2025-07-10 12:35:01
000a5cb2-2a06-4693-b063-03212c74a359,Eman,Al-Suwaidi,eman.alsuwaidi@outlook.com,+96563566062,1999-03-28,F,KW,Salmiya,KWD,verified,gold,True,2025-04-28 08:56:12,2025-04-28 08:56:12,2026-02-28 22:09:26
771c4a45-0582-4519-8b07-df2756c4ab84,Sultan,Elgohary,sultan.elgohary@outlook.sa,001-983-390-6246x728,1961-09-08,M,AE,Dubai,AED,verified,basic,True,2024-12-28 19:06:46,2024-12-28 19:06:46,2025-02-16 01:09:37
71c2eeaa-2b62-4f89-b0a8-a0fa02c67e5e,Jana,Elbanna,janaelbanna@hotmail.ae,+966506031481,1960-03-19,F,SA,Hail,SAR,pending,silver,True,2024-12-01 22:47:43,2024-12-01 22:47:43,2025-08-24 09:05:09
da8a3b89-d811-41e9-9906-7cd88bd11204,Majed,Al-Qahtani,majedalqahtani@stc.com.sa,+1-681-965-0254,1978-01-10,M,SA,Dammam,SAR,verified,platinum,False,2023-10-20 09:53:40,2023-10-20 09:53:40,2024-04-30 22:10:32
9c11dae3-ea72-46ec-932e-4b65e0103a7b,Aarti,Menon,aarti.menon@outlook.sa,+966502633454,1968-10-24,F,SA,Riyadh,SAR,verified,basic,True,2025-05-18 23:05:44,2025-05-18 23:05:44,2026-02-14 21:22:56
e4134973-1147-4d2b-9244-1cefbea95efd,Abdulrahman,Elmasry,abdulrahman.elmasry@gmail.com,+966501701806,2002-07-20,M,SA,Jubail,SAR,pending,basic,True,2024-07-28 20:01:09,2024-07-28 20:01:09,2024-12-19 07:13:30
971da417-bbfd-4159-8706-9e312543c601,Lakshmi,Agarwal,lakshmi694@etisalat.ae,001-796-798-7486x941,1977-12-17,F,KW,Ahmadi,KWD,verified,basic,True,2025-09-08 16:30:50,2025-09-08 16:30:50,2025-11-08 13:47:21
5f73a34e-840c-4b85-92ab-58c18136acdb,Sara,Al-Ketbi,sara126@yahoo.com,+201098571165,1964-05-24,F,EG,Aswan,EGP,verified,basic,True,2026-02-02 08:31:04,2026-02-02 08:31:04,2026-02-13 09:04:21
ae3fd0f0-e61c-4362-b19d-faee25065222,Fares,Al-Ghamdi,fares32@hotmail.com,+966557625083,1960-09-15,M,SA,Jeddah,SAR,verified,basic,True,2025-04-01 22:12:34,2025-04-01 22:12:34,2025-04-21 00:20:12
531dfdef-1e9b-440c-a246-de092b14ded2,Mariam,Saad,mariamsaad@stc.com.sa,+971513279801,1988-02-13,F,AE,Fujairah,AED,verified,basic,True,2025-04-20 13:25:38,2025-04-20 13:25:38,2025-05-09 23:28:58
144cf15a-1142-4565-a99b-39286b16e87a,Lina,Abdelaziz,lina.abdelaziz@outlook.com,+201153872350,2001-08-08,F,EG,Hurghada,EGP,pending,silver,True,2025-05-04 09:55:47,2025-05-04 09:55:47,2025-05-15 15:12:59
cc319d45-99d4-4a95-a8c8-e74a3e1c925f,Ibrahim,Hassan,ibrahim875@hotmail.com,+966503195396,1960-10-22,M,SA,Khamis Mushait,SAR,rejected,silver,True,2023-06-01 03:12:03,2023-06-01 03:12:03,2025-03-23 02:49:41
8dee8367-7e52-4259-98b9-898b1cb434db,Ibrahim,Al-Subaie,ibrahimalsubaie@yahoo.com,+201231510288,1972-03-22,M,EG,Aswan,EGP,verified,basic,True,2023-07-10 12:54:51,2023-07-10 12:54:51,2024-09-18 22:45:58
f3759809-0881-4706-94f7-065aac6a66c7,Sarah,Anderson,sarah.anderson@stc.com.sa,+971567249668,1998-03-19,F,AE,Umm Al Quwain,AED,verified,silver,True,2025-04-15 22:43:34,2025-04-15 22:43:34,2025-06-04 14:23:40
44ffeb27-f1b4-4bf2-b0f8-488bab03c248,Kamran,Javed,kamran.javed@yahoo.ae,+966542327617,1963-10-29,M,SA,Tabuk,SAR,verified,basic,True,2023-11-20 10:46:41,2023-11-20 10:46:41,2024-10-02 04:23:00
555d4569-374b-447b-9a1a-832bb0083d28,Rania,Al-Suwaidi,rania.alsuwaidi@gmail.com,+201180969219,1978-03-14,F,EG,Hurghada,EGP,verified,basic,True,2024-10-02 03:40:22,2024-10-02 03:40:22,2025-11-05 10:22:23
6988a68a-075e-49f5-901d-6bebd6587aca,Omar,Elmasry,omar823@gmail.com,+971563146086,1967-10-07,M,AE,Umm Al Quwain,AED,pending,gold,True,2023-07-06 20:52:44,2023-07-06 20:52:44,2024-02-09 06:21:29
1d01f9b1-f37b-4980-91a0-94b02ce4191b,Asad,Khan,asad951@yahoo.com,+966543586439,1992-06-28,M,SA,Najran,SAR,pending,gold,True,2023-06-30 18:26:20,2023-06-30 18:26:20,2024-12-31 02:43:40
ea735485-5bae-4358-8895-1453e302215e,Adnan,Sheikh,adnan177@gmail.com,+971542128629,1975-10-19,M,AE,Umm Al Quwain,AED,verified,silver,True,2025-11-03 06:22:06,2025-11-03 06:22:06,2026-01-06 13:03:08
c00f6687-3e66-455a-93cc-7453bbac8c0e,Mishal,Hussein,mishal.hussein@yahoo.com,+201140805436,1978-01-03,M,EG,Port Said,EGP,verified,silver,True,2024-04-19 04:16:35,2024-04-19 04:16:35,2025-03-17 05:24:25
6c066ecc-5e7a-4b19-8033-4d5edac31fb3,Sarah,Anderson,,+97477067174,1991-04-02,F,QA,West Bay,QAR,verified,gold,True,2025-06-20 08:12:12,2025-06-20 08:12:12,2026-01-01 10:20:39
80dbc4c8-241e-42bc-92ca-3688fb32ebec,Amira,Al-Ketbi,amiraalketbi@yahoo.ae,+201178785556,1962-08-31,F,EG,Alexandria,EGP,pending,gold,True,2024-03-04 23:17:29,2024-03-04 23:17:29,2025-11-24 06:57:29
103d38b1-46ec-4497-9e8e-5791107316c3,Dalia,Al-Jaber,daliaaljaber@mobily.com.sa,,2000-11-22,F,EG,Hurghada,EGP,verified,basic,True,2023-07-26 19:30:41,2023-07-26 19:30:41,2025-11-12 08:50:12
4303728b-524d-471a-b4bb-d070fb78fd43,Salma,Elmasry,salma779@hotmail.ae,+201261182388,2004-02-25,F,EG,Tanta,EGP,verified,basic,True,2023-08-31 20:01:08,2023-08-31 20:01:08,2026-01-01 18:31:48
2253f17e-7479-42b8-8448-1bcf86b9bfa3,Karim,Abdelaziz,karim456@hotmail.com,+201077104727,1961-03-14,M,EG,Giza,EGP,verified,silver,True,2023-09-07 10:13:23,2023-09-07 10:13:23,2024-06-20 23:47:00
c2ec550d-7fd1-4604-89fd-a4167a0f1481,Pranav,Bhatia,pranav418@outlook.com,+971551035443,1960-12-12,M,AE,Ajman,AED,verified,basic,True,2023-09-14 18:33:37,2023-09-14 18:33:37,2026-01-12 15:49:33
efaade38-a164-4121-aa18-ab7daae7cc67,Nour,Elmasry,nourelmasry@outlook.sa,+201121222132,1988-11-04,F,EG,Alexandria,EGP,pending,silver,True,2024-05-12 00:44:08,2024-05-12 00:44:08,2026-01-10 05:37:43
8dc3f223-bbeb-4bfc-b6f5-dca9175959e4,Sunita,Mehta,sunita67@etisalat.ae,+971544271345,1965-04-04,F,AE,Dubai,AED,pending,basic,True,2025-01-17 09:38:12,2025-01-17 09:38:12,2025-10-01 19:31:09
3aa959dd-150b-49ac-9dfb-2f684d51ac48,Waleed,Al-Nahyan,waleed.alnahyan@yahoo.com,(741)310-6541x13407,2001-12-22,M,EG,New Cairo,EGP,verified,basic,True,2024-11-18 06:21:50,2024-11-18 06:21:50,2026-02-20 16:22:27
4f80510a-7484-4ed1-83df-098c201ea74d,Amira,Al-Dossari,amiraaldossari@stc.com.sa,(883)466-8348x268,2001-06-27,F,EG,Alexandria,EGP,verified,silver,True,2024-11-02 02:17:17,2024-11-02 02:17:17,2025-10-24 16:46:51
bf86caca-6cc9-48df-bde6-34d32f52512e,Leo,Aquino,leo46@yahoo.ae,+966579857606,1965-06-18,M,SA,Yanbu,SAR,verified,basic,True,2025-02-11 06:08:18,2025-02-11 06:08:18,2026-01-30 06:05:09
0caaa75f-8fe6-45e8-b0ff-ffb39da6d1c3,Ibrahim,Abdelaziz,ibrahim.abdelaziz@mobily.com.sa,+971504971964,1965-07-16,M,AE,Al Ain,AED,verified,basic,True,2024-06-21 23:35:07,2024-06-21 23:35:07,2025-08-25 17:46:14
8d3f3a71-b2aa-4d1d-8c34-97294ab8257a,Reem,Al-Kharafi,reemalkharafi@mobily.com.sa,+201110784416,1972-10-07,F,EG,Ismailia,EGP,verified,gold,True,2025-09-30 01:56:01,2025-09-30 01:56:01,2026-03-01 07:54:37
c8f0ce13-fdb1-4d11-93a1-fc214093d497,Vijay,Rao,vijay825@outlook.com,+966522620209,1978-03-05,M,SA,Yanbu,SAR,verified,gold,True,2023-05-31 15:50:53,2023-05-31 15:50:53,2024-12-20 21:46:18
e33363b1-ea00-4dae-b7a3-f69b843699d1,Munira,Al-Hashimi,muniraalhashimi@mobily.com.sa,+966503212752,1961-05-31,F,SA,Khobar,SAR,verified,basic,True,2025-08-18 04:54:36,2025-08-18 04:54:36,2025-09-06 12:54:10
3fa5b882-d898-4c16-9ebe-de08b2c33744,Aarti,Sinha,aartisinha@outlook.sa,+971504683560,1964-02-28,F,AE,Sharjah,AED,verified,platinum,True,2023-03-17 13:41:17,2023-03-17 13:41:17,2023-08-02 18:20:06
96380049-a4a5-405e-a4b4-e66c187b27b3,Ritu,Bhatia,ritu.bhatia@gmail.com,+96564066341,1984-02-06,F,KW,Fintas,KWD,rejected,basic,True,2023-06-09 05:45:22,2023-06-09 05:45:22,2025-10-29 23:43:12
40d9f7fe-e14a-40c3-8b44-ba412420b1f0,Fatma,Naguib,fatmanaguib@yahoo.ae,3922711526,1975-08-30,F,EG,Alexandria,EGP,verified,basic,True,2024-09-23 04:36:32,2024-09-23 04:36:32,2025-08-31 09:46:53
78f24ef5-9b02-4b24-9d88-4ad03e4a3eec,Shweta,Sinha,shweta50@yahoo.ae,+971524348892,1980-02-16,F,AE,Abu Dhabi,AED,verified,silver,True,2026-02-27 18:29:32,2026-02-27 18:29:32,2026-03-02 12:36:42
6633f5ac-6989-464b-8d75-309e41f52c13,Reem,Ahmed,,+201196685825,1988-04-26,F,EG,Zagazig,EGP,verified,gold,True,2023-09-05 05:48:27,2023-09-05 05:48:27,2024-01-20 02:04:10
aaabedac-6c80-4d5c-ba65-8d395d03b4df,Hamza,Nadeem,hamza784@stc.com.sa,+201193806250,1972-08-25,M,EG,6th of October City,EGP,verified,basic,True,2026-02-05 04:58:50,2026-02-05 04:58:50,2026-02-08 13:02:45
71c06741-d50d-4a9d-ab90-ff3cdb49d2fe,Mohamed,Elbanna,mohamed389@stc.com.sa,+966575978973,1973-05-15,M,SA,Jeddah,SAR,pending,basic,True,2025-02-02 08:31:19,2025-02-02 08:31:19,2025-07-22 11:31:32
6e1be757-dbe2-4ed9-a0a7-90bf7361d210,Sachin,Bhatia,sachin812@yahoo.ae,+97466094229,1990-07-03,M,QA,Lusail,QAR,verified,basic,True,2023-05-31 03:51:29,2023-05-31 03:51:29,2025-04-20 09:48:41
744e1894-576b-4f0c-a596-b7b88b9b56de,Mishal,Al-Dossari,mishal927@outlook.sa,+201147138074,1967-06-23,M,EG,Luxor,EGP,verified,basic,True,2024-07-25 21:20:48,2024-07-25 21:20:48,2024-08-27 21:42:01
f3d10a7d-be58-4b90-bc6c-e93317c1d9cf,Shamsa,Al-Mazrouei,shamsa804@etisalat.ae,+201076220947,2008-02-07,F,EG,Hurghada,EGP,rejected,basic,True,2024-06-09 21:00:50,2024-06-09 21:00:50,2025-05-21 15:52:03
f38e15d1-87f8-462a-bee1-934f18634221,Noor,Iqbal,noor.iqbal@mobily.com.sa,+966571905691,1960-11-26,F,SA,Madinah,SAR,verified,basic,True,2023-06-10 04:15:34,2023-06-10 04:15:34,2024-02-10 11:31:17
ffabeccf-b933-4374-b015-a30d91be70f5,Younis,Al-Falasi,younis259@yahoo.ae,+201066060162,1973-03-14,M,EG,Suez,EGP,verified,basic,True,2026-03-07 15:03:16,2026-03-07 15:03:16,2026-03-08 00:27:28
3740d901-2b57-4b30-9fe1-b6c2e9e92ba4,Fares,Al-Ketbi,fares.alketbi@yahoo.ae,+201272236168,1999-08-02,M,EG,Mansoura,EGP,verified,basic,True,2026-02-13 15:18:50,2026-02-13 15:18:50,2026-02-16 12:21:19
a8bf5990-d9d1-46e9-b861-7de50ed63553,Ahmed,Ibrahim,ahmedibrahim@stc.com.sa,+201110403216,2004-09-07,M,EG,Shubra El Kheima,EGP,verified,basic,True,2024-02-16 14:51:02,2024-02-16 14:51:02,2024-11-04 05:27:27
dea9cbf1-aede-44ac-8056-fcd23f4f0aba,Abdullah,Al-Ketbi,abdullah250@hotmail.ae,+201092594049,1999-01-21,M,EG,Port Said,EGP,verified,basic,True,2024-11-16 15:35:48,2024-11-16 15:35:48,2025-10-15 10:54:55
ad29ca94-1a3a-4649-b51d-c74f25fb6210,Sherif,Al-Jaber,sherifaljaber@gmail.com,740.537.8423x3944,1960-05-17,M,SA,Yanbu,SAR,verified,basic,True,2023-04-10 13:52:02,2023-04-10 13:52:02,2024-12-10 12:11:36
2ffc3376-9229-4bbf-ab73-47b5f6ef02d1,Lulwa,Al-Shehri,lulwa.alshehri@yahoo.com,+966558691955,1991-06-12,F,SA,Tabuk,SAR,rejected,basic,True,2023-08-21 00:27:58,2023-08-21 00:27:58,2025-12-02 14:11:04
263464b9-88bf-4f15-be60-045d96fee690,Jana,Naguib,jana.naguib@etisalat.ae,+201044194807,1963-05-06,F,EG,Mansoura,EGP,verified,basic,True,2026-01-24 00:51:11,2026-01-24 00:51:11,2026-02-10 07:49:14
